Ticker,Scan_Date,Composite_Score,Tech_Score,Fund_Score,Research_Score,Composite_Score_Tech,Composite_Score_Fund,Composite_Score_Mom,Piotroski_F,Momentum_6M,Momentum_3M,Momentum_1M,Momentum_12M,Risk_Adj_Mom,Vol_60D,Downside_Dev,Z_Score_60,Reversion_Signal,RSI_Value,ADX_Value,P_E,ROE_Pct,ROCE_Pct,Debt_to_Equity,Sharpe,RS_Percentile,Conviction,start_date,Return_21d,Return_63d,Return_126d,Conv_Rank
UNICHEMLAB.NS,2026-06-12,5.44,0.585,4.5,3.77,5.96,4.8,5.16,6,0.0208,0.3502,0.2175,-0.2611,-0.639,52.29,20.17,2.65,-1,73.19,25.18,12.58,9.78,3.99,18.41,-0.389,68.5,Hold,2026-06-12,,,,3
HFCL.NS,2026-06-12,5.85,0.477,5.0,5.04,6.21,5.37,5.74,6,1.6024,1.3078,0.1621,0.876,1.839,62.49,26.96,1.17,-1,57.43,56.56,80.69,7.27,10.9,38.32,0.381,99.3,Hold,2026-06-12,,,,3
GLAND.NS,2026-06-12,7.73,0.938,7.5,5.95,8.05,7.36,7.38,9,0.3322,0.3798,0.2225,0.3985,1.277,44.27,15.77,1.38,-1,62.06,36.28,36.89,10.53,15.1,2.74,0.166,83.2,Buy,2026-06-12,,,,4
HONASA.NS,2026-06-12,7.29,0.938,6.0,5.98,7.84,6.55,7.1,8,0.6186,0.5037,0.1915,0.3081,0.708,34.72,11.55,1.67,-1,70.49,39.12,68.63,15.45,19.2,9.59,-0.172,91.9,Buy,2026-06-12,,,,4
UNIECOM.NS,2026-06-12,4.26,-0.477,5.0,5.27,3.9,4.72,4.42,8,-0.2295,-0.0803,0.0664,-0.3388,-0.682,51.62,31.39,0.06,0,56.42,15.66,51.57,15.55,21.1,4.91,-0.874,10.1,Caution,2026-06-12,,,,2
OFSS.NS,2026-06-12,6.73,0.231,8.5,5.8,6.38,7.34,6.45,8,0.2231,0.4378,0.038,0.0298,0.086,38.65,16.32,0.61,0,46.59,30.49,31.04,32.61,45.3,0.41,0.03,77.9,Buy,2026-06-12,,,,4
LENSKART.NS,2026-06-12,4.05,-0.308,2.0,6.4,4.27,3.54,4.64,8,0.2267,-0.0148,0.0594,,,32.04,16.71,-0.66,0,43.71,14.21,170.46,6.65,8.44,34.98,0.924,63.1,Caution,2026-06-12,,,,2
POWERGRID.NS,2026-06-12,3.9,-0.246,3.0,4.79,4.01,3.65,4.13,5,0.0834,-0.0631,-0.07,-0.0243,-0.106,19.73,11.68,-1.48,0,37.32,28.48,14.1,16.49,9.74,150.99,-0.428,39.6,Caution,2026-06-12,,,,2
RUBICON.NS,2026-06-12,7.84,0.446,10.0,6.59,7.42,8.56,7.47,8,1.105,0.657,0.3476,,,57.48,21.05,2.24,-1,70.71,48.19,84.85,26.97,28.4,24.13,4.439,98.0,Buy,2026-06-12,,,,4
BLUEJET.NS,2026-06-12,5.77,0.277,6.5,4.54,5.76,5.89,5.48,7,-0.0578,0.3433,0.1777,-0.4404,-0.872,59.99,26.33,1.67,-1,64.28,25.16,35.46,19.88,57.3,3.1,0.171,59.7,Hold,2026-06-12,,,,3
VMM.NS,2026-06-12,4.82,-0.277,4.5,6.31,4.69,4.91,5.14,9,-0.0942,0.1191,-0.0024,-0.0892,-0.255,33.5,16.61,0.17,0,46.84,23.7,66.76,12.15,14.8,26.82,-0.068,30.2,Hold,2026-06-12,,,,3
LTM.NS,2026-06-12,4.16,-0.846,6.5,5.56,3.3,5.36,4.31,8,-0.3735,-0.0986,-0.0179,-0.2734,-0.913,39.99,25.68,-1.62,0,39.0,15.95,22.66,21.29,29.6,9.58,-0.56,2.0,Caution,2026-06-12,,,,2
TRENT.NS,2026-06-12,4.32,-0.477,4.5,5.87,4.04,4.63,4.62,9,-0.3152,0.1681,0.0064,-0.5264,-1.199,37.86,19.75,0.35,0,48.11,10.29,85.2,27.13,,36.03,-0.747,12.8,Caution,2026-06-12,,,,2
PETRONET.NS,2026-06-12,5.83,-0.185,8.5,5.29,5.17,6.87,5.57,8,0.0018,-0.0887,0.0257,-0.0906,-0.315,35.64,24.86,0.05,0,49.03,16.52,10.23,18.56,22.7,10.51,-0.407,28.9,Hold,2026-06-12,,,,3
INDOCO.NS,2026-06-12,4.96,0.615,2.0,4.39,5.87,3.63,5.02,6,0.049,0.2424,0.1049,-0.144,-0.321,67.98,30.43,2.55,-1,69.46,26.85,-23.25,-10.12,,116.91,-0.422,61.1,Hold,2026-06-12,,,,3
SAIL.NS,2026-06-12,5.67,0.2,5.5,5.47,5.74,5.57,5.64,6,0.4181,0.1862,-0.0527,0.3883,1.064,46.25,22.5,0.15,0,40.11,29.02,22.33,0.0,,57.76,0.127,78.5,Hold,2026-06-12,,,,3
JSWSTEEL.NS,2026-06-12,6.78,0.677,6.0,5.83,7.13,6.31,6.63,9,0.1811,0.1047,0.013,0.2949,1.194,25.39,15.55,0.89,0,55.06,12.18,14.18,27.26,,94.16,0.538,64.4,Buy,2026-06-12,,,,4
LUPIN.NS,2026-06-12,6.77,0.0,9.0,6.63,6.17,7.69,6.61,9,0.1082,-0.0338,0.0007,0.1432,0.567,21.93,14.14,-0.47,0,50.34,8.52,19.55,26.91,26.6,29.39,0.536,48.3,Buy,2026-06-12,,,,4
JAINREC.NS,2026-06-12,2.21,-0.908,2.5,3.71,1.91,2.56,2.49,7,-0.2033,-0.2711,-0.4483,,,75.04,55.18,-1.94,1,31.33,32.22,30.12,28.67,,81.89,-0.104,1.3,Avoid,2026-06-12,,,,1
KWIL.NS,2026-06-12,4.37,0.492,2.5,2.88,5.11,3.36,4.18,3,,0.419,0.3727,,,57.05,22.19,2.81,-1,73.74,44.06,,0.0,,,1.555,84.6,Caution,2026-06-12,,,,2
PAYTM.NS,2026-06-12,3.45,-0.8,4.5,5.0,2.92,4.12,3.7,6,-0.1779,0.0333,-0.0782,0.0847,0.189,44.97,24.03,-1.0,0,41.33,21.49,124.28,3.56,5.01,1.07,1.239,14.1,Avoid,2026-06-12,,,,1
WAAREEENER.NS,2026-06-12,5.12,-0.369,7.0,5.47,4.54,5.96,5.08,8,0.0529,0.1098,0.006,0.0719,0.143,39.5,25.07,-0.81,0,44.79,13.75,23.63,31.57,,21.4,0.226,52.3,Hold,2026-06-12,,,,3
MOTHERSON.NS,2026-06-12,6.63,0.677,5.5,5.83,7.06,6.03,6.53,8,0.2245,0.1849,0.0926,0.3479,0.972,43.9,21.34,1.31,0,57.65,42.82,38.8,10.11,,43.91,0.218,71.8,Buy,2026-06-12,,,,4
HDFCLIFE.NS,2026-06-12,3.34,-0.723,2.5,6.0,3.17,3.38,3.92,7,-0.2888,-0.1507,-0.0991,-0.2788,-1.226,27.57,16.89,-2.27,1,27.09,21.37,62.11,11.28,,17.46,-0.368,4.0,Avoid,2026-06-12,,,,1
LAURUSLABS.NS,2026-06-12,6.83,0.938,4.0,6.4,7.69,5.57,6.91,9,0.3742,0.3369,0.0563,1.1017,3.332,30.51,14.51,1.3,-1,62.41,42.88,85.19,17.74,,46.37,2.232,81.9,Buy,2026-06-12,,,,4
SCI.NS,2026-06-12,4.71,0.0,6.0,3.31,4.56,5.04,4.36,4,0.3196,0.1685,-0.116,0.4388,0.888,52.62,24.32,0.17,0,44.89,16.1,10.09,0.0,,29.45,0.059,72.5,Caution,2026-06-12,,,,2
SYRMA.NS,2026-06-12,6.79,1.0,4.5,5.55,7.62,5.64,6.68,8,0.7326,0.6954,0.2553,1.3645,2.785,44.55,21.24,1.97,-1,74.18,49.0,75.1,14.14,,13.04,1.213,96.6,Buy,2026-06-12,,,,4
LIQUIDPLUS.NS,2026-06-12,6.16,0.662,5.0,5.0,6.65,5.5,5.99,0,,,,,,,,0.0,0,100.0,44.56,,,,,-3.891,41.6,Buy,2026-06-12,,,,4
PATANJALI.NS,2026-06-12,3.72,-0.938,5.5,5.6,2.94,4.75,3.99,7,-0.1902,-0.1272,-0.0723,-0.2368,-0.943,23.83,15.66,-1.99,0,36.32,28.18,25.58,14.83,,21.3,-0.503,8.1,Avoid,2026-06-12,,,,1
HINDZINC.NS,2026-06-12,5.95,-0.108,7.5,6.1,5.49,6.63,5.89,9,0.1079,-0.0258,-0.1255,0.0846,0.225,39.19,23.23,-0.5,0,34.64,24.98,17.03,76.94,,39.03,-0.351,43.6,Buy,2026-06-12,,,,4
RECLTD.NS,2026-06-12,3.86,-0.092,4.0,3.07,3.94,3.8,3.7,4,0.0235,0.0085,-0.008,-0.1452,-0.434,32.96,20.04,-0.12,0,50.56,15.73,5.57,19.96,,607.46,-0.635,40.3,Avoid,2026-06-12,,,,1
TATACHEM.NS,2026-06-12,3.49,-0.185,2.0,4.17,3.8,2.96,3.71,5,0.0074,0.1098,0.0124,-0.2031,-0.697,43.21,17.8,0.64,0,55.61,24.14,-10.03,-7.68,,36.08,-0.827,47.7,Avoid,2026-06-12,,,,1
GRASIM.NS,2026-06-12,6.08,0.677,5.5,4.28,6.52,5.57,5.76,5,0.1237,0.1547,0.052,0.1439,0.635,26.39,13.77,1.13,0,58.17,16.7,42.13,6.29,,134.14,0.28,61.7,Buy,2026-06-12,,,,4
GENESYS.NS,2026-06-12,3.86,0.277,2.0,2.93,4.52,2.94,3.78,6,-0.2112,0.2014,0.5611,-0.5338,-0.86,93.97,43.9,2.62,-1,68.07,37.87,41.72,5.2,8.23,24.52,-0.407,53.7,Avoid,2026-06-12,,,,1
MANAPPURAM.NS,2026-06-12,3.62,0.092,2.0,3.18,4.14,2.87,3.63,4,0.0817,0.1738,-0.0259,0.1367,0.375,37.43,19.85,0.35,0,45.36,24.67,25.56,6.97,,360.19,0.629,55.7,Avoid,2026-06-12,,,,1
MAXHEALTH.NS,2026-06-12,3.95,-0.185,2.0,5.5,4.26,3.36,4.37,8,-0.0598,-0.0075,-0.0356,-0.1426,-0.448,25.72,17.05,0.51,0,53.65,17.19,68.68,14.33,,32.37,0.051,25.5,Caution,2026-06-12,,,,2
FORCEMOT.NS,2026-06-12,3.92,-0.554,4.0,5.55,3.66,4.2,4.24,8,0.0407,-0.1923,-0.1446,0.4267,0.82,53.88,29.86,-1.93,1,37.76,20.44,16.79,33.51,,,0.637,18.8,Caution,2026-06-12,,,,2
DOMS.NS,2026-06-12,5.27,0.092,4.0,6.18,5.49,4.87,5.53,9,-0.1012,0.0869,0.0073,-0.0587,-0.158,31.21,15.85,0.06,0,58.79,20.1,60.17,20.09,,10.85,0.056,27.5,Hold,2026-06-12,,,,3
NMDC.NS,2026-06-12,7.14,0.523,8.0,5.93,7.08,7.32,6.85,8,0.2538,0.1196,-0.0095,0.2726,0.841,32.99,18.56,0.65,0,50.76,14.85,10.68,23.36,,18.8,-0.013,69.1,Buy,2026-06-12,,,,4
MARICO.NS,2026-06-12,5.6,0.462,2.5,6.54,6.32,4.43,5.96,9,0.1263,0.0781,-0.0295,0.18,0.84,18.38,10.11,0.73,0,51.53,19.91,59.93,41.39,,12.39,0.395,55.0,Hold,2026-06-12,,,,3
MTARTECH.NS,2026-06-12,6.59,0.415,6.0,6.62,6.76,6.35,6.63,9,2.1408,1.0374,-0.0103,3.0681,6.179,83.58,38.92,0.86,-1,51.67,30.64,236.52,12.12,15.1,45.78,1.933,100.0,Buy,2026-06-12,,,,4
HDFCBANK.NS,2026-06-12,2.92,-0.477,2.0,4.01,3.01,2.69,3.19,4,-0.2196,-0.0724,0.0064,-0.2033,-1.038,31.52,19.1,-0.06,0,55.31,18.05,17.23,13.82,7.04,,-0.346,8.7,Avoid,2026-06-12,,,,1
AEGISLOG.NS,2026-06-12,6.93,0.754,7.0,5.03,7.2,6.68,6.55,9,0.2548,0.482,0.4009,0.1878,0.395,50.46,17.98,3.37,-1,82.3,38.56,36.96,15.26,13.6,47.24,0.114,84.7,Strong Buy,2026-06-12,,,,5
ICICIBANK.NS,2026-06-12,4.8,0.185,3.0,5.23,5.24,4.11,4.99,6,-0.0167,0.0587,0.0774,-0.0504,-0.27,24.67,12.41,1.53,0,67.01,15.48,17.92,16.36,7.2,,0.213,42.0,Hold,2026-06-12,,,,3
NETWEB.NS,2026-06-12,6.65,0.846,5.0,5.49,7.29,5.78,6.51,8,0.4953,0.4219,0.1945,1.3489,2.395,60.29,28.8,1.48,-1,57.95,24.79,125.79,32.83,,39.02,0.553,88.0,Buy,2026-06-12,,,,4
IFCI.NS,2026-06-12,4.88,1.0,1.5,2.65,6.15,3.12,4.63,4,0.7704,0.5676,0.3362,0.2692,0.478,70.19,29.0,2.83,-1,67.46,38.95,122.57,5.03,5.03,,0.142,97.3,Hold,2026-06-12,,,,3
IDEA.NS,2026-06-12,6.13,1.0,3.5,4.51,7.1,4.78,5.95,5,0.3899,0.5586,0.1506,1.1377,2.131,44.58,21.41,1.59,-1,70.25,48.99,4.64,-1.6,-1.6,,-0.212,86.0,Buy,2026-06-12,,,,4
DATAPATTNS.NS,2026-06-12,6.33,1.0,4.0,4.67,7.23,5.1,6.13,7,0.7874,0.3643,0.1726,0.4597,0.891,55.87,24.16,1.77,-1,62.16,17.83,94.0,16.73,,0.3,0.455,95.3,Buy,2026-06-12,,,,4
RELIANCE.NS,2026-06-12,3.09,-0.938,3.5,5.51,2.61,3.62,3.55,7,-0.1548,-0.067,-0.028,-0.0934,-0.446,25.39,15.89,-1.23,0,42.08,25.71,21.64,9.14,10.3,36.65,-0.574,12.0,Avoid,2026-06-12,,,,1
LT.NS,2026-06-12,6.18,0.646,4.5,5.58,6.74,5.38,6.16,7,0.0244,0.0993,0.046,0.1112,0.443,32.9,15.19,0.9,0,58.28,10.44,34.6,16.95,14.6,97.64,0.026,48.7,Buy,2026-06-12,,,,4
INDIGO.NS,2026-06-12,4.0,0.185,1.0,4.64,4.74,2.83,4.3,5,-0.0519,0.0825,0.0915,-0.1716,-0.563,44.54,23.16,1.74,0,62.38,9.56,-76.36,7.12,7.12,866.46,-0.055,40.7,Avoid,2026-06-12,,,,1
BSE.NS,2026-06-12,7.77,0.508,10.0,6.1,7.4,8.46,7.31,8,0.5653,0.4176,0.0101,0.3446,0.654,40.5,19.38,0.87,0,54.44,30.65,67.05,36.0,58.0,0.0,2.059,87.3,Strong Buy,2026-06-12,,,,5
AXISBANK.NS,2026-06-12,4.87,0.8,1.5,3.64,6.0,3.27,4.82,4,0.0608,0.0987,0.0896,0.1011,0.434,29.31,15.29,1.44,0,67.98,15.68,16.06,13.15,6.24,,0.023,56.0,Hold,2026-06-12,,,,3
HSCL.NS,2026-06-12,7.46,1.0,7.0,5.31,7.91,6.94,7.05,8,0.4702,0.5041,0.1433,0.3897,1.013,40.42,21.31,1.57,-1,67.69,30.68,45.28,17.7,22.1,16.14,0.815,88.7,Strong Buy,2026-06-12,,,,5
SBIN.NS,2026-06-12,5.7,0.615,4.5,4.34,6.23,4.99,5.49,5,0.0789,-0.0458,0.056,0.2673,1.191,29.64,20.73,0.1,0,61.49,18.31,11.16,15.48,6.13,,0.262,45.3,Hold,2026-06-12,,,,3
M&M.NS,2026-06-12,4.3,-0.785,7.0,5.2,3.41,5.57,4.32,7,-0.1617,0.0039,-0.0257,0.0,0.0,34.15,19.03,-0.67,0,47.86,19.45,20.0,18.75,15.4,125.07,-0.039,14.7,Caution,2026-06-12,,,,2
BAJFINANCE.NS,2026-06-12,4.1,-0.154,5.0,3.21,3.99,4.35,3.87,5,-0.0911,0.064,0.0086,-0.0331,-0.121,36.37,20.52,0.44,0,54.09,12.56,30.14,17.91,10.8,313.41,0.26,28.7,Caution,2026-06-12,,,,2
BHARTIARTL.NS,2026-06-12,3.55,-0.815,4.0,5.79,3.09,4.08,3.97,7,-0.1183,0.0118,-0.0435,-0.0104,-0.05,24.32,14.5,-0.36,0,48.72,22.24,41.06,19.36,18.5,99.72,0.336,18.0,Avoid,2026-06-12,,,,1
ASHOKLEY.NS,2026-06-12,4.21,-0.446,6.0,4.12,3.73,4.95,4.09,6,-0.0187,-0.1312,0.0125,0.2942,0.893,51.53,26.44,-0.61,0,51.14,23.32,25.84,21.64,13.8,344.74,0.298,22.0,Caution,2026-06-12,,,,2
AIIL.NS,2026-06-12,4.58,0.2,5.0,2.81,4.73,4.49,4.21,5,0.0478,0.1796,0.0488,0.0627,0.12,60.01,32.92,2.02,-1,64.62,19.91,8.61,13.1,13.7,24.59,0.974,57.3,Caution,2026-06-12,,,,2
APOLLO.NS,2026-06-12,6.98,0.938,7.0,4.25,7.38,6.58,6.43,7,0.7708,0.9418,0.3899,1.0481,1.797,75.05,29.11,1.36,-1,59.99,43.68,129.15,11.21,14.5,41.53,1.629,98.7,Strong Buy,2026-06-12,,,,5
ZEEL.NS,2026-06-12,5.47,0.769,3.0,4.2,6.34,4.24,5.36,6,0.2061,0.3728,0.2746,-0.1228,-0.281,61.59,26.93,2.36,-1,68.27,35.28,39.93,2.33,2.75,2.26,-0.536,80.0,Hold,2026-06-12,,,,3
GROWW.NS,2026-06-12,6.99,0.138,10.0,5.7,6.34,8.06,6.56,7,0.3632,0.2575,0.0602,,,49.19,25.52,0.47,0,57.35,13.06,58.52,28.72,37.3,3.03,1.759,80.7,Strong Buy,2026-06-12,,,,5
HINDALCO.NS,2026-06-12,4.45,-0.308,4.5,5.39,4.29,4.61,4.63,7,0.2432,0.0535,-0.043,0.5631,1.959,31.54,18.09,-0.05,0,38.24,25.45,16.96,10.29,13.7,72.6,0.619,68.0,Caution,2026-06-12,,,,2
OLAELEC.NS,2026-06-12,4.49,0.785,1.0,3.04,5.68,2.8,4.4,2,0.332,0.93,0.282,-0.0667,-0.101,80.15,31.65,1.56,-1,66.56,43.29,-11.0,-43.16,-19.6,82.45,-0.577,94.0,Caution,2026-06-12,,,,2
TMCV.NS,2026-06-12,4.86,-0.246,5.5,5.4,4.6,5.21,4.93,6,0.0447,-0.1101,0.0443,,,49.65,28.5,-0.37,0,55.99,24.81,47.37,26.05,111.0,44.09,0.721,33.3,Hold,2026-06-12,,,,3
INFY.NS,2026-06-12,3.19,-0.754,4.5,4.03,2.7,3.87,3.29,8,-0.2803,-0.0989,0.0193,-0.2744,-1.054,33.92,20.94,-1.17,0,40.7,17.14,14.69,31.44,,9.83,-0.661,6.0,Avoid,2026-06-12,,,,1
SHRIRAMFIN.NS,2026-06-12,5.27,0.246,6.5,3.27,5.23,5.49,4.8,5,0.1406,-0.0744,0.0182,0.3779,1.041,47.86,27.07,-0.01,0,54.4,19.09,17.93,16.38,,274.99,0.893,49.3,Hold,2026-06-12,,,,3
TEJASNET.NS,2026-06-12,4.27,0.846,1.0,2.1,5.5,2.57,4.02,2,0.2973,0.3576,0.3435,-0.1597,-0.296,64.17,31.72,2.48,-1,68.93,39.93,-11.67,-26.82,,142.52,-0.751,84.0,Caution,2026-06-12,,,,2
TVSMOTOR.NS,2026-06-12,4.13,-0.662,5.5,5.39,3.56,4.9,4.3,6,-0.0783,-0.0287,-0.0444,0.2111,0.781,31.92,18.07,-1.26,0,41.79,15.71,52.21,31.62,17.4,306.09,0.415,18.7,Caution,2026-06-12,,,,2
ONGC.NS,2026-06-12,5.18,-0.492,6.5,6.68,4.58,5.96,5.4,8,0.0531,-0.09,-0.1776,0.0607,0.226,27.72,16.47,-2.54,1,22.68,32.33,7.47,12.7,,42.55,-0.257,25.3,Hold,2026-06-12,,,,3
BANKBARODA.NS,2026-06-12,4.88,0.492,3.0,3.9,5.55,3.94,4.79,5,-0.0086,-0.0192,0.0851,0.1487,0.529,34.17,20.11,1.64,0,62.14,13.02,7.16,12.74,5.63,,-0.117,39.3,Hold,2026-06-12,,,,3
MARUTI.NS,2026-06-12,5.34,-0.015,5.5,5.63,5.26,5.45,5.39,7,-0.1656,0.0273,0.011,0.0791,0.35,26.09,15.38,0.72,0,56.81,14.99,28.66,14.43,,0.1,-0.152,16.7,Hold,2026-06-12,,,,3
ADANIENT.NS,2026-06-12,5.45,0.938,2.0,4.18,6.61,3.81,5.4,5,0.3216,0.46,0.0762,0.1191,0.316,41.44,17.66,1.23,-1,61.44,49.65,39.7,13.66,,119.56,-0.298,83.3,Hold,2026-06-12,,,,3
KOTAKBANK.NS,2026-06-12,4.12,0.185,1.5,4.55,4.78,3.08,4.35,5,-0.0531,0.0746,0.042,-0.0615,-0.28,24.19,14.09,2.67,-1,67.58,15.55,20.8,11.39,6.28,,0.098,36.7,Caution,2026-06-12,,,,2
ADANIPOWER.NS,2026-06-12,6.14,0.415,6.5,4.9,6.23,6.11,5.87,7,0.58,0.496,0.0079,0.8712,1.991,39.36,18.82,0.6,0,49.19,22.28,33.7,20.91,,82.33,0.338,91.3,Buy,2026-06-12,,,,4
PARAS.NS,2026-06-12,7.09,1.0,6.5,4.68,7.61,6.48,6.64,8,0.6626,0.6405,0.4563,0.3565,0.545,59.73,27.5,2.76,-1,75.07,30.18,99.92,13.14,16.5,3.73,0.067,96.7,Strong Buy,2026-06-12,,,,5
SILVERBEES.NS,2026-06-12,4.84,-0.092,5.0,5.0,4.77,4.93,4.86,0,,,,,,,,0.0,0,41.42,17.94,,,,,1.271,63.3,Hold,2026-06-12,,,,3
MMTC.NS,2026-06-12,6.8,0.631,7.5,4.84,6.9,6.8,6.37,7,0.235,0.2234,0.0805,-0.0603,-0.116,59.34,24.75,1.19,0,57.25,20.74,26.38,20.27,,0.11,-0.254,74.0,Strong Buy,2026-06-12,,,,5
ETERNAL.NS,2026-06-12,4.31,-0.569,5.0,5.88,3.89,4.84,4.59,9,-0.1393,0.1023,0.0109,-0.0465,-0.12,38.47,19.95,-0.19,0,47.2,11.0,609.5,1.19,8.36,14.83,0.264,24.7,Caution,2026-06-12,,,,2
VEDL.NS,2026-06-12,3.63,-0.815,5.0,5.15,3.01,4.43,3.85,8,-0.3994,-0.5625,-0.0646,-0.2816,-0.494,140.38,132.79,-0.96,1,32.52,35.04,17.27,20.4,,48.04,-0.3,0.7,Avoid,2026-06-12,,,,1
TATASTEEL.NS,2026-06-12,5.54,-0.123,6.0,6.31,5.3,5.85,5.67,8,0.2448,0.0438,-0.0687,0.2972,1.07,27.08,16.11,-0.6,0,41.03,17.46,22.87,11.16,,89.02,0.042,64.7,Hold,2026-06-12,,,,3
HINDPETRO.NS,2026-06-12,4.92,-0.354,6.5,5.25,4.43,5.63,4.89,8,-0.1348,0.0118,0.0614,-0.0046,-0.013,47.24,22.72,0.86,0,53.11,12.4,4.59,30.93,,85.37,0.07,20.0,Hold,2026-06-12,,,,3
MCX.NS,2026-06-12,6.92,-0.046,10.0,6.43,6.14,8.15,6.65,9,0.4462,0.1294,-0.1587,0.8148,2.105,39.52,23.41,-0.07,0,42.88,32.06,54.61,37.88,71.4,0.11,2.319,78.7,Strong Buy,2026-06-12,,,,5
CLSEL.NS,2026-06-12,6.13,0.631,5.5,4.64,6.53,5.64,5.87,8,0.176,0.2057,0.1146,-0.1714,-0.361,64.01,24.68,1.51,0,61.76,21.66,12.99,14.61,,9.87,0.293,70.7,Buy,2026-06-12,,,,4
CHOLAFIN.NS,2026-06-12,4.22,-0.231,6.0,3.07,3.9,4.8,3.89,5,-0.1002,0.0275,0.0141,-0.0414,-0.123,43.91,21.75,0.53,0,55.15,10.67,25.36,19.33,9.7,693.26,0.035,24.0,Caution,2026-06-12,,,,2
TITAN.NS,2026-06-12,5.5,0.154,5.0,5.67,5.62,5.32,5.57,8,0.088,0.0132,0.0036,0.1908,0.816,34.65,20.89,-0.22,0,51.53,10.81,73.2,37.13,,195.0,0.224,48.0,Hold,2026-06-12,,,,3
COALINDIA.NS,2026-06-12,6.3,-0.031,7.5,6.73,5.9,6.87,6.32,9,0.1759,-0.0566,-0.0405,0.188,0.796,24.97,16.03,-1.15,0,37.48,12.86,8.79,28.12,,11.63,-0.207,52.7,Buy,2026-06-12,,,,4
ADANIPORTS.NS,2026-06-12,5.95,0.708,4.0,5.03,6.63,4.99,5.88,8,0.2152,0.3083,0.0142,0.2413,0.801,31.93,16.05,1.07,0,58.97,20.65,31.12,15.59,8.12,64.05,0.283,74.7,Buy,2026-06-12,,,,4
APARINDS.NS,2026-06-12,6.3,1.0,2.5,5.86,7.43,4.63,6.43,8,0.7266,0.6097,0.2032,0.8769,1.848,42.91,21.91,2.32,-1,72.89,31.17,63.01,19.74,,17.72,0.667,96.0,Buy,2026-06-12,,,,4
AUBANK.NS,2026-06-12,5.4,0.446,6.0,3.06,5.59,5.3,4.9,5,0.0219,0.1256,0.0252,0.3284,1.061,37.15,18.97,0.78,0,58.33,15.19,29.04,0.0,,,0.563,50.7,Hold,2026-06-12,,,,3
POWERINDIA.NS,2026-06-12,6.21,0.169,6.5,6.32,6.11,6.35,6.21,9,0.8085,0.3796,0.055,0.923,1.847,41.31,22.08,0.7,0,49.78,25.3,154.08,21.04,,1.66,1.521,94.7,Buy,2026-06-12,,,,4
TCS.NS,2026-06-12,3.75,-0.8,4.0,6.29,3.3,4.24,4.24,9,-0.3006,-0.1031,-0.0324,-0.3513,-1.515,33.27,23.42,-1.72,0,38.44,17.35,15.89,48.4,,10.39,-1.25,3.3,Avoid,2026-06-12,,,,1
AMBER.NS,2026-06-12,3.76,-0.154,2.0,4.8,4.1,3.18,4.07,8,0.13,0.0708,-0.1246,0.1241,0.254,54.39,36.74,-0.13,0,44.77,13.48,147.51,5.58,,46.57,0.592,52.0,Avoid,2026-06-12,,,,1
BAJAJ-AUTO.NS,2026-06-12,7.17,0.446,9.0,5.53,6.9,7.69,6.73,8,0.135,0.1138,-0.0167,0.213,0.829,26.51,13.58,0.48,0,44.92,18.54,26.18,28.05,28.2,56.29,-0.127,60.7,Strong Buy,2026-06-12,,,,5
CUPID.NS,2026-06-12,7.7,1.0,7.0,5.99,8.15,7.15,7.4,8,1.053,0.9664,0.3291,6.8888,14.179,43.35,22.83,2.19,-1,85.08,29.96,202.49,27.3,,12.51,3.86,99.3,Strong Buy,2026-06-12,,,,5
ITC.NS,2026-06-12,3.81,-0.938,5.5,5.85,3.03,4.83,4.12,6,-0.2583,-0.0369,-0.0536,-0.2998,-1.597,19.94,12.82,-0.98,0,44.78,25.42,17.26,29.34,,3.29,-1.091,7.3,Avoid,2026-06-12,,,,1
GOLDIAM.NS,2026-06-12,8.16,1.0,10.0,4.75,8.16,8.43,7.38,8,0.2999,0.5346,0.2647,0.345,0.535,63.58,26.76,2.04,-1,71.19,34.43,31.65,18.38,23.9,6.93,1.024,85.3,Strong Buy,2026-06-12,,,,5
SUZLON.NS,2026-06-12,6.77,0.615,7.0,5.26,6.93,6.64,6.45,7,0.0687,0.2981,0.023,-0.1934,-0.488,41.13,19.72,0.73,0,53.96,14.52,23.84,40.64,,5.87,-0.045,67.3,Strong Buy,2026-06-12,,,,5
IDFCFIRSTB.NS,2026-06-12,4.37,0.615,1.5,3.14,5.36,2.98,4.29,3,-0.0476,0.1809,0.1308,0.0746,0.246,33.51,18.06,2.24,-1,73.98,25.21,40.69,0.0,,,-0.238,51.3,Caution,2026-06-12,,,,2
TECHM.NS,2026-06-12,4.74,-0.554,6.0,6.16,4.17,5.48,4.95,9,-0.0784,0.0588,0.0428,-0.0871,-0.331,34.61,20.82,-0.29,0,44.61,14.45,26.36,16.61,23.1,7.27,-0.054,30.7,Caution,2026-06-12,,,,2
BHEL.NS,2026-06-12,5.81,0.2,5.5,5.88,5.88,5.69,5.84,9,0.3773,0.414,-0.0491,0.4567,1.233,41.28,20.54,0.53,0,45.68,30.95,82.34,6.29,,31.31,0.193,82.7,Buy,2026-06-12,,,,4
COFORGE.NS,2026-06-12,5.51,-0.292,8.0,5.35,4.84,6.54,5.34,9,-0.2471,0.234,0.0664,-0.2479,-0.669,48.06,24.1,0.75,0,48.57,21.59,31.24,18.6,23.5,7.52,0.259,23.3,Hold,2026-06-12,,,,3
NLCINDIA.NS,2026-06-12,4.95,0.015,4.5,5.2,5.03,4.8,5.02,6,0.358,0.1925,-0.1035,0.3386,0.854,49.73,22.82,0.19,0,42.31,31.68,12.46,15.97,,82.0,0.293,76.7,Hold,2026-06-12,,,,3
DIXON.NS,2026-06-12,4.48,0.062,2.5,5.35,4.9,3.78,4.77,7,-0.0652,0.0688,0.0516,-0.229,-0.564,44.12,22.62,1.02,0,54.19,10.41,42.84,37.13,,18.46,-0.014,34.0,Caution,2026-06-12,,,,2
BPCL.NS,2026-06-12,5.24,-0.231,6.5,5.55,4.84,5.82,5.23,8,-0.1247,-0.0735,0.0629,0.0063,0.022,39.38,20.56,0.52,0,54.73,16.92,5.0,28.47,,54.33,-0.044,17.3,Hold,2026-06-12,,,,3
NESTLEIND.NS,2026-06-12,5.51,-0.108,5.5,6.55,5.35,5.66,5.71,8,0.1437,0.1269,-0.0383,0.1425,0.739,24.12,11.23,0.19,0,41.76,22.75,75.55,76.34,85.3,8.62,-0.064,62.0,Hold,2026-06-12,,,,3
BEL.NS,2026-06-12,4.38,-0.492,4.5,6.13,4.09,4.69,4.73,8,0.0539,-0.1037,-0.0405,0.0296,0.101,24.73,15.64,-1.32,0,40.02,33.76,49.03,27.56,,0.27,0.442,31.3,Caution,2026-06-12,,,,2
CANBK.NS,2026-06-12,4.42,-0.062,4.5,4.08,4.45,4.4,4.35,4,-0.0656,-0.0308,0.062,0.1964,0.646,38.2,22.35,0.38,0,54.53,10.67,6.06,15.94,,,0.072,27.3,Caution,2026-06-12,,,,2
NYKAA.NS,2026-06-12,6.63,0.708,5.0,6.12,7.16,5.87,6.62,8,0.1071,0.1166,0.004,0.3723,1.235,27.05,13.62,1.09,0,57.22,13.22,390.71,14.34,,82.41,0.699,58.7,Buy,2026-06-12,,,,4
JBMA.NS,2026-06-12,5.54,0.969,2.5,3.83,6.64,4.0,5.37,4,0.2239,0.3302,0.0658,-0.0641,-0.136,60.4,25.08,1.51,0,58.21,19.1,74.16,15.99,,190.28,-0.541,78.0,Hold,2026-06-12,,,,3
SWIGGY.NS,2026-06-12,2.83,-0.662,2.0,4.67,2.78,2.75,3.24,5,-0.3681,-0.1104,-0.0215,-0.3089,-0.679,41.04,24.24,-1.24,0,45.76,23.02,-14.82,-29.12,,13.93,-0.85,1.3,Avoid,2026-06-12,,,,1
MAHABANK.NS,2026-06-12,6.95,1.0,7.0,3.87,7.4,6.51,6.33,6,0.5864,0.3207,0.136,0.5931,1.686,40.0,19.23,1.8,-1,72.39,15.68,9.57,22.66,,,0.318,89.3,Strong Buy,2026-06-12,,,,5
PNB.NS,2026-06-12,4.63,0.2,3.0,4.66,5.08,3.95,4.73,6,-0.0612,-0.0568,0.0778,0.0126,0.043,33.94,20.0,0.56,0,57.91,17.66,6.68,12.98,,,-0.404,26.7,Caution,2026-06-12,,,,2
NTPC.NS,2026-06-12,4.6,-0.169,4.0,5.56,4.62,4.49,4.83,6,0.1087,-0.0938,-0.1046,0.0709,0.317,20.2,12.71,-1.98,0,27.23,31.4,11.63,13.69,,118.13,-0.291,38.0,Caution,2026-06-12,,,,2
EPACKPEB.NS,2026-06-12,5.77,0.246,5.5,5.55,5.88,5.63,5.75,9,-0.1755,0.4909,0.2033,,,66.39,28.02,2.4,-1,72.26,26.07,24.24,17.02,,15.61,0.612,61.3,Buy,2026-06-12,,,,4
BOSCHLTD.NS,2026-06-12,5.72,0.492,4.0,5.46,6.24,4.96,5.77,8,0.062,0.2316,0.035,0.2493,0.918,36.91,17.56,1.25,0,64.12,15.66,41.59,19.35,,0.8,0.23,62.7,Buy,2026-06-12,,,,4
JIOFIN.NS,2026-06-12,2.4,-0.785,3.5,2.78,2.04,2.92,2.41,5,-0.189,-0.0261,0.0121,-0.2198,-0.731,35.73,20.93,-0.43,0,49.08,22.99,97.48,1.21,,16.29,-0.859,13.3,Avoid,2026-06-12,,,,1
RBLBANK.NS,2026-06-12,6.45,0.815,6.0,4.22,6.91,5.93,6.03,4,0.2114,0.2203,0.0821,0.6549,1.789,35.29,16.61,2.01,-1,65.51,17.74,25.98,0.0,,,0.362,72.7,Buy,2026-06-12,,,,4
TMPV.NS,2026-06-12,4.02,0.062,1.0,5.31,4.66,2.94,4.45,6,0.1357,0.2017,0.0938,-0.4674,-1.115,38.22,18.88,1.33,0,58.33,24.78,-87.84,-1.12,,65.31,-1.046,69.3,Avoid,2026-06-12,,,,1
ATHERENERG.NS,2026-06-12,6.21,1.0,3.0,5.18,7.26,4.7,6.19,7,0.5955,0.4478,0.0974,2.2192,4.743,46.79,22.82,1.56,-1,61.59,43.32,-115.07,-33.74,,25.82,4.262,92.0,Buy,2026-06-12,,,,4
GOLDBEES.NS,2026-06-12,4.87,-0.077,5.0,5.0,4.81,4.94,4.88,0,,,,,,,,0.0,0,39.44,22.0,,,,,1.455,46.0,Hold,2026-06-12,,,,3
PGEL.NS,2026-06-12,2.49,-0.538,1.0,3.94,2.68,2.08,2.86,6,-0.1052,-0.0919,-0.0078,-0.3665,-0.648,50.19,27.04,-0.52,0,49.39,19.55,69.74,6.69,,19.57,0.4,15.3,Avoid,2026-06-12,,,,1
ASIANPAINT.NS,2026-06-12,6.7,0.462,6.5,6.26,6.82,6.55,6.62,9,-0.0204,0.2369,0.0544,0.2401,1.07,28.87,13.94,1.48,0,67.82,33.88,60.77,20.89,,17.85,-0.387,54.7,Buy,2026-06-12,,,,4
ADANIGREEN.NS,2026-06-12,6.52,0.938,5.5,4.23,7.15,5.75,6.12,6,0.501,0.7145,0.0774,0.4009,0.829,48.06,21.18,1.15,-1,59.69,42.04,154.76,7.58,,346.55,-0.34,93.3,Buy,2026-06-12,,,,4
NATIONALUM.NS,2026-06-12,5.56,-0.108,6.5,5.86,5.26,6.0,5.57,7,0.4581,-0.0744,-0.0663,1.0546,2.618,41.34,26.48,-1.24,0,38.06,20.69,11.27,29.42,,0.28,1.088,73.3,Hold,2026-06-12,,,,3
CAPILLARY.NS,2026-06-12,4.81,-0.538,7.0,5.42,4.1,5.82,4.8,9,-0.2764,-0.0142,-0.035,,,39.2,22.4,-0.62,0,44.5,11.04,73.95,6.58,,5.24,-0.714,8.0,Hold,2026-06-12,,,,3
HAL.NS,2026-06-12,4.05,-0.523,3.5,6.18,3.88,4.14,4.5,9,-0.0156,0.0445,-0.0442,-0.1703,-0.524,31.17,18.58,-0.09,0,40.05,22.77,30.73,23.98,,0.03,-0.4,32.7,Caution,2026-06-12,,,,2
FEDERALBNK.NS,2026-06-12,6.67,0.769,7.0,4.2,6.94,6.44,6.15,5,0.2161,0.1682,0.1223,0.5052,1.987,27.58,15.22,2.17,-1,71.09,24.15,18.07,11.73,,,1.166,72.0,Buy,2026-06-12,,,,4
MOTILALOFS.NS,2026-06-12,5.15,0.4,4.5,3.85,5.52,4.68,4.92,4,0.0759,0.2739,0.0535,0.0193,0.041,46.79,21.25,1.19,0,58.28,18.3,27.05,15.55,,164.42,0.21,68.7,Hold,2026-06-12,,,,3
KALYANKJIL.NS,2026-06-12,4.41,-0.692,7.0,5.06,3.59,5.6,4.39,8,-0.2517,-0.1159,-0.0235,-0.368,-0.824,46.4,29.5,-1.24,1,41.9,22.84,26.46,24.31,,96.97,-0.313,6.7,Caution,2026-06-12,,,,2
OIL.NS,2026-06-12,4.02,-0.569,5.0,5.06,3.6,4.59,4.18,7,0.0609,-0.1283,-0.1939,-0.0187,-0.049,39.58,27.54,-3.11,1,26.2,22.06,10.27,12.74,,58.74,-0.17,21.3,Avoid,2026-06-12,,,,1
HINDWAREAP.NS,2026-06-12,3.9,0.185,1.0,4.36,4.64,2.75,4.16,5,-0.1204,0.2158,0.1541,-0.1144,-0.231,76.65,28.56,2.12,-1,63.44,15.81,-53.01,-5.13,,114.72,-0.526,44.7,Avoid,2026-06-12,,,,1
HDFCAMC.NS,2026-06-12,4.01,-0.585,4.5,5.53,3.65,4.45,4.29,7,-0.0382,0.0332,-0.0717,-0.0199,-0.067,40.99,21.94,-0.57,0,41.37,24.04,36.96,32.93,,2.36,0.259,29.3,Avoid,2026-06-12,,,,1
PINELABS.NS,2026-06-12,3.07,-0.569,2.5,4.48,3.02,3.04,3.38,7,-0.378,-0.0864,-0.0125,,,55.8,34.18,-0.83,1,45.78,21.56,147.62,2.39,,7.47,-1.397,2.0,Avoid,2026-06-12,,,,1
CGPOWER.NS,2026-06-12,6.79,0.815,5.5,5.61,7.33,6.07,6.63,8,0.3772,0.2403,0.091,0.3272,0.903,35.2,17.02,1.23,0,59.23,22.37,119.38,19.56,,1.44,0.308,81.3,Strong Buy,2026-06-12,,,,5
IOC.NS,2026-06-12,4.76,-0.354,5.5,5.66,4.42,5.21,4.9,8,-0.098,-0.12,0.048,0.0568,0.214,33.15,17.34,-0.02,0,51.97,10.87,4.61,20.97,,58.45,-0.386,16.0,Hold,2026-06-12,,,,3
TTML.NS,2026-06-12,4.34,0.308,1.5,4.56,5.09,3.17,4.54,6,-0.0981,0.1808,0.1055,-0.3504,-0.712,54.32,27.64,1.42,0,63.14,38.5,-42.22,0.0,,,-0.631,42.7,Caution,2026-06-12,,,,2
LIQUIDBEES.NS,2026-06-12,5.4,0.231,5.0,5.0,5.58,5.17,5.35,0,,,,,,,,0.0,0,47.07,92.08,,,,,-3.406,35.3,Hold,2026-06-12,,,,3
BAJAJFINSV.NS,2026-06-12,2.19,-0.785,1.5,3.91,2.13,2.16,2.58,5,-0.1824,-0.0461,-0.0226,-0.1542,-0.642,27.33,15.6,-1.14,0,41.33,30.76,27.68,14.6,,256.36,-0.124,11.3,Avoid,2026-06-12,,,,1
WOCKPHARMA.NS,2026-06-12,5.25,0.477,3.0,5.04,5.91,4.27,5.33,8,0.4533,0.4924,0.2536,0.2531,0.45,62.77,28.81,1.53,-1,59.79,42.38,148.17,4.0,,42.28,1.348,90.0,Hold,2026-06-12,,,,3
HINDUNILVR.NS,2026-06-12,4.74,-0.4,5.0,6.25,4.44,5.08,5.03,9,-0.0577,0.0149,-0.0455,-0.0778,-0.393,25.1,13.63,-0.24,0,49.17,18.24,48.04,21.6,,3.02,-0.612,26.0,Caution,2026-06-12,,,,2
TATAPOWER.NS,2026-06-12,4.23,-0.062,3.0,4.82,4.48,3.8,4.42,5,0.0361,-0.0214,-0.033,-0.042,-0.164,24.32,13.9,-0.99,0,33.72,19.53,33.61,11.34,,168.05,-0.489,37.3,Caution,2026-06-12,,,,2
SBILIFE.NS,2026-06-12,2.88,-0.815,1.5,6.02,2.79,2.77,3.59,7,-0.152,-0.1203,-0.085,-0.0432,-0.195,25.43,16.61,-2.27,1,27.63,24.14,69.41,13.7,,,0.098,9.3,Avoid,2026-06-12,,,,1
WIPRO.NS,2026-06-12,3.58,-0.785,4.0,5.73,3.14,4.08,3.99,8,-0.2837,-0.1105,-0.0519,-0.2607,-0.946,30.46,21.76,-2.11,1,32.77,24.67,14.34,15.44,,22.85,-0.612,4.0,Avoid,2026-06-12,,,,1
INDIANB.NS,2026-06-12,4.47,0.215,2.5,4.54,5.0,3.65,4.59,6,0.1031,-0.0507,0.0523,0.3734,1.156,36.09,19.05,-0.13,0,54.85,20.38,9.73,15.44,,,0.688,47.3,Caution,2026-06-12,,,,2
ANGELONE.NS,2026-06-12,7.08,0.877,8.0,3.99,7.29,7.0,6.41,5,0.392,0.605,0.1064,0.0968,0.203,52.27,19.36,0.99,0,57.43,19.99,34.5,15.53,,129.31,0.192,86.7,Strong Buy,2026-06-12,,,,5
HCLTECH.NS,2026-06-12,3.45,-0.831,6.5,3.43,2.6,4.73,3.27,7,-0.3163,-0.1673,-0.0203,-0.3063,-1.188,35.25,27.43,-1.34,1,33.29,21.09,18.07,23.36,,6.93,-0.594,2.7,Avoid,2026-06-12,,,,1
DLF.NS,2026-06-12,3.04,-0.354,2.0,3.74,3.22,2.71,3.24,6,-0.1427,0.0519,0.0358,-0.3187,-1.028,35.15,19.48,0.48,0,52.79,12.4,32.89,10.03,,0.67,-0.76,20.7,Avoid,2026-06-12,,,,1
CARTRADE.NS,2026-06-12,6.46,0.523,8.0,3.98,6.4,6.74,5.87,7,-0.1616,0.3971,0.2852,0.4189,0.777,57.39,24.37,3.09,-1,72.26,34.49,52.57,9.85,,5.36,1.205,59.3,Buy,2026-06-12,,,,4
INDUSINDBK.NS,2026-06-12,5.25,0.646,2.5,4.63,6.11,4.0,5.28,7,0.1001,0.1034,0.0349,0.0856,0.234,37.3,20.88,0.87,0,54.03,13.15,80.61,1.36,,,-0.759,58.0,Hold,2026-06-12,,,,3
ADANIENSOL.NS,2026-06-12,5.48,0.877,2.0,4.56,6.59,3.88,5.5,6,0.5161,0.4831,0.1427,0.6271,1.362,48.41,23.16,0.99,-1,55.22,27.84,79.96,9.66,,194.5,0.318,90.7,Hold,2026-06-12,,,,3
ENRIN.NS,2026-06-12,6.5,0.631,5.0,6.14,6.97,5.81,6.51,8,0.2057,0.2581,0.1688,,,44.54,21.08,1.23,-1,56.47,32.23,97.85,0.0,,4.48,0.747,75.3,Buy,2026-06-12,,,,4
HYUNDAI.NS,2026-06-12,4.98,-0.046,4.5,5.62,5.03,4.88,5.14,8,-0.1399,-0.0023,0.0903,0.0314,0.106,30.18,17.06,2.06,-1,65.88,23.39,29.73,29.92,,5.48,-0.006,19.3,Hold,2026-06-12,,,,3
E2E.NS,2026-06-12,4.69,0.508,2.5,3.71,5.44,3.62,4.62,5,0.8529,0.6494,0.2398,0.4157,0.71,59.27,29.95,1.13,-1,53.4,30.56,-501.82,-0.95,,9.44,0.611,98.0,Caution,2026-06-12,,,,2
ATGL.NS,2026-06-12,5.83,0.785,4.0,4.32,6.57,4.83,5.64,8,0.2375,0.1994,0.1826,0.0223,0.048,55.35,24.92,1.24,-1,55.72,40.34,122.64,14.46,,58.65,-0.412,76.0,Buy,2026-06-12,,,,4
APOLLOHOSP.NS,2026-06-12,6.4,0.738,4.0,6.15,7.1,5.35,6.48,8,0.2124,0.1219,0.0514,0.2315,1.114,21.2,10.58,1.71,0,67.21,17.08,62.93,21.5,,85.15,0.552,70.0,Buy,2026-06-12,,,,4
NIFTYBEES.NS,2026-06-12,4.17,-0.477,5.0,5.0,3.81,4.64,4.28,0,,,,,,,,0.0,0,51.44,19.89,,,,,-0.39,22.7,Caution,2026-06-12,,,,2
ICICIAMC.NS,2026-06-12,5.08,-0.108,5.0,5.77,5.0,5.15,5.22,8,,0.1073,0.0162,,,38.99,22.23,0.29,0,48.59,17.31,48.57,85.8,,4.07,1.591,44.0,Hold,2026-06-12,,,,3
PFC.NS,2026-06-12,3.77,-0.185,4.0,3.28,3.79,3.79,3.66,4,0.2464,0.0204,-0.0554,0.0175,0.052,32.29,20.39,-0.58,0,43.91,13.6,5.36,20.47,,586.02,-0.309,64.0,Avoid,2026-06-12,,,,1
GVT&D.NS,2026-06-12,7.92,0.815,8.5,6.26,8.0,7.91,7.55,9,0.7003,0.3181,0.1381,1.1528,2.636,48.65,26.53,1.22,0,55.81,24.71,102.33,55.26,,0.89,1.765,92.7,Strong Buy,2026-06-12,,,,5
UNIONBANK.NS,2026-06-12,5.0,0.246,4.5,4.19,5.26,4.67,4.86,4,0.1485,-0.0662,0.0501,0.1393,0.413,41.13,24.88,-0.16,0,54.37,11.32,6.68,15.71,,,0.128,53.3,Hold,2026-06-12,,,,3
SAMMAANCAP.NS,2026-06-12,3.87,0.569,1.0,2.35,4.89,2.43,3.73,1,0.2245,0.2247,0.2225,0.3843,0.87,43.72,20.84,1.47,-1,58.0,35.04,-1.99,-35.01,,273.03,-0.107,77.3,Avoid,2026-06-12,,,,1
HEROMOTOCO.NS,2026-06-12,5.39,-0.692,9.0,6.15,4.27,7.03,5.34,9,-0.149,-0.0801,-0.0201,0.1728,0.666,31.04,19.3,-0.77,0,50.15,15.69,17.3,28.03,,3.57,-0.419,12.7,Hold,2026-06-12,,,,3
MUTHOOTFIN.NS,2026-06-12,3.81,-0.785,7.5,3.39,2.85,5.3,3.52,5,-0.181,-0.0543,-0.0813,0.2014,0.606,41.12,24.25,-1.67,0,39.1,20.47,11.53,30.41,,379.71,0.787,10.0,Avoid,2026-06-12,,,,1
EICHERMOT.NS,2026-06-12,6.59,0.738,5.0,5.85,7.14,5.81,6.53,8,0.0116,0.0482,0.0424,0.3774,1.46,34.42,17.98,1.1,0,57.44,16.13,36.37,23.77,,2.05,0.702,43.3,Buy,2026-06-12,,,,4
SUNPHARMA.NS,2026-06-12,6.6,0.4,6.5,6.28,6.67,6.51,6.54,9,0.019,-0.0096,-0.0375,0.0809,0.405,25.4,14.03,0.42,0,50.66,16.79,37.87,14.72,,5.52,0.211,34.7,Buy,2026-06-12,,,,4
MOTISONS.NS,2026-06-12,5.0,0.246,5.5,3.35,5.11,4.96,4.64,7,-0.0686,0.0964,0.2577,-0.2329,-0.44,56.91,27.57,2.11,-1,74.77,25.27,22.75,13.96,,7.79,-0.282,46.7,Hold,2026-06-12,,,,3
ULTRACEMCO.NS,2026-06-12,3.34,-0.615,2.0,5.89,3.32,3.16,3.92,7,-0.0177,0.0025,-0.0322,-0.0179,-0.077,29.65,16.9,-0.69,0,44.37,25.0,40.1,10.59,,29.43,-0.24,30.0,Avoid,2026-06-12,,,,1
GRSE.NS,2026-06-12,5.19,0.0,7.0,3.82,4.89,5.75,4.81,7,0.1092,0.0928,-0.0139,-0.1756,-0.299,62.6,29.16,0.11,0,48.91,10.17,44.06,31.79,,1.42,0.585,56.7,Hold,2026-06-12,,,,3
DRREDDY.NS,2026-06-12,5.69,0.4,4.5,5.4,6.07,5.15,5.7,7,0.0197,-0.0331,-0.0459,-0.0484,-0.222,29.95,13.47,-0.09,0,45.13,16.37,24.8,11.83,,20.33,-0.149,32.0,Hold,2026-06-12,,,,3
VINCOFE.NS,2026-06-12,5.22,0.523,3.5,4.31,5.84,4.36,5.14,8,-0.0075,0.268,0.2472,0.3321,0.779,41.07,19.6,2.48,-1,68.93,20.94,32.15,16.56,,21.72,0.042,66.7,Hold,2026-06-12,,,,3
GMRAIRPORT.NS,2026-06-12,5.56,0.708,2.5,5.2,6.46,4.22,5.66,7,0.0519,0.1111,0.0731,0.2183,0.718,37.88,21.51,1.85,0,61.22,14.1,797.31,0.0,,,0.028,55.3,Hold,2026-06-12,,,,3
PNBHOUSING.NS,2026-06-12,4.61,0.0,5.5,3.46,4.53,4.81,4.33,5,0.1194,0.2689,-0.0743,-0.1165,-0.305,40.27,19.82,0.26,0,45.72,29.19,11.28,12.7,,277.42,0.105,66.0,Caution,2026-06-12,,,,2
LTF.NS,2026-06-12,5.05,0.215,6.0,3.21,5.06,5.18,4.63,5,-0.0828,0.0501,-0.007,0.4314,1.292,42.43,23.29,0.23,0,52.47,10.86,23.25,11.12,,393.44,0.71,28.0,Hold,2026-06-12,,,,3
PERSISTENT.NS,2026-06-12,4.39,-0.877,7.5,5.51,3.36,5.87,4.44,8,-0.1998,0.0205,0.0232,-0.1858,-0.525,38.01,24.37,-0.88,0,40.07,12.85,40.45,26.35,,6.09,0.207,14.0,Caution,2026-06-12,,,,2
YESBANK.NS,2026-06-12,4.73,0.369,2.5,4.51,5.38,3.76,4.81,6,0.0599,0.1921,0.043,0.1051,0.335,34.83,18.08,1.24,0,57.8,24.6,20.55,7.09,,,-0.281,60.0,Caution,2026-06-12,,,,2
LIQUIDCASE.NS,2026-06-12,6.18,0.677,5.0,5.0,6.69,5.51,6.02,0,,,,,,,,0.0,0,100.0,99.79,,,,,-2.923,40.0,Buy,2026-06-12,,,,4
IXIGO.NS,2026-06-12,4.76,-0.015,4.0,5.25,4.9,4.51,4.9,9,-0.2932,0.0596,0.0761,0.0077,0.015,52.66,25.68,1.38,0,62.57,13.7,103.62,5.33,,2.15,-0.052,10.7,Hold,2026-06-12,,,,3
HINDCOPPER.NS,2026-06-12,6.04,-0.108,7.5,6.36,5.58,6.7,6.02,9,0.4213,-0.0329,-0.1057,0.9475,1.931,48.35,29.24,-0.7,0,39.59,23.52,53.74,30.6,,3.32,0.362,71.3,Buy,2026-06-12,,,,4
BANDHANBNK.NS,2026-06-12,6.76,0.908,6.0,4.64,7.29,6.12,6.38,6,0.4476,0.1494,0.0521,0.1401,0.361,47.5,21.66,0.97,0,55.84,23.69,26.99,4.88,,,-0.092,82.0,Buy,2026-06-12,,,,4
MEESHO.NS,2026-06-12,3.52,-0.477,3.5,4.43,3.38,3.65,3.7,4,,0.1807,-0.1245,,,59.43,25.07,-0.34,0,37.57,21.75,-53.67,-46.56,,1.43,-0.159,41.3,Avoid,2026-06-12,,,,1
KAYNES.NS,2026-06-12,2.27,-0.8,2.0,3.77,2.12,2.38,2.59,6,-0.2091,-0.1685,-0.0596,-0.4489,-0.875,62.93,47.29,-1.28,1,37.98,28.96,56.48,9.57,,19.17,-0.285,5.3,Avoid,2026-06-12,,,,1
TORNTPHARM.NS,2026-06-12,5.72,0.662,2.5,5.88,6.59,4.38,5.93,7,0.2154,0.0302,0.0396,0.4345,1.969,23.2,13.44,1.83,0,61.99,19.23,71.41,16.99,,85.45,0.948,65.3,Hold,2026-06-12,,,,3
DELHIVERY.NS,2026-06-12,4.38,-0.092,2.0,6.25,4.76,3.66,4.89,8,0.0886,0.0791,-0.0741,0.2019,0.632,29.77,16.65,-0.53,0,44.47,14.7,221.36,1.6,,15.1,0.002,50.0,Caution,2026-06-12,,,,2
JYOTICNC.NS,2026-06-12,4.03,-0.077,3.0,4.32,4.27,3.64,4.14,7,-0.285,-0.1028,-0.0363,-0.4441,-0.929,55.56,37.76,-0.54,0,54.65,28.08,46.03,18.22,,42.61,-0.645,4.7,Avoid,2026-06-12,,,,1
INDUSTOWER.NS,2026-06-12,5.16,0.4,2.5,5.6,5.83,4.1,5.4,9,0.0419,-0.0472,-0.0208,0.0708,0.237,27.78,16.93,-0.06,0,47.35,22.42,15.55,19.81,,53.29,0.154,36.0,Hold,2026-06-12,,,,3
SOLARINDS.NS,2026-06-12,5.66,0.262,5.0,5.56,5.85,5.37,5.67,8,0.3619,0.1802,-0.0099,0.0194,0.057,35.89,20.74,0.67,0,45.2,35.31,92.6,31.33,,23.27,0.855,79.3,Hold,2026-06-12,,,,3
PIDILITIND.NS,2026-06-12,6.48,0.554,5.5,6.03,6.82,6.0,6.44,9,0.0548,0.1067,0.0462,0.0041,0.021,28.75,16.51,1.9,0,68.51,19.57,64.03,23.52,,3.78,-0.303,54.0,Buy,2026-06-12,,,,4
INDHOTEL.NS,2026-06-12,4.93,0.185,2.5,6.02,5.44,4.07,5.29,9,-0.0545,0.0872,0.0354,-0.126,-0.418,33.02,19.66,1.48,0,59.37,11.22,46.47,16.43,,18.99,0.053,38.7,Hold,2026-06-12,,,,3
MMTC.NS,2026-06-15,7.24,0.908,7.5,4.72,7.55,6.97,6.72,7,0.2907,0.3072,0.1259,-0.0434,-0.084,59.45,24.75,1.55,0,60.43,21.51,27.02,20.27,8.66,0.11,-0.301,78.0,Strong Buy,2026-06-15,,,,5
CLSEL.NS,2026-06-15,6.36,0.738,5.5,4.76,6.84,5.76,6.09,8,0.1242,0.1611,0.1123,-0.1922,-0.403,64.08,24.78,1.02,0,55.96,23.08,12.48,14.61,,9.87,0.244,63.3,Buy,2026-06-15,,,,4
AUBANK.NS,2026-06-15,5.44,0.462,6.0,3.09,5.63,5.32,4.94,5,0.0609,0.1673,0.0544,0.3355,1.081,37.11,18.97,1.05,0,61.67,16.15,29.48,0.0,,,0.607,52.0,Hold,2026-06-15,,,,3
GOLDIAM.NS,2026-06-15,8.17,1.0,10.0,4.78,8.17,8.44,7.39,8,0.3041,0.6262,0.303,0.3409,0.528,63.56,26.76,2.01,-1,71.81,35.92,31.91,18.38,23.9,6.93,1.079,85.3,Strong Buy,2026-06-15,,,,5
IDFCFIRSTB.NS,2026-06-15,4.27,0.585,1.5,3.0,5.24,2.91,4.18,3,-0.0292,0.2508,0.1579,0.1012,0.335,33.68,18.06,2.51,-1,77.49,27.43,41.66,0.0,,,-0.276,52.7,Caution,2026-06-15,,,,2
NYKAA.NS,2026-06-15,6.64,0.8,4.5,6.12,7.32,5.66,6.66,8,0.096,0.1484,0.0029,0.374,1.242,26.97,13.62,1.07,0,57.22,14.11,385.35,14.34,,82.41,0.632,53.3,Buy,2026-06-15,,,,4
JBMA.NS,2026-06-15,5.46,0.923,2.5,3.83,6.52,3.97,5.3,4,0.2098,0.3832,0.1043,-0.0542,-0.115,60.4,25.07,1.52,0,58.18,19.23,74.12,15.99,,190.28,-0.536,76.0,Hold,2026-06-15,,,,3
EPACKPEB.NS,2026-06-15,5.75,0.231,5.5,5.57,5.85,5.62,5.73,9,-0.1298,0.5989,0.3255,,,66.07,27.81,2.57,-1,74.59,28.68,25.05,17.02,,15.61,0.722,70.0,Hold,2026-06-15,,,,3
PNB.NS,2026-06-15,4.55,0.154,3.0,4.67,4.97,3.92,4.67,6,-0.0516,-0.0018,0.1207,0.0402,0.138,34.01,20.0,0.94,0,60.7,18.8,6.78,12.98,,,-0.397,26.7,Caution,2026-06-15,,,,2
BOSCHLTD.NS,2026-06-15,6.1,0.708,4.0,5.47,6.78,5.12,6.1,8,0.082,0.2581,0.06,0.2655,0.983,36.92,17.56,1.33,0,65.63,17.06,41.84,19.35,,0.8,0.123,62.7,Buy,2026-06-15,,,,4
ATHERENERG.NS,2026-06-15,6.72,1.0,4.5,5.33,7.54,5.57,6.57,7,0.5818,0.4504,0.1232,2.2785,4.877,46.83,22.75,1.46,-1,60.23,44.51,-114.25,-33.74,,25.82,4.207,92.7,Buy,2026-06-15,,,,4
PGEL.NS,2026-06-15,2.63,-0.508,1.0,4.21,2.85,2.18,3.04,6,-0.1019,-0.0196,0.0736,-0.356,-0.628,49.88,27.04,-0.25,0,52.48,19.03,71.26,6.69,,19.57,0.39,16.0,Avoid,2026-06-15,,,,1
CAPILLARY.NS,2026-06-15,4.74,-0.569,7.0,5.4,4.02,5.79,4.75,9,-0.3018,-0.0177,-0.0245,,,39.08,22.38,-0.67,0,43.51,11.71,73.77,6.58,,5.24,-0.722,4.7,Caution,2026-06-15,,,,2
OIL.NS,2026-06-15,4.1,-0.523,5.0,5.04,3.71,4.62,4.24,7,0.0513,-0.1091,-0.1716,-0.0745,-0.194,39.07,27.54,-2.78,1,27.07,24.38,10.3,12.74,,58.74,-0.222,16.7,Avoid,2026-06-15,,,,1
MOTILALOFS.NS,2026-06-15,5.26,0.492,4.5,3.72,5.71,4.71,5.0,4,0.1249,0.3657,0.1135,0.1007,0.215,47.47,21.25,1.66,-1,64.21,19.5,28.27,15.55,,164.42,0.283,71.3,Hold,2026-06-15,,,,3
HINDWAREAP.NS,2026-06-15,3.91,0.185,1.0,4.38,4.64,2.75,4.17,5,-0.0652,0.2269,0.215,-0.0994,-0.201,76.15,28.08,2.41,-1,65.94,17.41,-54.47,-5.13,,114.72,-0.514,47.3,Avoid,2026-06-15,,,,1
INDIANB.NS,2026-06-15,4.63,0.308,2.5,4.56,5.24,3.72,4.74,6,0.1172,0.0047,0.0795,0.399,1.232,36.17,19.11,0.12,0,57.54,21.15,9.86,15.44,,,0.709,46.7,Caution,2026-06-15,,,,2
TTML.NS,2026-06-15,4.29,0.277,1.5,4.57,5.02,3.16,4.5,6,-0.0944,0.2011,0.1022,-0.3945,-0.8,54.39,27.59,1.23,0,60.64,39.36,-41.75,0.0,,,-0.616,39.3,Caution,2026-06-15,,,,2
SBILIFE.NS,2026-06-15,2.67,-0.938,1.5,6.04,2.49,2.68,3.41,7,-0.1284,-0.0828,-0.0611,-0.0279,-0.126,25.81,16.61,-1.57,0,38.55,25.15,71.07,13.7,,,0.123,8.7,Avoid,2026-06-15,,,,1
ENRIN.NS,2026-06-15,6.52,0.631,5.0,6.2,7.0,5.83,6.55,8,0.246,0.2923,0.1809,,,44.48,21.15,1.21,-1,56.76,31.3,98.2,0.0,,4.48,0.752,76.7,Buy,2026-06-15,,,,4
CARTRADE.NS,2026-06-15,6.47,0.523,8.0,4.0,6.41,6.74,5.88,7,-0.1356,0.4306,0.3176,0.4156,0.77,56.93,24.37,2.84,-1,72.44,36.77,52.72,9.85,,5.36,1.179,62.0,Buy,2026-06-15,,,,4
E2E.NS,2026-06-15,4.82,0.662,2.0,3.74,5.76,3.47,4.76,5,0.8828,0.7216,0.311,0.4847,0.83,59.26,30.03,1.23,-1,55.63,29.2,-514.94,-0.95,,9.44,0.719,98.0,Caution,2026-06-15,,,,2
ATGL.NS,2026-06-15,6.01,0.877,4.0,4.36,6.82,4.91,5.79,8,0.2443,0.2908,0.1973,0.0475,0.102,55.26,25.0,1.22,-1,56.01,39.57,122.39,14.46,,58.65,-0.399,77.3,Buy,2026-06-15,,,,4
HYUNDAI.NS,2026-06-15,5.33,0.015,5.5,5.44,5.27,5.42,5.34,8,-0.1309,0.0088,0.1424,0.0611,0.206,30.53,17.06,2.62,-1,70.13,25.33,30.47,29.92,,5.48,0.044,18.0,Hold,2026-06-15,,,,3
ICICIAMC.NS,2026-06-15,5.29,0.0,5.0,5.84,5.29,5.25,5.42,8,,0.141,0.0486,,,38.67,22.23,0.44,0,51.43,17.15,49.13,85.8,,4.07,1.68,43.3,Hold,2026-06-15,,,,3
UNIONBANK.NS,2026-06-15,5.13,0.323,4.5,4.19,5.45,4.73,4.98,4,0.1444,-0.0093,0.0841,0.1654,0.489,41.22,24.88,0.09,0,57.19,11.74,6.77,15.71,,,0.154,50.0,Hold,2026-06-15,,,,3
SAMMAANCAP.NS,2026-06-15,3.92,0.631,1.0,2.2,5.0,2.43,3.75,1,0.2463,0.2847,0.2891,0.3832,0.865,44.08,20.84,1.78,-1,62.13,34.55,-2.05,-35.01,,273.03,-0.098,79.3,Avoid,2026-06-15,,,,1
MOTISONS.NS,2026-06-15,5.66,0.615,5.5,3.38,6.05,5.25,5.21,7,-0.0434,0.1568,0.3092,-0.2891,-0.548,57.12,27.61,2.37,-1,76.72,27.6,23.35,13.96,,7.79,-0.302,50.7,Hold,2026-06-15,,,,3
GRSE.NS,2026-06-15,5.41,0.123,7.0,3.83,5.2,5.84,5.0,7,0.1179,0.1559,0.0339,-0.1325,-0.231,62.47,29.16,0.17,0,50.36,10.43,44.42,31.79,,1.42,0.261,57.3,Hold,2026-06-15,,,,3
VINCOFE.NS,2026-06-15,5.06,0.431,3.5,4.31,5.61,4.29,5.0,8,-0.0167,0.2769,0.2449,0.3304,0.776,41.28,19.61,2.09,-1,64.42,21.83,31.65,16.56,,21.72,0.016,60.7,Hold,2026-06-15,,,,3
DRREDDY.NS,2026-06-15,6.07,0.615,4.5,5.4,6.61,5.31,6.03,7,0.0115,-0.0032,-0.0323,-0.0405,-0.185,30.0,13.47,0.21,0,49.99,15.92,25.06,11.83,,20.33,-0.096,27.3,Buy,2026-06-15,,,,4
PNBHOUSING.NS,2026-06-15,5.36,0.431,5.5,3.46,5.61,5.14,4.97,5,0.1249,0.3256,-0.0312,-0.0927,-0.243,40.37,19.82,0.44,0,50.94,27.19,11.55,12.7,,277.42,0.056,68.0,Hold,2026-06-15,,,,3
IXIGO.NS,2026-06-15,4.71,-0.015,4.0,5.09,4.84,4.47,4.82,9,-0.2932,0.1259,0.1299,-0.0301,-0.057,52.8,25.68,1.83,0,64.97,15.57,105.38,5.33,,2.15,-0.029,10.7,Caution,2026-06-15,,,,2
DELHIVERY.NS,2026-06-15,4.46,-0.031,2.0,6.17,4.88,3.68,4.94,8,0.0965,0.1168,-0.0118,0.2325,0.728,30.07,16.65,-0.06,0,51.54,14.08,227.55,1.6,,15.1,-0.003,48.7,Caution,2026-06-15,,,,2
JYOTICNC.NS,2026-06-15,4.08,-0.123,3.5,4.27,4.21,3.86,4.15,7,-0.2675,-0.0174,0.0321,-0.4011,-0.839,54.53,37.76,-0.17,0,58.86,27.77,47.68,18.22,,42.61,-0.654,7.3,Avoid,2026-06-15,,,,1
SOLARINDS.NS,2026-06-15,5.76,0.308,5.0,5.62,5.99,5.42,5.77,8,0.4049,0.228,-0.0288,0.0357,0.104,36.03,20.78,0.82,0,50.44,34.24,94.52,31.33,,23.27,0.768,78.7,Hold,2026-06-15,,,,3
INDHOTEL.NS,2026-06-15,5.81,0.462,4.0,5.86,6.31,5.06,5.92,9,-0.0448,0.1418,0.0737,-0.088,-0.293,33.26,19.66,2.03,-1,64.45,12.04,47.7,16.43,,18.99,-0.013,40.0,Hold,2026-06-15,,,,3
MTARTECH.NS,2026-06-15,6.96,0.415,6.0,6.67,7.27,6.51,6.96,9,2.1711,1.1677,0.0328,3.2651,6.568,83.19,38.92,0.94,-1,53.53,28.64,238.52,12.12,15.1,45.78,1.849,100.0,Buy,2026-06-15,,,,4
HDFCBANK.NS,2026-06-15,3.32,-0.246,2.0,4.01,3.59,2.87,3.54,4,-0.2229,-0.0485,0.0113,-0.1921,-0.98,31.52,19.1,0.2,0,57.18,18.29,17.35,13.82,7.04,,-0.384,6.7,Avoid,2026-06-15,,,,1
IFCI.NS,2026-06-15,4.89,1.0,1.5,2.69,6.16,3.13,4.64,4,0.8609,0.5662,0.4407,0.3872,0.684,70.84,29.08,3.11,-1,70.89,40.2,129.86,5.03,5.03,,0.204,96.7,Caution,2026-06-15,,,,2
RELIANCE.NS,2026-06-15,3.36,-0.785,3.5,5.51,2.99,3.74,3.78,7,-0.1501,-0.049,-0.0171,-0.0901,-0.43,25.5,15.89,-0.91,0,46.53,24.3,21.88,9.14,10.3,36.65,-0.577,8.0,Avoid,2026-06-15,,,,1
ICICIBANK.NS,2026-06-15,5.16,0.154,3.0,5.4,5.73,4.29,5.33,6,-0.0238,0.058,0.0611,-0.0651,-0.348,24.65,12.39,1.19,0,62.79,17.35,17.74,16.36,7.2,,0.177,36.0,Caution,2026-06-15,,,,2
BSE.NS,2026-06-15,8.05,0.662,10.0,6.11,7.79,8.58,7.55,8,0.5288,0.4752,0.0013,0.4314,0.817,40.05,19.38,1.02,0,58.01,29.85,68.53,36.0,58.0,0.0,2.072,84.0,Strong Buy,2026-06-15,,,,5
LT.NS,2026-06-15,6.87,0.738,5.0,5.64,7.57,5.89,6.73,7,0.0516,0.2243,0.0747,0.1427,0.566,33.15,15.19,1.46,0,65.14,11.95,35.63,16.95,14.6,97.64,0.055,55.3,Buy,2026-06-15,,,,4
GROWW.NS,2026-06-15,7.78,0.385,10.0,5.73,7.47,8.41,7.24,7,0.4255,0.3306,0.128,,,49.71,25.52,0.89,0,63.95,14.73,60.98,28.72,37.3,3.03,2.007,82.0,Strong Buy,2026-06-15,,,,5
M&M.NS,2026-06-15,5.09,-0.323,7.0,5.16,4.55,5.91,4.99,7,-0.1448,0.0693,0.0164,0.0256,0.088,34.13,19.03,0.25,0,55.51,18.21,20.6,18.75,15.4,125.07,-0.096,14.7,Caution,2026-06-15,,,,2
KALYANKJIL.NS,2026-06-15,5.89,-0.231,8.5,4.7,5.34,6.81,5.5,8,-0.1852,0.0106,0.1066,-0.2823,-0.624,51.77,29.5,-0.09,0,57.73,22.36,29.3,24.31,20.5,96.97,-0.25,12.0,Hold,2026-06-15,,,,3
APOLLO.NS,2026-06-15,7.13,0.938,7.0,4.38,7.58,6.66,6.59,7,0.8757,1.1012,0.3558,1.1964,2.05,74.97,29.11,1.46,-1,62.61,43.0,133.86,11.21,14.5,41.53,1.591,98.0,Strong Buy,2026-06-15,,,,5
SHRIRAMFIN.NS,2026-06-15,6.11,0.738,6.5,3.18,6.44,5.83,5.5,5,0.1812,-0.0029,0.0717,0.474,1.306,48.79,27.07,0.96,0,61.95,19.21,18.78,16.38,11.5,274.99,0.8,54.7,Hold,2026-06-15,,,,3
INDIGO.NS,2026-06-15,4.11,0.185,1.5,4.52,4.77,3.07,4.34,5,0.0156,0.1479,0.1414,-0.1269,-0.414,45.0,23.16,2.51,-1,67.98,11.43,-79.1,7.12,7.12,866.46,0.008,50.0,Avoid,2026-06-15,,,,1
SBIN.NS,2026-06-15,6.18,0.692,4.5,4.34,6.93,5.2,5.91,5,0.0789,-0.0074,0.0867,0.2751,1.223,29.65,20.75,0.19,0,62.65,18.21,11.2,15.48,6.13,,0.256,44.7,Buy,2026-06-15,,,,4
TMCV.NS,2026-06-15,5.76,0.308,5.5,5.2,5.91,5.56,5.66,6,0.103,-0.034,0.0826,,,50.38,28.5,0.28,0,62.68,25.56,49.34,26.05,35.9,44.09,0.946,46.7,Hold,2026-06-15,,,,3
MCX.NS,2026-06-15,6.97,-0.215,10.0,6.43,6.21,8.17,6.69,9,0.4568,0.1588,-0.1352,0.8933,2.304,38.57,23.41,0.07,0,45.95,31.08,55.46,37.88,71.4,0.11,2.286,74.0,Buy,2026-06-15,,,,4
BAJFINANCE.NS,2026-06-15,5.04,0.2,5.0,3.12,5.34,4.74,4.66,5,-0.0637,0.102,0.023,-0.0002,-0.001,36.64,20.57,1.01,0,59.44,13.64,30.91,17.91,10.8,313.41,0.282,32.0,Caution,2026-06-15,,,,2
AXISBANK.NS,2026-06-15,5.17,0.8,1.5,3.49,6.45,3.37,5.05,4,0.0751,0.1428,0.1053,0.1121,0.48,29.28,15.29,1.59,0,69.87,17.05,16.19,13.15,6.24,,0.037,52.7,Hold,2026-06-15,,,,3
ETERNAL.NS,2026-06-15,5.14,0.092,4.0,5.79,5.36,4.76,5.33,9,-0.1339,0.1684,0.0439,-0.0197,-0.051,37.34,19.95,0.7,0,53.67,10.94,646.15,1.19,2.97,14.83,0.241,25.3,Caution,2026-06-15,,,,2
BHARTIARTL.NS,2026-06-15,3.93,-0.6,4.0,5.81,3.63,4.24,4.3,7,-0.1033,0.021,-0.05,-0.0019,-0.009,24.02,14.5,0.12,0,52.38,20.67,41.57,19.36,18.5,99.72,0.386,12.7,Avoid,2026-06-15,,,,1
AARTIIND.NS,2026-06-15,6.93,1.0,5.5,5.1,7.61,6.05,6.65,8,0.3954,0.184,0.0801,0.0445,0.117,47.41,25.14,1.28,0,61.27,25.88,43.17,7.25,6.85,83.39,-0.567,76.0,Buy,2026-06-15,,,,4
INFY.NS,2026-06-15,3.68,-0.677,4.5,4.05,3.4,4.08,3.71,8,-0.2744,-0.0712,0.0148,-0.2783,-1.066,34.01,20.98,-0.85,0,45.17,16.24,14.84,31.44,40.0,9.83,-0.647,4.7,Avoid,2026-06-15,,,,1
HSCL.NS,2026-06-15,7.81,0.969,8.0,5.45,8.11,7.54,7.33,8,0.4585,0.5263,0.2145,0.3748,0.972,40.71,21.4,1.38,-1,63.22,31.2,44.47,17.7,22.1,16.14,0.778,88.7,Strong Buy,2026-06-15,,,,5
ASHOKLEY.NS,2026-06-15,5.33,0.0,6.0,4.09,5.33,5.43,5.04,6,0.0004,-0.0601,0.0612,0.3456,1.045,51.88,26.44,-0.07,0,56.07,22.8,26.64,21.64,13.8,344.74,0.351,26.7,Hold,2026-06-15,,,,3
VEDL.NS,2026-06-15,4.51,-0.908,8.5,5.15,3.31,6.29,4.41,8,-0.4187,-0.554,-0.0749,-0.3098,-0.542,140.31,132.74,-0.96,1,30.95,34.87,16.87,20.4,16.5,48.04,-0.332,0.7,Caution,2026-06-15,,,,2
HINDALCO.NS,2026-06-15,4.78,-0.323,4.5,5.41,4.76,4.76,4.92,7,0.2299,0.1141,-0.0372,0.5588,1.941,31.45,18.03,-0.16,0,36.97,25.28,16.85,10.29,13.7,72.6,0.59,62.7,Caution,2026-06-15,,,,2
IDEA.NS,2026-06-15,6.12,0.985,3.5,4.49,7.1,4.77,5.95,5,0.3289,0.6127,0.1625,1.1542,2.161,44.33,21.37,1.55,-1,70.67,48.28,4.66,-1.6,-1.6,,-0.232,82.7,Hold,2026-06-15,,,,3
DIXON.NS,2026-06-15,5.09,0.185,4.0,5.19,5.38,4.65,5.17,7,-0.0794,0.1566,0.1092,-0.1912,-0.472,44.65,22.62,1.69,0,61.05,11.56,44.45,37.13,42.0,18.46,-0.115,40.0,Caution,2026-06-15,,,,2
AEGISLOG.NS,2026-06-15,6.82,0.754,6.5,5.14,7.16,6.43,6.5,9,0.3347,0.6353,0.4349,0.2419,0.513,50.82,17.98,3.44,-1,84.48,41.35,38.46,15.26,13.6,47.24,0.066,90.0,Buy,2026-06-15,,,,4
OLAELEC.NS,2026-06-15,4.47,0.754,1.0,3.14,5.63,2.81,4.4,2,0.2035,0.9124,0.2631,-0.0888,-0.134,80.28,31.8,1.28,-1,60.12,42.11,-10.61,-43.16,-19.6,82.45,-0.597,87.3,Caution,2026-06-15,,,,2
MARUTI.NS,2026-06-15,5.49,-0.015,5.0,5.48,5.63,5.28,5.52,7,-0.1504,0.0964,0.0606,0.1207,0.531,26.71,15.38,1.88,0,66.45,15.64,29.59,14.43,19.2,0.1,-0.022,18.0,Hold,2026-06-15,,,,3
ASIANPAINT.NS,2026-06-15,7.04,0.569,7.0,6.27,7.17,6.91,6.89,9,-0.0144,0.247,0.0479,0.2421,1.077,28.88,13.91,1.39,0,66.19,34.99,60.79,20.89,,17.85,-0.403,48.7,Strong Buy,2026-06-15,,,,5
PARAS.NS,2026-06-15,7.1,1.0,6.5,4.72,7.63,6.49,6.66,8,0.661,0.7343,0.4904,0.3809,0.613,59.72,27.5,2.65,-1,75.7,31.9,101.02,13.14,16.9,3.73,-0.278,95.3,Strong Buy,2026-06-15,,,,5
AEQUS.NS,2026-06-15,5.28,0.292,3.0,5.05,5.95,4.29,5.36,6,0.3434,0.7417,0.0414,,,75.59,31.32,0.95,-1,59.39,19.41,-109.37,-10.29,,47.18,1.196,83.3,Hold,2026-06-15,,,,3
DATAPATTNS.NS,2026-06-15,6.38,0.831,4.0,4.79,7.28,5.14,6.19,7,0.6998,0.3765,0.1794,0.466,0.907,54.9,24.28,1.44,-1,58.36,18.41,90.98,16.73,,0.3,0.271,93.3,Buy,2026-06-15,,,,4
NETWEB.NS,2026-06-15,6.92,0.815,5.0,5.48,7.67,5.89,6.74,8,0.4623,0.4522,0.2118,1.4541,2.584,60.17,28.8,1.47,-1,58.43,24.6,127.27,32.83,,39.02,0.52,84.7,Buy,2026-06-15,,,,4
TCS.NS,2026-06-15,3.75,-0.8,4.0,6.3,3.3,4.24,4.25,9,-0.301,-0.0909,-0.0402,-0.3528,-1.521,33.25,23.47,-1.64,0,38.52,16.83,15.9,48.4,,10.39,-1.245,3.3,Avoid,2026-06-15,,,,1
CHOLAFIN.NS,2026-06-15,5.79,0.492,6.0,2.94,6.16,5.45,5.21,5,-0.0375,0.0922,0.0823,0.0295,0.088,45.27,21.75,1.56,0,62.83,12.82,26.77,19.33,9.7,693.26,0.012,38.7,Hold,2026-06-15,,,,3
FIVESTAR.NS,2026-06-15,4.49,-0.062,4.5,3.27,4.67,4.31,4.24,4,-0.175,0.2656,0.034,-0.4152,-1.014,48.48,21.87,0.64,0,60.35,21.98,12.53,16.06,14.8,111.11,-0.747,29.3,Caution,2026-06-15,,,,2
TVSMOTOR.NS,2026-06-15,5.04,-0.246,5.0,5.33,5.0,5.07,5.1,6,-0.0456,0.0442,0.0512,0.2528,0.93,32.42,18.07,-0.25,0,54.18,15.32,54.39,31.62,,306.09,0.465,30.7,Caution,2026-06-15,,,,2
ONGC.NS,2026-06-15,4.65,-0.708,6.0,6.69,3.97,5.53,4.98,8,0.046,-0.0774,-0.1802,0.0385,0.143,27.55,16.43,-2.57,1,21.52,33.99,7.4,12.7,14.2,42.55,-0.278,17.3,Caution,2026-06-15,,,,2
TRENT.NS,2026-06-15,5.83,-0.138,6.5,5.78,5.65,6.11,5.78,9,-0.2822,0.2495,0.0808,-0.4967,-1.128,39.25,19.75,1.1,0,60.94,11.26,89.98,27.13,,36.03,-0.755,14.0,Hold,2026-06-15,,,,3
NTPC.NS,2026-06-15,4.43,-0.462,4.0,5.55,4.39,4.42,4.68,6,0.0872,-0.0946,-0.1035,0.0567,0.253,20.42,12.84,-2.22,1,24.26,32.6,11.44,13.69,8.33,118.13,-0.317,27.3,Caution,2026-06-15,,,,2
ADANIPOWER.NS,2026-06-15,6.86,0.431,7.5,5.01,6.96,6.85,6.45,7,0.5686,0.5045,0.0056,0.8782,2.003,39.53,18.79,0.5,0,47.18,21.08,33.26,20.91,,82.33,0.35,89.3,Buy,2026-06-15,,,,4
SWIGGY.NS,2026-06-15,3.65,-0.446,3.5,4.66,3.54,3.74,3.86,5,-0.3589,-0.0884,0.0122,-0.2776,-0.611,41.05,24.24,-0.71,0,50.65,22.05,-15.25,-29.12,-24.1,13.93,-0.82,1.3,Avoid,2026-06-15,,,,1
EICHERMOT.NS,2026-06-15,6.13,0.738,4.0,5.38,6.83,5.12,6.1,8,0.0508,0.1311,0.1029,0.4431,1.705,35.38,17.98,2.4,-1,67.44,16.32,37.92,23.77,,2.05,0.762,50.7,Hold,2026-06-15,,,,3
KOTAKBANK.NS,2026-06-15,4.95,0.462,1.5,4.56,5.97,3.44,5.07,5,-0.0695,0.106,0.0356,-0.0532,-0.242,24.12,14.09,2.69,-1,68.99,17.2,20.91,11.39,6.93,,0.11,32.7,Caution,2026-06-15,,,,2
DLF.NS,2026-06-15,4.3,0.185,2.0,3.66,5.04,3.24,4.31,6,-0.1142,0.1321,0.0721,-0.2874,-0.921,35.78,19.48,1.42,0,61.76,13.59,34.42,10.03,,0.67,-0.724,28.0,Avoid,2026-06-15,,,,1
TATASTEEL.NS,2026-06-15,5.84,-0.123,7.0,6.3,5.45,6.4,5.86,8,0.2102,0.0972,-0.0399,0.2873,1.033,25.49,16.08,-0.69,0,40.27,17.26,22.81,11.16,12.5,89.02,0.049,60.7,Hold,2026-06-15,,,,3
SCI.NS,2026-06-15,5.48,0.446,6.0,3.29,5.67,5.37,5.02,4,0.4134,0.3008,-0.0985,0.5594,1.131,53.55,24.32,0.62,0,54.72,16.49,10.7,0.0,,29.45,0.024,76.7,Hold,2026-06-15,,,,3
HDFCAMC.NS,2026-06-15,5.53,0.092,4.5,5.48,5.82,5.09,5.58,7,0.0058,0.1257,0.021,0.0462,0.153,43.2,21.94,0.44,0,55.04,22.6,39.41,32.93,,2.36,0.373,42.0,Hold,2026-06-15,,,,3
ASHOKA.NS,2026-06-15,4.63,0.108,4.5,3.84,4.79,4.46,4.48,6,-0.2148,0.1429,0.0592,-0.3912,-0.899,54.3,26.38,0.78,0,60.22,28.48,5.22,47.99,,24.46,-0.705,13.3,Caution,2026-06-15,,,,2
ANGELONE.NS,2026-06-15,6.84,0.877,6.5,3.98,7.37,6.27,6.29,5,0.389,0.6461,0.1591,0.1494,0.312,52.6,19.36,1.29,-1,62.8,20.31,35.77,15.53,,129.31,0.234,86.0,Buy,2026-06-15,,,,4
SILVERBEES.NS,2026-06-15,4.78,-0.123,5.0,5.0,4.69,4.91,4.82,0,,,,,,,,0.0,0,48.91,17.32,,,,,1.356,64.7,Caution,2026-06-15,,,,2
EXICOM.NS,2026-06-15,5.43,0.969,2.0,3.79,6.63,3.74,5.3,4,0.4975,0.8857,0.4643,-0.2311,-0.405,89.99,37.3,1.8,-1,61.73,34.42,-7.94,-43.34,,109.47,-0.648,94.7,Hold,2026-06-15,,,,3
GVT&D.NS,2026-06-15,7.64,0.662,8.5,6.23,7.61,7.79,7.31,9,0.6026,0.3333,0.0855,1.0273,2.35,48.54,26.74,0.9,0,51.57,23.24,100.24,55.26,,0.89,1.626,85.3,Strong Buy,2026-06-15,,,,5
AIIL.NS,2026-06-15,5.18,0.492,5.5,2.62,5.47,4.93,4.65,5,0.0644,0.1767,0.123,0.1014,0.194,60.66,32.92,2.8,-1,69.6,21.66,9.07,13.1,,24.59,1.085,56.0,Hold,2026-06-15,,,,3
BEL.NS,2026-06-15,5.26,-0.369,5.5,6.15,5.05,5.49,5.42,8,0.0614,-0.0679,-0.04,0.0492,0.169,24.3,15.64,-1.08,0,43.42,33.87,49.4,27.56,,0.27,0.276,31.3,Hold,2026-06-15,,,,3
BPCL.NS,2026-06-15,5.65,0.0,6.5,5.57,5.42,6.0,5.58,8,-0.0909,-0.0272,0.1061,-0.0088,-0.03,39.62,20.58,1.23,0,59.85,16.65,5.13,28.47,,54.33,-0.046,18.7,Hold,2026-06-15,,,,3
ULTRACEMCO.NS,2026-06-15,3.62,-0.277,1.0,5.86,4.01,2.85,4.22,7,-0.0005,0.0801,-0.0082,0.0065,0.028,30.33,16.9,0.07,0,54.38,23.49,41.25,10.59,,29.43,-0.184,36.7,Avoid,2026-06-15,,,,1
ZEEL.NS,2026-06-15,5.43,0.554,3.0,4.18,6.3,4.22,5.32,6,0.1577,0.3898,0.2828,-0.1643,-0.376,62.22,27.34,1.88,-1,62.28,35.44,38.47,2.33,,2.26,-0.537,74.7,Hold,2026-06-15,,,,3
PINELABS.NS,2026-06-15,2.74,-0.6,1.5,4.53,2.81,2.48,3.17,7,-0.3624,-0.0364,0.0003,,,55.89,34.27,-0.68,0,48.96,20.37,150.58,2.39,,7.47,-1.363,2.7,Avoid,2026-06-15,,,,1
TITAN.NS,2026-06-15,6.35,0.431,5.0,5.69,6.82,5.68,6.29,8,0.1141,0.0516,0.0273,0.2131,0.913,34.98,20.9,0.31,0,56.88,10.58,74.73,37.13,,195.0,0.14,49.3,Buy,2026-06-15,,,,4
MEESHO.NS,2026-06-15,3.89,-0.462,3.5,4.43,3.92,3.81,4.02,4,0.0075,0.2255,-0.1149,,,57.24,25.07,-0.28,0,39.82,20.85,-54.36,-46.56,,1.43,-0.13,43.3,Avoid,2026-06-15,,,,1
AUROPHARMA.NS,2026-06-15,4.87,-0.123,2.5,6.38,5.3,4.1,5.3,9,0.201,0.0862,-0.0614,0.2073,0.754,25.35,15.48,-0.03,0,40.42,16.36,23.32,9.93,,21.31,0.011,58.7,Caution,2026-06-15,,,,2
HAL.NS,2026-06-15,4.45,-0.492,3.5,6.19,4.46,4.31,4.85,9,-0.0001,0.0946,-0.0097,-0.1399,-0.436,31.37,18.58,0.18,0,48.6,21.5,31.45,23.98,,0.03,-0.553,39.3,Caution,2026-06-15,,,,2
TMPV.NS,2026-06-15,4.24,0.185,1.0,5.33,4.98,3.04,4.64,6,0.1435,0.262,0.1225,-0.4617,-1.099,38.23,18.88,1.49,0,61.35,25.12,-89.08,-1.12,,65.31,-1.031,67.3,Avoid,2026-06-15,,,,1
COALINDIA.NS,2026-06-15,6.28,-0.046,7.5,6.73,5.87,6.86,6.3,9,0.1717,-0.0491,-0.0391,0.182,0.769,24.95,16.03,-1.07,0,37.98,13.91,8.8,28.12,,11.63,-0.205,47.3,Buy,2026-06-15,,,,4
MSTCLTD.NS,2026-06-15,6.2,0.677,5.5,4.62,6.64,5.67,5.93,7,0.3719,0.5241,0.5095,0.1483,0.334,63.89,23.43,3.82,-1,81.11,37.98,20.29,26.6,,16.04,-0.439,90.7,Buy,2026-06-15,,,,4
JIOFIN.NS,2026-06-15,2.99,-0.446,3.5,2.79,2.89,3.18,2.92,5,-0.1975,0.0182,0.0296,-0.2074,-0.688,35.76,20.93,0.07,0,52.82,21.61,99.39,1.21,,16.29,-0.848,9.3,Avoid,2026-06-15,,,,1
SPAL.NS,2026-06-15,6.02,0.738,3.5,5.5,6.8,4.88,6.06,7,0.2367,0.2381,0.1129,0.0405,0.077,39.89,17.71,2.23,-1,65.08,18.02,21.63,11.28,,44.6,0.251,70.7,Hold,2026-06-15,,,,3
FORCEMOT.NS,2026-06-15,5.27,-0.123,5.0,5.39,5.33,5.17,5.31,8,0.092,-0.0842,-0.0514,0.5349,1.023,55.12,29.86,-1.12,0,47.48,18.51,17.87,33.51,,,0.72,33.3,Hold,2026-06-15,,,,3
VBL.NS,2026-06-15,6.35,0.708,3.5,5.61,7.26,5.04,6.37,6,0.1331,0.3511,0.0577,0.1423,0.43,33.79,14.95,1.13,0,63.22,19.41,57.55,0.0,,12.71,-0.458,68.0,Buy,2026-06-15,,,,4
LTF.NS,2026-06-15,6.14,0.738,5.5,3.15,6.77,5.42,5.58,5,-0.018,0.1483,0.0628,0.5528,1.646,44.23,23.29,1.35,0,62.22,12.59,24.66,11.12,,393.44,0.701,42.7,Buy,2026-06-15,,,,4
BAJAJ-AUTO.NS,2026-06-15,6.12,-0.092,7.5,5.53,5.83,6.61,5.92,8,0.1137,0.1361,-0.0113,0.1857,0.722,26.66,13.6,0.26,0,40.94,18.5,25.87,28.05,,56.29,-0.17,52.0,Hold,2026-06-15,,,,3
SUNPHARMA.NS,2026-06-15,6.95,0.4,6.5,6.29,7.18,6.66,6.84,9,0.0058,0.0024,-0.0524,0.0787,0.393,25.37,14.02,0.39,0,50.15,15.7,37.85,14.72,,5.52,0.184,26.0,Buy,2026-06-15,,,,4
HDBFS.NS,2026-06-15,4.81,-0.015,5.5,3.11,4.88,4.85,4.43,5,-0.0931,0.0818,0.0296,,,39.23,18.18,1.35,0,64.47,17.85,22.5,13.94,,480.24,-0.954,21.3,Caution,2026-06-15,,,,2
NHPC.NS,2026-06-15,4.44,-0.538,6.5,3.81,3.96,5.21,4.19,5,-0.0085,-0.0039,-0.0389,-0.1527,-0.54,29.83,18.65,-1.1,0,44.51,24.1,26.96,9.02,,113.11,-0.67,23.3,Caution,2026-06-15,,,,2
YESBANK.NS,2026-06-15,5.02,0.431,2.5,4.03,5.86,3.81,4.96,6,0.0839,0.2649,0.0903,0.1482,0.47,35.34,18.08,1.58,-1,63.78,24.82,21.23,7.09,,,-0.207,62.0,Caution,2026-06-15,,,,2
HINDPETRO.NS,2026-06-15,6.06,0.092,6.5,5.27,6.05,6.13,5.88,8,-0.1036,0.0892,0.1191,0.0039,0.011,47.4,22.68,1.39,0,58.17,12.9,4.74,30.93,,85.37,0.109,28.7,Hold,2026-06-15,,,,3
POWERINDIA.NS,2026-06-15,6.78,0.292,6.5,6.34,6.92,6.6,6.71,9,0.8042,0.4358,0.0578,0.9793,1.96,41.21,22.08,0.76,0,51.48,23.73,155.51,21.04,,1.66,1.404,94.0,Buy,2026-06-15,,,,4
APARINDS.NS,2026-06-15,6.42,1.0,3.0,5.77,7.47,4.88,6.48,8,0.7788,0.7784,0.3153,0.9776,2.056,43.48,21.91,2.68,-1,76.91,32.87,66.06,19.74,,17.72,0.68,96.0,Buy,2026-06-15,,,,4
TEJASNET.NS,2026-06-15,4.45,0.754,1.0,2.09,5.76,2.64,4.17,2,0.2498,0.372,0.3335,-0.1821,-0.337,64.5,31.86,2.06,-1,64.08,40.9,-11.35,-26.82,,142.52,-0.773,77.3,Caution,2026-06-15,,,,2
SUZLON.NS,2026-06-15,7.12,0.615,7.0,5.26,7.43,6.79,6.76,7,0.0678,0.3419,0.0436,-0.1778,-0.448,41.14,19.72,0.79,0,55.71,13.84,24.06,40.64,,5.87,-0.024,64.0,Strong Buy,2026-06-15,,,,5
CDSL.NS,2026-06-15,4.74,-0.354,4.5,5.46,4.7,4.75,4.9,7,-0.1688,0.0758,0.0688,-0.2664,-0.655,36.82,19.95,0.39,0,58.6,14.81,57.9,23.91,,0.11,0.127,15.3,Caution,2026-06-15,,,,2
TATAPOWER.NS,2026-06-15,3.93,0.031,1.5,4.78,4.47,3.03,4.23,5,0.063,0.0232,-0.0006,-0.0135,-0.053,24.34,13.9,-0.49,0,44.68,19.14,34.45,11.34,,168.05,-0.447,40.7,Avoid,2026-06-15,,,,1
TBOTEK.NS,2026-06-15,5.28,0.492,2.5,4.48,6.17,3.99,5.28,6,-0.1176,0.2491,0.2838,0.0837,0.2,43.46,22.04,3.19,-1,78.02,22.94,63.88,17.79,,48.76,-0.276,48.0,Hold,2026-06-15,,,,3
APLAPOLLO.NS,2026-06-15,5.52,0.0,5.5,6.05,5.44,5.59,5.63,9,0.0643,-0.0514,-0.0225,-0.0249,-0.088,35.18,19.85,-0.95,0,47.46,21.04,42.39,25.31,,9.4,0.064,34.0,Hold,2026-06-15,,,,3
BAJAJFINSV.NS,2026-06-15,2.86,-0.6,1.5,3.88,3.08,2.44,3.14,5,-0.1528,0.007,-0.0017,-0.1301,-0.538,28.36,15.6,-0.06,0,52.07,28.87,28.7,14.6,,256.36,-0.07,11.3,Avoid,2026-06-15,,,,1
NATIONALUM.NS,2026-06-15,5.92,-0.108,6.5,5.88,5.76,6.16,5.88,7,0.4721,-0.008,-0.0452,1.1031,2.738,39.47,26.48,-0.99,0,41.04,21.61,11.44,29.42,,0.28,1.09,72.0,Hold,2026-06-15,,,,3
PVTBANIETF.NS,2026-06-15,5.83,0.477,5.0,5.0,6.19,5.36,5.72,0,,,,,,,,0.0,0,70.09,11.27,,,,,-0.025,34.7,Hold,2026-06-15,,,,3
ADANIENT.NS,2026-06-15,5.56,0.938,2.0,4.17,6.76,3.85,5.49,5,0.2925,0.5011,0.0944,0.141,0.374,41.4,17.67,1.24,-1,62.84,48.71,39.97,13.66,,119.56,-0.325,80.0,Hold,2026-06-15,,,,3
NIFTYBEES.NS,2026-06-15,4.95,-0.231,5.0,5.0,4.92,4.98,4.95,0,,,,,,,,0.0,0,57.32,19.13,,,,,-0.38,19.3,Caution,2026-06-15,,,,2
ADANIGREEN.NS,2026-06-15,6.62,0.938,5.5,4.21,7.3,5.79,6.2,6,0.4552,0.7213,0.083,0.4163,0.859,48.1,21.15,1.1,-1,59.23,41.64,153.48,7.58,,346.55,-0.335,92.0,Buy,2026-06-15,,,,4
IOC.NS,2026-06-15,5.7,0.0,5.5,5.56,5.77,5.59,5.68,8,-0.0677,-0.077,0.0962,0.0614,0.23,33.42,17.35,0.84,0,56.93,11.92,4.73,20.97,,58.45,-0.347,16.7,Hold,2026-06-15,,,,3
BHARATFORG.NS,2026-06-15,6.13,1.0,2.0,5.79,7.33,4.34,6.3,7,0.4618,0.2062,0.0685,0.518,1.681,33.53,17.59,1.65,0,65.6,9.61,89.56,11.6,,76.47,0.113,78.7,Buy,2026-06-15,,,,4
GRASIM.NS,2026-06-15,6.15,0.708,5.5,4.31,6.6,5.6,5.82,5,0.1311,0.232,0.075,0.1667,0.733,26.54,13.78,1.46,0,66.81,16.86,43.36,6.29,,134.14,0.337,65.3,Buy,2026-06-15,,,,4
LENSKART.NS,2026-06-15,4.69,-0.231,2.5,6.41,5.04,4.02,5.16,8,0.2301,-0.0009,0.0485,,,32.2,16.8,-0.54,0,45.86,14.57,171.01,6.65,,34.98,0.945,59.3,Caution,2026-06-15,,,,2
MOTHERSON.NS,2026-06-15,7.27,0.785,6.0,5.71,7.86,6.5,7.03,8,0.2402,0.3054,0.1504,0.4,1.118,44.24,21.34,1.74,-1,64.64,43.38,40.47,10.11,,43.91,0.153,73.3,Strong Buy,2026-06-15,,,,5
GAIL.NS,2026-06-15,6.0,0.492,5.0,4.38,6.51,5.33,5.73,6,0.0706,0.187,0.0948,-0.0908,-0.318,29.65,16.39,1.64,0,67.63,14.77,15.21,8.69,,27.81,-0.506,56.7,Hold,2026-06-15,,,,3
ITC.NS,2026-06-15,4.4,-0.6,5.5,5.86,3.88,5.08,4.63,6,-0.2506,-0.0189,-0.0465,-0.2915,-1.549,19.94,12.8,-0.6,0,48.97,23.74,17.44,29.34,,3.29,-1.049,6.0,Avoid,2026-06-15,,,,1
HINDUNILVR.NS,2026-06-15,4.07,-0.692,4.5,6.24,3.63,4.58,4.48,9,-0.0648,-0.0018,-0.0435,-0.076,-0.384,25.08,13.62,-0.38,0,47.32,18.58,47.56,21.6,,3.02,-0.61,16.0,Avoid,2026-06-15,,,,1
COFORGE.NS,2026-06-15,5.18,-0.231,6.5,5.39,4.79,5.77,5.15,9,-0.2365,0.2871,0.0404,-0.2226,-0.599,48.21,24.16,1.03,0,53.41,20.71,31.95,18.6,,7.52,0.273,20.7,Hold,2026-06-15,,,,3
APOLLOHOSP.NS,2026-06-15,7.02,0.723,5.0,6.15,7.71,6.04,6.96,8,0.2098,0.1217,0.0559,0.2256,1.084,21.23,10.55,1.57,0,64.95,16.47,62.67,21.5,,85.15,0.513,66.7,Strong Buy,2026-06-15,,,,5
RBLBANK.NS,2026-06-15,6.42,0.8,6.0,4.21,6.87,5.91,6.0,4,0.1975,0.2643,0.1445,0.6976,1.902,35.41,16.61,2.24,-1,68.55,19.08,26.45,0.0,,,0.389,70.0,Buy,2026-06-15,,,,4
CUPID.NS,2026-06-15,7.73,1.0,7.0,6.09,8.18,7.18,7.44,8,1.0896,1.1617,0.364,7.4442,15.283,43.47,22.83,2.29,-1,86.7,32.43,211.32,27.3,,12.51,3.99,98.7,Strong Buy,2026-06-15,,,,5
BHEL.NS,2026-06-15,6.11,0.169,5.5,5.9,6.31,5.82,6.11,9,0.3846,0.481,-0.0314,0.4928,1.329,41.28,20.54,0.57,0,47.87,29.04,83.59,6.29,,31.31,0.157,81.3,Hold,2026-06-15,,,,3
GOLDBEES.NS,2026-06-15,5.35,0.0,5.0,5.0,5.5,5.15,5.3,0,,,,,,,,0.0,0,45.57,21.36,,,,,1.524,46.0,Hold,2026-06-15,,,,3
JINDALSTEL.NS,2026-06-15,4.3,-0.215,3.0,5.79,4.44,3.98,4.67,8,0.1349,0.0054,-0.0668,0.206,0.708,29.6,18.37,-1.14,0,37.46,26.91,34.75,6.77,,43.61,-0.026,45.3,Avoid,2026-06-15,,,,1
MAHABANK.NS,2026-06-15,6.97,0.985,7.0,3.9,7.42,6.52,6.35,6,0.5989,0.4117,0.163,0.6414,1.819,39.9,19.24,1.98,-1,75.01,17.76,9.77,22.66,,,0.397,91.3,Buy,2026-06-15,,,,4
PIDILITIND.NS,2026-06-15,6.49,0.554,5.5,6.05,6.83,6.0,6.45,9,0.0706,0.1724,0.0833,0.0338,0.169,29.06,16.51,2.28,-1,73.49,21.62,65.59,23.52,,3.78,-0.28,53.3,Buy,2026-06-15,,,,4
AMBER.NS,2026-06-15,4.31,-0.031,2.0,4.76,4.89,3.4,4.53,8,0.1684,0.1821,0.0652,0.1478,0.301,54.13,36.74,0.16,0,49.72,13.13,151.01,5.58,,46.57,0.656,66.0,Avoid,2026-06-15,,,,1
ADANIENSOL.NS,2026-06-15,5.7,0.877,2.0,4.57,6.9,3.97,5.68,6,0.4925,0.5035,0.1232,0.6494,1.408,48.42,23.16,0.97,0,55.48,27.15,80.12,9.66,,194.5,0.314,86.7,Hold,2026-06-15,,,,3
HEROMOTOCO.NS,2026-06-15,6.15,-0.446,9.0,6.1,5.37,7.34,5.98,9,-0.1434,-0.035,0.0135,0.1789,0.688,30.99,19.3,-0.37,0,53.82,15.56,17.51,28.03,,3.57,-0.384,10.7,Buy,2026-06-15,,,,4
HINDZINC.NS,2026-06-15,5.96,-0.092,7.5,6.06,5.52,6.62,5.89,9,0.0985,0.0402,-0.1141,0.1249,0.333,39.05,23.23,-0.4,0,37.49,24.84,17.22,76.94,,39.03,-0.255,41.3,Hold,2026-06-15,,,,3
MUTHOOTFIN.NS,2026-06-15,4.11,-0.692,7.0,3.21,3.44,5.2,3.77,5,-0.1466,-0.0439,-0.0397,0.2553,0.765,41.76,24.25,-0.98,0,47.06,19.04,11.98,30.41,,379.71,0.902,7.3,Avoid,2026-06-15,,,,1
SAIL.NS,2026-06-15,5.97,0.169,5.5,5.48,6.17,5.7,5.9,6,0.4089,0.2176,-0.053,0.3879,1.062,44.83,22.45,0.14,0,40.96,28.1,22.34,0.0,,57.76,0.106,75.3,Hold,2026-06-15,,,,3
INDUSINDBK.NS,2026-06-15,5.34,0.692,2.5,4.65,6.23,4.04,5.36,7,0.1169,0.1459,0.046,0.1159,0.317,37.4,20.93,1.15,0,57.79,14.32,82.0,1.36,,,-0.758,57.3,Hold,2026-06-15,,,,3
BANDHANBNK.NS,2026-06-15,6.76,0.908,6.0,4.64,7.29,6.12,6.38,6,0.4514,0.2016,0.1079,0.1663,0.427,47.57,21.62,1.23,-1,60.97,23.87,27.78,4.88,,,-0.061,79.3,Buy,2026-06-15,,,,4
LIQUIDCASE.NS,2026-06-15,6.18,0.677,5.0,5.0,6.69,5.51,6.02,0,,,,,,,,0.0,0,100.0,99.8,,,,,-3.051,35.3,Buy,2026-06-15,,,,4
PAYTM.NS,2026-06-15,4.43,-0.231,4.5,4.96,4.34,4.54,4.54,6,-0.1242,0.1487,0.0147,0.1676,0.373,46.74,24.03,0.4,0,54.29,19.74,130.55,3.56,,1.07,1.314,22.0,Caution,2026-06-15,,,,2
INDUSTOWER.NS,2026-06-15,4.29,-0.108,2.5,5.66,4.59,3.74,4.67,9,0.0071,-0.0252,-0.041,0.0654,0.218,27.68,17.06,-0.68,0,41.49,20.88,15.26,19.81,,53.29,0.107,24.0,Avoid,2026-06-15,,,,1
TECHM.NS,2026-06-15,4.09,-0.754,5.0,6.18,3.53,4.79,4.46,9,-0.0909,0.0696,-0.0031,-0.1042,-0.395,34.62,20.79,-0.41,0,44.11,13.53,26.32,16.61,,7.27,-0.059,20.0,Avoid,2026-06-15,,,,1
CANBK.NS,2026-06-15,4.4,-0.277,4.5,4.09,4.41,4.39,4.33,4,-0.0697,0.014,0.0934,0.2081,0.684,38.08,22.35,0.49,0,55.26,11.02,6.08,15.94,,,0.045,24.7,Avoid,2026-06-15,,,,1
LIQUIDBEES.NS,2026-06-15,5.75,0.231,5.0,5.0,6.08,5.32,5.65,0,,,,,,,,0.0,0,47.07,92.44,,,,,-3.387,30.0,Hold,2026-06-15,,,,3
POWERGRID.NS,2026-06-15,4.46,-0.123,3.0,4.78,4.82,3.89,4.61,5,0.091,-0.0507,-0.0366,-0.0014,-0.006,19.72,11.67,-1.34,0,39.12,28.23,14.21,16.49,,150.99,-0.468,37.3,Caution,2026-06-15,,,,2
CHENNPETRO.NS,2026-06-15,7.77,1.0,8.0,5.33,8.07,7.5,7.27,7,0.3232,0.3289,0.2254,0.798,1.684,48.78,25.03,2.18,-1,64.73,24.87,5.81,32.13,,17.68,0.165,78.0,Strong Buy,2026-06-15,,,,5
POLICYBZR.NS,2026-06-15,3.95,-0.938,5.0,5.68,3.39,4.65,4.23,8,-0.1778,0.0934,-0.0956,-0.1556,-0.384,32.75,19.43,-0.21,0,44.34,29.96,109.87,9.74,,4.92,0.032,10.0,Avoid,2026-06-15,,,,1
FEDERALBNK.NS,2026-06-15,7.08,0.846,7.0,4.22,7.53,6.62,6.51,5,0.2154,0.2055,0.1167,0.5329,2.094,27.49,15.22,2.17,-1,71.98,26.08,18.13,11.73,,,1.164,68.7,Strong Buy,2026-06-15,,,,5
KAYNES.NS,2026-06-15,2.59,-0.815,2.0,3.75,2.57,2.51,2.85,6,-0.2374,-0.1132,-0.0116,-0.4473,-0.871,62.74,47.29,-1.23,1,38.28,28.69,56.59,9.57,,19.17,-0.345,5.3,Avoid,2026-06-15,,,,1
HCLTECH.NS,2026-06-15,3.26,-0.8,4.5,3.45,2.88,3.81,3.22,7,-0.313,-0.1393,-0.0238,-0.3221,-1.247,35.32,27.47,-1.21,0,36.45,20.96,18.24,23.36,,6.93,-0.577,2.0,Avoid,2026-06-15,,,,1
WOCKPHARMA.NS,2026-06-15,5.67,0.477,3.0,5.24,6.48,4.48,5.73,8,0.4276,0.5748,0.2139,0.0418,0.074,62.9,28.83,1.37,-1,57.56,40.97,144.73,4.0,,42.28,1.406,88.0,Hold,2026-06-15,,,,3
NESTLEIND.NS,2026-06-15,5.38,-0.092,5.0,6.56,5.31,5.4,5.64,8,0.1375,0.1435,-0.0398,0.1474,0.763,24.08,11.25,0.16,0,41.54,21.72,75.7,76.34,,8.62,-0.079,54.0,Hold,2026-06-15,,,,3
NLCINDIA.NS,2026-06-15,5.14,-0.246,5.5,5.21,5.03,5.3,5.13,6,0.3644,0.225,-0.0869,0.3451,0.869,49.61,22.82,0.21,0,43.34,29.43,12.52,15.97,,82.0,0.301,72.7,Caution,2026-06-15,,,,2
NMDC.NS,2026-06-15,7.2,0.338,8.0,6.02,7.15,7.36,6.92,8,0.2105,0.1257,-0.0185,0.2499,0.768,33.44,18.98,0.23,0,46.1,14.87,10.45,23.36,,18.8,-0.068,61.3,Strong Buy,2026-06-15,,,,5
BANKBARODA.NS,2026-06-15,5.18,0.462,3.0,3.92,5.98,4.07,5.05,5,-0.0001,0.014,0.0959,0.1747,0.621,34.11,20.11,1.78,0,63.12,13.74,7.19,12.74,,,-0.133,38.0,Hold,2026-06-15,,,,3
TORNTPHARM.NS,2026-06-15,5.99,0.585,2.5,6.04,6.95,4.53,6.2,7,0.1961,0.028,0.0271,0.4201,1.898,23.37,13.53,1.35,0,56.28,19.24,70.38,16.99,,85.45,0.914,58.0,Hold,2026-06-15,,,,3
ADANIPORTS.NS,2026-06-15,5.65,0.677,2.0,5.03,6.75,4.02,5.73,8,0.2051,0.3295,0.0138,0.2505,0.832,31.91,16.05,0.99,0,57.3,20.29,31.02,15.59,,64.05,0.199,69.3,Hold,2026-06-15,,,,3
GMRAIRPORT.NS,2026-06-15,5.68,0.769,2.5,5.24,6.63,4.27,5.77,7,0.0866,0.1949,0.1223,0.263,0.868,38.26,21.54,2.41,-1,66.04,15.47,820.46,0.0,,,-0.066,60.0,Hold,2026-06-15,,,,3
CGPOWER.NS,2026-06-15,7.12,0.877,5.5,5.63,7.8,6.21,6.92,8,0.4067,0.3178,0.1567,0.3476,0.958,35.35,17.02,1.43,-1,63.47,22.17,121.81,19.56,,1.44,0.299,80.7,Strong Buy,2026-06-15,,,,5
AEROFLEX.NS,2026-06-15,7.47,1.0,6.0,6.2,8.07,6.66,7.3,9,1.7549,1.0411,0.2957,1.7594,3.132,82.57,35.8,2.0,-1,67.99,32.95,111.16,14.06,,1.99,1.31,99.3,Strong Buy,2026-06-15,,,,5
PERSISTENT.NS,2026-06-15,4.59,-0.8,6.5,5.54,3.91,5.54,4.67,8,-0.2089,0.0543,-0.0108,-0.175,-0.494,37.79,24.21,-0.6,0,44.08,12.86,41.16,26.35,,6.09,0.202,8.7,Caution,2026-06-15,,,,2
WIPRO.NS,2026-06-15,3.41,-0.8,3.5,5.75,3.04,3.8,3.87,8,-0.2823,-0.082,-0.0561,-0.2673,-0.971,30.26,21.67,-1.88,0,34.72,24.28,14.44,15.44,,22.85,-0.654,4.0,Avoid,2026-06-15,,,,1
PFC.NS,2026-06-15,4.21,-0.123,4.0,3.22,4.42,3.97,4.02,4,0.2614,0.0549,-0.0123,0.0325,0.097,31.79,20.39,-0.44,0,46.11,12.68,5.41,20.47,,586.02,-0.343,63.3,Avoid,2026-06-15,,,,1
RAIN.NS,2026-06-15,6.31,1.0,4.0,4.6,7.21,5.08,6.1,4,0.9834,0.8525,0.3612,0.3493,0.8,61.8,23.69,1.93,-1,71.38,54.09,23.19,0.0,,127.74,0.122,97.3,Buy,2026-06-15,,,,4
VOLTAS.NS,2026-06-15,3.45,-0.477,2.5,5.1,3.47,3.3,3.83,7,-0.0169,-0.0591,0.0621,0.0196,0.059,40.41,24.21,0.02,0,56.0,13.44,117.28,5.72,,15.51,-0.394,22.7,Avoid,2026-06-15,,,,1
DIACABS.NS,2026-06-15,6.65,1.0,6.0,3.85,7.25,5.96,6.13,7,0.5462,0.6698,0.1226,1.1239,2.292,56.77,26.72,1.71,-1,65.36,55.3,71.54,0.0,,,0.735,92.7,Buy,2026-06-15,,,,4
MRPL.NS,2026-06-15,5.34,0.646,1.5,4.73,6.5,3.63,5.44,5,0.1526,-0.0516,0.1397,0.1824,0.399,47.33,27.98,0.17,0,60.5,18.85,15.39,14.17,,108.06,-0.363,51.3,Hold,2026-06-15,,,,3
360ONE.NS,2026-06-15,4.99,0.523,2.5,3.51,5.91,3.72,4.84,5,0.0313,0.107,0.0234,0.0761,0.201,32.32,19.03,1.33,0,60.93,12.15,38.77,14.39,,161.98,0.35,44.0,Caution,2026-06-15,,,,2
HINDCOPPER.NS,2026-06-15,6.3,0.031,7.5,6.41,5.95,6.82,6.25,9,0.4478,0.0399,-0.1119,1.0021,2.038,47.96,29.24,-0.54,0,42.31,23.17,54.38,30.6,,3.32,0.389,71.3,Buy,2026-06-15,,,,4
AEQUS.NS,2026-06-16,5.45,0.385,3.0,5.08,6.19,4.36,5.52,6,0.3765,0.7584,0.024,,,75.44,31.26,0.89,0,58.67,20.04,417.0,-10.29,3.22,47.18,1.158,88.0,Hold,2026-06-16,,,,3
FIVESTAR.NS,2026-06-16,4.44,-0.092,4.5,3.3,4.6,4.3,4.21,4,-0.1753,0.3256,0.0326,-0.4133,-1.011,48.41,21.94,0.65,0,60.87,21.73,12.54,16.06,17.0,111.11,-0.744,35.3,Avoid,2026-06-16,,,,1
SCI.NS,2026-06-16,5.81,0.631,6.0,3.29,6.13,5.51,5.29,4,0.4111,0.344,-0.0691,0.6077,1.23,53.52,24.32,0.68,0,56.26,16.86,10.82,0.0,,29.45,0.035,78.0,Hold,2026-06-16,,,,3
HDFCAMC.NS,2026-06-16,6.2,0.492,4.5,5.38,6.79,5.36,6.13,7,0.0099,0.1411,0.0179,0.0737,0.244,42.65,21.94,0.54,0,56.37,21.41,39.67,32.93,,2.36,0.387,46.0,Buy,2026-06-16,,,,4
ASHOKA.NS,2026-06-16,4.58,0.077,4.5,3.85,4.71,4.44,4.44,6,-0.2026,0.1545,0.0616,-0.3676,-0.846,53.68,26.32,0.69,0,59.36,28.5,5.21,47.99,,24.46,-0.708,15.3,Caution,2026-06-16,,,,2
AIIL.NS,2026-06-16,5.45,0.446,5.5,2.63,5.86,5.05,4.89,5,0.0664,0.1998,0.1211,0.1147,0.219,60.62,32.88,2.55,-1,68.92,23.28,8.98,13.1,,24.59,1.078,59.3,Hold,2026-06-16,,,,3
SPAL.NS,2026-06-16,5.83,0.723,3.0,5.48,6.68,4.59,5.93,7,0.19,0.2344,0.0942,0.0395,0.075,40.01,17.66,1.92,0,62.3,20.12,21.39,11.28,,44.6,0.237,70.0,Hold,2026-06-16,,,,3
FORCEMOT.NS,2026-06-16,5.07,-0.031,5.0,5.36,5.05,5.08,5.13,8,0.0767,-0.0951,-0.0237,0.4628,0.886,54.85,29.86,-0.94,0,49.12,17.33,18.05,33.51,,,0.735,31.3,Caution,2026-06-16,,,,2
LTF.NS,2026-06-16,6.08,0.708,5.5,3.13,6.69,5.39,5.53,5,-0.0353,0.1394,0.0685,0.5813,1.732,44.05,23.29,1.34,0,62.55,14.21,24.76,11.12,,393.44,0.704,42.7,Hold,2026-06-16,,,,3
NHPC.NS,2026-06-16,4.39,-0.569,6.5,3.81,3.89,5.19,4.15,5,-0.0145,-0.0081,-0.0557,-0.1273,-0.451,29.8,18.64,-1.09,0,44.42,23.46,26.99,9.02,,113.11,-0.67,23.3,Avoid,2026-06-16,,,,1
HDBFS.NS,2026-06-16,4.79,-0.031,5.5,3.12,4.84,4.84,4.41,5,-0.0918,0.083,0.0298,,,39.11,18.18,1.32,0,64.56,18.95,22.6,13.94,,480.24,-0.952,24.0,Caution,2026-06-16,,,,2
TBOTEK.NS,2026-06-16,4.79,0.215,2.5,4.46,5.47,3.77,4.85,6,-0.1431,0.2051,0.2069,0.0923,0.221,43.69,22.2,2.59,-1,72.18,25.57,62.59,17.79,,48.76,-0.3,41.3,Caution,2026-06-16,,,,2
APLAPOLLO.NS,2026-06-16,5.58,-0.031,5.5,6.39,5.49,5.67,5.75,9,0.0631,-0.0243,-0.0091,0.0098,0.034,34.83,19.85,-0.78,0,49.87,20.03,42.75,25.31,,9.4,0.078,38.7,Hold,2026-06-16,,,,3
CDSL.NS,2026-06-16,4.66,-0.292,4.0,5.35,4.74,4.49,4.84,7,-0.166,0.0748,0.0526,-0.2194,-0.54,36.39,19.95,0.5,0,59.92,15.41,58.63,23.91,,0.11,0.135,14.7,Caution,2026-06-16,,,,2
PVTBANIETF.NS,2026-06-16,6.13,0.446,5.0,5.0,6.62,5.48,5.97,0,,,,,,,,0.0,0,70.47,11.17,,,,,-0.021,38.0,Hold,2026-06-16,,,,3
NIFTYBEES.NS,2026-06-16,4.89,-0.262,5.0,5.0,4.85,4.95,4.91,0,,,,,,,,0.0,0,58.57,19.11,,,,,-0.369,20.7,Caution,2026-06-16,,,,2
IOC.NS,2026-06-16,5.68,-0.015,5.5,5.59,5.74,5.59,5.67,8,-0.0797,-0.0311,0.0691,0.0762,0.286,33.34,17.33,0.83,0,56.65,12.84,4.72,20.97,,58.45,-0.35,18.0,Hold,2026-06-16,,,,3
ADANIGREEN.NS,2026-06-16,6.62,0.938,5.5,4.19,7.29,5.78,6.2,6,0.4264,0.7114,0.0769,0.4606,0.951,48.0,21.15,1.07,-1,59.35,41.27,154.25,7.58,,346.55,-0.335,90.7,Buy,2026-06-16,,,,4
MOTHERSON.NS,2026-06-16,7.3,0.8,6.0,5.71,7.9,6.51,7.05,8,0.2207,0.3066,0.1226,0.434,1.214,44.19,21.3,1.63,-1,63.69,43.89,40.42,10.11,,43.91,0.147,74.0,Strong Buy,2026-06-16,,,,5
JINDALSTEL.NS,2026-06-16,4.29,-0.246,2.0,5.78,4.71,3.55,4.72,8,0.1093,0.0079,-0.0687,0.2185,0.751,29.36,18.32,-1.26,0,35.78,27.13,34.5,6.77,,43.61,-0.038,43.3,Avoid,2026-06-16,,,,1
GOLDBEES.NS,2026-06-16,5.3,-0.031,5.0,5.0,5.42,5.13,5.25,0,,,,,,,,0.0,0,44.93,21.31,,,,,1.519,46.7,Hold,2026-06-16,,,,3
HINDZINC.NS,2026-06-16,5.9,-0.123,7.5,6.03,5.43,6.59,5.83,9,0.0219,0.0751,-0.109,0.1317,0.351,38.89,23.23,-0.41,0,37.43,24.78,17.23,76.94,,39.03,-0.256,34.0,Hold,2026-06-16,,,,3
LIQUIDCASE.NS,2026-06-16,6.37,0.785,5.0,5.0,6.96,5.59,6.18,0,,,,,,,,0.0,0,100.0,99.8,,,,,-3.014,36.0,Buy,2026-06-16,,,,4
PAYTM.NS,2026-06-16,4.72,-0.262,4.5,4.95,4.75,4.66,4.78,6,-0.1395,0.1074,0.0012,0.2539,0.566,45.51,24.03,0.41,0,54.47,18.48,132.05,3.56,,1.07,1.314,17.3,Caution,2026-06-16,,,,2
CHENNPETRO.NS,2026-06-16,7.75,1.0,8.0,5.27,8.05,7.48,7.24,7,0.2959,0.2158,0.2138,0.8223,1.737,47.82,23.87,1.83,-1,61.4,25.33,5.72,32.13,,17.68,0.146,76.0,Strong Buy,2026-06-16,,,,5
WOCKPHARMA.NS,2026-06-16,5.68,0.477,3.0,5.26,6.48,4.49,5.74,8,0.4306,0.6037,0.1842,0.0752,0.134,62.83,28.83,1.36,-1,58.18,39.67,145.93,4.0,,42.28,1.413,89.3,Hold,2026-06-16,,,,3
NLCINDIA.NS,2026-06-16,5.14,-0.246,5.5,5.21,5.03,5.3,5.13,6,0.3161,0.2315,-0.1168,0.3653,0.921,49.63,22.79,0.14,0,42.62,27.34,12.47,15.97,,82.0,0.294,72.0,Caution,2026-06-16,,,,2
AEROFLEX.NS,2026-06-16,7.46,1.0,6.0,6.17,8.06,6.65,7.29,9,1.7536,0.9643,0.2703,1.7865,3.183,82.36,35.91,2.0,-1,68.99,33.49,112.63,14.06,,1.99,1.331,99.3,Strong Buy,2026-06-16,,,,5
MRPL.NS,2026-06-16,5.26,0.615,1.5,4.67,6.4,3.59,5.36,5,0.1459,-0.1916,0.1482,0.1954,0.428,46.66,27.33,0.08,0,58.54,19.14,15.2,14.17,,108.06,-0.374,44.0,Hold,2026-06-16,,,,3
360ONE.NS,2026-06-16,4.83,0.462,2.5,3.34,5.7,3.62,4.66,5,0.029,0.1426,0.0579,0.0806,0.213,32.4,19.03,1.81,0,65.97,13.25,39.84,14.39,,161.98,0.393,47.3,Caution,2026-06-16,,,,2
AVALON.NS,2026-06-16,7.44,1.0,6.5,5.69,7.97,6.78,7.15,8,0.9953,0.9629,0.2806,1.1149,2.069,59.81,27.49,1.93,-1,69.3,26.67,102.71,16.94,19.5,29.5,1.435,100.0,Strong Buy,2026-06-16,,,,5
EMAMIREAL.NS,2026-06-16,5.23,0.938,2.5,2.79,6.35,3.71,4.9,4,0.1516,0.6514,0.0067,-0.1799,-0.337,79.14,33.03,0.69,0,60.13,18.81,-2.12,-6.9,-6.9,,-0.271,91.4,Hold,2026-06-16,,,,3
BRITANNIA.NS,2026-06-16,4.49,-0.723,6.0,6.31,3.8,5.4,4.77,8,-0.118,-0.1069,-0.0367,-0.0509,-0.251,22.62,16.09,-1.09,0,45.19,31.45,49.68,53.31,56.0,26.88,-0.339,12.1,Caution,2026-06-16,,,,2
CIPLA.NS,2026-06-16,5.25,0.0,5.0,5.71,5.25,5.21,5.35,7,-0.0865,0.0662,-0.0168,-0.0678,-0.305,27.68,11.52,0.82,0,51.28,18.54,28.65,11.74,15.5,1.78,-0.533,30.3,Hold,2026-06-16,,,,3
DRREDDY.NS,2026-06-16,5.74,0.4,3.5,5.41,6.42,4.75,5.8,7,-0.0019,0.0,-0.0437,-0.057,-0.261,29.89,13.43,-0.05,0,45.84,15.82,24.82,11.83,13.6,20.33,-0.118,37.4,Hold,2026-06-16,,,,3
GRASIM.NS,2026-06-16,6.43,0.877,5.5,4.28,7.02,5.72,6.06,5,0.107,0.1831,0.0699,0.172,0.757,26.51,13.77,1.29,0,62.48,17.15,42.96,6.29,8.07,134.14,0.317,79.8,Buy,2026-06-16,,,,4
HDFCLIFE.NS,2026-06-16,3.12,-0.815,2.5,5.85,2.89,3.27,3.7,7,-0.2612,-0.0824,-0.059,-0.2366,-1.033,29.08,16.82,-1.09,0,45.03,18.14,65.05,11.28,10.3,17.46,-0.37,3.0,Avoid,2026-06-16,,,,1
INDUSINDBK.NS,2026-06-16,5.52,0.8,2.5,4.63,6.5,4.12,5.52,7,0.0944,0.1224,0.0343,0.1158,0.317,37.13,20.87,0.97,0,55.57,15.34,81.3,1.36,5.68,,-0.766,71.2,Hold,2026-06-16,,,,3
JSWSTEEL.NS,2026-06-16,6.63,0.4,7.0,5.93,6.63,6.68,6.47,9,0.1322,0.1123,-0.0085,0.2833,1.144,25.41,15.7,0.48,0,47.98,11.61,13.96,27.26,10.9,94.16,0.476,72.7,Buy,2026-06-16,,,,4
UPL.NS,2026-06-16,4.15,-0.815,5.5,6.23,3.47,5.03,4.49,9,-0.1777,0.0108,-0.0283,-0.0181,-0.061,33.96,21.82,-0.9,0,42.46,18.19,27.57,5.61,10.2,57.13,-0.022,13.6,Avoid,2026-06-16,,,,1
ABCAPITAL.NS,2026-06-16,5.72,0.769,4.5,2.63,6.52,4.74,5.17,5,0.0299,0.1882,0.0644,0.5385,1.643,42.73,22.03,1.54,0,61.17,14.58,26.23,11.18,8.72,491.75,0.604,67.7,Hold,2026-06-16,,,,3
ABFRL.NS,2026-06-16,2.62,-0.815,2.0,4.85,2.46,2.69,3.1,7,-0.215,0.0424,-0.0239,-0.1892,-0.32,43.01,22.75,-0.35,0,46.61,10.85,-9.56,-12.69,-3.07,98.82,-1.084,11.6,Avoid,2026-06-16,,,,1
ACC.NS,2026-06-16,4.66,-0.6,6.0,5.18,4.21,5.3,4.69,6,-0.2342,-0.0119,-0.0018,-0.2697,-1.177,31.06,17.72,-0.5,0,48.55,16.84,11.88,10.93,11.2,2.08,-1.536,8.6,Caution,2026-06-16,,,,2
ALKEM.NS,2026-06-16,5.07,-0.369,6.5,5.76,4.57,5.78,5.13,7,-0.0418,0.0047,-0.0223,0.1053,0.452,25.19,15.41,-0.4,0,48.02,16.06,27.77,17.56,21.2,14.27,-0.184,32.3,Hold,2026-06-16,,,,3
AMBUJACEM.NS,2026-06-16,4.43,-0.723,6.0,5.12,3.88,5.19,4.48,8,-0.2189,-0.002,-0.0082,-0.2163,-0.796,37.11,20.99,-0.45,0,48.07,15.37,22.38,8.3,5.61,1.21,-0.991,10.1,Caution,2026-06-16,,,,2
ASTRAL.NS,2026-06-16,5.91,0.431,4.0,6.31,6.39,5.17,6.1,9,0.1042,-0.0344,0.0794,0.046,0.164,31.08,19.33,0.14,0,54.68,12.23,78.47,13.8,19.9,6.17,-0.831,59.6,Hold,2026-06-16,,,,3
AUROPHARMA.NS,2026-06-16,4.49,0.031,1.5,6.38,5.04,3.51,5.04,9,0.1915,0.0915,-0.0767,0.2075,0.756,25.24,15.4,-0.23,0,38.26,17.39,23.17,9.93,12.8,21.31,-0.006,75.8,Caution,2026-06-16,,,,2
BALKRISIND.NS,2026-06-16,4.43,0.185,2.5,4.6,4.95,3.64,4.58,6,-0.0357,0.0022,0.0482,-0.1007,-0.338,40.24,19.5,0.67,0,56.11,15.41,34.72,12.4,12.4,35.27,-0.828,38.9,Caution,2026-06-16,,,,2
BATAINDIA.NS,2026-06-16,3.34,-0.631,2.0,5.98,3.31,3.17,3.94,8,-0.293,0.0013,-0.0172,-0.4366,-1.68,31.91,19.75,-0.39,0,48.44,13.42,65.21,8.47,12.2,86.9,-1.457,5.1,Avoid,2026-06-16,,,,1
BERGEPAINT.NS,2026-06-16,6.54,0.277,6.0,6.16,6.75,6.26,6.5,9,-0.0568,0.2621,0.0055,-0.0961,-0.378,34.18,17.5,0.9,0,53.76,19.74,52.85,17.23,22.2,9.16,-0.203,57.6,Buy,2026-06-16,,,,4
BIOCON.NS,2026-06-16,5.36,0.738,1.0,4.76,6.66,3.43,5.49,7,0.0779,0.1045,-0.0273,0.1838,0.587,29.14,16.83,0.9,0,54.48,26.34,147.16,1.15,3.75,42.15,0.207,60.6,Hold,2026-06-16,,,,3
BHARATFORG.NS,2026-06-16,6.27,0.969,2.5,5.76,7.39,4.6,6.38,7,0.4314,0.1858,0.0835,0.5177,1.682,32.93,17.55,1.5,0,63.92,10.39,89.71,11.6,13.1,76.47,0.105,94.4,Buy,2026-06-16,,,,4
COLPAL.NS,2026-06-16,6.25,-0.031,7.0,6.0,6.07,6.53,6.16,8,-0.0184,0.093,-0.0305,-0.1088,-0.454,28.22,15.55,0.64,0,56.27,19.18,43.0,81.59,179.0,2.99,-0.858,47.0,Hold,2026-06-16,,,,3
CONCOR.NS,2026-06-16,4.13,-0.615,4.0,5.46,3.97,4.28,4.4,7,-0.0772,0.0199,-0.0836,-0.2392,-0.77,32.94,21.81,-0.59,0,45.17,33.09,28.34,9.76,12.4,7.39,-1.36,25.8,Avoid,2026-06-16,,,,1
COROMANDEL.NS,2026-06-16,6.04,0.292,5.5,5.08,6.33,5.67,5.88,7,-0.1112,0.0515,0.0973,-0.1003,-0.307,37.4,19.5,1.19,0,68.2,26.07,31.05,15.59,22.8,11.47,0.326,33.3,Hold,2026-06-16,,,,3
CROMPTON.NS,2026-06-16,4.61,-0.246,4.5,5.55,4.5,4.71,4.81,7,0.0417,0.071,-0.0984,-0.2231,-0.788,38.08,20.2,-0.01,0,44.67,22.21,50.8,-6.34,18.1,5.8,-0.974,50.0,Caution,2026-06-16,,,,2
DALBHARAT.NS,2026-06-16,2.83,-0.6,1.0,5.24,2.98,2.42,3.42,8,-0.1397,-0.0708,-0.0025,-0.1988,-0.756,38.19,23.77,-1.08,0,45.24,33.3,28.09,6.5,7.59,40.99,-0.419,13.1,Avoid,2026-06-16,,,,1
DEEPAKNTR.NS,2026-06-16,3.63,-0.154,1.5,4.87,4.04,2.92,4.0,7,0.0709,0.1332,-0.0911,-0.16,-0.511,36.71,19.01,0.08,0,42.13,24.15,40.7,9.75,11.5,27.9,-0.772,59.1,Avoid,2026-06-16,,,,1
EMAMILTD.NS,2026-06-16,4.81,-0.815,7.0,5.83,4.05,5.89,4.89,7,-0.2495,-0.0565,-0.0802,-0.2912,-0.935,28.91,16.67,-0.78,0,45.74,30.77,22.51,27.61,29.6,5.54,-1.024,4.5,Caution,2026-06-16,,,,2
ESCORTS.NS,2026-06-16,3.93,-0.692,4.5,5.83,3.49,4.46,4.28,9,-0.2228,-0.0752,-0.021,-0.0971,-0.307,39.02,27.15,-0.88,0,44.83,18.7,22.81,12.02,15.7,1.31,-0.788,6.1,Avoid,2026-06-16,,,,1
GAIL.NS,2026-06-16,5.01,0.646,2.0,4.37,5.95,3.65,5.06,6,0.0637,0.2056,0.1279,-0.0497,-0.174,29.39,16.39,1.64,0,68.4,16.23,15.29,8.69,9.68,27.81,-0.5,78.3,Hold,2026-06-16,,,,3
GLENMARK.NS,2026-06-16,6.49,-0.246,8.5,6.47,5.93,7.33,6.37,9,0.092,-0.0086,-0.1036,0.3186,1.053,32.78,21.18,-0.91,0,39.97,30.19,44.64,14.07,39.8,5.65,0.862,50.5,Buy,2026-06-16,,,,4
GODREJCP.NS,2026-06-16,4.08,-0.4,2.0,5.95,4.38,3.49,4.58,8,-0.095,-0.0014,0.0122,-0.1252,-0.49,29.37,18.85,-0.14,0,52.55,19.16,57.03,15.1,19.1,34.9,-0.759,26.3,Avoid,2026-06-16,,,,1
GODREJPROP.NS,2026-06-16,4.85,0.185,5.5,3.22,4.91,4.88,4.49,6,-0.1352,0.1503,0.0461,-0.2488,-0.673,39.01,22.81,0.74,0,58.07,13.1,29.2,9.97,8.28,82.12,-0.828,35.4,Caution,2026-06-16,,,,2
GRINDWELL.NS,2026-06-16,7.48,1.0,6.0,6.22,8.08,6.67,7.31,9,0.3009,0.4268,0.0902,0.1473,0.447,32.95,13.21,1.71,-1,72.5,37.58,54.41,17.3,22.7,2.38,-0.579,94.9,Strong Buy,2026-06-16,,,,5
HONAUT.NS,2026-06-16,5.82,0.815,1.5,5.33,7.09,3.92,5.96,8,0.075,0.2186,0.2595,-0.0579,-0.21,46.89,18.51,1.65,-1,65.6,33.21,61.81,12.35,,2.48,-0.959,85.9,Hold,2026-06-16,,,,3
IRCTC.NS,2026-06-16,5.8,-0.569,9.0,5.71,4.93,7.14,5.6,7,-0.2201,-0.0067,-0.013,-0.3124,-1.325,26.64,15.71,-0.58,0,47.57,12.06,30.05,34.96,46.1,1.87,-1.472,9.1,Hold,2026-06-16,,,,3
JUBLFOOD.NS,2026-06-16,4.18,-0.692,4.5,5.54,3.88,4.52,4.43,7,-0.2745,-0.095,-0.105,-0.365,-1.175,43.81,30.91,-1.18,0,42.43,23.75,74.8,16.89,14.6,2.65,-0.607,1.0,Avoid,2026-06-16,,,,1
KPITTECH.NS,2026-06-16,4.7,-0.138,4.0,5.69,4.75,4.55,4.94,7,-0.3875,0.1972,0.0173,-0.4402,-1.182,34.42,20.12,0.67,0,50.95,17.55,32.44,19.73,26.3,23.62,-0.959,7.1,Caution,2026-06-16,,,,2
KANSAINER.NS,2026-06-16,5.14,0.154,3.5,5.92,5.48,4.57,5.39,9,-0.0398,0.1841,0.0008,-0.1369,-0.525,35.52,14.75,0.8,0,56.02,27.72,29.67,8.8,13.0,4.53,-0.687,54.5,Hold,2026-06-16,,,,3
LICHSGFIN.NS,2026-06-16,4.51,0.338,4.0,2.77,4.92,4.03,4.19,4,0.0383,0.1023,0.018,-0.0696,-0.246,35.11,20.03,0.49,0,52.45,13.73,5.43,14.41,8.59,642.52,-0.689,58.6,Caution,2026-06-16,,,,2
LTTS.NS,2026-06-16,4.27,-0.477,3.5,5.57,4.28,4.14,4.57,8,-0.2511,0.0532,-0.0148,-0.2235,-0.68,41.46,22.35,0.23,0,52.67,12.36,29.91,19.54,26.7,8.91,-0.644,9.6,Caution,2026-06-16,,,,2
MANAPPURAM.NS,2026-06-16,4.78,0.569,2.0,3.1,5.81,3.36,4.61,4,0.1074,0.2657,0.0068,0.1805,0.494,37.43,19.84,1.0,0,56.06,21.11,27.09,6.97,8.26,360.19,0.666,82.3,Caution,2026-06-16,,,,2
MGL.NS,2026-06-16,5.85,0.492,3.5,5.26,6.6,4.77,5.87,7,0.0665,0.1455,0.1191,-0.1391,-0.392,34.65,20.54,1.64,0,67.07,15.96,13.92,13.63,18.1,3.46,-0.421,73.7,Hold,2026-06-16,,,,3
MFSL.NS,2026-06-16,4.08,-0.4,2.5,5.53,4.31,3.63,4.46,5,-0.0621,-0.02,-0.0035,0.0646,0.245,32.99,18.22,-0.05,0,49.09,13.09,658.08,1.63,2.95,12.67,0.817,28.3,Avoid,2026-06-16,,,,1
MPHASIS.NS,2026-06-16,5.29,0.015,4.0,5.6,5.6,4.79,5.42,8,-0.201,0.1183,0.0481,-0.1091,-0.349,33.37,19.11,0.77,0,56.34,13.68,24.69,18.29,22.8,24.38,-0.203,23.7,Hold,2026-06-16,,,,3
MUTHOOTFIN.NS,2026-06-16,4.42,-0.6,7.5,3.2,3.75,5.54,4.0,5,-0.1678,-0.0498,-0.0414,0.25,0.75,41.75,24.25,-0.92,0,47.48,17.71,12.0,30.41,15.8,379.71,0.904,10.6,Caution,2026-06-16,,,,2
NAM-INDIA.NS,2026-06-16,7.98,1.0,8.5,5.52,8.21,7.83,7.46,7,0.3123,0.3751,0.0556,0.5872,1.444,49.52,23.73,1.3,0,60.4,26.74,48.41,34.48,43.8,1.62,0.729,93.4,Strong Buy,2026-06-16,,,,5
OBEROIRLTY.NS,2026-06-16,6.78,0.769,7.0,4.51,7.05,6.53,6.31,7,0.0468,0.1755,0.051,-0.0988,-0.313,30.03,15.92,0.9,0,58.82,13.26,24.73,14.91,17.3,15.77,-0.371,68.2,Buy,2026-06-16,,,,4
PVRINOX.NS,2026-06-16,2.83,-0.785,2.0,5.28,2.69,2.85,3.36,6,-0.0979,-0.029,-0.064,-0.0351,-0.113,24.75,15.41,-0.81,0,36.19,14.09,52.63,2.44,6.96,91.87,-0.79,19.2,Avoid,2026-06-16,,,,1
RAJESHEXPO.NS,2026-06-16,3.74,-0.785,5.5,3.89,3.23,4.5,3.67,7,-0.5618,-0.1982,-0.2229,-0.5801,-1.261,62.64,35.27,-1.51,1,33.14,31.02,22.11,0.68,1.86,5.83,-1.15,0.5,Avoid,2026-06-16,,,,1
RBLBANK.NS,2026-06-16,6.67,0.908,6.0,4.39,7.2,6.05,6.25,5,0.2019,0.2488,0.1423,0.6642,1.812,35.45,16.54,2.0,-1,65.84,19.75,26.24,5.81,5.81,,0.375,88.9,Buy,2026-06-16,,,,4
RAMCOCEM.NS,2026-06-16,4.22,-0.477,4.5,5.57,3.93,4.54,4.47,8,-0.1419,-0.1008,-0.027,-0.175,-0.688,32.87,19.74,-0.96,0,47.21,25.67,29.88,9.0,6.12,47.83,-0.23,11.1,Avoid,2026-06-16,,,,1
RECLTD.NS,2026-06-16,4.8,0.462,4.0,2.97,5.29,4.19,4.48,4,0.058,0.0829,0.0667,-0.0723,-0.216,32.89,20.04,0.6,0,58.96,14.26,5.77,19.96,9.71,607.46,-0.613,61.1,Caution,2026-06-16,,,,2
SONACOMS.NS,2026-06-16,7.19,0.908,5.5,5.84,7.87,6.28,7.02,9,0.2195,0.2237,0.0326,0.1796,0.531,34.92,19.54,0.71,0,53.07,9.86,58.01,10.69,14.8,7.21,-0.279,87.9,Strong Buy,2026-06-16,,,,5
SRF.NS,2026-06-16,4.42,0.092,2.0,5.44,4.93,3.55,4.76,8,-0.0908,0.1205,0.0405,-0.1137,-0.385,34.11,17.5,1.2,0,56.01,9.83,44.24,13.76,14.6,36.2,0.012,41.4,Caution,2026-06-16,,,,2
SUNTV.NS,2026-06-16,4.25,-0.446,5.0,5.1,3.92,4.7,4.38,7,-0.07,-0.0663,-0.0101,-0.1581,-0.504,35.23,23.81,-0.93,0,47.46,28.37,14.22,11.85,16.5,0.84,-0.704,22.7,Caution,2026-06-16,,,,2
TATACOMM.NS,2026-06-16,5.98,0.877,2.0,5.37,7.18,4.21,6.09,6,0.0636,0.3552,0.1622,0.142,0.461,41.07,17.85,1.17,-1,56.15,29.87,52.36,31.13,14.7,335.49,-0.131,86.9,Hold,2026-06-16,,,,3
TORNTPHARM.NS,2026-06-16,6.28,0.662,3.0,6.06,7.22,4.86,6.42,7,0.1885,0.049,0.0035,0.3854,1.742,23.42,13.54,1.08,0,53.35,18.59,69.84,16.99,15.2,85.45,0.888,76.3,Buy,2026-06-16,,,,4
TATAELXSI.NS,2026-06-16,4.94,-0.692,7.5,6.16,4.05,6.2,5.04,9,-0.1665,-0.0022,0.0016,-0.3523,-1.064,33.94,21.7,-0.45,0,46.63,18.12,40.83,21.3,60.0,5.34,-0.911,14.1,Caution,2026-06-16,,,,2
UBL.NS,2026-06-16,3.36,-0.631,1.0,5.9,3.64,2.75,4.0,8,-0.1896,-0.1738,-0.0093,-0.3499,-1.508,25.09,17.45,-1.05,0,44.62,21.27,85.35,9.29,10.7,29.08,-1.141,5.6,Avoid,2026-06-16,,,,1
UNIONBANK.NS,2026-06-16,5.29,0.215,4.5,4.17,5.67,4.79,5.11,4,0.1167,-0.0287,0.073,0.1717,0.509,41.11,24.82,-0.08,0,54.75,11.57,6.7,15.71,6.3,,0.137,60.1,Hold,2026-06-16,,,,3
VOLTAS.NS,2026-06-16,3.45,-0.308,1.5,5.11,3.74,2.88,3.89,7,-0.033,-0.0531,0.0224,0.0382,0.115,40.41,24.21,0.06,0,56.19,13.73,116.35,5.72,9.04,15.51,-0.392,29.8,Avoid,2026-06-16,,,,1
AARTIIND.NS,2026-06-16,6.93,1.0,5.5,5.1,7.61,6.05,6.65,8,0.3915,0.1683,0.0585,0.06,0.157,47.32,25.11,1.19,0,60.7,25.29,42.97,7.25,6.85,83.39,-0.57,91.9,Buy,2026-06-16,,,,4
BAYERCROP.NS,2026-06-16,4.88,-0.738,6.0,6.5,4.33,5.6,5.14,9,-0.0397,-0.0626,-0.0277,-0.1934,-0.695,26.76,14.0,-1.62,0,36.8,27.55,27.64,23.7,20.1,2.76,-0.778,26.8,Caution,2026-06-16,,,,2
BASF.NS,2026-06-16,5.01,-0.569,7.0,5.16,4.43,5.87,4.92,7,-0.1126,-0.0011,-0.0913,-0.3046,-0.773,38.28,19.83,-0.38,0,49.44,17.26,35.99,10.96,14.7,3.35,-0.588,18.2,Hold,2026-06-16,,,,3
BAJAJHLDNG.NS,2026-06-16,5.12,-0.062,6.5,3.37,5.0,5.44,4.69,6,-0.04,0.0865,0.0146,-0.2522,-0.752,32.12,17.77,0.78,0,55.27,12.5,12.08,12.62,11.0,0.01,0.209,46.0,Hold,2026-06-16,,,,3
CANFINHOME.NS,2026-06-16,6.02,0.508,6.5,3.1,6.33,5.78,5.41,5,-0.0422,0.0353,0.0377,0.1088,0.386,25.12,14.65,0.76,0,61.06,26.35,10.67,19.66,,637.09,-0.221,40.4,Hold,2026-06-16,,,,3
CUMMINSIND.NS,2026-06-16,7.15,0.508,8.5,5.6,7.0,7.49,6.76,8,0.2498,0.247,0.0894,0.7468,2.402,37.06,17.35,1.22,0,57.96,16.81,67.21,29.45,39.5,0.43,0.573,90.4,Buy,2026-06-16,,,,4
EQUITASBNK.NS,2026-06-16,7.23,0.969,7.0,4.82,7.66,6.77,6.76,6,0.3416,0.4037,0.1584,0.1316,0.381,43.84,22.14,1.86,-1,68.5,23.82,87.5,1.69,,94.25,-0.534,97.0,Strong Buy,2026-06-16,,,,5
DABUR.NS,2026-06-16,4.25,-0.569,4.5,6.13,3.9,4.64,4.61,9,-0.1203,-0.051,-0.0383,-0.0651,-0.294,29.16,18.74,-0.26,0,48.89,14.19,40.93,16.24,20.4,10.91,-0.923,14.6,Avoid,2026-06-16,,,,1
GNFC.NS,2026-06-16,7.23,0.938,7.0,4.97,7.64,6.79,6.79,8,0.0921,0.2833,-0.0181,0.0243,0.076,42.05,22.06,1.41,0,64.43,20.47,9.75,9.14,12.0,0.07,-0.522,80.3,Strong Buy,2026-06-16,,,,5
GPPL.NS,2026-06-16,6.28,-0.477,10.0,5.75,5.32,7.77,5.96,8,-0.1772,0.0281,0.0183,0.0181,0.055,28.6,16.26,0.22,0,49.98,14.85,14.53,21.8,28.0,1.54,-0.448,17.2,Buy,2026-06-16,,,,4
GSFC.NS,2026-06-16,4.67,-0.246,6.0,4.43,4.34,5.2,4.55,7,-0.0285,0.0829,-0.052,-0.1733,-0.525,32.37,19.32,0.19,0,52.61,14.87,9.9,5.51,7.16,0.22,-0.618,42.9,Caution,2026-06-16,,,,2
HEG.NS,2026-06-16,4.38,-0.246,4.0,4.31,4.49,4.21,4.39,7,0.0127,0.0856,-0.0849,0.0756,0.167,50.35,26.17,-0.77,0,42.12,16.13,27.39,7.34,8.34,16.73,0.125,48.0,Caution,2026-06-16,,,,2
HEMIPROP.NS,2026-06-16,3.71,-0.031,2.5,2.62,4.22,3.04,3.56,3,0.0549,0.1019,-0.0325,0.0007,0.002,47.98,28.78,0.61,0,52.01,13.86,-363.85,-2.7,,20.14,-0.505,58.1,Avoid,2026-06-16,,,,1
HINDCOPPER.NS,2026-06-16,7.33,0.2,10.0,6.36,6.73,8.31,6.98,9,0.3408,0.0716,-0.1014,1.0224,2.082,47.96,29.24,-0.69,0,40.9,23.21,53.87,30.6,42.5,3.32,0.377,87.4,Strong Buy,2026-06-16,,,,5
HUDCO.NS,2026-06-16,4.73,0.185,5.5,2.87,4.79,4.78,4.31,5,0.009,0.2453,0.053,-0.0503,-0.127,37.67,24.71,0.68,0,58.88,13.92,10.56,20.2,8.41,645.77,-0.436,69.7,Caution,2026-06-16,,,,2
IEX.NS,2026-06-16,5.2,-0.523,7.0,5.48,4.66,6.0,5.16,8,-0.1129,0.0566,-0.0152,-0.3321,-0.826,35.4,23.2,-0.12,0,50.17,12.06,22.26,39.42,51.4,0.82,-0.582,27.3,Hold,2026-06-16,,,,3
INDIAMART.NS,2026-06-16,6.4,0.062,8.0,6.11,5.99,7.03,6.25,8,-0.0663,-0.0113,0.0512,-0.1643,-0.544,21.36,13.14,0.56,0,61.81,27.73,26.49,20.7,28.0,0.96,-0.515,31.3,Buy,2026-06-16,,,,4
INDHOTEL.NS,2026-06-16,5.86,0.462,3.0,5.86,6.65,4.65,6.02,9,-0.0553,0.1321,0.0638,-0.0649,-0.216,32.73,19.66,1.88,0,64.03,12.8,47.5,16.43,17.1,18.99,-0.018,51.5,Hold,2026-06-16,,,,3
INGERRAND.NS,2026-06-16,6.61,0.877,4.5,5.65,7.35,5.58,6.54,7,0.2417,0.2162,0.0109,0.165,0.538,39.05,27.27,1.09,0,61.77,24.8,54.84,41.8,,1.5,-0.223,88.4,Buy,2026-06-16,,,,4
IRCON.NS,2026-06-16,3.97,-0.277,3.5,3.73,4.14,3.74,3.95,5,-0.1091,0.104,-0.0141,-0.3178,-0.684,45.79,24.01,-0.1,0,50.09,18.28,21.91,9.08,9.69,85.83,-0.745,31.8,Avoid,2026-06-16,,,,1
JBCHEPHARM.NS,2026-06-16,7.23,0.969,5.5,5.95,7.91,6.31,7.07,6,0.2329,0.0535,0.014,0.2751,1.067,22.41,12.89,1.13,0,54.44,26.23,49.43,18.69,25.4,0.09,0.207,82.8,Strong Buy,2026-06-16,,,,5
JSL.NS,2026-06-16,4.91,-0.723,7.5,6.22,4.0,6.2,5.03,9,-0.0954,-0.0001,-0.0397,-0.0154,-0.045,28.49,17.37,-0.7,0,50.39,35.8,18.34,17.41,19.3,37.52,-0.363,23.2,Caution,2026-06-16,,,,2
JINDALSAW.NS,2026-06-16,5.74,0.538,3.0,5.13,6.59,4.49,5.77,7,0.5521,0.2722,0.1186,0.0173,0.037,51.76,28.66,1.14,0,57.15,15.85,16.29,7.96,10.4,38.19,-0.248,98.0,Hold,2026-06-16,,,,3
KAJARIACER.NS,2026-06-16,7.76,0.631,9.5,5.88,7.56,8.21,7.29,9,0.0818,0.2815,0.0803,0.094,0.31,40.33,23.38,0.67,0,63.27,15.68,37.18,16.5,23.3,7.3,-0.472,84.8,Strong Buy,2026-06-16,,,,5
KESORAMIND.NS,2026-06-16,4.1,0.385,1.0,2.92,5.13,2.61,4.04,2,0.4762,0.6056,-0.0131,0.7624,0.891,68.57,30.99,0.78,0,54.85,18.68,-4.26,-21.45,-3.61,59.04,-0.963,98.5,Avoid,2026-06-16,,,,1
KOLTEPATIL.NS,2026-06-16,2.77,-0.308,1.0,3.58,3.14,2.14,3.03,5,-0.0147,0.1336,-0.0402,-0.1864,-0.53,38.88,20.61,0.41,0,53.56,25.57,63.51,-3.73,-0.06,98.24,-0.409,51.0,Avoid,2026-06-16,,,,1
KRBL.NS,2026-06-16,5.65,0.492,3.0,5.11,6.47,4.45,5.69,9,-0.0369,0.235,0.1397,0.0081,0.02,47.29,22.64,1.34,0,63.25,15.01,13.41,11.73,15.2,2.92,0.165,64.6,Hold,2026-06-16,,,,3
LXCHEM.NS,2026-06-16,3.8,-0.031,1.5,4.72,4.3,2.97,4.11,8,-0.099,0.3194,-0.0178,-0.2458,-0.591,53.77,26.62,0.68,0,51.77,20.44,53.64,4.08,4.69,27.34,-0.672,56.6,Avoid,2026-06-16,,,,1
MAHABANK.NS,2026-06-16,6.97,0.954,7.0,3.91,7.42,6.52,6.35,6,0.5938,0.4138,0.1429,0.6805,1.931,39.83,19.2,1.79,-1,71.29,19.09,9.67,22.66,5.81,,0.378,99.0,Buy,2026-06-16,,,,4
MAHLOG.NS,2026-06-16,4.64,-0.123,3.5,5.86,4.77,4.34,4.95,8,0.0662,-0.0827,-0.0323,0.0072,0.02,43.85,28.48,-0.95,0,43.08,20.86,1435.83,1.28,7.28,46.73,-0.56,43.9,Caution,2026-06-16,,,,2
MASTEK.NS,2026-06-16,5.5,-0.138,5.5,5.68,5.47,5.53,5.53,9,-0.2311,0.1309,0.0017,-0.301,-0.806,44.65,22.06,0.52,0,54.39,19.67,12.85,14.81,18.0,14.65,-0.732,17.7,Hold,2026-06-16,,,,3
METROPOLIS.NS,2026-06-16,7.51,0.877,6.0,6.3,8.11,6.69,7.35,9,0.1185,0.1639,0.0506,0.2284,0.78,34.74,15.44,0.95,0,54.22,31.51,58.06,13.37,15.9,15.21,-0.057,77.8,Strong Buy,2026-06-16,,,,5
UNITDSPR.NS,2026-06-16,5.38,-0.323,6.0,5.84,5.14,5.71,5.44,8,-0.0983,-0.014,-0.0045,-0.1161,-0.484,28.21,15.78,0.26,0,56.31,13.17,54.06,20.03,27.5,4.61,-0.156,24.2,Hold,2026-06-16,,,,3
NAVNETEDUL.NS,2026-06-16,4.72,-0.215,5.5,4.86,4.49,5.07,4.71,6,-0.0026,0.105,-0.0142,0.0167,0.05,41.71,19.7,0.01,0,46.12,28.44,8.69,18.58,10.5,5.14,-0.259,52.5,Caution,2026-06-16,,,,2
NTPCGREEN.NS,2026-06-16,4.02,0.0,2.0,3.77,4.62,3.13,4.08,5,0.0722,-0.0037,-0.0884,-0.0967,-0.278,37.4,17.92,-0.97,0,37.83,15.75,158.29,2.76,3.53,165.28,-0.563,48.5,Avoid,2026-06-16,,,,1
OLECTRA.NS,2026-06-16,5.22,0.108,7.5,2.93,4.92,5.84,4.63,6,0.0469,0.4156,0.0417,0.0547,0.121,51.84,27.97,0.69,0,52.27,18.82,58.6,21.0,21.0,30.84,-0.501,86.4,Hold,2026-06-16,,,,3
PAGEIND.NS,2026-06-16,6.89,1.0,4.0,6.24,7.79,5.57,6.92,9,0.0726,0.295,0.0134,-0.151,-0.624,27.73,13.91,1.13,0,59.2,28.38,56.95,52.5,,18.42,-0.159,80.8,Buy,2026-06-16,,,,4
PFIZER.NS,2026-06-16,5.29,-0.631,7.0,6.26,4.66,6.15,5.38,8,-0.1008,-0.0259,-0.059,-0.1978,-0.713,26.16,14.4,-1.55,0,42.3,14.7,28.48,17.16,27.2,1.67,-0.274,19.7,Hold,2026-06-16,,,,3
PIDILITIND.NS,2026-06-16,7.18,0.523,8.0,6.04,7.12,7.35,6.9,9,0.0639,0.1608,0.0793,0.0384,0.193,28.83,16.51,2.15,-1,73.52,23.59,65.36,23.52,31.0,3.78,-0.28,72.2,Strong Buy,2026-06-16,,,,5
PETRONET.NS,2026-06-16,6.49,0.492,7.0,5.08,6.56,6.49,6.18,8,0.0928,0.0372,0.1084,0.003,0.01,37.91,24.86,2.16,-1,68.39,16.76,11.14,18.56,,10.51,-0.239,64.1,Buy,2026-06-16,,,,4
RAJRATAN.NS,2026-06-16,5.56,0.662,2.5,5.43,6.43,4.25,5.71,9,0.0292,0.2313,0.1039,0.0934,0.203,47.4,27.25,1.32,0,61.95,19.06,32.78,11.59,13.3,49.8,-0.368,74.7,Hold,2026-06-16,,,,3
PNCINFRA.NS,2026-06-16,4.02,-0.6,4.5,4.64,3.8,4.32,4.12,8,-0.1851,0.101,-0.0325,-0.3303,-0.887,41.2,22.55,0.23,0,48.9,17.12,6.39,12.99,8.46,75.88,-1.101,20.2,Avoid,2026-06-16,,,,1
PIIND.NS,2026-06-16,3.56,-0.477,3.5,4.56,3.43,3.69,3.77,6,-0.1294,-0.0042,-0.0789,-0.2681,-1.004,38.37,24.19,-0.33,0,51.87,21.7,33.07,12.35,14.7,3.05,-0.661,16.2,Avoid,2026-06-16,,,,1
RADICO.NS,2026-06-16,7.77,1.0,7.5,5.78,8.15,7.36,7.39,7,0.1184,0.2657,-0.0059,0.4026,1.189,34.91,16.41,0.98,0,61.32,28.95,79.07,24.2,24.2,20.94,1.074,84.3,Strong Buy,2026-06-16,,,,5
RATNAMANI.NS,2026-06-16,4.67,0.0,3.5,5.34,4.89,4.28,4.87,7,0.0657,0.1144,0.026,-0.1026,-0.297,44.44,28.93,0.41,0,51.75,20.65,37.74,13.58,17.9,7.49,-0.553,62.6,Caution,2026-06-16,,,,2
RITES.NS,2026-06-16,5.52,-0.215,8.0,4.99,4.91,6.48,5.27,7,-0.0669,0.1,0.0252,-0.2502,-0.626,36.09,19.83,0.23,0,54.51,18.75,24.62,16.4,22.0,0.24,-0.691,43.4,Hold,2026-06-16,,,,3
RVNL.NS,2026-06-16,2.02,-0.815,1.5,3.55,1.93,2.03,2.35,6,-0.2294,-0.0958,-0.112,-0.4112,-0.862,40.64,23.84,-1.2,1,41.29,41.89,57.55,8.98,10.8,49.08,-0.593,3.5,Avoid,2026-06-16,,,,1
REDINGTON.NS,2026-06-16,4.72,0.292,3.0,4.45,5.24,3.95,4.76,7,-0.1307,0.0471,0.1028,-0.1666,-0.356,37.99,23.49,2.03,-1,60.41,27.9,12.8,13.09,,27.26,0.053,29.3,Caution,2026-06-16,,,,2
SPARC.NS,2026-06-16,6.69,0.8,7.0,3.1,7.14,6.28,5.95,5,0.7423,1.0884,0.3262,0.4281,0.832,84.18,32.99,1.94,-1,69.52,32.86,4.98,276.89,164.0,41.78,-0.116,100.0,Buy,2026-06-16,,,,4
STARHEALTH.NS,2026-06-16,6.47,0.569,6.0,5.48,6.74,6.12,6.3,6,0.123,0.1406,0.009,0.1458,0.567,20.59,9.2,0.67,0,51.55,33.99,55.15,0.0,,,-0.291,75.3,Buy,2026-06-16,,,,4
SJVN.NS,2026-06-16,3.49,-0.369,2.5,3.68,3.74,3.1,3.58,5,0.0348,0.0652,-0.0119,-0.2491,-0.694,37.03,21.43,-0.08,0,49.52,9.53,45.2,4.51,5.57,226.53,-0.874,54.0,Avoid,2026-06-16,,,,1
SWSOLAR.NS,2026-06-16,6.11,0.462,6.0,4.0,6.45,5.75,5.69,4,-0.0169,0.2506,0.0828,-0.3492,-0.735,53.7,26.55,1.09,0,61.95,12.75,15.1,-35.95,26.8,182.95,-1.137,66.7,Hold,2026-06-16,,,,3
SUNDRMFAST.NS,2026-06-16,6.05,0.185,5.0,6.06,6.33,5.61,6.11,9,-0.0861,0.0645,0.0061,-0.1441,-0.567,27.97,16.11,0.97,0,56.48,14.02,30.47,14.58,,14.53,-0.973,32.8,Hold,2026-06-16,,,,3
SUNDARMFIN.NS,2026-06-16,2.62,-0.354,1.5,2.97,2.88,2.2,2.76,4,-0.0631,-0.1208,-0.0199,-0.1039,-0.28,35.82,19.93,-0.38,0,55.74,34.97,23.93,14.66,9.45,408.13,-0.188,18.7,Avoid,2026-06-16,,,,1
SUPREMEIND.NS,2026-06-16,6.56,-0.4,9.5,6.59,5.73,7.8,6.39,9,0.1073,-0.0919,0.0349,-0.1601,-0.501,24.47,17.11,-0.62,0,50.74,14.95,47.39,16.13,20.7,1.47,-0.944,53.5,Buy,2026-06-16,,,,4
SYNGENE.NS,2026-06-16,4.23,-0.108,2.5,5.47,4.52,3.69,4.58,8,-0.2997,0.1047,-0.0387,-0.3154,-1.023,42.21,22.26,0.53,0,51.21,22.15,57.43,6.62,10.1,9.47,-0.863,7.6,Avoid,2026-06-16,,,,1
THERMAX.NS,2026-06-16,6.47,0.846,4.0,5.81,7.25,5.33,6.48,8,0.6846,0.4466,0.0675,0.3332,0.876,47.81,17.43,0.99,0,55.65,49.87,73.67,13.69,14.9,42.17,-0.305,99.5,Buy,2026-06-16,,,,4
TATACHEM.NS,2026-06-16,3.52,-0.338,1.5,4.46,3.94,2.81,3.82,6,-0.024,0.1276,0.0061,-0.2059,-0.706,43.34,17.79,0.31,0,49.1,23.06,68.6,-7.68,3.42,36.08,-0.858,53.0,Avoid,2026-06-16,,,,1
TATAINVEST.NS,2026-06-16,5.11,-0.185,6.0,5.39,4.83,5.53,5.12,8,-0.0629,0.0882,0.0194,-0.0174,-0.043,38.21,20.97,0.17,0,51.72,17.19,78.52,1.44,1.29,0.01,-0.18,41.9,Hold,2026-06-16,,,,3
TIMKEN.NS,2026-06-16,6.94,0.908,5.0,6.01,7.62,5.98,6.87,8,0.1952,0.0541,0.0272,0.0764,0.244,33.33,17.76,1.03,0,56.06,12.67,65.76,14.41,19.0,0.5,-0.588,78.8,Buy,2026-06-16,,,,4
TRIDENT.NS,2026-06-16,5.04,-0.092,3.5,5.87,5.35,4.52,5.3,7,-0.0794,0.126,0.0408,-0.1891,-0.567,30.96,18.32,0.41,0,56.61,13.76,33.68,8.03,9.89,38.32,-0.763,44.9,Hold,2026-06-16,,,,3
TTKPRESTIG.NS,2026-06-16,4.99,0.092,3.5,5.79,5.28,4.48,5.23,8,-0.1552,0.0999,0.0359,-0.1151,-0.368,34.09,17.91,1.0,0,54.72,38.25,46.25,12.5,12.5,,-0.689,27.8,Caution,2026-06-16,,,,2
UCOBANK.NS,2026-06-16,5.15,0.154,4.0,4.52,5.57,4.57,5.09,5,-0.0788,0.064,0.063,-0.1569,-0.451,34.75,20.2,0.93,0,58.65,13.84,11.91,8.63,5.55,,-1.077,38.4,Hold,2026-06-16,,,,3
NETWORK18.NS,2026-06-16,3.36,-0.015,1.5,2.4,4.03,2.43,3.28,4,-0.2125,0.1018,0.0491,-0.3881,-0.871,52.37,26.02,0.63,0,58.44,17.14,34.1,3.17,,65.92,-0.983,21.2,Avoid,2026-06-16,,,,1
VAIBHAVGBL.NS,2026-06-16,6.33,0.462,6.0,5.63,6.52,6.08,6.21,9,0.0227,0.1605,0.0844,-0.0389,-0.091,46.41,25.64,1.74,0,63.25,15.89,15.42,17.75,16.3,25.23,-0.442,63.6,Buy,2026-06-16,,,,4
VSTIND.NS,2026-06-16,7.6,0.615,8.0,5.77,7.76,7.49,7.21,8,0.0143,0.2057,0.0072,-0.0759,-0.207,34.26,15.93,0.62,0,55.47,30.51,15.06,21.11,34.4,,-0.627,62.1,Strong Buy,2026-06-16,,,,5
RELIANCE.NS,2026-06-16,3.63,-0.446,2.5,5.45,3.67,3.43,4.06,7,-0.1423,-0.0431,0.0093,-0.0703,-0.335,25.7,15.89,-0.43,0,52.63,23.3,22.25,9.14,10.3,36.65,-0.538,11.3,Avoid,2026-06-16,,,,1
MTARTECH.NS,2026-06-16,7.41,0.662,6.0,6.72,7.91,6.71,7.35,9,2.2822,1.2391,0.1305,3.5797,7.193,83.31,39.01,1.13,-1,56.96,26.85,249.63,12.12,15.1,45.78,1.938,100.0,Strong Buy,2026-06-16,,,,5
HDFCBANK.NS,2026-06-16,3.81,-0.031,2.5,3.89,4.16,3.27,3.9,4,-0.2163,-0.0663,0.0294,-0.1813,-0.925,31.6,19.14,0.62,0,59.96,18.51,17.5,13.82,7.04,,-0.359,7.3,Avoid,2026-06-16,,,,1
ICICIBANK.NS,2026-06-16,5.16,0.154,3.0,5.39,5.72,4.28,5.33,6,-0.0232,0.0482,0.0754,-0.0566,-0.303,24.67,12.39,1.31,0,64.03,19.1,17.85,16.36,7.2,,0.191,33.3,Caution,2026-06-16,,,,2
SUZLON.NS,2026-06-16,7.79,0.738,8.5,5.29,7.97,7.71,7.25,7,0.0924,0.4123,0.0947,-0.1181,-0.297,41.74,19.72,1.16,0,62.99,14.39,25.07,40.64,35.1,5.87,0.033,66.0,Strong Buy,2026-06-16,,,,5
GROWW.NS,2026-06-16,7.12,0.077,10.0,5.39,6.58,8.07,6.61,7,0.3759,0.2632,0.0709,,,50.4,26.09,0.45,0,55.48,15.95,58.73,28.72,37.3,3.03,1.742,73.3,Buy,2026-06-16,,,,4
NETWEB.NS,2026-06-16,6.57,1.0,4.0,5.35,7.47,5.31,6.48,8,0.526,0.5138,0.3038,1.7066,3.028,61.1,28.84,1.93,-1,63.39,24.92,134.04,32.83,,39.02,0.589,88.7,Hold,2026-06-16,,,,3
LALPATHLAB.NS,2026-06-16,7.33,0.538,7.5,5.82,7.51,7.17,7.02,8,0.1453,0.2245,-0.0362,0.1125,0.4,41.53,14.43,1.2,0,61.74,21.71,51.85,21.48,28.3,7.83,0.152,58.7,Strong Buy,2026-06-16,,,,5
FACT.NS,2026-06-16,5.29,0.738,2.0,3.7,6.44,3.66,5.16,4,0.2064,0.2387,0.1464,-0.0313,-0.064,39.09,19.7,2.61,-1,75.04,18.54,4363.0,8.65,8.65,295.15,0.02,66.7,Caution,2026-06-16,,,,2
DIXON.NS,2026-06-16,5.59,0.185,4.5,5.2,5.96,5.07,5.58,7,-0.0855,0.1921,0.1074,-0.1569,-0.388,44.15,22.62,2.07,-1,64.88,13.08,45.48,37.13,42.0,18.46,-0.086,37.3,Hold,2026-06-16,,,,3
IFCI.NS,2026-06-16,4.89,1.0,1.5,2.68,6.16,3.13,4.64,4,0.8234,0.5934,0.4385,0.4247,0.751,70.9,29.0,2.77,-1,69.63,41.37,128.7,5.03,5.03,,0.194,95.3,Caution,2026-06-16,,,,2
INFY.NS,2026-06-16,3.66,-0.692,4.5,4.08,3.37,4.08,3.7,8,-0.269,-0.0652,-0.0239,-0.2626,-1.006,33.54,20.98,-0.69,0,47.18,15.49,15.04,31.44,40.0,9.83,-0.634,5.3,Avoid,2026-06-16,,,,1
LT.NS,2026-06-16,6.71,0.738,4.5,5.62,7.49,5.62,6.62,7,0.0376,0.2184,0.0781,0.173,0.687,32.99,15.19,1.5,0,65.97,13.49,35.86,16.95,14.6,97.64,0.063,53.3,Buy,2026-06-16,,,,4
BSE.NS,2026-06-16,8.34,0.631,10.0,6.1,8.21,8.7,7.8,8,0.5219,0.4541,-0.0068,0.5113,0.97,40.05,19.38,1.06,0,59.47,29.12,69.1,36.0,58.0,0.0,2.086,82.0,Strong Buy,2026-06-16,,,,5
M&M.NS,2026-06-16,5.38,-0.323,8.0,5.14,4.69,6.45,5.19,7,-0.1472,0.0335,0.0147,0.0477,0.164,33.66,19.03,0.3,0,55.79,17.06,20.6,18.75,15.4,125.07,-0.094,15.3,Hold,2026-06-16,,,,3
BHARTIARTL.NS,2026-06-16,4.31,-0.385,4.0,5.8,4.17,4.4,4.62,7,-0.1106,0.0359,-0.0316,0.0132,0.063,23.84,14.5,0.43,0,54.58,19.24,41.76,19.36,18.5,99.72,0.402,16.7,Avoid,2026-06-16,,,,1
RPTECH.NS,2026-06-16,6.98,1.0,6.0,4.8,7.58,6.24,6.6,8,0.922,0.8986,0.2197,1.1713,2.794,54.25,19.97,2.41,-1,79.43,41.07,16.08,14.94,16.8,48.65,0.859,97.3,Buy,2026-06-16,,,,4
HINDALCO.NS,2026-06-16,4.83,-0.292,4.5,5.42,4.84,4.78,4.97,7,0.1529,0.0665,-0.0629,0.52,1.802,32.13,18.66,-0.57,0,32.26,26.14,16.31,10.29,13.7,72.6,0.519,48.7,Caution,2026-06-16,,,,2
APOLLO.NS,2026-06-16,6.79,1.0,6.0,4.26,7.39,6.08,6.33,7,0.8451,1.2346,0.2781,1.3523,2.318,75.06,29.11,1.57,-1,65.36,42.66,137.8,11.21,14.5,41.53,1.643,98.0,Buy,2026-06-16,,,,4
AXISBANK.NS,2026-06-16,5.09,0.723,1.5,3.64,6.31,3.36,5.01,4,0.0619,0.1243,0.1029,0.1269,0.544,29.04,15.26,1.48,0,68.92,17.77,16.18,13.15,6.24,,0.032,50.7,Caution,2026-06-16,,,,2
SBIN.NS,2026-06-16,5.94,0.554,4.5,4.34,6.58,5.09,5.7,5,0.0731,-0.031,0.0701,0.2825,1.257,29.65,20.71,0.08,0,59.74,17.48,11.14,15.48,6.13,,0.241,38.7,Hold,2026-06-16,,,,3
MEESHO.NS,2026-06-16,3.79,-0.523,3.5,4.44,3.77,3.76,3.93,4,0.0121,0.2399,-0.1328,,,57.21,24.97,-0.37,0,38.49,19.72,-53.56,-46.56,-35.6,1.43,-0.156,42.0,Avoid,2026-06-16,,,,1
MSTCLTD.NS,2026-06-16,7.2,0.754,7.0,4.8,7.61,6.76,6.73,7,0.529,0.7471,0.6764,0.3361,0.744,68.1,23.43,4.38,-1,86.01,41.08,22.83,26.6,30.3,16.04,-0.311,94.0,Buy,2026-06-16,,,,4
HCLTECH.NS,2026-06-16,4.18,-0.446,5.5,3.47,3.92,4.63,3.96,7,-0.2889,-0.111,-0.0173,-0.2895,-1.116,35.65,27.47,-0.8,0,47.44,19.55,18.89,23.36,30.6,6.93,-0.511,3.3,Avoid,2026-06-16,,,,1
MMTC.NS,2026-06-16,7.49,1.0,7.5,4.98,7.87,7.12,6.99,7,0.3696,0.4413,0.1647,0.0629,0.122,49.87,24.75,2.76,-1,69.62,23.56,29.36,20.27,8.66,0.11,-0.223,78.7,Strong Buy,2026-06-16,,,,5
SONATSOFTW.NS,2026-06-16,5.94,0.246,7.0,4.73,5.82,6.2,5.63,7,-0.107,0.335,0.1759,-0.233,-0.492,63.72,26.22,2.72,-1,71.58,29.24,18.59,25.72,30.6,37.96,-0.658,48.0,Hold,2026-06-16,,,,3
BAJFINANCE.NS,2026-06-16,4.96,0.154,5.0,3.11,5.22,4.7,4.59,5,-0.0567,0.0928,0.0391,0.0243,0.089,36.73,20.57,1.39,0,62.81,14.77,31.43,17.91,10.8,313.41,0.32,30.0,Caution,2026-06-16,,,,2
HSCL.NS,2026-06-16,7.46,1.0,7.0,5.31,7.91,6.94,7.06,8,0.4824,0.5655,0.2242,0.448,1.161,40.96,21.4,1.58,-1,67.29,31.77,45.79,17.7,22.1,16.14,0.83,87.3,Strong Buy,2026-06-16,,,,5
PINELABS.NS,2026-06-16,2.92,-0.662,2.5,4.5,2.8,2.98,3.26,7,-0.3671,-0.0795,0.0047,,,54.26,34.25,-0.82,1,45.62,19.07,148.6,2.39,4.16,7.47,-1.396,2.0,Avoid,2026-06-16,,,,1
LLOYDSENGG.NS,2026-06-16,7.06,0.938,7.5,4.05,7.39,6.79,6.43,7,0.5347,0.9356,0.168,0.3132,0.606,62.85,28.97,1.64,-1,67.05,30.12,53.65,16.82,17.1,6.45,0.017,92.7,Buy,2026-06-16,,,,4
IDEA.NS,2026-06-16,6.17,0.938,3.5,4.63,7.14,4.81,6.01,5,0.256,0.557,0.0814,1.1563,2.166,44.69,21.58,1.35,-1,64.26,46.69,4.55,-1.6,-1.6,,-0.252,76.0,Hold,2026-06-16,,,,3
NATIONALUM.NS,2026-06-16,6.55,-0.2,9.0,6.0,5.95,7.5,6.3,7,0.3413,-0.0101,-0.081,1.0486,2.598,40.17,27.18,-1.63,1,35.75,23.33,10.96,29.42,39.6,0.28,1.006,62.7,Hold,2026-06-16,,,,3
PGEL.NS,2026-06-16,4.2,0.185,1.5,3.79,5.01,3.0,4.27,6,-0.0699,0.0396,0.1315,-0.3035,-0.534,51.72,27.04,0.74,0,62.11,19.69,76.44,6.69,10.3,19.57,0.468,28.7,Avoid,2026-06-16,,,,1
ADANIPOWER.NS,2026-06-16,6.65,0.431,7.0,4.85,6.83,6.53,6.27,7,0.5406,0.4449,0.016,0.9624,2.198,39.39,18.83,0.54,0,49.01,20.14,33.63,20.91,17.2,82.33,0.362,82.7,Buy,2026-06-16,,,,4
TCS.NS,2026-06-16,3.8,-0.815,5.5,6.14,2.97,4.87,4.17,9,-0.2953,-0.0749,-0.0422,-0.3345,-1.441,33.16,23.47,-1.28,0,43.52,16.0,16.17,48.4,63.0,10.39,-1.213,4.0,Avoid,2026-06-16,,,,1
MCX.NS,2026-06-16,6.91,-0.246,10.0,6.42,6.13,8.14,6.64,9,0.4197,0.129,-0.155,0.9281,2.396,38.17,23.17,0.02,0,45.32,30.17,55.36,37.88,71.4,0.11,2.272,68.7,Buy,2026-06-16,,,,4
VEDL.NS,2026-06-16,3.77,-0.908,6.0,5.17,2.94,4.92,3.92,8,-0.439,-0.5552,-0.1117,-0.3025,-0.53,140.24,132.74,-0.94,1,30.39,34.89,16.72,20.4,16.5,48.04,-0.339,0.7,Avoid,2026-06-16,,,,1
EXICOM.NS,2026-06-16,5.44,1.0,2.0,3.83,6.64,3.75,5.32,4,0.5096,0.958,0.4523,-0.16,-0.281,90.07,37.3,1.97,-1,64.12,34.78,-8.25,-43.34,-14.7,109.47,-0.623,94.7,Hold,2026-06-16,,,,3
HFCL.NS,2026-06-16,6.25,0.631,4.0,5.27,7.02,5.15,6.18,6,1.8392,1.6516,0.3677,1.1498,2.413,63.17,26.96,1.48,-1,65.75,54.57,88.72,7.27,10.9,38.32,0.366,99.3,Hold,2026-06-16,,,,3
OLAELEC.NS,2026-06-16,4.07,0.538,1.0,3.08,5.08,2.63,4.05,2,0.1739,0.7717,0.1774,-0.0887,-0.134,80.11,31.77,1.08,-1,56.32,40.36,-10.35,-43.16,-19.6,82.45,-0.61,80.0,Avoid,2026-06-16,,,,1
COFORGE.NS,2026-06-16,6.81,0.092,9.0,5.27,6.43,7.5,6.38,9,-0.2068,0.3555,0.0374,-0.1735,-0.466,47.82,24.16,1.54,-1,60.47,20.83,33.37,18.6,23.5,7.52,0.341,30.7,Buy,2026-06-16,,,,4
ZEEL.NS,2026-06-16,5.45,0.554,3.0,4.23,6.32,4.24,5.35,6,0.1807,0.4749,0.2681,-0.1562,-0.357,62.27,27.34,2.02,-1,64.49,35.58,39.43,2.33,2.75,2.26,-0.512,74.0,Hold,2026-06-16,,,,3
TATASTEEL.NS,2026-06-16,5.68,-0.123,6.5,6.27,5.36,6.11,5.75,8,0.1638,0.0701,-0.0442,0.3084,1.11,25.53,16.04,-0.87,0,38.59,17.66,22.69,11.16,12.5,89.02,0.036,52.0,Hold,2026-06-16,,,,3
ADANIENT.NS,2026-06-16,5.56,0.938,2.0,4.17,6.76,3.85,5.49,5,0.2903,0.4888,0.0807,0.1583,0.42,41.38,17.67,1.2,-1,62.91,48.0,40.02,13.66,5.8,119.56,-0.325,75.3,Hold,2026-06-16,,,,3
YESBANK.NS,2026-06-16,5.67,0.8,2.5,4.05,6.79,4.09,5.52,6,0.0899,0.2886,0.0874,0.1699,0.539,35.26,18.08,1.57,-1,64.56,25.55,21.33,7.09,5.98,,-0.2,62.0,Hold,2026-06-16,,,,3
NTPC.NS,2026-06-16,4.89,-0.2,4.0,5.55,5.04,4.62,5.08,6,0.1021,-0.0702,-0.0869,0.0936,0.416,20.82,12.82,-1.69,0,34.2,33.71,11.67,13.69,8.33,118.13,-0.269,31.3,Caution,2026-06-16,,,,2
WABAG.NS,2026-06-16,7.65,1.0,8.0,4.99,7.95,7.4,7.09,8,0.4082,0.4292,0.261,0.1175,0.28,42.9,22.1,2.51,-1,73.99,20.93,25.34,15.67,21.3,8.87,0.447,81.3,Strong Buy,2026-06-16,,,,5
CUPID.NS,2026-06-16,8.17,0.985,8.5,6.05,8.39,7.99,7.73,8,1.0925,1.0938,0.4421,7.5988,15.616,43.5,22.83,2.19,-1,86.72,32.48,208.72,27.3,33.5,12.51,3.982,98.7,Strong Buy,2026-06-16,,,,5
ETERNAL.NS,2026-06-16,5.24,-0.015,5.0,5.78,5.23,5.22,5.36,9,-0.1491,0.1421,0.0258,0.0081,0.021,36.75,19.95,0.86,0,54.83,10.89,667.37,1.19,2.97,14.83,0.25,18.7,Caution,2026-06-16,,,,2
SILVERBEES.NS,2026-06-16,4.78,-0.123,5.0,5.0,4.69,4.91,4.82,0,,,,,,,,0.0,0,47.09,16.24,,,,,1.334,58.0,Caution,2026-06-16,,,,2
GICRE.NS,2026-06-16,3.3,-0.631,2.5,4.43,3.35,3.13,3.57,6,-0.0626,-0.0114,-0.0794,-0.0654,-0.185,31.41,20.45,-2.3,1,36.67,15.14,6.51,10.69,17.4,,-0.22,17.3,Avoid,2026-06-16,,,,1
ASHOKLEY.NS,2026-06-16,5.3,-0.015,6.0,4.07,5.29,5.41,5.01,6,-0.0162,-0.0669,0.0649,0.3799,1.15,51.8,26.44,0.04,0,56.79,22.32,26.82,21.64,13.8,344.74,0.359,21.3,Caution,2026-06-16,,,,2
LAURUSLABS.NS,2026-06-16,6.76,0.6,4.5,6.45,7.43,5.76,6.83,9,0.361,0.434,0.0234,1.0681,3.23,30.69,14.47,1.09,0,57.13,38.49,83.98,17.74,17.8,46.37,2.263,76.7,Buy,2026-06-16,,,,4
ONGC.NS,2026-06-16,4.79,-0.585,6.0,6.47,4.2,5.55,5.06,8,0.0673,-0.047,-0.1629,0.0555,0.206,27.85,16.43,-2.17,1,28.56,35.41,7.53,12.7,14.2,42.55,-0.243,22.7,Caution,2026-06-16,,,,2
KAYNES.NS,2026-06-16,2.43,-0.785,2.5,3.72,2.22,2.65,2.68,6,-0.255,-0.1062,0.0278,-0.4198,-0.818,62.91,47.29,-1.0,1,43.71,27.89,58.25,9.57,13.2,19.17,-0.318,6.0,Avoid,2026-06-16,,,,1
SHRIRAMFIN.NS,2026-06-16,6.4,0.708,6.5,3.19,6.86,5.96,5.76,5,0.186,0.0139,0.0845,0.5215,1.438,48.68,27.07,1.08,0,62.69,19.33,18.89,16.38,11.5,274.99,0.808,55.3,Hold,2026-06-16,,,,3
ITC.NS,2026-06-16,4.83,-0.6,7.0,5.8,4.08,5.89,4.9,6,-0.2355,-0.0281,-0.0345,-0.2735,-1.453,20.12,12.84,-0.12,0,54.02,22.94,17.68,29.34,38.9,3.29,-1.017,6.7,Caution,2026-06-16,,,,2
INDIGO.NS,2026-06-16,3.93,0.138,1.0,4.69,4.64,2.81,4.25,5,0.0044,0.164,0.1441,-0.139,-0.454,44.97,23.08,2.16,-1,65.5,13.16,-78.09,7.12,7.12,866.46,-0.007,47.3,Avoid,2026-06-16,,,,1
AEGISLOG.NS,2026-06-16,7.05,0.969,6.0,5.14,7.62,6.32,6.73,9,0.3419,0.6317,0.4071,0.2413,0.512,50.57,17.93,3.12,-1,84.55,43.95,38.52,15.26,13.6,47.24,0.067,86.7,Buy,2026-06-16,,,,4
ADANIPORTS.NS,2026-06-16,6.0,0.708,3.0,5.02,6.98,4.59,5.97,8,0.2015,0.3317,0.0379,0.2717,0.903,31.6,16.05,1.06,0,59.89,19.9,31.25,15.59,14.1,64.05,0.217,68.0,Hold,2026-06-16,,,,3
BEL.NS,2026-06-16,5.41,-0.369,6.0,6.15,5.13,5.77,5.52,8,0.0509,-0.0511,-0.0364,0.0589,0.202,24.24,15.59,-1.17,0,41.75,33.96,49.28,27.56,36.5,0.27,0.266,28.0,Hold,2026-06-16,,,,3
DATAPATTNS.NS,2026-06-16,6.39,0.877,4.0,4.82,7.29,5.15,6.21,7,0.7259,0.4462,0.2319,0.5327,1.038,54.9,24.28,1.5,-1,59.51,18.94,91.97,16.73,,0.3,0.284,92.0,Hold,2026-06-16,,,,3
MARUTI.NS,2026-06-16,6.03,-0.046,7.0,5.46,5.85,6.35,5.86,7,-0.1713,0.0732,0.0567,0.117,0.515,26.76,15.35,1.5,0,62.54,16.25,29.34,14.43,19.0,0.1,-0.042,16.0,Hold,2026-06-16,,,,3
AMBER.NS,2026-06-16,4.96,0.338,2.0,4.76,5.81,3.68,5.09,8,0.1788,0.1964,0.0957,0.197,0.402,54.3,36.74,0.43,0,53.95,12.36,155.31,5.58,10.2,46.57,0.69,64.0,Caution,2026-06-16,,,,2
JIOFIN.NS,2026-06-16,3.04,-0.231,2.0,3.12,3.32,2.61,3.12,5,-0.1955,0.0324,0.0372,-0.1813,-0.602,34.61,20.93,0.43,0,55.19,20.33,99.98,1.21,1.86,16.29,-0.833,12.0,Avoid,2026-06-16,,,,1
SAIL.NS,2026-06-16,5.48,-0.062,4.5,6.1,5.65,5.16,5.66,8,0.3722,0.2509,-0.0907,0.41,1.124,44.89,22.39,0.03,0,39.53,27.66,22.13,5.66,7.79,52.9,0.093,70.7,Hold,2026-06-16,,,,3
TMCV.NS,2026-06-16,5.6,0.277,4.0,5.18,6.1,4.86,5.6,6,0.1013,-0.0601,0.0862,,,50.3,28.5,0.32,0,62.72,25.95,49.54,26.05,35.9,44.09,0.942,41.3,Hold,2026-06-16,,,,3
KOTAKBANK.NS,2026-06-16,4.95,0.462,1.5,4.54,5.97,3.43,5.06,5,-0.0631,0.1027,0.0678,-0.0401,-0.182,24.13,14.09,2.66,-1,70.18,18.73,21.03,11.39,6.93,,0.122,32.0,Caution,2026-06-16,,,,2
MOTISONS.NS,2026-06-16,5.26,0.077,6.0,3.5,5.32,5.31,4.87,7,-0.1153,0.0833,0.199,-0.3221,-0.601,63.28,34.58,1.18,0,59.76,28.2,21.6,13.96,,7.79,-0.364,29.3,Caution,2026-06-16,,,,2
BAJAJFINSV.NS,2026-06-16,4.11,0.138,1.5,3.76,4.89,2.96,4.19,5,-0.142,0.0076,0.0214,-0.1186,-0.49,28.62,15.6,0.6,0,57.19,27.46,29.26,14.6,10.5,256.36,-0.024,14.0,Avoid,2026-06-16,,,,1
CHOLAFIN.NS,2026-06-16,5.79,0.492,6.0,2.93,6.16,5.45,5.2,5,-0.0311,0.1004,0.1118,0.0637,0.19,45.35,21.8,1.81,0,64.87,15.01,27.17,19.33,9.7,693.26,0.038,38.0,Hold,2026-06-16,,,,3
SWIGGY.NS,2026-06-16,3.65,-0.446,3.5,4.66,3.54,3.74,3.86,5,-0.3766,-0.0877,-0.004,-0.2709,-0.596,40.87,24.24,-0.51,0,52.2,21.14,-15.39,-29.12,-24.1,13.93,-0.81,1.3,Avoid,2026-06-16,,,,1
WAAREEENER.NS,2026-06-16,6.3,-0.215,8.5,5.78,5.76,7.15,6.07,8,0.0284,0.0981,0.0219,0.0798,0.159,32.46,25.07,-0.67,0,48.09,13.46,23.8,31.57,38.8,21.4,0.236,40.7,Hold,2026-06-16,,,,3
EICHERMOT.NS,2026-06-16,6.82,0.708,6.5,5.37,7.12,6.47,6.55,8,0.0459,0.1074,0.0985,0.4408,1.697,35.3,17.93,2.0,-1,64.12,16.59,37.7,23.77,30.5,2.05,0.739,45.3,Buy,2026-06-16,,,,4
KALYANKJIL.NS,2026-06-16,5.83,-0.262,8.5,4.68,5.26,6.78,5.45,8,-0.2102,-0.008,0.1,-0.2678,-0.592,51.74,29.41,-0.22,0,55.83,21.91,28.99,24.31,20.5,96.97,-0.262,10.0,Hold,2026-06-16,,,,3
PERSISTENT.NS,2026-06-16,5.27,-0.662,8.0,5.5,4.47,6.45,5.16,8,-0.2055,0.0814,-0.0098,-0.1476,-0.416,37.4,24.21,-0.11,0,49.8,12.01,42.21,26.35,34.4,6.09,0.243,12.7,Caution,2026-06-16,,,,2
DLF.NS,2026-06-16,4.7,0.185,3.5,3.51,5.22,4.02,4.53,6,-0.1002,0.1866,0.0899,-0.2523,-0.808,35.67,19.48,1.86,0,65.57,15.15,35.31,10.03,6.34,0.67,-0.69,35.3,Caution,2026-06-16,,,,2
APARINDS.NS,2026-06-16,6.72,1.0,4.0,5.77,7.62,5.43,6.69,8,0.7918,0.773,0.3116,1.0354,2.18,43.42,21.91,2.63,-1,77.75,34.65,66.98,19.74,31.1,17.72,0.696,96.7,Buy,2026-06-16,,,,4
TITAN.NS,2026-06-16,7.24,0.708,6.5,5.57,7.69,6.68,6.95,8,0.118,0.0604,0.0575,0.2602,1.115,34.97,20.9,0.59,0,59.52,10.74,75.57,37.13,25.8,195.0,0.17,50.0,Buy,2026-06-16,,,,4
KPIL.NS,2026-06-16,7.29,0.923,6.0,6.08,7.83,6.56,7.12,9,0.1684,0.2551,0.0913,0.1674,0.481,33.71,15.97,1.72,0,65.48,37.69,22.43,14.51,16.6,45.81,0.079,65.3,Strong Buy,2026-06-16,,,,5
LENSKART.NS,2026-06-16,4.3,-0.154,2.0,6.35,4.64,3.64,4.85,8,0.2392,0.0087,0.021,,,31.97,16.8,-0.34,0,48.41,14.05,173.47,6.65,8.44,34.98,0.985,56.7,Avoid,2026-06-16,,,,1
GMRAIRPORT.NS,2026-06-16,6.04,0.785,2.5,5.2,7.16,4.42,6.07,7,0.0304,0.188,0.1412,0.3125,1.032,38.13,21.54,2.43,-1,67.27,17.24,827.0,11.6,11.6,,-0.053,52.7,Hold,2026-06-16,,,,3
COALINDIA.NS,2026-06-16,6.86,0.0,8.0,6.74,6.56,7.32,6.77,9,0.1919,-0.0203,-0.0131,0.2291,0.968,24.97,15.96,-0.51,0,43.96,14.37,8.94,28.12,35.3,11.63,-0.171,49.3,Buy,2026-06-16,,,,4
POLYCAB.NS,2026-06-16,7.38,0.831,5.5,6.38,8.06,6.44,7.29,9,0.3181,0.3458,0.0468,0.5942,1.764,32.47,16.27,1.15,0,61.65,26.97,54.25,24.58,33.2,2.56,0.313,72.7,Strong Buy,2026-06-16,,,,5
BANDHANBNK.NS,2026-06-16,6.94,1.0,6.0,4.69,7.54,6.21,6.54,6,0.4491,0.3335,0.1335,0.231,0.593,47.63,21.62,1.45,-1,65.05,24.38,28.56,4.88,,,-0.024,79.3,Buy,2026-06-16,,,,4
TVSMOTOR.NS,2026-06-16,4.78,-0.477,5.5,5.32,4.49,5.16,4.84,6,-0.0568,0.0215,0.0463,0.2585,0.952,32.1,17.99,-0.4,0,52.23,14.95,53.97,31.62,17.4,306.09,0.449,23.3,Caution,2026-06-16,,,,2
TATACONSUM.NS,2026-06-16,4.67,-0.338,3.5,6.02,4.79,4.38,5.0,9,-0.0077,0.0437,-0.0582,0.051,0.219,27.95,13.94,0.02,0,46.02,28.69,72.35,6.94,9.24,12.16,-0.236,26.0,Caution,2026-06-16,,,,2
TATAPOWER.NS,2026-06-16,3.69,-0.031,1.0,4.85,4.27,2.73,4.08,5,0.0531,0.03,-0.0307,0.0074,0.029,24.36,13.87,-0.58,0,43.32,18.76,34.32,11.34,10.5,168.05,-0.456,36.7,Avoid,2026-06-16,,,,1
QUADFUTURE.NS,2026-06-16,4.24,0.692,1.0,2.78,5.36,2.65,4.13,4,0.5372,0.4165,0.4224,-0.1725,-0.257,50.68,19.68,4.2,-1,81.85,43.02,-38.42,-15.45,,10.23,-0.176,89.3,Avoid,2026-06-16,,,,1
HINDUNILVR.NS,2026-06-16,4.69,-0.6,6.0,6.25,4.09,5.48,4.93,9,-0.0269,0.0111,-0.0148,-0.0395,-0.199,25.31,13.65,0.1,0,53.8,18.91,48.58,21.6,28.4,3.02,-0.559,22.0,Caution,2026-06-16,,,,2
TECHM.NS,2026-06-16,4.83,-0.677,7.0,6.19,4.03,5.95,4.98,9,-0.0834,0.0801,-0.0138,-0.0947,-0.359,34.13,20.79,0.03,0,47.82,12.66,26.71,16.61,23.1,7.27,-0.03,20.0,Caution,2026-06-16,,,,2
NIITLTD.NS,2026-06-16,6.2,0.846,4.0,5.06,6.99,5.1,6.1,8,0.1997,0.677,0.6537,-0.216,-0.378,81.7,36.35,2.86,-1,73.66,35.94,264.3,0.57,2.23,0.65,-0.083,84.7,Hold,2026-06-16,,,,3
FEDERALBNK.NS,2026-06-16,7.08,0.908,7.0,4.23,7.53,6.62,6.52,5,0.2267,0.2291,0.1186,0.5622,2.211,27.12,15.22,2.29,-1,74.12,27.9,18.35,11.73,6.39,,1.192,67.3,Buy,2026-06-16,,,,4
HCC.NS,2026-06-16,6.38,0.692,4.5,4.92,7.13,5.37,6.2,6,0.4208,0.7073,0.2167,-0.2618,-0.488,60.43,27.88,1.59,-1,65.25,21.7,33.99,10.91,22.8,47.91,-0.644,88.0,Hold,2026-06-16,,,,3
ATHERENERG.NS,2026-06-16,6.26,1.0,3.0,5.3,7.31,4.74,6.25,7,0.5471,0.3994,0.0964,2.1805,4.666,46.89,23.09,1.13,0,54.95,44.46,-111.64,-33.74,,25.82,4.039,84.0,Hold,2026-06-16,,,,3
BPCL.NS,2026-06-16,5.75,-0.031,7.0,5.58,5.43,6.25,5.64,8,-0.1209,0.0234,0.0895,0.0435,0.149,39.56,20.58,1.33,0,60.72,16.4,5.16,28.47,25.7,54.33,-0.037,18.0,Hold,2026-06-16,,,,3
BANKBARODA.NS,2026-06-16,5.1,0.415,3.0,3.92,5.86,4.04,4.98,5,-0.0007,0.0154,0.0908,0.1812,0.644,34.11,20.08,1.69,0,62.18,14.04,7.18,12.74,5.63,,-0.138,34.7,Caution,2026-06-16,,,,2
PARAS.NS,2026-06-16,7.15,1.0,6.5,4.87,7.68,6.54,6.73,8,0.6321,0.717,0.4275,0.38,0.612,59.96,27.46,2.34,-1,72.31,33.5,99.3,13.14,16.9,3.73,-0.291,93.3,Buy,2026-06-16,,,,4
ULTRACEMCO.NS,2026-06-16,3.8,-0.508,3.0,5.82,3.72,3.77,4.25,7,-0.0283,0.0263,0.002,0.0124,0.053,30.27,16.84,-0.1,0,52.2,22.09,41.05,10.59,12.8,29.43,-0.199,24.7,Avoid,2026-06-16,,,,1
DEVYANI.NS,2026-06-16,3.89,-0.354,2.0,5.16,4.22,3.28,4.25,6,-0.15,0.0606,-0.0379,-0.3214,-0.865,45.8,18.6,0.38,0,52.09,13.56,-368.32,-2.59,4.66,203.33,-0.696,14.7,Avoid,2026-06-16,,,,1
ASIANPAINT.NS,2026-06-16,8.69,0.846,10.0,6.27,8.69,8.88,8.13,9,-0.006,0.2392,0.0567,0.2402,1.069,28.84,13.91,1.39,0,67.11,36.02,60.8,20.89,26.3,17.85,-0.396,46.7,Strong Buy,2026-06-16,,,,5
INOXWIND.NS,2026-06-16,2.96,-0.446,3.0,3.12,2.93,3.0,2.99,4,-0.2714,0.158,-0.0572,-0.4857,-1.02,53.78,30.76,-0.12,0,50.87,21.04,34.26,6.75,10.5,20.63,-0.577,8.0,Avoid,2026-06-16,,,,1
NESTLEIND.NS,2026-06-16,6.09,-0.031,7.0,6.55,5.76,6.54,6.13,8,0.1299,0.1469,-0.0277,0.178,0.921,24.15,11.27,0.3,0,46.68,20.75,76.68,76.34,85.3,8.62,-0.045,54.0,Hold,2026-06-16,,,,3
CANBK.NS,2026-06-16,4.39,-0.262,4.5,3.98,4.41,4.37,4.3,4,-0.0642,0.0201,0.0877,0.2291,0.753,38.07,22.35,0.62,0,56.17,11.27,6.11,15.94,6.52,,0.053,24.0,Avoid,2026-06-16,,,,1
ABB.NS,2026-06-16,7.24,0.492,9.0,5.51,7.01,7.72,6.8,7,0.3357,0.1338,0.1093,0.1731,0.547,36.95,23.55,0.52,0,54.47,16.65,95.68,29.9,29.9,1.08,-0.539,70.0,Buy,2026-06-16,,,,4
INDUSTOWER.NS,2026-06-16,5.32,-0.062,4.5,5.65,5.5,5.02,5.43,9,-0.0083,-0.0359,-0.044,0.0758,0.253,27.58,17.02,-0.78,0,40.48,19.73,15.19,19.81,19.5,53.29,0.099,19.3,Hold,2026-06-16,,,,3
TMPV.NS,2026-06-16,4.62,0.062,3.0,5.33,4.97,4.05,4.86,6,0.1328,0.2519,0.0897,-0.4498,-1.071,38.19,18.82,1.35,0,59.32,24.73,22.7,-1.12,2.73,65.31,-1.036,63.3,Caution,2026-06-16,,,,2
SBILIFE.NS,2026-06-16,2.88,-0.785,1.5,5.87,2.82,2.75,3.56,7,-0.1263,-0.0742,-0.0605,0.0023,0.01,25.96,16.61,-1.22,0,43.09,23.83,71.77,13.7,,,0.152,8.7,Avoid,2026-06-16,,,,1
ADANIENSOL.NS,2026-06-16,5.69,0.877,2.0,4.55,6.89,3.97,5.68,6,0.4744,0.4963,0.1215,0.7003,1.52,48.07,23.16,0.94,0,55.36,26.27,79.95,9.66,9.65,194.5,0.312,83.3,Hold,2026-06-16,,,,3
HAL.NS,2026-06-16,4.5,-0.523,5.0,6.19,4.11,4.96,4.81,9,-0.0026,0.0876,-0.0179,-0.1312,-0.409,31.42,18.54,0.08,0,46.38,20.32,31.24,23.98,32.0,0.03,-0.562,34.0,Caution,2026-06-16,,,,2
DIACABS.NS,2026-06-16,7.29,0.892,8.0,3.97,7.59,7.09,6.58,7,0.4686,0.6196,0.0861,1.0569,2.154,57.39,27.36,1.36,-1,58.92,55.31,69.1,26.5,26.5,,0.672,86.0,Buy,2026-06-16,,,,4
SUNPHARMA.NS,2026-06-16,7.25,0.4,7.5,6.29,7.33,7.21,7.04,9,0.0105,0.0098,-0.0434,0.0776,0.388,25.3,14.0,0.31,0,48.52,14.9,37.62,14.72,20.5,5.52,0.175,26.7,Buy,2026-06-16,,,,4
OFSS.NS,2026-06-16,6.86,0.092,8.5,5.86,6.56,7.4,6.57,8,0.2231,0.5236,-0.0151,0.055,0.162,37.47,16.2,0.67,0,50.13,28.67,31.48,32.61,45.3,0.41,-0.1,72.0,Buy,2026-06-16,,,,4
ICICIAMC.NS,2026-06-16,5.32,-0.185,5.0,5.83,5.33,5.26,5.44,8,,0.1297,0.051,,,38.54,22.16,0.28,0,49.09,16.67,48.66,85.8,,4.07,1.585,42.7,Caution,2026-06-16,,,,2
ARVSMART.NS,2026-06-16,5.76,0.369,6.0,4.48,5.89,5.67,5.49,6,0.0321,0.1324,0.0251,-0.1488,-0.373,39.76,18.73,0.5,0,55.34,18.67,28.87,12.14,12.9,65.08,-0.296,43.3,Hold,2026-06-16,,,,3
BHEL.NS,2026-06-16,6.11,0.169,5.5,5.9,6.31,5.82,6.11,9,0.3474,0.5156,-0.0421,0.517,1.396,41.25,20.54,0.57,0,48.6,27.26,83.7,6.29,8.51,31.31,0.162,77.3,Hold,2026-06-16,,,,3
RRKABEL.NS,2026-06-16,7.19,1.0,5.5,5.84,7.87,6.28,7.02,8,0.5496,0.611,0.15,0.6218,1.657,48.66,18.47,1.46,-1,68.86,45.74,50.57,20.83,28.1,13.09,0.164,90.0,Buy,2026-06-16,,,,4
CGPOWER.NS,2026-06-16,7.43,0.877,6.5,5.65,7.95,6.77,7.13,8,0.4158,0.3465,0.148,0.3948,1.089,35.33,17.05,1.43,-1,64.45,22.12,122.65,19.56,27.0,1.44,0.308,78.0,Strong Buy,2026-06-16,,,,5
TRENT.NS,2026-06-16,6.01,-0.031,6.5,5.77,5.92,6.18,5.94,9,-0.2879,0.2105,0.0697,-0.4843,-1.101,39.26,19.73,1.05,0,60.59,12.16,89.99,27.13,28.3,36.03,-0.756,13.3,Hold,2026-06-16,,,,3
POWERGRID.NS,2026-06-16,4.46,-0.123,3.0,4.79,4.82,3.9,4.61,5,0.0939,-0.0423,-0.045,0.0189,0.083,19.71,11.64,-1.34,0,38.52,28.09,14.18,16.49,9.74,150.99,-0.472,36.0,Caution,2026-06-16,,,,2
HEROMOTOCO.NS,2026-06-16,6.4,-0.477,10.0,6.1,5.44,7.87,6.13,9,-0.1394,-0.0469,0.0047,0.1934,0.745,30.86,19.3,-0.3,0,54.24,15.36,17.54,28.03,35.8,3.57,-0.381,10.7,Hold,2026-06-16,,,,3
PREMEXPLN.NS,2026-06-16,7.64,0.969,8.0,4.98,7.94,7.4,7.09,7,0.4688,0.7085,0.406,0.2549,0.405,74.26,34.01,1.82,-1,65.04,28.0,86.6,17.04,22.6,11.13,-0.14,91.3,Strong Buy,2026-06-16,,,,5
MAXHEALTH.NS,2026-06-16,4.17,-0.154,2.5,5.53,4.43,3.67,4.53,8,-0.0529,0.0551,-0.0418,-0.1472,-0.465,25.91,17.02,0.78,0,56.36,15.77,69.62,14.33,14.7,32.37,0.008,20.7,Avoid,2026-06-16,,,,1
PFC.NS,2026-06-16,4.43,0.0,4.0,3.22,4.73,4.07,4.21,4,0.2642,0.0607,-0.0095,0.0721,0.215,31.06,20.39,-0.31,0,48.02,11.79,5.45,20.47,9.71,586.02,-0.333,61.3,Avoid,2026-06-16,,,,1
GVT&D.NS,2026-06-16,7.91,0.815,8.5,6.24,8.0,7.91,7.54,9,0.5971,0.3833,0.1111,1.1145,2.551,48.11,26.74,1.01,0,53.44,21.88,101.38,55.26,,0.89,1.651,85.3,Strong Buy,2026-06-16,,,,5
PARADEEP.NS,2026-06-16,5.29,0.185,5.0,3.92,5.58,4.96,5.04,4,-0.1413,0.2258,0.0824,-0.2237,-0.449,38.6,17.52,1.51,0,63.26,12.24,13.98,18.36,17.1,101.82,0.55,32.7,Caution,2026-06-16,,,,2
APOLLOHOSP.NS,2026-06-16,6.73,0.615,4.5,6.3,7.42,5.73,6.78,8,0.1832,0.1202,0.0454,0.2024,0.973,21.32,10.61,1.32,0,59.28,15.84,62.31,21.5,17.9,85.15,0.485,59.3,Buy,2026-06-16,,,,4
POLICYBZR.NS,2026-06-16,3.95,-0.938,5.0,5.69,3.4,4.65,4.24,8,-0.1803,0.0824,-0.1152,-0.1538,-0.38,32.36,19.43,-0.08,0,46.85,28.89,110.97,9.74,10.3,4.92,0.045,9.3,Avoid,2026-06-16,,,,1
RAIN.NS,2026-06-16,5.82,0.846,3.0,4.83,6.76,4.48,5.78,5,0.8175,0.727,0.2652,0.2973,0.677,63.73,26.32,1.45,-1,59.5,53.7,21.68,8.26,8.26,127.74,0.035,96.0,Hold,2026-06-16,,,,3
CMPDI.NS,2026-06-16,6.09,0.246,6.0,6.02,6.12,6.04,6.08,7,,,0.1158,,,,,0.0,0,64.84,43.25,30.09,28.36,,0.06,18.912,44.0,Hold,2026-06-16,,,,3
DIVISLAB.NS,2026-06-16,6.17,0.615,4.0,6.11,6.78,5.25,6.28,9,0.0439,0.1057,-0.0289,0.0036,0.014,20.36,10.66,0.8,0,54.1,20.32,69.57,16.19,22.0,0.04,0.621,40.0,Hold,2026-06-16,,,,3
ANGELONE.NS,2026-06-16,7.0,0.862,7.0,4.0,7.45,6.55,6.4,5,0.3635,0.6193,0.0617,0.1727,0.361,50.05,19.3,1.16,0,60.21,20.61,35.32,15.53,14.8,129.31,0.219,80.7,Buy,2026-06-16,,,,4
WIPRO.NS,2026-06-16,3.92,-0.8,4.0,5.76,3.62,4.23,4.28,8,-0.2809,-0.0638,-0.064,-0.264,-0.96,30.12,21.67,-1.67,0,36.78,23.84,14.56,15.44,17.9,22.85,-0.642,4.7,Avoid,2026-06-16,,,,1
CARTRADE.NS,2026-06-16,6.85,0.538,8.0,4.02,6.95,6.91,6.22,7,-0.1083,0.4395,0.3139,0.4662,0.864,56.97,24.35,2.79,-1,72.57,38.98,53.4,9.85,11.8,5.36,1.198,60.7,Buy,2026-06-16,,,,4
PHOENIXLTD.NS,2026-06-16,6.8,0.738,5.5,5.02,7.43,5.98,6.52,7,0.075,0.1934,0.085,0.15,0.419,33.64,17.96,1.43,0,66.02,16.65,53.24,11.06,12.8,37.21,-0.203,54.7,Buy,2026-06-16,,,,4
IDFCFIRSTB.NS,2026-06-16,4.71,0.569,1.5,3.33,5.81,3.15,4.62,4,-0.0582,0.2339,0.1429,0.0974,0.322,33.53,18.04,2.19,-1,72.66,29.5,41.22,5.98,5.98,,-0.292,44.7,Caution,2026-06-16,,,,2
PRESTIGE.NS,2026-06-16,5.65,0.492,5.5,3.97,5.95,5.34,5.33,6,-0.0842,0.2166,0.1046,-0.0715,-0.19,41.55,23.67,1.89,0,66.9,13.55,54.66,8.0,10.4,105.49,-0.476,39.3,Hold,2026-06-16,,,,3
HINDPETRO.NS,2026-06-16,6.38,0.185,7.0,5.3,6.37,6.48,6.13,8,-0.1263,0.1357,0.083,0.0613,0.176,47.38,22.68,1.35,0,58.22,13.11,4.74,30.93,22.2,85.37,0.11,25.3,Hold,2026-06-16,,,,3
VBL.NS,2026-06-16,6.48,0.662,4.0,5.79,7.28,5.33,6.49,7,0.1298,0.3318,0.051,0.1388,0.42,33.63,14.95,1.09,0,63.25,19.29,57.5,19.7,19.7,12.71,-0.458,64.7,Hold,2026-06-16,,,,3
LTM.NS,2026-06-16,4.43,-0.785,6.0,5.44,3.84,5.24,4.55,8,-0.3539,-0.0349,-0.0457,-0.2472,-0.823,40.15,25.74,-0.82,0,47.93,14.51,23.68,21.29,29.6,9.58,-0.539,2.7,Caution,2026-06-16,,,,2
CHAMBLFERT.NS,2026-06-16,7.39,0.492,9.5,5.51,7.08,8.0,6.89,8,0.1303,0.1863,0.0811,-0.0818,-0.219,32.95,17.91,2.4,-1,62.62,14.17,10.05,20.45,25.5,10.27,0.035,60.0,Buy,2026-06-16,,,,4
NMDC.NS,2026-06-16,7.64,0.338,9.5,6.0,7.37,8.18,7.21,8,0.1646,0.1358,-0.0104,0.2709,0.833,33.47,18.93,0.13,0,45.29,15.44,10.4,23.36,27.6,18.8,-0.075,56.0,Strong Buy,2026-06-16,,,,5
LIQUIDBEES.NS,2026-06-16,6.53,0.677,5.0,5.0,7.19,5.66,6.32,0,,,,,,,,0.0,0,53.1,92.77,,,,,-3.396,27.3,Hold,2026-06-16,,,,3
DMART.NS,2026-06-16,6.61,0.354,6.0,5.96,6.87,6.25,6.51,9,0.0932,0.1004,-0.0082,0.0312,0.113,31.57,14.44,-0.23,0,53.81,28.23,92.34,12.94,17.2,9.91,-0.554,46.0,Hold,2026-06-16,,,,3
BAJAJ-AUTO.NS,2026-06-16,6.62,-0.062,9.0,5.52,6.13,7.46,6.27,8,0.118,0.1109,-0.0124,0.2063,0.802,26.46,13.59,0.23,0,40.81,18.6,25.83,28.05,28.2,56.29,-0.171,51.3,Buy,2026-06-16,,,,4
POWERINDIA.NS,2026-06-16,6.78,0.292,6.5,6.33,6.92,6.59,6.71,9,0.7783,0.4352,0.0414,1.04,2.083,41.21,22.08,0.74,0,51.7,22.27,156.45,21.04,,1.66,1.404,90.7,Buy,2026-06-16,,,,4
NBCC.NS,2026-06-16,6.45,0.6,7.0,3.43,6.75,6.23,5.81,6,-0.0027,0.3168,0.1725,-0.0898,-0.211,42.03,24.27,2.04,-1,65.24,28.73,40.88,25.23,31.0,0.01,-0.091,57.3,Hold,2026-06-16,,,,3
ZENTEC.NS,2026-06-16,5.91,0.754,3.0,4.54,6.93,4.48,5.8,6,0.3352,0.3094,0.1855,-0.0245,-0.051,46.83,25.49,1.87,-1,65.99,13.64,86.39,11.83,16.2,0.95,0.36,74.7,Hold,2026-06-16,,,,3
TEJASNET.NS,2026-06-16,4.52,0.8,1.0,2.05,5.87,2.67,4.23,2,0.2129,0.3011,0.2565,-0.17,-0.315,64.49,31.84,1.94,-1,63.8,41.53,-11.32,-26.82,-14.6,142.52,-0.774,71.3,Caution,2026-06-16,,,,2
SOLARINDS.NS,2026-06-16,6.65,-0.062,9.0,5.61,6.16,7.49,6.31,8,0.3565,0.2,-0.0672,0.0194,0.057,35.81,20.72,0.5,0,42.38,33.87,91.42,31.33,36.8,23.27,0.697,69.3,Buy,2026-06-16,,,,4
LALPATHLAB.NS,2026-06-17,7.68,0.738,7.5,5.82,8.01,7.32,7.32,8,0.1591,0.2412,-0.0094,0.1268,0.451,41.34,14.34,1.24,0,63.21,23.07,52.16,21.48,28.3,7.83,0.165,63.3,Strong Buy,2026-06-17,,,,5
FACT.NS,2026-06-17,5.27,0.708,2.0,3.82,6.4,3.68,5.17,4,0.1309,0.1936,0.118,-0.0447,-0.091,38.95,19.5,1.96,0,66.23,21.24,4238.0,8.65,8.65,295.15,-0.012,62.0,Caution,2026-06-17,,,,2
EXICOM.NS,2026-06-17,5.42,1.0,2.0,3.76,6.62,3.73,5.28,4,0.4503,0.8644,0.4402,-0.1516,-0.266,89.65,36.99,1.8,-1,62.54,35.12,-8.13,-43.34,-14.7,109.47,-0.632,92.0,Caution,2026-06-17,,,,2
WABAG.NS,2026-06-17,7.7,1.0,8.0,5.15,8.0,7.45,7.18,8,0.4091,0.4349,0.2666,0.1382,0.329,42.44,21.88,2.46,-1,74.59,22.85,25.48,15.67,21.3,8.87,0.456,84.0,Strong Buy,2026-06-17,,,,5
LAURUSLABS.NS,2026-06-17,6.3,0.338,4.5,6.45,6.78,5.56,6.43,9,0.3569,0.4076,0.0008,1.0472,3.169,29.43,12.64,0.97,0,53.57,35.88,82.47,17.74,17.8,46.37,2.229,74.7,Hold,2026-06-17,,,,3
MOTISONS.NS,2026-06-17,5.4,0.154,6.0,3.51,5.51,5.37,4.99,7,-0.1105,0.1029,0.1985,-0.3146,-0.588,63.14,34.63,1.33,-1,60.97,28.6,21.97,13.96,,7.79,-0.352,33.3,Caution,2026-06-17,,,,2
BAJAJFINSV.NS,2026-06-17,3.88,-0.015,1.5,3.88,4.54,2.88,4.01,5,-0.152,-0.0107,-0.0092,-0.1265,-0.522,27.45,13.87,0.03,0,52.08,26.15,28.81,14.6,10.5,256.36,-0.064,12.0,Avoid,2026-06-17,,,,1
CHOLAFIN.NS,2026-06-17,5.71,0.446,6.0,2.93,6.04,5.41,5.14,5,-0.0294,0.0997,0.107,0.0834,0.249,44.27,20.6,1.75,0,64.94,17.1,27.19,19.33,9.7,693.26,0.038,38.7,Hold,2026-06-17,,,,3
KALYANKJIL.NS,2026-06-17,5.83,-0.262,8.5,4.68,5.26,6.78,5.45,8,-0.2049,-0.0051,0.1112,-0.2622,-0.58,51.05,28.83,-0.13,0,56.93,21.52,29.2,24.31,20.5,96.97,-0.253,11.3,Hold,2026-06-17,,,,3
WAAREEENER.NS,2026-06-17,6.4,-0.154,8.5,5.77,5.91,7.19,6.15,8,0.0341,0.0635,0.0203,0.0861,0.172,32.41,25.1,-0.64,0,48.31,13.3,23.81,31.57,38.8,21.4,0.237,40.0,Hold,2026-06-17,,,,3
PERSISTENT.NS,2026-06-17,5.38,-0.6,8.0,5.51,4.63,6.5,5.26,8,-0.1963,0.1134,-0.0081,-0.1373,-0.388,37.13,24.11,-0.03,0,50.94,11.41,42.41,26.35,34.4,6.09,0.251,14.7,Caution,2026-06-17,,,,2
KPIL.NS,2026-06-17,7.3,0.892,6.0,6.25,7.82,6.59,7.16,9,0.1507,0.2804,0.0853,0.1661,0.478,33.86,15.97,1.49,0,61.89,38.63,22.15,14.51,16.6,45.81,0.059,64.0,Strong Buy,2026-06-17,,,,5
LENSKART.NS,2026-06-17,4.3,-0.154,2.0,6.35,4.64,3.64,4.85,8,0.239,0.0018,0.0312,,,31.73,16.66,-0.39,0,47.76,13.74,171.93,6.65,8.44,34.98,0.966,58.7,Avoid,2026-06-17,,,,1
GMRAIRPORT.NS,2026-06-17,5.96,0.769,2.5,5.04,7.06,4.36,5.97,7,0.04,0.208,0.1543,0.3483,1.151,37.19,20.6,2.6,-1,69.48,18.88,839.15,11.6,11.6,,-0.027,57.3,Hold,2026-06-17,,,,3
BANDHANBNK.NS,2026-06-17,6.94,0.969,6.0,4.68,7.54,6.2,6.54,6,0.4128,0.3438,0.1161,0.2353,0.605,47.07,20.96,1.3,-1,62.31,24.86,28.21,4.88,,,-0.038,78.0,Buy,2026-06-17,,,,4
TVSMOTOR.NS,2026-06-17,4.78,-0.477,5.5,5.32,4.49,5.16,4.84,6,-0.0527,-0.0128,0.0219,0.2578,0.95,31.36,17.27,-0.4,0,52.22,14.67,54.05,31.62,17.4,306.09,0.448,19.3,Caution,2026-06-17,,,,2
TATACONSUM.NS,2026-06-17,4.26,-0.569,3.5,6.02,4.21,4.2,4.66,9,-0.0251,0.0467,-0.0665,0.0463,0.199,27.38,13.15,-0.19,0,42.75,27.88,71.59,6.94,9.24,12.16,-0.26,24.0,Avoid,2026-06-17,,,,1
QUADFUTURE.NS,2026-06-17,4.23,0.677,1.0,2.83,5.33,2.66,4.13,4,0.5871,0.4819,0.5107,-0.1177,-0.175,50.94,19.65,4.06,-1,83.9,45.63,-40.02,-15.45,,10.23,-0.135,91.3,Avoid,2026-06-17,,,,1
NIITLTD.NS,2026-06-17,5.96,0.769,3.5,5.19,6.76,4.81,5.95,8,0.14,0.6606,0.5772,-0.2274,-0.398,80.88,35.25,2.44,-1,69.49,37.4,256.8,0.57,2.23,0.65,-0.109,82.7,Hold,2026-06-17,,,,3
DEVYANI.NS,2026-06-17,3.45,-0.6,2.0,5.15,3.6,3.1,3.88,6,-0.1548,0.0408,-0.0342,-0.3226,-0.868,45.43,18.05,0.1,0,48.25,13.8,-362.1,-2.59,4.66,203.33,-0.714,13.3,Avoid,2026-06-17,,,,1
ASIANPAINT.NS,2026-06-17,8.12,0.677,10.0,6.26,7.88,8.63,7.64,9,-0.0165,0.2216,0.0522,0.2368,1.055,27.85,12.55,1.28,0,64.13,36.91,60.68,20.89,26.3,17.85,-0.407,44.7,Strong Buy,2026-06-17,,,,5
INOXWIND.NS,2026-06-17,2.9,-0.477,3.0,3.11,2.84,2.97,2.94,4,-0.2821,0.1565,-0.0506,-0.4755,-1.0,52.78,29.87,-0.19,0,50.29,19.79,34.14,6.75,10.5,20.63,-0.58,8.0,Avoid,2026-06-17,,,,1
SBILIFE.NS,2026-06-17,2.99,-0.723,1.5,5.86,2.97,2.79,3.65,7,-0.1205,-0.0749,-0.0413,0.0197,0.089,25.39,15.93,-0.87,0,47.23,23.39,72.72,13.7,,,0.179,9.3,Avoid,2026-06-17,,,,1
ADANIENSOL.NS,2026-06-17,5.69,0.877,2.0,4.55,6.89,3.96,5.67,6,0.4608,0.4839,0.103,0.7245,1.574,47.51,22.7,0.88,0,54.37,25.32,79.62,9.66,9.65,194.5,0.306,84.7,Hold,2026-06-17,,,,3
DIACABS.NS,2026-06-17,7.29,0.877,8.0,3.97,7.59,7.09,6.59,7,0.4416,0.6301,0.0484,1.0338,2.109,56.28,26.17,1.25,-1,57.48,54.88,68.46,26.5,26.5,,0.656,85.3,Buy,2026-06-17,,,,4
OFSS.NS,2026-06-17,6.87,0.092,8.5,5.87,6.56,7.41,6.57,8,0.2128,0.5333,-0.0319,0.0352,0.104,36.68,15.14,0.56,0,47.6,27.62,31.07,32.61,45.3,0.41,-0.117,70.7,Buy,2026-06-17,,,,4
ARVSMART.NS,2026-06-17,5.72,0.431,5.5,4.49,5.97,5.44,5.49,6,0.0385,0.1475,0.0265,-0.1019,-0.255,39.65,18.73,0.87,0,60.0,19.39,29.5,12.14,12.9,65.08,-0.268,46.0,Hold,2026-06-17,,,,3
RRKABEL.NS,2026-06-17,7.08,0.938,5.5,5.82,7.71,6.22,6.92,8,0.5179,0.5871,0.1267,0.6326,1.688,48.06,17.9,1.42,-1,69.15,45.52,50.86,20.83,28.1,13.09,0.167,88.0,Buy,2026-06-17,,,,4
POWERGRID.NS,2026-06-17,4.46,-0.123,3.0,4.8,4.82,3.9,4.61,5,0.0988,-0.0456,-0.05,0.0305,0.134,19.63,11.63,-1.33,0,38.23,27.94,14.15,16.49,9.74,150.99,-0.474,36.0,Caution,2026-06-17,,,,2
HEROMOTOCO.NS,2026-06-17,6.42,-0.477,10.0,6.14,5.46,7.89,6.16,9,-0.1459,-0.0676,0.005,0.1923,0.741,29.39,17.53,-0.53,0,51.53,14.94,17.42,28.03,35.8,3.57,-0.395,8.7,Hold,2026-06-17,,,,3
PREMEXPLN.NS,2026-06-17,7.65,1.0,8.0,5.0,7.95,7.4,7.1,7,0.5126,0.6779,0.3575,0.2425,0.385,73.96,33.96,1.9,-1,66.95,28.78,89.03,17.04,22.6,11.13,-0.121,90.0,Strong Buy,2026-06-17,,,,5
MAXHEALTH.NS,2026-06-17,4.06,-0.215,2.5,5.53,4.27,3.62,4.44,8,-0.0618,0.043,-0.0533,-0.173,-0.547,25.28,16.4,0.59,0,54.29,15.19,69.05,14.33,14.7,32.37,-0.002,18.0,Avoid,2026-06-17,,,,1
PARADEEP.NS,2026-06-17,5.3,0.154,5.0,4.08,5.56,4.99,5.07,4,-0.1395,0.1857,0.0707,-0.2218,-0.445,38.2,17.12,1.31,0,61.19,13.82,13.86,18.36,17.1,101.82,0.538,29.3,Caution,2026-06-17,,,,2
RAIN.NS,2026-06-17,6.07,0.877,3.0,4.78,7.12,4.58,5.99,5,0.7222,0.7279,0.284,0.3252,0.742,61.94,23.96,1.46,-1,60.56,53.18,21.98,8.26,8.26,127.74,0.047,94.0,Hold,2026-06-17,,,,3
APOLLOHOSP.NS,2026-06-17,6.74,0.615,4.5,6.31,7.42,5.73,6.78,8,0.1871,0.1201,0.0399,0.2042,0.983,20.3,9.25,1.31,0,59.79,15.25,62.19,21.5,17.9,85.15,0.488,60.7,Buy,2026-06-17,,,,4
CMPDI.NS,2026-06-17,6.22,0.323,6.0,6.02,6.31,6.1,6.19,7,,,0.1154,,,,,0.0,0,62.57,43.05,29.66,28.36,,0.06,16.834,48.7,Hold,2026-06-17,,,,3
ANGELONE.NS,2026-06-17,7.11,0.877,7.0,4.32,7.56,6.65,6.56,5,0.3589,0.6032,0.0626,0.1998,0.418,49.92,19.23,1.06,0,58.36,20.89,35.07,15.53,14.8,129.31,0.208,82.0,Buy,2026-06-17,,,,4
DIVISLAB.NS,2026-06-17,6.0,0.523,4.0,6.11,6.55,5.18,6.14,9,0.0363,0.097,-0.0338,-0.0052,-0.02,20.4,10.65,0.62,0,51.03,20.36,68.86,16.19,22.0,0.04,0.601,40.7,Hold,2026-06-17,,,,3
PHOENIXLTD.NS,2026-06-17,6.78,0.723,5.5,5.03,7.39,5.98,6.5,7,0.0721,0.2043,0.0712,0.1348,0.377,33.45,17.96,1.39,0,66.16,17.98,53.59,11.06,12.8,37.21,-0.202,56.0,Buy,2026-06-17,,,,4
IDFCFIRSTB.NS,2026-06-17,4.63,0.523,1.5,3.32,5.69,3.11,4.54,4,-0.0769,0.2161,0.135,0.1027,0.34,32.29,16.56,2.06,-1,72.18,31.24,41.2,5.98,5.98,,-0.294,42.7,Caution,2026-06-17,,,,2
PRESTIGE.NS,2026-06-17,5.57,0.446,5.5,3.97,5.83,5.3,5.25,6,-0.0864,0.1947,0.0897,-0.0858,-0.228,40.61,22.73,1.72,0,65.45,15.06,54.66,8.0,10.4,105.49,-0.483,37.3,Hold,2026-06-17,,,,3
CHAMBLFERT.NS,2026-06-17,7.35,0.477,9.5,5.47,7.03,7.97,6.85,8,0.1102,0.1312,0.0916,-0.0995,-0.267,32.48,17.4,2.0,0,59.78,15.5,9.94,20.45,25.5,10.27,0.02,56.7,Buy,2026-06-17,,,,4
NMDC.NS,2026-06-17,7.63,0.338,9.5,5.98,7.36,8.17,7.2,8,0.1536,0.1101,-0.0061,0.3057,0.941,33.18,18.78,0.07,0,44.95,15.96,10.39,23.36,27.6,18.8,-0.078,54.7,Strong Buy,2026-06-17,,,,5
BSE.NS,2026-06-17,7.44,0.323,10.0,6.07,6.93,8.31,7.02,8,0.5098,0.3449,-0.052,0.4751,0.9,40.3,19.74,0.69,0,50.9,27.35,66.27,36.0,58.0,0.0,1.996,82.7,Strong Buy,2026-06-17,,,,5
CARTRADE.NS,2026-06-17,6.7,0.615,7.0,4.06,7.01,6.43,6.15,7,-0.0622,0.5161,0.4335,0.5971,1.1,59.32,23.94,3.48,-1,78.63,41.74,58.66,9.85,11.8,5.36,1.338,69.3,Buy,2026-06-17,,,,4
HDFCBANK.NS,2026-06-17,3.66,-0.031,2.0,3.89,4.08,2.99,3.8,4,-0.2098,-0.0689,0.0363,-0.168,-0.858,29.68,16.72,0.73,0,60.75,19.05,17.56,13.82,7.04,,-0.352,8.0,Avoid,2026-06-17,,,,1
MTARTECH.NS,2026-06-17,7.7,1.0,6.0,6.87,8.3,6.86,7.63,9,2.4982,1.2946,0.1156,3.9409,7.878,84.02,39.04,1.48,-1,62.22,26.27,270.19,12.12,15.1,45.78,2.085,100.0,Strong Buy,2026-06-17,,,,5
IFCI.NS,2026-06-17,4.9,1.0,1.5,2.71,6.17,3.14,4.65,4,0.8533,0.637,0.4667,0.4629,0.819,70.36,28.69,2.68,-1,70.53,42.81,130.54,5.03,5.03,,0.208,94.7,Caution,2026-06-17,,,,2
DIXON.NS,2026-06-17,5.73,0.123,5.5,5.05,5.9,5.53,5.61,7,-0.0658,0.2473,0.167,-0.1029,-0.254,43.87,21.17,2.85,-1,71.4,15.47,47.68,37.13,42.0,18.46,-0.024,48.7,Hold,2026-06-17,,,,3
TMPV.NS,2026-06-17,3.48,-0.6,3.0,5.39,3.33,3.57,3.89,6,0.0398,0.1308,-0.0008,-0.4931,-1.165,40.81,23.0,0.21,0,41.93,23.77,20.9,-1.12,2.73,65.31,-1.09,43.3,Avoid,2026-06-17,,,,1
IDBI.NS,2026-06-17,4.53,0.123,4.0,2.9,4.92,4.06,4.23,4,-0.0858,0.2194,0.2327,-0.0266,-0.058,54.61,22.14,4.46,-1,78.1,21.0,10.46,14.15,6.5,,-0.054,46.7,Avoid,2026-06-17,,,,1
PARAS.NS,2026-06-17,6.59,1.0,4.5,4.98,7.42,5.47,6.39,8,0.9505,0.995,0.6875,0.5833,0.921,68.72,26.97,3.46,-1,81.59,36.16,118.06,13.14,16.9,3.73,-0.162,97.3,Buy,2026-06-17,,,,4
LLOYDSENGG.NS,2026-06-17,6.91,1.0,6.5,4.16,7.43,6.32,6.38,7,0.6757,1.0849,0.2934,0.4381,0.841,63.95,27.81,2.17,-1,73.77,31.58,58.85,16.82,17.1,6.45,0.116,95.3,Buy,2026-06-17,,,,4
TRENT.NS,2026-06-17,5.89,-0.077,6.5,5.63,5.75,6.11,5.8,9,-0.2438,0.2825,0.1369,-0.4441,-1.004,40.4,18.28,2.04,-1,71.49,14.42,96.45,27.13,28.3,36.03,-0.692,24.7,Hold,2026-06-17,,,,3
DOMS.NS,2026-06-17,5.79,0.015,5.0,6.17,5.95,5.51,5.91,9,-0.0964,0.0861,0.0269,-0.0188,-0.051,30.01,15.8,0.5,0,62.13,19.4,61.61,20.09,24.3,10.85,0.059,22.0,Hold,2026-06-17,,,,3
BHARTIARTL.NS,2026-06-17,4.48,-0.262,4.0,5.68,4.44,4.46,4.75,7,-0.0937,0.0267,-0.0153,0.0277,0.132,23.75,14.39,0.99,0,58.56,18.48,42.35,19.36,18.5,99.72,0.435,14.7,Avoid,2026-06-17,,,,1
NETWEB.NS,2026-06-17,6.86,1.0,5.0,5.32,7.61,5.85,6.66,8,0.4744,0.4864,0.2785,1.7598,3.126,60.95,28.91,1.9,-1,63.85,25.59,135.9,32.83,,39.02,0.595,86.7,Buy,2026-06-17,,,,4
RELIANCE.NS,2026-06-17,3.58,-0.477,2.5,5.46,3.6,3.41,4.02,7,-0.1397,-0.042,-0.0153,-0.0586,-0.28,25.5,15.8,-0.33,0,53.65,22.41,22.34,9.14,10.3,36.65,-0.531,8.7,Avoid,2026-06-17,,,,1
RPTECH.NS,2026-06-17,6.94,0.938,6.0,4.69,7.54,6.21,6.55,8,0.9887,0.969,0.2615,1.2171,2.901,53.98,19.7,2.56,-1,81.47,43.27,16.67,14.94,16.8,48.65,0.916,96.7,Buy,2026-06-17,,,,4
HINDALCO.NS,2026-06-17,5.01,-0.185,4.5,5.39,5.1,4.85,5.12,7,0.1888,0.0761,-0.0715,0.5819,2.015,31.45,17.58,-0.28,0,39.03,26.01,16.74,10.29,13.7,72.6,0.572,55.3,Caution,2026-06-17,,,,2
ICICIBANK.NS,2026-06-17,5.07,0.108,3.0,5.39,5.6,4.25,5.25,6,-0.0208,0.0373,0.0804,-0.0487,-0.261,23.8,11.33,1.31,0,64.5,20.91,17.89,16.36,7.2,,0.196,36.7,Caution,2026-06-17,,,,2
DATAPATTNS.NS,2026-06-17,6.35,1.0,4.0,4.7,7.25,5.11,6.15,7,0.83,0.4451,0.244,0.5933,1.153,56.08,24.37,2.06,-1,65.32,20.38,98.65,16.73,,0.3,0.359,92.7,Hold,2026-06-17,,,,3
BEL.NS,2026-06-17,6.54,0.123,7.0,6.08,6.49,6.67,6.43,8,0.079,-0.0444,0.0158,0.0721,0.247,24.5,15.05,-0.36,0,53.57,32.08,50.77,27.56,36.5,0.27,0.324,38.7,Hold,2026-06-17,,,,3
M&M.NS,2026-06-17,5.3,-0.369,8.0,5.14,4.58,6.42,5.12,7,-0.1317,0.0013,0.0034,0.0506,0.175,31.84,16.7,0.24,0,55.28,16.24,20.59,18.75,15.4,125.07,-0.097,11.3,Caution,2026-06-17,,,,2
YESBANK.NS,2026-06-17,5.68,0.923,2.5,4.09,6.81,4.1,5.54,6,0.154,0.3471,0.1414,0.2455,0.775,35.86,17.48,2.1,-1,71.83,27.04,22.42,7.09,5.98,,-0.118,68.0,Hold,2026-06-17,,,,3
MCX.NS,2026-06-17,6.91,-0.246,10.0,6.4,6.12,8.13,6.63,9,0.4026,0.0694,-0.1698,0.8976,2.319,37.74,22.82,-0.1,0,43.56,29.53,54.71,37.88,71.4,0.11,2.243,66.0,Buy,2026-06-17,,,,4
ICICIAMC.NS,2026-06-17,4.96,-0.123,3.5,5.78,5.24,4.47,5.21,8,,0.1013,0.0401,,,35.86,18.64,0.28,0,49.55,16.47,48.62,85.8,,4.07,1.588,38.0,Caution,2026-06-17,,,,2
SUZLON.NS,2026-06-17,7.35,0.738,7.0,5.3,7.75,6.89,6.96,7,0.1154,0.4362,0.1274,-0.0844,-0.212,41.46,19.51,1.36,-1,66.41,15.01,25.66,40.64,35.1,5.87,0.064,70.0,Strong Buy,2026-06-17,,,,5
ETERNAL.NS,2026-06-17,5.73,0.0,5.0,6.08,5.88,5.47,5.84,9,-0.1342,0.1013,0.0619,0.0374,0.096,34.88,17.33,1.36,0,58.22,11.66,680.0,1.19,2.97,14.83,0.278,20.7,Hold,2026-06-17,,,,3
HSCL.NS,2026-06-17,7.46,1.0,7.0,5.32,7.91,6.94,7.06,8,0.4723,0.5708,0.2075,0.4955,1.285,40.96,21.42,1.66,-1,69.43,32.78,46.68,17.7,22.1,16.14,0.859,88.0,Strong Buy,2026-06-17,,,,5
SBIN.NS,2026-06-17,6.13,0.662,4.5,4.34,6.85,5.17,5.86,5,0.0804,-0.0185,0.0795,0.3189,1.42,29.47,20.57,0.33,0,63.43,16.88,11.26,15.48,6.13,,0.268,42.0,Hold,2026-06-17,,,,3
APOLLO.NS,2026-06-17,6.79,1.0,6.0,4.25,7.39,6.08,6.33,7,0.8591,1.171,0.23,1.2632,2.167,73.97,28.12,1.56,-1,66.0,42.48,139.73,11.21,14.5,41.53,1.653,96.0,Buy,2026-06-17,,,,4
IDEA.NS,2026-06-17,6.19,1.0,3.5,4.67,7.16,4.83,6.04,5,0.3145,0.613,0.0987,1.2369,2.319,42.93,19.31,1.43,-1,67.18,44.98,4.65,-1.6,-1.6,,-0.234,84.7,Hold,2026-06-17,,,,3
GRSE.NS,2026-06-17,6.12,0.431,6.5,3.76,6.37,5.93,5.63,7,0.2027,0.1959,0.0646,-0.0753,-0.131,62.8,28.6,0.73,0,59.79,11.75,46.83,31.79,,1.42,0.318,64.0,Hold,2026-06-17,,,,3
COFORGE.NS,2026-06-17,6.81,0.092,9.0,5.27,6.43,7.5,6.37,9,-0.2143,0.3648,0.0452,-0.1767,-0.475,47.11,23.6,1.5,-1,60.57,21.38,33.46,18.6,23.5,7.52,0.341,34.0,Buy,2026-06-17,,,,4
AXISBANK.NS,2026-06-17,4.71,0.708,1.5,3.64,5.77,3.2,4.68,4,0.0514,0.1,0.0809,0.1213,0.52,28.04,13.86,1.18,0,63.61,18.43,15.98,13.15,6.24,,0.006,47.3,Caution,2026-06-17,,,,2
INFY.NS,2026-06-17,3.76,-0.6,5.5,4.02,3.23,4.53,3.71,8,-0.2639,-0.0407,-0.0092,-0.2504,-0.96,32.82,20.2,-0.46,0,50.37,15.07,15.22,31.44,40.0,9.83,-0.612,6.0,Avoid,2026-06-17,,,,1
CANBK.NS,2026-06-17,5.71,0.492,4.5,3.98,6.3,4.94,5.43,4,-0.0579,0.0229,0.0943,0.2534,0.833,37.59,21.83,1.07,0,59.56,12.16,6.22,15.94,6.52,,0.085,29.3,Hold,2026-06-17,,,,3
HAL.NS,2026-06-17,5.61,0.215,4.5,6.09,5.84,5.21,5.77,9,0.0407,0.1255,0.031,-0.1021,-0.317,31.64,17.19,0.71,0,60.27,20.22,32.75,23.98,32.0,0.03,-0.493,45.3,Hold,2026-06-17,,,,3
TCS.NS,2026-06-17,3.99,-0.692,5.5,6.15,3.25,4.95,4.33,9,-0.2898,-0.0579,-0.0319,-0.3295,-1.42,32.51,22.82,-1.05,0,46.56,14.92,16.33,48.4,63.0,10.39,-1.193,4.7,Avoid,2026-06-17,,,,1
TARSONS.NS,2026-06-17,4.88,0.815,1.0,4.02,6.09,3.12,4.93,6,0.2029,0.4742,0.3075,-0.2874,-0.639,63.01,22.65,4.07,-1,77.78,30.22,103.0,2.27,4.56,61.91,-0.755,76.7,Caution,2026-06-17,,,,2
POLYCAB.NS,2026-06-17,7.39,1.0,5.5,6.4,8.07,6.45,7.3,9,0.3525,0.3851,0.0791,0.6553,1.942,32.41,15.68,1.45,-1,69.69,27.08,56.25,24.58,33.2,2.56,0.372,78.0,Strong Buy,2026-06-17,,,,5
HFCL.NS,2026-06-17,6.26,0.631,4.0,5.3,7.03,5.16,6.19,6,1.8808,1.6503,0.3645,1.1936,2.507,62.56,26.76,1.45,-1,66.24,54.12,88.85,7.27,10.9,38.32,0.373,99.3,Hold,2026-06-17,,,,3
LT.NS,2026-06-17,6.74,0.708,5.0,5.45,7.43,5.81,6.59,7,0.0382,0.1993,0.0865,0.1844,0.733,31.24,12.43,1.59,0,67.05,14.85,36.02,16.95,14.6,97.64,0.074,53.3,Buy,2026-06-17,,,,4
WOCKPHARMA.NS,2026-06-17,5.79,0.631,3.0,4.82,6.72,4.47,5.76,8,0.5084,0.7017,0.2549,0.1388,0.246,63.16,28.75,1.68,-1,63.49,39.13,155.0,4.0,7.55,42.28,1.497,90.0,Hold,2026-06-17,,,,3
DMART.NS,2026-06-17,6.58,0.338,6.0,5.97,6.83,6.24,6.49,9,0.1207,0.1338,0.0346,0.0581,0.21,31.72,14.47,0.1,0,59.37,27.21,93.63,12.94,17.2,9.91,-0.519,56.0,Hold,2026-06-17,,,,3
BAJFINANCE.NS,2026-06-17,5.1,0.169,5.0,3.45,5.38,4.81,4.78,5,-0.0536,0.1034,0.0382,0.0271,0.099,34.82,18.16,1.32,0,62.41,15.81,31.4,17.91,10.8,313.41,0.316,34.7,Caution,2026-06-17,,,,2
NATIONALUM.NS,2026-06-17,6.62,-0.123,9.0,5.82,6.08,7.5,6.32,7,0.3509,-0.059,-0.0805,1.0827,2.684,39.82,27.02,-1.48,0,37.6,24.72,11.06,29.42,39.6,0.28,1.021,62.0,Buy,2026-06-17,,,,4
VEDL.NS,2026-06-17,3.93,-0.815,6.0,5.15,3.16,4.98,4.05,8,-0.4328,-0.5544,-0.0816,-0.2835,-0.497,140.32,132.8,-0.88,1,33.72,34.6,17.08,20.4,16.5,48.04,-0.322,0.7,Avoid,2026-06-17,,,,1
GROWW.NS,2026-06-17,7.28,0.108,10.0,5.68,6.76,8.19,6.8,7,0.3641,0.2353,0.0555,,,49.92,25.75,0.38,0,54.76,17.08,58.69,28.72,37.3,3.03,1.709,72.7,Strong Buy,2026-06-17,,,,5
TEJASNET.NS,2026-06-17,4.54,1.0,1.0,2.1,5.89,2.68,4.25,2,0.283,0.3546,0.2907,-0.1424,-0.263,64.11,31.41,2.16,-1,67.14,42.38,-11.73,-26.82,-14.6,142.52,-0.751,77.3,Caution,2026-06-17,,,,2
ADANIPORTS.NS,2026-06-17,6.0,0.708,3.0,5.03,6.98,4.59,5.98,8,0.214,0.3448,0.0359,0.307,1.021,30.63,15.03,1.06,0,60.87,19.67,31.37,15.59,14.1,64.05,0.223,70.7,Hold,2026-06-17,,,,3
NEWGEN.NS,2026-06-17,4.76,0.015,4.5,4.65,4.84,4.63,4.75,7,-0.434,0.0967,0.0838,-0.5799,-1.044,55.05,23.34,0.87,0,55.5,18.72,23.15,18.25,25.8,2.21,-0.61,4.0,Caution,2026-06-17,,,,2
ADANIPOWER.NS,2026-06-17,6.96,0.415,8.0,4.95,6.97,7.1,6.5,7,0.5265,0.4165,0.0007,0.9303,2.126,39.16,18.64,0.44,0,47.15,19.27,33.34,20.91,17.2,82.33,0.347,85.3,Buy,2026-06-17,,,,4
BPCL.NS,2026-06-17,6.03,-0.015,8.0,5.44,5.57,6.77,5.8,8,-0.1092,0.0597,0.0824,0.0847,0.291,37.76,17.83,1.76,0,63.99,16.63,5.26,28.47,25.7,54.33,-0.003,21.3,Hold,2026-06-17,,,,3
KOTAKBANK.NS,2026-06-17,4.36,0.092,1.5,4.7,5.1,3.2,4.59,5,-0.0728,0.081,0.0556,-0.0392,-0.179,23.82,13.79,2.22,-1,65.83,19.78,20.88,11.39,6.93,,0.1,30.7,Avoid,2026-06-17,,,,1
UCOBANK.NS,2026-06-17,5.52,0.492,4.0,3.89,6.19,4.64,5.28,5,-0.0154,0.1418,0.1496,-0.0843,-0.24,36.88,19.53,2.51,-1,70.85,16.7,12.76,8.63,5.76,,-0.996,46.0,Hold,2026-06-17,,,,3
POWERINDIA.NS,2026-06-17,7.17,0.508,6.5,6.39,7.48,6.77,7.06,9,0.8403,0.4549,0.012,1.0225,2.048,41.44,22.11,1.01,0,57.17,21.36,161.69,21.04,,1.66,1.462,91.3,Strong Buy,2026-06-17,,,,5
OLAELEC.NS,2026-06-17,4.07,0.538,1.0,3.09,5.08,2.63,4.05,2,0.1415,0.8096,0.1545,-0.0915,-0.139,79.04,30.51,1.0,-1,54.89,38.73,-10.26,-43.16,-19.6,82.45,-0.615,80.7,Avoid,2026-06-17,,,,1
TATASTEEL.NS,2026-06-17,5.67,-0.123,6.5,6.24,5.35,6.11,5.74,8,0.175,0.0393,-0.0188,0.3351,1.206,25.15,15.56,-0.53,0,44.47,17.57,23.03,11.16,12.5,89.02,0.065,52.7,Hold,2026-06-17,,,,3
GVT&D.NS,2026-06-17,7.99,0.877,8.5,6.14,8.12,7.93,7.59,9,0.7064,0.4035,0.1011,1.2226,2.79,49.19,26.81,1.56,-1,60.31,21.89,106.81,55.26,,0.89,1.759,89.3,Strong Buy,2026-06-17,,,,5
PINELABS.NS,2026-06-17,2.62,-0.585,1.0,4.55,2.78,2.23,3.1,7,-0.3423,-0.053,0.0191,,,54.22,34.32,-0.71,1,47.84,17.87,149.14,2.39,4.16,7.47,-1.373,2.7,Avoid,2026-06-17,,,,1
SWIGGY.NS,2026-06-17,3.54,-0.508,3.5,4.65,3.38,3.69,3.76,5,-0.3724,-0.1141,0.0121,-0.2675,-0.59,39.52,22.81,-0.5,0,52.06,20.86,-15.37,-29.12,-24.1,13.93,-0.811,1.3,Avoid,2026-06-17,,,,1
SHRIRAMFIN.NS,2026-06-17,6.37,0.692,6.5,3.18,6.82,5.95,5.73,5,0.1779,0.0029,0.091,0.5262,1.453,46.41,24.16,1.08,0,62.95,19.57,18.94,16.38,11.5,274.99,0.81,57.3,Hold,2026-06-17,,,,3
INDIGO.NS,2026-06-17,3.96,0.154,1.0,4.69,4.67,2.82,4.27,5,0.0037,0.1554,0.1439,-0.1077,-0.352,44.89,23.08,2.22,-1,66.74,14.77,-78.75,7.12,7.12,866.46,0.006,49.3,Avoid,2026-06-17,,,,1
ASTRAMICRO.NS,2026-06-17,7.05,1.0,5.0,5.86,7.8,6.01,6.93,9,0.7376,0.6324,0.3642,0.3808,0.942,47.02,19.45,2.29,-1,76.78,37.8,77.63,15.99,20.2,21.88,0.453,93.3,Buy,2026-06-17,,,,4
BRIGADE.NS,2026-06-17,4.72,0.246,3.5,3.27,5.28,3.99,4.5,4,-0.1469,0.1621,0.1099,-0.3619,-1.044,36.82,20.36,0.84,0,71.01,30.87,28.62,10.79,10.5,84.32,-0.935,30.0,Caution,2026-06-17,,,,2
VBL.NS,2026-06-17,6.51,0.677,4.0,5.8,7.32,5.35,6.51,7,0.1416,0.3418,0.0585,0.1615,0.489,33.05,14.42,1.12,0,64.61,20.08,57.82,19.7,19.7,12.71,-0.45,65.3,Hold,2026-06-17,,,,3
COALINDIA.NS,2026-06-17,6.67,0.0,9.0,6.36,6.07,7.61,6.48,9,0.2011,-0.0141,-0.0064,0.2469,1.044,25.06,15.98,-0.13,0,47.74,13.83,9.03,28.12,35.3,11.63,-0.148,52.0,Buy,2026-06-17,,,,4
IGARASHI.NS,2026-06-17,4.74,0.185,2.0,4.91,5.48,3.61,4.93,7,-0.0791,0.324,0.0247,-0.1675,-0.347,54.15,26.89,1.24,0,65.75,18.21,106.89,2.61,,31.01,-0.406,44.0,Caution,2026-06-17,,,,2
ASHOKLEY.NS,2026-06-17,5.3,-0.015,6.0,4.07,5.28,5.41,5.01,6,-0.0271,-0.0785,0.0565,0.3918,1.187,50.53,24.89,0.16,0,57.78,21.89,27.0,21.64,13.8,344.74,0.37,19.3,Caution,2026-06-17,,,,2
CUPID.NS,2026-06-17,8.16,0.938,8.5,6.03,8.38,7.98,7.71,8,1.0296,1.1022,0.3913,7.5908,15.615,43.34,22.85,2.14,-1,87.15,33.05,210.35,27.3,33.5,12.51,3.996,98.0,Strong Buy,2026-06-17,,,,5
CGPOWER.NS,2026-06-17,7.65,1.0,7.0,5.84,8.1,7.1,7.32,8,0.4413,0.3605,0.1295,0.4369,1.205,34.83,16.44,1.64,-1,68.5,22.67,125.0,19.56,27.0,1.44,0.347,84.0,Strong Buy,2026-06-17,,,,5
KAYNES.NS,2026-06-17,2.73,-0.785,3.5,3.71,2.36,3.2,2.88,6,-0.2261,-0.1064,0.0824,-0.4068,-0.793,62.58,47.08,-0.84,1,47.4,26.6,59.78,9.57,13.2,19.17,-0.298,7.3,Avoid,2026-06-17,,,,1
MAZDOCK.NS,2026-06-17,6.46,0.185,9.0,4.81,5.99,7.28,5.98,7,0.046,0.0805,0.047,-0.1975,-0.408,40.44,21.93,0.48,0,60.12,12.25,39.79,28.77,36.0,4.48,0.105,42.7,Hold,2026-06-17,,,,3
GICRE.NS,2026-06-17,3.02,-0.631,2.5,4.64,2.92,3.04,3.37,6,-0.0751,-0.0392,-0.0854,-0.0724,-0.204,31.04,20.08,-2.63,1,34.82,16.55,6.41,10.69,17.4,,-0.239,10.7,Avoid,2026-06-17,,,,1
MSTCLTD.NS,2026-06-17,6.93,0.615,7.0,4.73,7.24,6.63,6.49,7,0.4629,0.6682,0.6411,0.322,0.712,67.82,22.96,3.52,-1,80.07,43.97,22.15,26.6,30.3,16.04,-0.342,92.0,Buy,2026-06-17,,,,4
ADANIENT.NS,2026-06-17,5.56,1.0,2.0,4.17,6.76,3.85,5.49,5,0.2959,0.495,0.0918,0.1776,0.472,40.46,16.65,1.18,-1,63.52,47.33,40.11,13.66,5.8,119.56,-0.321,78.7,Hold,2026-06-17,,,,3
TMCV.NS,2026-06-17,6.33,0.292,6.0,5.47,6.55,6.06,6.17,6,0.0778,-0.0783,0.0728,,,48.36,25.9,0.17,0,60.19,26.13,49.0,26.05,35.9,44.09,0.879,40.0,Hold,2026-06-17,,,,3
SONATSOFTW.NS,2026-06-17,5.99,0.246,7.0,4.89,5.88,6.25,5.71,7,-0.1216,0.3187,0.1444,-0.2407,-0.508,63.3,25.65,2.29,-1,67.82,31.13,18.24,25.72,30.6,37.96,-0.673,44.7,Hold,2026-06-17,,,,3
INDUSTOWER.NS,2026-06-17,5.13,0.031,4.5,5.64,5.23,4.94,5.27,9,0.0107,-0.0511,-0.0327,0.0881,0.294,26.81,16.21,-0.59,0,42.6,18.41,15.28,19.81,19.5,53.29,0.108,22.7,Caution,2026-06-17,,,,2
COCHINSHIP.NS,2026-06-17,3.68,-0.123,2.5,3.97,3.96,3.23,3.8,5,-0.0529,0.1034,-0.005,-0.3018,-0.659,48.56,25.65,-0.07,0,51.88,26.92,55.15,12.52,16.0,28.47,-0.564,32.7,Avoid,2026-06-17,,,,1
SILVERBEES.NS,2026-06-17,4.78,-0.123,5.0,5.0,4.69,4.91,4.82,0,,,,,,,,0.0,0,46.0,15.24,,,,,1.319,58.0,Caution,2026-06-17,,,,2
APARINDS.NS,2026-06-17,6.77,1.0,4.0,5.91,7.67,5.47,6.75,8,0.7714,0.7102,0.2704,1.0516,2.216,43.45,21.89,2.45,-1,76.67,36.2,66.4,19.74,31.1,17.72,0.689,94.0,Buy,2026-06-17,,,,4
BANKBARODA.NS,2026-06-17,5.18,0.462,3.0,3.93,5.98,4.08,5.06,5,0.0206,0.0272,0.104,0.2163,0.769,33.52,19.13,2.32,-1,67.06,14.77,7.34,12.74,5.63,,-0.095,41.3,Caution,2026-06-17,,,,2
HINDUNILVR.NS,2026-06-17,4.8,-0.6,6.0,6.57,4.2,5.57,5.09,9,-0.0418,0.0183,-0.0053,-0.0349,-0.176,24.65,12.95,0.05,0,53.42,19.53,48.49,21.6,28.4,3.02,-0.562,23.3,Caution,2026-06-17,,,,2
MARUTI.NS,2026-06-17,5.96,-0.031,6.5,5.62,5.87,6.14,5.86,7,-0.1697,0.0507,0.0482,0.1104,0.486,25.75,14.12,1.3,0,60.5,16.36,29.2,14.43,19.0,0.1,-0.053,12.0,Hold,2026-06-17,,,,3
LIQUIDBEES.NS,2026-06-17,5.7,0.2,5.0,5.0,6.0,5.3,5.6,0,,,,,,,,0.0,0,47.3,93.08,,,,,-3.406,31.3,Hold,2026-06-17,,,,3
BHARATCOAL.NS,2026-06-17,3.65,0.215,0.5,3.92,4.48,2.36,3.88,3,,0.1812,0.1191,,,53.79,30.24,1.75,-1,58.76,38.73,144.32,2.1,,38.79,-0.154,56.7,Avoid,2026-06-17,,,,1
NTPC.NS,2026-06-17,4.99,-0.231,4.5,5.56,5.04,4.87,5.13,6,0.1058,-0.0725,-0.094,0.0994,0.443,20.7,12.81,-1.64,0,34.2,34.74,11.68,13.69,8.33,118.13,-0.269,35.3,Caution,2026-06-17,,,,2
LODHA.NS,2026-06-17,3.91,-0.292,3.0,4.05,4.14,3.55,3.99,8,-0.1615,0.0862,0.0395,-0.3682,-0.921,46.23,27.65,0.77,0,54.11,14.43,26.72,15.71,16.6,42.24,-0.771,14.0,Avoid,2026-06-17,,,,1
ADANIGREEN.NS,2026-06-17,6.61,0.877,5.5,4.17,7.28,5.78,6.18,6,0.3992,0.6874,0.0753,0.4814,0.995,47.07,19.96,0.97,-1,56.49,40.17,152.05,7.58,7.39,346.55,-0.346,86.0,Buy,2026-06-17,,,,4
SUNPHARMA.NS,2026-06-17,7.52,0.492,8.0,6.18,7.59,7.52,7.23,9,0.0195,0.0145,-0.0319,0.0891,0.445,25.07,13.73,0.58,0,54.45,14.12,38.15,14.72,20.5,5.52,0.205,33.3,Strong Buy,2026-06-17,,,,5
BDL.NS,2026-06-17,3.93,-0.2,2.5,5.07,4.15,3.5,4.24,7,-0.0628,0.01,0.0046,-0.3079,-0.711,43.22,25.05,0.17,0,58.44,22.62,113.9,10.19,,0.01,-0.382,18.7,Avoid,2026-06-17,,,,1
ONGC.NS,2026-06-17,4.71,-0.631,6.0,6.48,4.09,5.52,4.99,8,0.0655,-0.0746,-0.1787,0.0268,0.1,27.74,16.42,-2.26,1,26.74,36.72,7.44,12.7,14.2,42.55,-0.268,20.0,Caution,2026-06-17,,,,2
TECHM.NS,2026-06-17,5.53,-0.277,7.0,6.19,5.02,6.25,5.58,9,-0.0717,0.0899,0.0163,-0.093,-0.353,33.48,20.21,0.34,0,50.43,12.19,26.96,16.61,23.1,7.27,-0.008,28.7,Hold,2026-06-17,,,,3
PGEL.NS,2026-06-17,4.15,0.185,2.5,3.79,4.66,3.4,4.17,6,-0.0338,0.0416,0.1814,-0.2736,-0.481,50.63,25.19,1.22,0,65.96,20.94,78.97,6.69,10.3,19.57,0.507,40.7,Avoid,2026-06-17,,,,1
NBCC.NS,2026-06-17,6.77,0.615,8.0,3.42,6.94,6.79,6.03,6,-0.0209,0.3573,0.2131,-0.0587,-0.138,40.31,21.84,2.38,-1,69.33,30.06,42.26,25.23,31.0,0.01,-0.051,61.3,Buy,2026-06-17,,,,4
EICHERMOT.NS,2026-06-17,6.99,0.738,6.5,5.7,7.32,6.59,6.76,8,0.0544,0.0867,0.0963,0.43,1.657,34.6,17.05,1.71,0,61.49,16.27,37.48,23.77,30.5,2.05,0.721,48.0,Buy,2026-06-17,,,,4
BHEL.NS,2026-06-17,6.93,0.631,5.5,5.93,7.48,6.18,6.81,9,0.388,0.5301,-0.0395,0.5503,1.486,40.53,19.92,0.68,0,52.86,25.6,85.09,6.29,8.51,31.31,0.193,81.3,Buy,2026-06-17,,,,4
MOTHERSON.NS,2026-06-17,7.39,0.738,6.5,5.85,7.87,6.79,7.14,8,0.2098,0.2566,0.0978,0.4209,1.178,42.9,19.45,1.38,0,59.08,42.94,39.64,10.11,13.1,43.91,0.12,67.3,Strong Buy,2026-06-17,,,,5
BAJAJ-AUTO.NS,2026-06-17,6.91,0.231,9.0,5.87,6.48,7.64,6.58,8,0.1391,0.1178,-0.0267,0.2337,0.909,24.8,11.14,0.38,0,45.6,18.08,26.11,28.05,28.2,56.29,-0.15,54.0,Buy,2026-06-17,,,,4
ENRIN.NS,2026-06-17,6.19,0.523,3.5,6.08,6.96,5.04,6.32,8,0.2871,0.367,0.0941,,,44.85,20.71,1.59,-1,62.27,30.41,102.83,0.0,,4.48,0.916,73.3,Hold,2026-06-17,,,,3
WIPRO.NS,2026-06-17,3.84,-0.815,4.0,5.61,3.52,4.17,4.18,8,-0.277,-0.0358,-0.0642,-0.2585,-0.941,29.56,21.18,-1.43,0,39.63,23.02,14.68,15.44,17.9,22.85,-0.626,5.3,Avoid,2026-06-17,,,,1
PFC.NS,2026-06-17,4.86,0.246,4.0,3.22,5.34,4.25,4.58,4,0.288,0.041,0.0056,0.1021,0.305,29.5,18.69,-0.15,0,50.69,10.97,5.5,20.47,9.71,586.02,-0.319,63.3,Caution,2026-06-17,,,,2
FEDERALBNK.NS,2026-06-17,6.81,0.846,7.0,4.23,7.14,6.5,6.28,5,0.2166,0.2198,0.1131,0.5814,2.288,26.68,14.9,2.31,-1,75.34,29.82,18.47,11.73,6.39,,1.207,66.7,Buy,2026-06-17,,,,4
SAIL.NS,2026-06-17,5.36,-0.123,4.5,6.06,5.49,5.1,5.54,8,0.3573,0.1697,-0.0978,0.4057,1.113,44.84,22.37,-0.08,0,38.2,27.46,22.01,5.66,7.79,52.9,0.08,68.7,Caution,2026-06-17,,,,2
CDSL.NS,2026-06-17,5.6,-0.015,5.5,5.36,5.66,5.52,5.56,7,-0.1494,0.0764,0.0541,-0.2159,-0.532,35.97,19.37,0.78,0,62.9,16.38,59.03,23.91,32.0,0.11,0.154,16.0,Hold,2026-06-17,,,,3
APOLLOTYRE.NS,2026-06-17,5.95,-0.015,7.0,6.07,5.63,6.41,5.91,9,-0.1459,0.0181,0.1429,-0.0326,-0.115,33.11,18.54,1.05,0,65.62,15.19,19.83,8.72,13.8,21.99,-0.389,16.7,Hold,2026-06-17,,,,3
HINDPETRO.NS,2026-06-17,6.74,0.215,8.0,5.32,6.6,7.06,6.38,8,-0.1362,0.1631,0.052,0.0809,0.233,44.87,18.9,1.36,0,58.57,13.56,4.75,30.93,22.2,85.37,0.112,27.3,Buy,2026-06-17,,,,4
AMBER.NS,2026-06-17,4.86,0.292,2.0,4.72,5.68,3.64,5.0,8,0.1562,0.1602,0.1155,0.2158,0.441,53.99,36.66,0.48,0,55.1,11.77,157.31,5.58,10.2,46.57,0.699,62.7,Caution,2026-06-17,,,,2
TITAN.NS,2026-06-17,7.32,0.754,6.5,5.58,7.81,6.71,7.02,8,0.133,0.0709,0.0667,0.284,1.217,34.55,20.58,0.79,0,61.5,11.27,76.5,37.13,25.8,195.0,0.192,54.7,Strong Buy,2026-06-17,,,,5
CIPLA.NS,2026-06-17,4.89,-0.292,5.5,5.71,4.59,5.27,5.01,7,-0.0958,0.0636,-0.0257,-0.0845,-0.379,27.46,11.13,0.51,0,44.51,18.4,28.11,11.74,15.5,1.78,-0.568,17.3,Caution,2026-06-17,,,,2
HCC.NS,2026-06-17,6.41,0.692,4.5,4.98,7.15,5.39,6.23,6,0.5149,0.7729,0.2852,-0.1676,-0.312,60.51,27.62,1.94,-1,69.66,22.92,35.81,10.91,22.8,47.91,-0.606,90.7,Hold,2026-06-17,,,,3
ATHERENERG.NS,2026-06-17,6.21,0.785,3.0,5.24,7.24,4.71,6.19,7,0.445,0.3682,0.0893,2.1535,4.615,46.97,23.02,1.01,0,53.36,43.9,-111.51,-33.74,,25.82,3.976,83.3,Hold,2026-06-17,,,,3
CENTRALBK.NS,2026-06-17,5.45,0.092,5.0,4.83,5.67,5.17,5.35,6,-0.0531,-0.0147,0.0006,-0.0774,-0.219,36.65,23.2,0.21,0,62.68,28.4,6.77,11.91,5.62,,-0.941,18.0,Caution,2026-06-17,,,,2
ZENTEC.NS,2026-06-17,6.0,0.938,3.0,4.58,7.05,4.52,5.89,6,0.3791,0.3249,0.1765,-0.0431,-0.089,46.6,25.42,2.0,-1,68.13,14.26,87.75,11.83,16.2,0.95,0.382,79.3,Hold,2026-06-17,,,,3
OLECTRA.NS,2026-06-17,6.14,0.492,8.5,2.81,5.99,6.64,5.34,6,0.1105,0.4995,0.1098,0.1406,0.31,52.09,26.65,1.55,0,61.56,19.74,62.73,21.0,21.0,30.84,-0.437,71.3,Hold,2026-06-17,,,,3
VOLTAS.NS,2026-06-17,4.07,-0.123,2.5,5.1,4.35,3.56,4.37,7,-0.0229,-0.0445,0.0473,0.0685,0.206,39.11,22.64,0.37,0,60.04,14.85,118.47,5.72,9.04,15.51,-0.365,24.0,Avoid,2026-06-17,,,,1
ZYDUSLIFE.NS,2026-06-17,6.36,0.646,5.0,5.66,6.85,5.68,6.3,8,0.1517,0.1929,0.0197,0.1011,0.422,26.53,13.96,1.02,0,52.62,49.08,21.21,18.32,21.2,42.24,-0.277,60.7,Hold,2026-06-17,,,,3
AEGISLOG.NS,2026-06-17,7.04,0.969,6.0,5.14,7.62,6.32,6.72,9,0.3413,0.6245,0.4183,0.2685,0.57,50.58,17.98,3.04,-1,85.64,46.44,39.29,15.26,13.6,47.24,0.092,87.3,Buy,2026-06-17,,,,4
NESTLEIND.NS,2026-06-17,6.3,0.092,7.0,6.55,6.07,6.63,6.31,8,0.1378,0.166,-0.009,0.1956,1.012,23.92,11.05,0.42,0,50.94,19.59,77.79,76.34,85.3,8.62,-0.015,59.3,Hold,2026-06-17,,,,3
HCLTECH.NS,2026-06-17,4.28,-0.477,6.0,3.46,3.92,4.88,4.02,7,-0.2887,-0.0999,-0.0026,-0.2823,-1.089,35.08,27.01,-0.7,0,49.29,18.46,19.03,23.36,30.6,6.93,-0.498,3.3,Avoid,2026-06-17,,,,1
ZEEL.NS,2026-06-17,6.09,0.754,4.0,4.21,6.96,4.93,5.84,6,0.1723,0.4604,0.3257,-0.1823,-0.417,61.67,26.78,1.83,-1,62.7,35.71,39.0,2.33,2.75,2.26,-0.523,75.3,Hold,2026-06-17,,,,3
NYKAA.NS,2026-06-17,7.24,0.8,5.5,5.97,7.91,6.31,7.08,8,0.1167,0.1706,0.028,0.4428,1.47,27.26,13.38,1.67,0,62.95,15.9,395.7,14.34,17.2,82.41,0.685,58.7,Strong Buy,2026-06-17,,,,5
AZAD.NS,2026-06-17,5.64,0.538,3.5,4.43,6.42,4.56,5.52,6,0.3516,0.4413,0.0778,0.3123,0.722,49.4,27.68,0.77,0,55.56,23.67,104.68,9.14,11.9,31.02,0.016,80.0,Hold,2026-06-17,,,,3
DLF.NS,2026-06-17,4.68,0.108,3.5,3.83,5.14,4.06,4.58,6,-0.1065,0.1383,0.069,-0.2621,-0.84,34.81,18.5,1.6,0,62.95,16.66,35.01,10.03,6.34,0.67,-0.702,32.0,Caution,2026-06-17,,,,2
ITC.NS,2026-06-17,4.83,-0.6,7.0,5.8,4.08,5.89,4.9,6,-0.242,-0.0203,-0.0289,-0.2633,-1.4,19.71,12.46,-0.24,0,52.67,22.24,17.61,29.34,38.9,3.29,-1.024,6.7,Caution,2026-06-17,,,,2
KEI.NS,2026-06-17,7.1,1.0,5.5,5.58,7.78,6.2,6.89,8,0.3556,0.3384,0.1023,0.5393,1.385,35.25,16.5,1.7,-1,65.85,13.45,58.86,14.75,20.1,3.8,0.089,76.0,Buy,2026-06-17,,,,4
HDFCAMC.NS,2026-06-17,7.09,0.738,6.0,5.41,7.64,6.38,6.81,7,0.0627,0.1624,0.0317,0.115,0.381,42.4,21.68,0.94,0,60.51,21.24,40.79,32.93,42.9,2.36,0.436,50.7,Buy,2026-06-17,,,,4
JIOFIN.NS,2026-06-17,2.95,-0.262,2.0,3.01,3.2,2.56,3.01,5,-0.189,0.0226,0.0354,-0.1724,-0.573,33.84,20.25,0.56,0,56.2,19.4,100.4,1.21,1.86,16.29,-0.827,9.3,Avoid,2026-06-17,,,,1
MMTC.NS,2026-06-17,6.76,1.0,7.5,2.89,7.14,6.49,5.94,6,0.3608,0.4302,0.1893,0.0924,0.179,49.2,24.22,2.61,-1,69.99,25.42,29.47,20.27,8.66,0.11,-0.219,82.0,Buy,2026-06-17,,,,4
POLICYBZR.NS,2026-06-17,3.67,-0.846,3.5,5.7,3.41,3.9,4.08,8,-0.1562,0.0844,-0.1122,-0.1319,-0.326,31.77,18.77,0.14,0,51.06,27.33,111.81,9.74,10.3,4.92,0.068,10.0,Avoid,2026-06-17,,,,1
TATAPOWER.NS,2026-06-17,3.69,-0.031,1.0,4.83,4.26,2.73,4.07,5,0.052,0.0016,-0.029,0.0168,0.065,24.34,13.89,-0.62,0,42.76,18.5,34.29,11.34,10.5,168.05,-0.459,37.3,Avoid,2026-06-17,,,,1
PNB.NS,2026-06-17,4.96,0.185,3.0,4.68,5.55,4.09,5.02,6,-0.0565,0.0003,0.096,0.0813,0.279,33.26,19.43,1.08,0,61.85,20.27,6.8,12.98,6.13,,-0.389,26.0,Caution,2026-06-17,,,,2
MAHABANK.NS,2026-06-17,6.98,1.0,7.0,3.94,7.43,6.53,6.37,6,0.6186,0.4647,0.1621,0.7078,2.009,39.5,18.95,1.99,-1,74.18,20.57,9.88,22.66,6.03,,0.415,88.7,Buy,2026-06-17,,,,4
RATNAVEER.NS,2026-06-17,6.43,0.769,5.5,3.82,7.08,5.65,5.96,7,0.136,0.1852,-0.0095,0.1018,0.201,53.57,25.22,1.25,0,60.77,18.96,16.31,12.36,,50.05,0.265,60.0,Hold,2026-06-17,,,,3
AMAGI.NS,2026-06-17,5.46,0.308,4.5,5.22,5.77,5.02,5.47,6,,0.3992,0.2162,,,46.19,16.87,2.78,-1,78.68,32.14,150.68,6.33,8.0,1.76,3.184,74.7,Hold,2026-06-17,,,,3
AEROFLEX.NS,2026-06-17,7.63,1.0,6.5,6.22,8.15,6.94,7.41,9,1.7982,1.0292,0.3065,1.9917,3.534,82.03,34.0,2.25,-1,71.46,34.59,119.09,14.06,18.8,1.99,1.408,98.7,Strong Buy,2026-06-17,,,,5
MEESHO.NS,2026-06-17,3.81,-0.492,3.5,4.36,3.82,3.76,3.94,4,-0.0363,0.1292,-0.1515,,,57.0,24.77,-0.54,0,36.18,19.08,-52.91,-46.56,-35.6,1.43,-0.201,25.3,Avoid,2026-06-17,,,,1
FORTIS.NS,2026-06-17,5.93,0.308,5.5,5.7,6.09,5.72,5.91,8,0.0918,0.1578,-0.0256,0.261,0.875,24.66,12.62,0.5,0,46.1,19.49,69.02,11.01,13.5,34.15,1.11,51.3,Hold,2026-06-17,,,,3
HINDZINC.NS,2026-06-17,6.84,-0.123,9.5,6.02,6.22,7.84,6.52,9,0.0263,0.0671,-0.0918,0.1563,0.417,36.91,20.79,-0.27,0,41.77,24.49,17.49,76.94,69.5,39.03,-0.235,36.0,Buy,2026-06-17,,,,4
HINDCOPPER.NS,2026-06-17,7.02,0.031,10.0,6.34,6.3,8.17,6.72,9,0.3581,0.0447,-0.071,1.0444,2.129,47.27,28.73,-0.62,0,42.54,22.93,54.12,30.6,42.5,3.32,0.385,64.7,Buy,2026-06-17,,,,4
UNIONBANK.NS,2026-06-17,5.99,0.615,4.5,4.18,6.68,5.09,5.71,4,0.1308,-0.0132,0.0928,0.2284,0.677,40.74,24.42,0.26,0,59.01,11.64,6.83,15.71,6.3,,0.168,50.0,Hold,2026-06-17,,,,3
BLUESTARCO.NS,2026-06-17,4.56,-0.477,6.0,5.28,4.06,5.28,4.62,8,-0.0612,-0.0659,0.0104,0.0358,0.095,39.14,21.85,0.08,0,58.6,20.14,66.18,16.22,21.2,23.59,-0.189,13.3,Caution,2026-06-17,,,,2
KFINTECH.NS,2026-06-17,5.49,-0.015,6.0,5.62,5.33,5.72,5.48,8,-0.1439,-0.0028,0.085,-0.2513,-0.528,39.09,25.45,0.23,0,59.43,16.68,44.74,22.31,30.5,3.31,0.139,12.7,Hold,2026-06-17,,,,3
JINDALSTEL.NS,2026-06-17,3.88,-0.277,2.0,5.77,4.13,3.37,4.37,8,0.0985,-0.0186,-0.0714,0.236,0.812,28.5,17.37,-1.38,0,34.44,28.32,34.24,6.77,9.7,43.61,-0.049,39.3,Avoid,2026-06-17,,,,1
ABB.NS,2026-06-17,7.47,0.615,9.0,5.54,7.33,7.82,6.99,7,0.3611,0.1399,0.0846,0.2014,0.636,36.86,23.46,0.82,0,58.85,16.55,98.11,29.9,29.9,1.08,-0.51,72.0,Strong Buy,2026-06-17,,,,5
SOLARINDS.NS,2026-06-17,6.96,0.108,9.0,5.64,6.59,7.62,6.58,8,0.4188,0.2439,-0.0414,0.049,0.143,35.15,19.63,0.75,0,50.55,32.88,94.43,31.33,36.8,23.27,0.758,74.0,Buy,2026-06-17,,,,4
REDINGTON.NS,2026-06-17,5.38,0.323,5.0,4.48,5.62,5.09,5.22,7,-0.1145,0.0915,0.1104,-0.1384,-0.296,36.58,21.82,2.32,-1,63.35,29.45,13.07,13.09,17.5,27.26,0.077,28.0,Caution,2026-06-17,,,,2
ULTRACEMCO.NS,2026-06-17,3.99,-0.4,3.0,5.82,3.99,3.85,4.41,7,-0.0303,0.0231,-0.0032,0.0197,0.085,29.17,15.52,-0.17,0,51.67,20.56,40.92,10.59,12.8,29.43,-0.203,26.7,Avoid,2026-06-17,,,,1
LTM.NS,2026-06-17,4.69,-0.723,6.5,5.43,4.07,5.56,4.73,8,-0.3541,-0.0334,-0.0226,-0.2512,-0.837,39.88,25.64,-0.86,0,47.41,13.96,23.63,21.29,29.6,9.58,-0.544,2.0,Caution,2026-06-17,,,,2
IOC.NS,2026-06-17,5.8,-0.031,6.0,5.59,5.78,5.86,5.75,8,-0.0996,-0.0086,0.0535,0.1048,0.394,32.44,16.31,1.08,0,58.18,13.89,4.76,20.97,18.8,58.45,-0.336,15.3,Hold,2026-06-17,,,,3
DOMS.NS,2026-06-18,5.64,-0.046,5.0,6.05,5.75,5.43,5.75,9,-0.0976,0.0837,0.0437,0.0023,0.006,29.29,15.03,0.63,0,63.4,19.28,61.96,20.09,24.3,10.85,0.067,24.0,Hold,2026-06-18,,,,3
TARSONS.NS,2026-06-18,4.41,0.554,1.0,3.98,5.43,2.91,4.52,6,0.1557,0.4212,0.2667,-0.319,-0.709,63.72,23.34,3.12,-1,70.86,32.84,99.01,2.27,4.56,61.91,-0.785,73.3,Avoid,2026-06-18,,,,1
DMART.NS,2026-06-18,7.38,0.815,6.0,5.96,7.98,6.59,7.18,9,0.1167,0.1204,0.041,0.0538,0.194,31.62,14.5,0.15,0,60.51,26.64,94.05,12.94,17.2,9.91,-0.511,55.3,Strong Buy,2026-06-18,,,,5
NEWGEN.NS,2026-06-18,4.7,-0.015,4.5,4.64,4.76,4.61,4.7,7,-0.4221,0.0613,0.0912,-0.6025,-1.086,55.05,23.33,0.84,0,55.47,19.76,23.15,18.25,25.8,2.21,-0.61,4.7,Caution,2026-06-18,,,,2
UCOBANK.NS,2026-06-18,4.93,0.123,4.0,4.05,5.33,4.41,4.81,5,-0.0088,0.1082,0.1277,-0.0908,-0.259,36.94,19.48,2.19,-1,68.41,19.36,12.67,8.63,5.76,,-1.003,43.3,Caution,2026-06-18,,,,2
PINELABS.NS,2026-06-18,2.52,-0.631,1.0,4.49,2.65,2.18,3.0,7,-0.3407,-0.1263,0.0102,,,54.12,34.26,-0.8,1,45.58,17.03,146.89,2.39,4.16,7.47,-1.395,2.0,Avoid,2026-06-18,,,,1
BRIGADE.NS,2026-06-18,4.36,0.046,3.5,3.24,4.77,3.83,4.19,4,-0.1388,0.0777,0.1062,-0.3801,-1.097,36.75,20.29,0.54,0,65.03,32.07,28.05,10.79,10.5,84.32,-0.956,19.3,Avoid,2026-06-18,,,,1
IGARASHI.NS,2026-06-18,4.54,0.077,2.0,4.86,5.19,3.52,4.74,7,-0.1087,0.2427,0.0249,-0.1826,-0.378,54.7,27.49,0.79,0,56.55,20.78,102.73,2.61,,31.01,-0.441,36.7,Caution,2026-06-18,,,,2
ASHOKLEY.NS,2026-06-18,5.29,-0.015,6.0,4.06,5.28,5.41,5.01,6,-0.0393,-0.0978,0.0432,0.3764,1.141,50.55,24.8,0.06,0,56.32,21.32,26.81,21.64,13.8,344.74,0.357,16.7,Caution,2026-06-18,,,,2
MSTCLTD.NS,2026-06-18,6.9,0.6,7.0,4.71,7.2,6.61,6.46,7,0.4765,0.6118,0.6131,0.338,0.748,67.84,22.95,3.15,-1,80.01,46.65,22.14,26.6,30.3,16.04,-0.342,90.7,Buy,2026-06-18,,,,4
INDUSTOWER.NS,2026-06-18,5.43,0.0,4.5,5.65,5.65,5.07,5.52,9,0.0151,-0.0604,-0.0405,0.0595,0.199,26.52,16.21,-0.52,0,43.07,17.18,15.29,19.81,19.5,53.29,0.11,21.3,Hold,2026-06-18,,,,3
GICRE.NS,2026-06-18,3.4,-0.569,2.5,4.42,3.5,3.17,3.66,6,-0.0543,-0.0372,-0.0802,-0.0517,-0.146,30.43,20.08,-2.24,1,37.33,17.24,6.48,10.69,17.4,,-0.225,12.7,Avoid,2026-06-18,,,,1
LODHA.NS,2026-06-18,3.96,-0.262,3.0,4.06,4.22,3.57,4.04,8,-0.1408,0.0818,0.0455,-0.3696,-0.926,45.88,27.53,0.86,0,55.82,14.76,26.99,15.71,16.6,42.24,-0.761,17.3,Avoid,2026-06-18,,,,1
BDL.NS,2026-06-18,3.88,-0.231,2.5,5.08,4.08,3.48,4.2,7,-0.0289,-0.0064,0.0061,-0.3024,-0.699,43.19,25.11,0.18,0,58.71,22.1,114.07,10.19,,0.01,-0.381,23.3,Avoid,2026-06-18,,,,1
NBCC.NS,2026-06-18,6.63,0.538,8.0,3.39,6.73,6.72,5.9,6,-0.0124,0.2455,0.1835,-0.0931,-0.219,40.74,22.03,1.95,-1,63.49,31.45,41.25,25.23,31.0,0.01,-0.08,56.0,Buy,2026-06-18,,,,4
ENRIN.NS,2026-06-18,6.12,0.492,3.5,6.02,6.86,5.0,6.25,8,0.2717,0.3319,0.0584,,,44.84,20.71,1.52,-1,62.18,30.44,102.78,0.0,,4.48,0.911,71.3,Hold,2026-06-18,,,,3
FEDERALBNK.NS,2026-06-18,6.8,0.846,7.0,4.21,7.14,6.5,6.27,5,0.2222,0.1803,0.1293,0.568,2.237,26.76,14.88,2.06,-1,71.46,31.63,18.34,11.73,6.39,,1.186,67.3,Buy,2026-06-18,,,,4
PFC.NS,2026-06-18,4.59,0.092,4.0,3.21,4.95,4.13,4.34,4,0.2999,0.0011,-0.0039,0.0955,0.286,29.54,18.64,-0.27,0,49.12,10.49,5.47,20.47,9.71,586.02,-0.327,61.3,Caution,2026-06-18,,,,2
APOLLOTYRE.NS,2026-06-18,6.19,-0.046,8.0,6.06,5.7,6.93,6.06,9,-0.1566,0.0197,0.1508,-0.0267,-0.094,33.12,18.49,0.96,0,64.54,16.84,19.76,8.72,13.8,21.99,-0.396,15.3,Hold,2026-06-18,,,,3
HINDPETRO.NS,2026-06-18,6.31,-0.031,8.0,5.32,5.98,6.87,6.01,8,-0.137,0.1496,0.0329,0.0533,0.153,44.41,18.86,1.28,0,57.93,13.77,4.73,30.93,22.2,85.37,0.108,22.0,Hold,2026-06-18,,,,3
CIPLA.NS,2026-06-18,4.92,-0.277,5.5,5.72,4.63,5.28,5.04,7,-0.0876,0.0786,-0.024,-0.0944,-0.424,27.34,11.13,0.55,0,46.12,18.28,28.2,11.74,15.5,1.78,-0.56,18.7,Caution,2026-06-18,,,,2
CENTRALBK.NS,2026-06-18,5.05,-0.138,5.0,4.82,5.09,4.99,5.0,6,-0.0641,-0.0437,-0.0242,-0.0955,-0.27,36.81,23.33,-0.15,0,56.6,28.46,6.62,11.91,5.61,,-0.963,14.0,Caution,2026-06-18,,,,2
VOLTAS.NS,2026-06-18,4.0,0.092,1.0,5.1,4.66,2.9,4.39,7,-0.0233,-0.0427,0.0694,0.0425,0.128,38.94,22.68,0.42,0,60.73,15.9,118.88,5.72,,15.51,-0.36,25.3,Avoid,2026-06-18,,,,1
AEGISLOG.NS,2026-06-18,6.97,0.923,6.0,5.15,7.51,6.29,6.66,9,0.3407,0.652,0.3834,0.2876,0.611,50.61,17.98,2.79,-1,85.63,48.75,39.29,15.26,13.6,47.24,0.092,86.0,Buy,2026-06-18,,,,4
ZYDUSLIFE.NS,2026-06-18,6.53,0.738,5.0,5.67,7.08,5.75,6.44,8,0.175,0.1943,0.0366,0.1153,0.481,26.46,13.96,1.14,0,56.55,46.83,21.47,18.32,21.2,42.24,-0.251,62.0,Hold,2026-06-18,,,,3
NESTLEIND.NS,2026-06-18,6.44,-0.031,7.0,6.54,6.26,6.69,6.43,8,0.1349,0.1624,-0.0043,0.1833,0.949,23.97,11.02,0.33,0,49.07,18.52,77.41,76.34,85.3,8.62,-0.029,58.7,Hold,2026-06-18,,,,3
AZAD.NS,2026-06-18,4.61,0.0,3.5,4.17,4.98,4.07,4.58,6,0.2947,0.3645,0.0216,0.2427,0.56,50.51,28.59,0.37,0,47.61,22.71,100.03,9.14,11.7,31.02,-0.041,74.0,Caution,2026-06-18,,,,2
KEI.NS,2026-06-18,6.65,0.938,4.0,5.56,7.55,5.37,6.58,8,0.3563,0.2826,0.0751,0.5297,1.362,35.21,16.52,1.62,-1,65.19,14.16,58.72,14.75,,3.8,0.085,76.0,Buy,2026-06-18,,,,4
HDFCAMC.NS,2026-06-18,7.09,0.738,6.0,5.41,7.64,6.38,6.81,7,0.079,0.1292,0.022,0.1218,0.404,42.37,21.75,1.01,0,61.52,21.08,41.04,32.93,42.9,2.36,0.448,47.3,Buy,2026-06-18,,,,4
POLICYBZR.NS,2026-06-18,3.87,-0.723,3.5,5.69,3.71,3.99,4.26,8,-0.1602,0.0513,-0.1108,-0.1443,-0.357,31.79,18.72,0.06,0,50.0,25.88,111.34,9.74,10.3,4.92,0.062,8.7,Avoid,2026-06-18,,,,1
MMTC.NS,2026-06-18,6.79,0.862,7.5,2.96,7.16,6.51,5.98,6,0.3657,0.1959,0.1707,0.0916,0.177,49.29,24.24,2.24,-1,66.81,27.13,29.05,20.27,8.66,0.11,-0.233,74.7,Buy,2026-06-18,,,,4
PNB.NS,2026-06-18,4.91,0.154,3.0,4.68,5.47,4.07,4.97,6,-0.0364,-0.0031,0.1064,0.0866,0.297,33.08,19.43,1.25,0,63.27,21.25,6.85,12.98,6.13,,-0.378,30.7,Caution,2026-06-18,,,,2
RATNAVEER.NS,2026-06-18,6.34,0.738,5.5,3.71,6.97,5.59,5.86,7,0.1926,0.276,0.005,0.1578,0.312,53.87,25.22,1.58,-1,64.42,20.34,16.84,12.36,,50.05,0.304,63.3,Hold,2026-06-18,,,,3
AMAGI.NS,2026-06-18,5.84,0.508,4.5,5.28,6.29,5.19,5.8,6,,0.4221,0.2585,,,46.19,16.87,2.59,-1,78.79,34.76,150.89,6.33,8.0,1.76,3.168,78.7,Hold,2026-06-18,,,,3
MAHABANK.NS,2026-06-18,6.98,0.923,7.0,3.93,7.43,6.53,6.37,6,0.6321,0.4169,0.1392,0.6892,1.958,38.75,18.9,1.83,-1,71.63,21.99,9.81,22.66,6.03,,0.401,88.0,Buy,2026-06-18,,,,4
AEROFLEX.NS,2026-06-18,7.6,0.985,6.5,6.15,8.13,6.92,7.38,9,1.7192,0.9736,0.287,1.8605,3.299,82.87,34.45,1.87,-1,65.23,35.62,113.99,14.06,18.8,1.99,1.33,98.7,Strong Buy,2026-06-18,,,,5
HINDCOPPER.NS,2026-06-18,6.97,0.0,10.0,6.35,6.22,8.16,6.68,9,0.382,0.042,-0.0769,0.9529,1.944,46.65,28.66,-0.81,0,40.6,22.67,53.54,30.6,42.5,3.32,0.37,66.7,Buy,2026-06-18,,,,4
FORTIS.NS,2026-06-18,5.98,0.338,5.5,5.68,6.16,5.73,5.95,8,0.0957,0.1333,-0.0088,0.255,0.856,24.7,12.62,0.63,0,49.88,18.54,69.68,11.01,13.5,34.15,1.13,49.3,Hold,2026-06-18,,,,3
BLUESTARCO.NS,2026-06-18,4.48,-0.354,5.0,5.27,4.21,4.82,4.61,8,-0.0602,-0.0623,0.0263,0.0235,0.063,39.04,21.92,0.18,0,59.8,20.05,66.6,16.22,17.3,23.59,-0.18,14.7,Caution,2026-06-18,,,,2
JINDALSTEL.NS,2026-06-18,3.88,-0.277,2.0,5.76,4.12,3.37,4.36,8,0.1194,-0.0401,-0.0542,0.2293,0.79,27.1,17.33,-1.42,0,33.56,28.64,34.12,6.77,10.7,43.61,-0.056,38.7,Avoid,2026-06-18,,,,1
ABB.NS,2026-06-18,6.72,0.738,6.0,5.36,7.12,6.21,6.49,6,0.3847,0.1453,0.0956,0.2093,0.662,36.81,23.46,0.93,0,60.7,16.75,99.0,0.0,,1.08,-0.496,72.7,Buy,2026-06-18,,,,4
KFINTECH.NS,2026-06-18,5.49,-0.015,6.0,5.61,5.32,5.72,5.48,8,-0.1234,-0.0392,0.0906,-0.2548,-0.536,39.14,25.45,0.39,0,60.87,17.4,45.16,22.31,30.5,3.31,0.15,12.0,Hold,2026-06-18,,,,3
SOLARINDS.NS,2026-06-18,7.58,0.385,9.0,6.01,7.42,7.94,7.18,8,0.4565,0.2967,-0.0341,0.0549,0.16,34.93,19.54,0.88,0,54.38,31.26,96.09,31.33,36.8,23.27,0.79,79.3,Strong Buy,2026-06-18,,,,5
IOC.NS,2026-06-18,5.83,-0.015,6.0,5.6,5.82,5.87,5.78,8,-0.0909,-0.0146,0.0397,0.0982,0.369,32.35,16.31,1.23,0,59.18,14.93,4.78,20.97,18.8,58.45,-0.327,16.0,Hold,2026-06-18,,,,3
LTM.NS,2026-06-18,4.74,-0.692,6.5,5.42,4.14,5.58,4.77,8,-0.3482,-0.0575,-0.0189,-0.2536,-0.846,39.56,25.64,-0.82,0,47.54,13.06,23.65,21.29,30.4,9.58,-0.543,2.7,Caution,2026-06-18,,,,2
IFCI.NS,2026-06-18,4.91,0.969,1.5,2.74,6.19,3.15,4.67,4,0.7184,0.4675,0.3489,0.3197,0.563,72.99,32.59,1.81,-1,59.09,41.93,119.29,5.03,5.03,,0.114,91.9,Caution,2026-06-18,,,,2
MTARTECH.NS,2026-06-18,7.72,1.0,6.0,6.9,8.32,6.87,7.65,9,2.4882,1.3218,0.045,3.9133,7.831,84.09,39.02,1.43,-1,62.04,26.01,269.75,12.12,15.1,45.78,2.077,100.0,Strong Buy,2026-06-18,,,,5
PARAS.NS,2026-06-18,6.91,1.0,5.5,5.02,7.58,6.03,6.61,8,1.02,1.0034,0.6571,0.6066,0.958,68.63,27.03,3.26,-1,82.39,38.81,120.32,13.14,16.9,3.73,-0.148,98.7,Buy,2026-06-18,,,,4
HDFCBANK.NS,2026-06-18,4.04,-0.015,2.0,3.9,4.62,3.16,4.12,4,-0.1964,-0.0523,0.0525,-0.1632,-0.833,29.47,16.47,1.27,0,64.84,19.96,17.83,13.82,7.04,,-0.313,7.4,Avoid,2026-06-18,,,,1
BSE.NS,2026-06-18,7.9,0.385,10.0,6.08,7.59,8.51,7.42,8,0.5405,0.3401,-0.0412,0.4883,0.926,39.58,19.19,0.7,0,51.61,25.72,66.52,36.0,58.0,0.0,2.0,81.9,Strong Buy,2026-06-18,,,,5
NETWEB.NS,2026-06-18,6.88,1.0,5.0,5.37,7.63,5.86,6.69,8,0.549,0.5412,0.3321,1.791,3.181,61.19,28.91,2.11,-1,66.66,26.65,140.55,32.83,,39.02,0.636,89.3,Buy,2026-06-18,,,,4
RELIANCE.NS,2026-06-18,3.36,-0.6,2.5,5.46,3.29,3.31,3.83,7,-0.1349,-0.0525,-0.0114,-0.0683,-0.326,25.1,15.76,-0.41,0,52.22,21.57,22.26,9.14,10.3,36.65,-0.539,8.7,Avoid,2026-06-18,,,,1
INFY.NS,2026-06-18,4.25,-0.785,7.0,4.06,3.51,5.38,4.05,8,-0.2769,-0.0909,-0.0248,-0.2798,-1.071,32.67,20.48,-0.9,0,44.22,14.11,14.83,31.44,40.0,9.83,-0.656,4.0,Avoid,2026-06-18,,,,1
ICICIBANK.NS,2026-06-18,5.07,0.108,3.0,5.39,5.61,4.25,5.26,6,-0.0173,0.0411,0.0801,-0.052,-0.279,23.79,11.38,1.39,0,65.58,22.47,17.96,16.36,7.2,,0.207,27.5,Caution,2026-06-18,,,,2
NIACL.NS,2026-06-18,6.2,0.492,6.0,4.12,6.57,5.8,5.8,6,0.0737,0.327,0.0758,-0.0354,-0.081,59.8,20.51,1.54,-1,71.46,22.97,20.85,3.42,3.87,,-0.46,57.0,Hold,2026-06-18,,,,3
TRENT.NS,2026-06-18,6.04,-0.077,7.0,5.65,5.83,6.39,5.91,9,-0.225,0.3119,0.1454,-0.4393,-0.993,40.45,18.28,2.32,-1,74.35,16.93,98.84,27.13,28.3,36.03,-0.67,24.8,Hold,2026-06-18,,,,3
CDSL.NS,2026-06-18,5.44,-0.077,5.5,5.2,5.45,5.43,5.39,7,-0.1005,0.0947,0.1255,-0.1909,-0.469,37.1,19.41,1.69,0,70.78,18.99,61.75,23.91,32.0,0.11,0.217,23.5,Hold,2026-06-18,,,,3
SBIN.NS,2026-06-18,6.02,0.708,4.0,4.24,6.85,4.9,5.78,5,0.1044,-0.0078,0.0965,0.3394,1.511,29.59,20.57,0.68,0,68.01,17.11,11.44,15.48,6.13,,0.306,41.6,Hold,2026-06-18,,,,3
REDINGTON.NS,2026-06-18,5.86,0.615,5.0,4.37,6.32,5.27,5.61,7,0.0024,0.176,0.2371,-0.064,-0.136,40.89,21.88,3.72,-1,73.28,31.88,14.28,13.09,17.5,27.26,0.182,49.7,Hold,2026-06-18,,,,3
ADANIPOWER.NS,2026-06-18,7.15,0.538,8.0,4.88,7.25,7.17,6.65,7,0.5865,0.4965,0.0512,1.0479,2.391,39.98,18.64,0.77,0,55.57,18.72,34.88,20.91,17.2,82.33,0.41,86.6,Buy,2026-06-18,,,,4
NYKAA.NS,2026-06-18,7.2,0.8,5.5,5.84,7.87,6.28,7.02,8,0.2054,0.2235,0.086,0.5279,1.737,29.76,13.38,3.01,-1,72.45,18.63,419.86,14.34,17.2,82.41,0.804,61.1,Buy,2026-06-18,,,,4
BEL.NS,2026-06-18,7.14,0.462,7.0,6.1,7.34,6.93,6.94,8,0.1093,-0.0316,0.0195,0.0683,0.234,24.77,15.06,0.2,0,59.82,30.21,51.83,27.56,36.5,0.27,0.364,35.6,Buy,2026-06-18,,,,4
HSCL.NS,2026-06-18,7.52,1.0,7.0,5.47,7.97,6.99,7.14,8,0.4704,0.5241,0.1705,0.4734,1.228,41.18,21.49,1.48,-1,65.26,33.87,45.96,17.7,22.1,16.14,0.829,85.2,Strong Buy,2026-06-18,,,,5
BATAINDIA.NS,2026-06-18,4.12,-0.077,2.0,5.43,4.51,3.42,4.5,8,-0.1676,0.1735,0.1468,-0.3459,-1.214,45.37,18.78,2.43,-1,77.17,18.1,75.59,8.47,12.2,86.9,-1.133,20.8,Avoid,2026-06-18,,,,1
SHAILY.NS,2026-06-18,6.44,0.185,8.0,5.63,6.13,6.98,6.19,9,0.1597,0.1618,-0.0075,0.5624,1.035,61.87,26.59,0.5,0,43.26,32.27,74.23,26.88,29.3,24.75,1.741,53.7,Hold,2026-06-18,,,,3
TCS.NS,2026-06-18,4.79,-0.692,7.0,6.14,3.97,5.92,4.93,9,-0.2906,-0.0851,-0.0404,-0.345,-1.488,32.39,22.78,-1.18,0,44.45,14.15,16.19,48.4,63.0,10.39,-1.208,2.0,Caution,2026-06-18,,,,2
TMPV.NS,2026-06-18,3.59,-0.538,3.0,5.39,3.49,3.61,3.98,6,0.0556,0.1229,0.0091,-0.4689,-1.109,40.76,23.0,0.32,0,43.94,22.88,21.1,-1.12,2.73,65.31,-1.082,40.3,Avoid,2026-06-18,,,,1
BHARATCOAL.NS,2026-06-18,4.19,0.308,0.5,4.01,5.25,2.61,4.37,3,,0.2231,0.1683,,,54.73,30.24,2.33,-1,63.94,39.14,151.96,2.1,,38.79,0.12,57.7,Avoid,2026-06-18,,,,1
BHARTIARTL.NS,2026-06-18,4.47,-0.262,4.0,5.66,4.43,4.45,4.74,7,-0.1081,0.0105,-0.0056,0.0157,0.075,23.66,14.38,0.95,0,58.34,17.8,42.33,19.36,18.5,99.72,0.432,12.1,Avoid,2026-06-18,,,,1
DATAPATTNS.NS,2026-06-18,6.36,1.0,4.0,4.73,7.26,5.12,6.16,7,0.8604,0.4543,0.2205,0.6268,1.219,56.0,24.47,2.04,-1,65.91,21.98,99.32,16.73,,0.3,0.367,93.3,Hold,2026-06-18,,,,3
M&M.NS,2026-06-18,5.33,-0.354,8.0,5.13,4.61,6.42,5.13,7,-0.1338,-0.0243,0.0121,0.0457,0.158,31.81,16.7,0.26,0,55.59,15.47,20.61,18.75,15.4,125.07,-0.095,10.7,Caution,2026-06-18,,,,2
MCX.NS,2026-06-18,6.9,-0.246,10.0,6.38,6.12,8.13,6.62,9,0.3859,0.0822,-0.1522,0.8064,2.085,36.55,21.48,-0.27,0,41.09,29.02,53.94,37.88,71.4,0.11,2.202,61.7,Buy,2026-06-18,,,,4
MAXHEALTH.NS,2026-06-18,5.6,0.492,2.5,5.4,6.5,4.26,5.74,8,0.0163,0.1129,-0.0006,-0.1244,-0.39,28.12,16.43,2.44,-1,70.36,16.7,73.93,14.33,14.7,32.37,0.115,31.5,Hold,2026-06-18,,,,3
RPTECH.NS,2026-06-18,7.28,1.0,7.0,4.79,7.73,6.79,6.79,8,1.0899,1.0935,0.325,1.4079,3.34,55.01,19.7,2.89,-1,84.61,45.38,17.74,14.94,16.8,48.65,1.02,98.0,Buy,2026-06-18,,,,4
COFORGE.NS,2026-06-18,6.6,-0.108,9.5,5.24,5.99,7.62,6.16,9,-0.2037,0.3101,0.077,-0.1838,-0.494,47.1,23.64,1.61,-1,62.4,21.45,33.86,18.6,23.5,7.52,0.359,24.2,Hold,2026-06-18,,,,3
AXISBANK.NS,2026-06-18,5.12,0.738,1.5,3.66,6.35,3.38,5.04,4,0.1152,0.0853,0.0852,0.12,0.515,28.04,13.89,1.3,0,65.4,18.83,16.09,13.15,6.24,,0.021,49.0,Caution,2026-06-18,,,,2
KAYNES.NS,2026-06-18,2.91,-0.6,3.0,3.75,2.76,3.07,3.07,6,-0.1913,-0.0889,0.0663,-0.3952,-0.77,63.12,47.08,-0.55,0,53.74,24.95,62.3,9.57,13.2,19.17,-0.26,6.0,Avoid,2026-06-18,,,,1
KPRMILL.NS,2026-06-18,7.12,1.0,5.5,5.63,7.79,6.21,6.91,9,0.2255,0.4148,0.2466,0.0857,0.205,42.3,13.34,3.09,-1,75.68,36.6,46.87,16.2,20.2,10.46,0.265,75.2,Buy,2026-06-18,,,,4
DLF.NS,2026-06-18,4.1,0.185,1.5,3.51,4.91,2.92,4.13,6,-0.0741,0.1378,0.0897,-0.2487,-0.796,35.17,18.54,2.08,-1,67.17,18.44,35.97,10.03,6.34,0.67,-0.663,28.2,Avoid,2026-06-18,,,,1
HINDALCO.NS,2026-06-18,4.91,-0.246,4.5,5.41,4.95,4.81,5.04,7,0.2047,0.0809,-0.0826,0.5639,1.954,30.92,17.22,-0.31,0,39.19,25.65,16.75,10.29,13.7,72.6,0.572,51.0,Caution,2026-06-18,,,,2
WOCKPHARMA.NS,2026-06-18,5.78,0.631,3.0,4.78,6.7,4.46,5.73,8,0.4657,0.6364,0.2434,0.1027,0.182,63.27,28.79,1.5,-1,60.8,39.03,152.43,4.0,7.55,42.28,1.465,87.9,Hold,2026-06-18,,,,3
GROWW.NS,2026-06-18,7.31,0.123,10.0,5.7,6.8,8.2,6.84,7,0.3902,0.2277,0.0646,,,49.83,25.75,0.45,0,56.12,18.07,59.16,28.72,37.3,3.03,1.745,73.8,Buy,2026-06-18,,,,4
BHEL.NS,2026-06-18,7.1,0.723,5.5,5.96,7.72,6.25,6.96,9,0.453,0.5603,-0.0055,0.5986,1.615,40.34,19.92,0.88,0,59.06,25.22,88.05,6.29,8.51,31.31,0.246,84.6,Buy,2026-06-18,,,,4
LT.NS,2026-06-18,6.8,0.708,5.0,5.61,7.48,5.86,6.67,7,0.0411,0.1727,0.077,0.166,0.66,31.28,12.39,1.49,0,65.2,16.33,35.87,16.95,14.6,97.64,0.064,44.3,Buy,2026-06-18,,,,4
DIXON.NS,2026-06-18,5.51,0.138,4.5,5.2,5.84,5.04,5.51,7,-0.0706,0.1827,0.1251,-0.1147,-0.283,43.95,21.12,2.42,-1,67.62,17.75,47.06,37.13,42.0,18.46,-0.041,33.6,Hold,2026-06-18,,,,3
TEJASNET.NS,2026-06-18,4.53,1.0,1.0,2.09,5.88,2.68,4.25,2,0.282,0.3337,0.2887,-0.1299,-0.241,64.14,31.37,2.01,-1,66.54,43.45,-11.69,-26.82,-14.6,142.52,-0.753,76.5,Avoid,2026-06-18,,,,1
YESBANK.NS,2026-06-18,5.68,0.923,2.5,4.09,6.81,4.1,5.55,6,0.1851,0.3453,0.1813,0.2589,0.818,35.89,17.48,2.16,-1,73.6,28.66,22.75,7.09,5.98,,-0.094,67.1,Hold,2026-06-18,,,,3
CUPID.NS,2026-06-18,8.16,0.954,8.5,6.03,8.39,7.98,7.71,8,1.0087,1.1335,0.408,8.107,16.691,43.35,22.85,2.17,-1,88.12,33.59,214.16,27.3,33.5,12.51,4.042,97.3,Strong Buy,2026-06-18,,,,5
INDIGO.NS,2026-06-18,3.85,0.123,1.0,4.53,4.54,2.75,4.15,5,0.0093,0.1688,0.1383,-0.0459,-0.15,43.96,21.75,2.66,-1,70.69,16.8,-80.9,7.12,7.12,866.46,0.054,43.0,Avoid,2026-06-18,,,,1
LLOYDSENGG.NS,2026-06-18,7.32,1.0,8.0,4.06,7.62,7.12,6.63,7,0.5612,0.9611,0.25,0.4286,0.823,64.66,28.17,1.86,-1,68.12,33.04,56.89,16.82,17.1,6.45,0.078,94.0,Buy,2026-06-18,,,,4
APOLLO.NS,2026-06-18,6.84,0.938,6.0,4.39,7.44,6.12,6.4,7,0.8661,1.068,0.1896,1.1914,2.045,74.47,28.28,1.36,-1,61.47,41.56,135.86,11.21,14.5,41.53,1.6,96.6,Buy,2026-06-18,,,,4
ASTRAMICRO.NS,2026-06-18,7.04,1.0,5.0,5.82,7.79,6.0,6.91,9,0.8837,0.7652,0.4099,0.4559,1.123,47.76,19.3,2.63,-1,80.92,39.31,82.35,15.99,20.2,21.88,0.542,95.3,Buy,2026-06-18,,,,4
BAJFINANCE.NS,2026-06-18,5.1,0.169,5.0,3.45,5.38,4.81,4.78,5,-0.0396,0.0895,0.0564,0.0222,0.081,34.81,18.19,1.3,0,62.5,16.6,31.42,17.91,10.8,313.41,0.316,26.2,Caution,2026-06-18,,,,2
ADANIENT.NS,2026-06-18,5.72,1.0,2.5,4.19,6.84,4.13,5.59,5,0.3411,0.502,0.1176,0.185,0.492,40.47,16.69,1.29,-1,67.73,47.37,40.95,13.66,5.8,119.56,-0.295,79.9,Hold,2026-06-18,,,,3
HFCL.NS,2026-06-18,5.94,1.0,2.0,5.26,7.14,4.18,6.03,6,2.051,1.7486,0.4083,1.3597,2.851,62.87,26.76,1.62,-1,70.09,53.99,93.29,7.27,10.9,38.32,0.437,99.3,Hold,2026-06-18,,,,3
IDBI.NS,2026-06-18,4.16,-0.077,4.0,2.85,4.4,3.9,3.91,4,-0.1498,0.1293,0.1608,-0.0846,-0.185,55.82,24.87,2.73,-1,64.28,24.13,9.79,14.15,6.5,,-0.128,19.5,Avoid,2026-06-18,,,,1
ZEEL.NS,2026-06-18,5.95,0.754,3.5,4.23,6.89,4.66,5.74,6,0.2054,0.454,0.34,-0.1725,-0.395,61.51,26.86,1.9,-1,64.28,36.05,39.64,2.33,2.75,2.26,-0.506,77.9,Hold,2026-06-18,,,,3
OLECTRA.NS,2026-06-18,5.83,0.492,7.5,2.78,5.83,6.08,5.13,6,0.2081,0.37,0.1948,0.2246,0.493,50.24,26.65,2.39,-1,68.69,21.5,66.97,21.0,21.0,30.84,-0.37,71.1,Hold,2026-06-18,,,,3
IDEA.NS,2026-06-18,6.19,1.0,3.5,4.67,7.16,4.83,6.04,5,0.3342,0.59,0.1021,1.2436,2.334,42.28,19.31,1.41,-1,68.02,43.44,4.68,-1.6,-1.6,,-0.229,82.6,Hold,2026-06-18,,,,3
MARUTI.NS,2026-06-18,6.03,-0.077,7.0,5.62,5.82,6.38,5.89,7,-0.1755,0.0334,0.0364,0.0878,0.387,25.87,14.13,0.87,0,55.79,15.9,28.88,14.43,19.0,0.1,-0.079,11.4,Hold,2026-06-18,,,,3
GRSE.NS,2026-06-18,6.13,0.431,6.5,3.78,6.38,5.93,5.64,7,0.2371,0.1808,0.0501,-0.0728,-0.127,62.76,28.67,0.73,0,60.17,13.15,46.94,31.79,,1.42,0.32,59.7,Hold,2026-06-18,,,,3
SUZLON.NS,2026-06-18,7.74,0.708,8.5,5.28,7.89,7.69,7.2,7,0.1096,0.3894,0.1054,-0.1066,-0.268,41.56,19.5,1.18,0,62.58,15.58,25.3,40.64,35.1,5.87,0.044,63.8,Strong Buy,2026-06-18,,,,5
MEESHO.NS,2026-06-18,3.51,-0.662,3.5,4.33,3.39,3.63,3.67,4,-0.0531,0.1523,-0.1131,,,57.44,24.77,-0.23,0,44.82,17.74,-54.89,-46.56,-35.6,1.43,-0.091,20.1,Avoid,2026-06-18,,,,1
LICI.NS,2026-06-18,7.62,0.492,9.5,5.17,7.46,8.04,7.02,7,0.0064,0.0944,0.0747,-0.0822,-0.318,31.58,17.03,2.06,-1,66.02,16.95,9.46,42.36,35.1,,-0.602,34.2,Buy,2026-06-18,,,,4
ETERNAL.NS,2026-06-18,5.7,-0.015,5.0,6.09,5.84,5.46,5.82,9,-0.0911,0.066,0.0682,0.0254,0.065,34.77,17.33,1.34,0,58.32,12.39,680.39,1.19,2.97,14.83,0.278,16.8,Hold,2026-06-18,,,,3
POWERINDIA.NS,2026-06-18,7.18,0.508,6.5,6.42,7.49,6.78,7.07,9,0.8789,0.4535,-0.0041,1.0644,2.134,41.41,22.11,1.06,0,58.64,20.78,163.26,21.04,,1.66,1.476,92.6,Buy,2026-06-18,,,,4
SILVERBEES.NS,2026-06-18,4.78,-0.123,5.0,5.0,4.69,4.91,4.82,0,,,,,,,,0.0,0,42.62,14.91,,,,,1.279,47.7,Caution,2026-06-18,,,,2
NELCO.NS,2026-06-18,5.29,0.492,2.0,4.94,6.26,3.85,5.41,7,0.1675,0.4354,0.3124,-0.2238,-0.438,59.55,25.9,3.34,-1,83.08,30.68,601.31,2.59,7.21,56.54,-0.032,74.5,Caution,2026-06-18,,,,2
TATASTEEL.NS,2026-06-18,5.77,-0.123,6.5,6.54,5.46,6.19,5.89,8,0.2051,0.0473,-0.0188,0.3275,1.18,24.31,15.56,-0.35,0,47.2,17.19,23.21,11.16,12.5,89.02,0.08,51.7,Hold,2026-06-18,,,,3
NTPC.NS,2026-06-18,4.76,-0.246,4.0,5.4,4.88,4.54,4.93,6,0.1361,-0.0437,-0.0691,0.1133,0.504,20.68,12.81,-1.22,0,41.82,34.08,11.89,13.69,8.33,118.13,-0.229,30.9,Caution,2026-06-18,,,,2
RADICO.NS,2026-06-18,7.79,0.923,7.5,5.82,8.16,7.37,7.41,7,0.1452,0.3618,0.0331,0.4169,1.231,33.72,14.56,1.24,0,68.5,30.76,81.84,24.2,24.2,20.94,1.134,62.4,Strong Buy,2026-06-18,,,,5
VBL.NS,2026-06-18,6.34,0.585,4.0,5.78,7.08,5.27,6.36,7,0.1165,0.2834,0.0225,0.127,0.385,33.45,14.87,0.85,0,55.38,19.7,56.49,19.7,19.7,12.71,-0.482,56.4,Hold,2026-06-18,,,,3
PAYTM.NS,2026-06-18,3.97,-0.692,4.5,4.93,3.67,4.34,4.13,6,-0.1463,0.0163,-0.0534,0.2468,0.551,45.33,23.66,-0.16,0,49.57,16.88,128.09,3.56,5.01,1.07,1.259,10.1,Avoid,2026-06-18,,,,1
RVNL.NS,2026-06-18,2.23,-0.692,1.5,3.55,2.24,2.12,2.53,6,-0.1973,-0.1,-0.0856,-0.3903,-0.82,39.75,22.75,-0.9,0,46.97,38.21,58.95,8.98,10.8,49.08,-0.571,4.7,Avoid,2026-06-18,,,,1
STARHEALTH.NS,2026-06-18,7.18,0.923,6.0,5.38,7.78,6.41,6.89,6,0.2258,0.2251,0.0741,0.2564,0.984,23.59,8.65,2.21,-1,73.89,36.73,59.54,0.0,,,-0.128,64.4,Buy,2026-06-18,,,,4
WELSPUNLIV.NS,2026-06-18,5.32,0.8,1.0,5.34,6.52,3.5,5.57,7,0.2018,0.4148,0.1203,0.2372,0.51,42.68,20.18,2.81,-1,75.68,18.57,76.17,4.3,6.25,46.5,-0.021,69.8,Caution,2026-06-18,,,,2
ZENTEC.NS,2026-06-18,6.01,0.923,3.0,4.59,7.06,4.53,5.9,6,0.4144,0.3331,0.203,-0.0207,-0.043,46.7,25.45,2.18,-1,70.69,15.75,89.7,11.83,16.2,0.95,0.41,80.5,Hold,2026-06-18,,,,3
HCLTECH.NS,2026-06-18,4.69,-0.477,7.0,3.79,4.19,5.53,4.38,7,-0.2779,-0.1276,-0.0055,-0.2968,-1.147,34.88,26.97,-0.73,0,48.12,17.6,18.95,23.36,30.6,6.93,-0.506,2.7,Caution,2026-06-18,,,,2
RRKABEL.NS,2026-06-18,7.14,1.0,5.5,5.68,7.81,6.23,6.94,8,0.5986,0.6006,0.1834,0.7169,1.909,48.41,17.94,1.64,-1,74.44,45.88,52.69,20.83,28.1,13.09,0.228,90.6,Buy,2026-06-18,,,,4
HAL.NS,2026-06-18,5.56,0.185,4.5,6.1,5.77,5.19,5.73,9,0.0438,0.1136,0.0094,-0.1186,-0.369,31.72,17.23,0.52,0,56.5,20.12,32.39,23.98,32.0,0.03,-0.508,37.6,Hold,2026-06-18,,,,3
KOTAKBANK.NS,2026-06-18,4.06,-0.077,1.5,4.7,4.68,3.08,4.33,5,-0.0768,0.0734,0.058,-0.057,-0.26,23.82,13.79,1.98,0,63.86,20.2,20.8,11.39,6.93,,0.09,17.4,Avoid,2026-06-18,,,,1
SUNPHARMA.NS,2026-06-18,7.97,0.677,8.0,6.52,8.18,7.76,7.68,9,0.0311,0.0261,-0.0352,0.0934,0.467,24.79,13.73,0.63,0,55.68,13.67,38.24,14.72,20.5,5.52,0.211,25.5,Strong Buy,2026-06-18,,,,5
VEDL.NS,2026-06-18,3.92,-0.815,6.0,5.14,3.16,4.98,4.05,8,-0.4537,-0.5418,-0.072,-0.2937,-0.515,140.29,132.79,-0.86,1,33.59,34.27,17.06,20.4,16.5,48.04,-0.323,0.7,Avoid,2026-06-18,,,,1
UNITDSPR.NS,2026-06-18,6.39,0.277,6.0,5.73,6.6,6.13,6.28,8,-0.0655,0.0227,0.0611,-0.0814,-0.338,28.52,15.43,1.39,0,66.85,14.71,56.19,20.03,27.5,4.61,-0.071,16.1,Hold,2026-06-18,,,,3
NHPC.NS,2026-06-18,4.82,-0.323,6.5,3.81,4.5,5.38,4.52,5,0.0171,-0.0184,-0.0387,-0.1008,-0.357,29.94,18.6,-0.69,0,49.06,21.74,27.42,9.02,5.73,113.11,-0.642,18.1,Caution,2026-06-18,,,,2
COCHINSHIP.NS,2026-06-18,3.05,-0.477,2.5,3.97,3.07,2.96,3.27,5,-0.056,0.0409,-0.0401,-0.3243,-0.709,48.66,25.72,-0.3,0,48.15,25.68,54.03,12.52,16.0,28.47,-0.582,14.1,Avoid,2026-06-18,,,,1
EICHERMOT.NS,2026-06-18,6.96,0.723,6.5,5.71,7.28,6.58,6.74,8,0.0764,0.0816,0.1029,0.4351,1.678,34.52,17.05,2.0,0,64.31,16.41,37.94,23.77,30.5,2.05,0.749,43.6,Buy,2026-06-18,,,,4
ATGL.NS,2026-06-18,5.24,0.338,4.5,4.42,5.57,4.8,5.12,8,0.2346,0.4052,0.1356,0.0999,0.215,53.7,24.9,1.06,0,54.56,36.45,120.72,14.46,15.3,58.65,-0.406,72.5,Caution,2026-06-18,,,,2
AMBER.NS,2026-06-18,5.05,0.415,2.0,4.65,5.96,3.71,5.15,8,0.1749,0.1628,0.0569,0.2311,0.473,54.01,36.7,0.62,0,57.27,11.7,159.34,5.58,10.2,46.57,0.716,55.7,Caution,2026-06-18,,,,2
ULTRACEMCO.NS,2026-06-18,3.64,-0.6,3.0,5.83,3.49,3.7,4.12,7,-0.0085,0.0163,-0.0038,0.0006,0.003,29.11,15.52,-0.06,0,53.3,19.39,41.12,10.59,12.8,29.43,-0.193,21.5,Avoid,2026-06-18,,,,1
BANKBARODA.NS,2026-06-18,5.19,0.462,3.0,3.94,5.98,4.08,5.06,5,0.0329,0.0318,0.1104,0.2142,0.762,33.1,19.13,2.34,-1,67.85,15.91,7.37,12.74,5.63,,-0.088,34.9,Caution,2026-06-18,,,,2
TMCV.NS,2026-06-18,5.72,0.292,4.0,5.46,6.24,4.96,5.77,6,0.0627,-0.0804,0.0836,,,48.4,25.9,0.35,0,61.99,26.34,49.52,26.05,35.9,44.09,0.935,28.9,Hold,2026-06-18,,,,3
HCC.NS,2026-06-18,6.59,0.923,4.5,4.98,7.42,5.47,6.39,6,0.54,0.7476,0.3354,-0.1752,-0.326,60.5,27.62,2.0,-1,71.08,24.66,36.47,10.91,22.8,47.91,-0.593,91.3,Hold,2026-06-18,,,,3
GVT&D.NS,2026-06-18,8.2,0.969,8.5,6.16,8.43,8.02,7.78,9,0.7424,0.3788,0.095,1.288,2.941,48.91,26.73,1.71,-1,62.39,22.22,108.83,55.26,,0.89,1.795,89.9,Strong Buy,2026-06-18,,,,5
CGPOWER.NS,2026-06-18,7.7,0.969,7.0,6.01,8.15,7.15,7.4,8,0.4212,0.3497,0.1035,0.4022,1.11,34.87,16.45,1.49,-1,65.27,23.31,123.79,19.56,27.0,1.44,0.33,79.2,Strong Buy,2026-06-18,,,,5
SHRIRAMFIN.NS,2026-06-18,6.05,0.708,6.5,3.17,6.35,5.81,5.45,5,0.1819,-0.0185,0.0961,0.4987,1.378,46.35,24.17,0.95,0,61.65,19.66,18.85,16.38,11.5,274.99,0.8,50.3,Hold,2026-06-18,,,,3
PERSISTENT.NS,2026-06-18,5.1,-0.723,9.0,5.49,3.96,6.8,4.96,8,-0.2083,0.0515,-0.0156,-0.174,-0.491,37.1,24.22,-0.5,0,46.55,11.04,41.56,26.35,34.4,6.09,0.216,8.1,Caution,2026-06-18,,,,2
WIPRO.NS,2026-06-18,3.55,-0.815,4.0,5.78,3.08,4.07,3.97,8,-0.2764,-0.059,-0.0846,-0.2725,-0.993,29.48,21.14,-1.58,0,37.96,22.57,14.55,15.44,17.9,22.85,-0.64,3.4,Avoid,2026-06-18,,,,1
FIVESTAR.NS,2026-06-18,5.27,0.492,4.0,3.18,5.94,4.42,4.93,4,-0.0979,0.4605,0.1657,-0.3223,-0.782,47.79,19.43,1.71,-1,73.95,23.64,13.93,16.06,17.0,111.11,-0.637,52.3,Caution,2026-06-18,,,,2
ONGC.NS,2026-06-18,4.56,-0.631,5.5,6.48,4.02,5.25,4.89,8,0.0812,-0.0743,-0.1709,0.007,0.026,27.63,16.41,-2.15,1,27.21,38.03,7.45,12.7,14.2,42.55,-0.265,15.4,Avoid,2026-06-18,,,,1
SWIGGY.NS,2026-06-18,3.43,-0.569,3.5,4.64,3.23,3.64,3.67,5,-0.3541,-0.1433,0.0207,-0.2909,-0.642,39.6,22.74,-0.73,0,49.48,19.93,-15.16,-29.12,-24.1,13.93,-0.823,1.3,Avoid,2026-06-18,,,,1
TECHM.NS,2026-06-18,4.89,-0.723,7.5,6.16,3.97,6.18,5.0,9,-0.0827,0.0451,0.0195,-0.1206,-0.458,32.92,20.16,-0.02,0,48.0,11.37,26.69,16.61,23.1,7.27,-0.029,13.4,Caution,2026-06-18,,,,2
TITAGARH.NS,2026-06-18,4.95,0.554,1.0,4.52,6.12,3.22,5.09,7,0.1808,0.4366,0.2387,0.042,0.097,50.2,21.96,1.95,-1,70.99,15.12,103.28,4.92,10.6,25.36,-0.641,73.2,Caution,2026-06-18,,,,2
CARTRADE.NS,2026-06-18,6.69,0.523,7.5,4.06,6.85,6.64,6.12,7,-0.0577,0.5224,0.4629,0.5387,0.993,59.22,23.86,3.02,-1,76.28,44.3,57.99,9.85,11.8,5.36,1.316,66.4,Buy,2026-06-18,,,,4
WALCHANNAG.NS,2026-06-18,5.58,1.0,2.0,4.23,6.78,3.87,5.51,5,0.8068,1.007,0.2477,0.2419,0.402,68.51,30.51,1.91,-1,73.04,27.2,-138.87,-4.01,,61.01,0.089,96.0,Hold,2026-06-18,,,,3
ANGELONE.NS,2026-06-18,6.96,1.0,6.5,4.32,7.49,6.37,6.46,5,0.4157,0.5045,0.0387,0.2233,0.467,49.77,19.35,1.23,0,62.23,21.55,35.78,15.53,14.8,129.31,0.234,83.2,Buy,2026-06-18,,,,4
ADANIGREEN.NS,2026-06-18,6.62,1.0,5.5,4.19,7.29,5.78,6.2,6,0.4655,0.6906,0.1094,0.519,1.073,47.22,19.96,1.12,-1,61.2,39.76,156.31,7.58,7.39,346.55,-0.32,87.2,Buy,2026-06-18,,,,4
OLAELEC.NS,2026-06-18,4.07,0.538,1.0,3.08,5.07,2.63,4.05,2,0.2259,0.7003,0.1904,-0.0956,-0.145,78.72,30.41,0.91,0,53.44,36.91,-10.16,-43.16,-19.6,82.45,-0.619,81.2,Avoid,2026-06-18,,,,1
ADANIPORTS.NS,2026-06-18,5.74,0.646,2.5,5.03,6.75,4.27,5.79,8,0.2341,0.3195,0.0315,0.3208,1.068,30.63,15.03,1.11,0,62.87,19.93,31.6,15.59,14.1,64.05,0.236,65.8,Hold,2026-06-18,,,,3
ITC.NS,2026-06-18,4.8,-0.615,7.0,5.8,4.04,5.88,4.88,6,-0.2399,-0.0163,-0.0291,-0.2698,-1.436,19.66,12.46,-0.18,0,53.23,21.02,17.63,29.34,38.9,3.29,-1.02,5.4,Caution,2026-06-18,,,,2
ADANIENSOL.NS,2026-06-18,5.7,0.938,2.0,4.57,6.9,3.97,5.68,6,0.532,0.4694,0.1349,0.7596,1.651,47.57,22.74,1.04,0,59.42,25.18,81.72,9.66,9.65,194.5,0.339,85.9,Hold,2026-06-18,,,,3
APARINDS.NS,2026-06-18,6.76,0.954,4.0,5.89,7.66,5.47,6.74,8,0.7692,0.6455,0.23,1.0559,2.226,43.81,21.96,2.16,-1,71.87,37.79,65.2,19.74,31.1,17.72,0.66,94.6,Buy,2026-06-18,,,,4
ATHERENERG.NS,2026-06-18,6.64,0.785,4.5,5.2,7.46,5.52,6.48,7,0.4334,0.2917,0.0897,2.0321,4.357,46.85,23.07,0.73,0,49.23,42.12,-109.13,-33.74,,25.82,3.833,78.5,Buy,2026-06-18,,,,4
NLCINDIA.NS,2026-06-18,5.84,0.154,5.5,5.21,6.03,5.6,5.73,6,0.3656,0.2364,-0.0763,0.4298,1.082,49.99,22.79,0.33,0,48.41,24.8,12.75,15.97,10.4,82.0,0.326,67.8,Hold,2026-06-18,,,,3
MARICO.NS,2026-06-18,7.12,0.708,5.0,6.52,7.8,6.14,7.12,9,0.1109,0.0856,-0.0133,0.1999,0.936,18.51,9.66,0.77,0,54.26,18.26,60.44,41.39,47.2,12.39,0.436,42.3,Buy,2026-06-18,,,,4
NATIONALUM.NS,2026-06-18,6.47,-0.246,9.0,6.0,5.83,7.46,6.23,7,0.3517,-0.0466,-0.0951,1.0441,2.591,39.56,26.89,-1.57,1,36.83,26.01,11.0,29.42,39.6,0.28,1.008,55.0,Hold,2026-06-18,,,,3
DIVISLAB.NS,2026-06-18,6.48,0.708,4.5,6.12,7.09,5.59,6.52,9,0.0661,0.1118,-0.0133,0.0196,0.077,19.69,9.53,0.92,0,56.49,20.59,70.01,16.19,22.0,0.04,0.638,38.9,Hold,2026-06-18,,,,3
GOKEX.NS,2026-06-18,4.66,0.492,1.0,4.99,5.63,3.17,4.93,7,-0.0475,0.3166,0.1419,-0.1376,-0.263,49.41,19.0,2.28,-1,69.63,15.56,59.67,4.72,8.39,58.93,-0.185,48.3,Avoid,2026-06-18,,,,1
LIQUIDBEES.NS,2026-06-18,5.4,0.031,5.0,5.0,5.58,5.17,5.35,0,,,,,,,,0.0,0,47.3,93.38,,,,,-3.415,22.1,Hold,2026-06-18,,,,3
ENGINERSIN.NS,2026-06-18,7.19,0.738,7.0,4.85,7.59,6.76,6.73,6,0.3135,0.3011,0.0672,0.1555,0.357,52.99,27.82,1.01,0,61.01,13.99,20.56,23.79,30.6,0.53,-0.182,71.8,Buy,2026-06-18,,,,4
DYCL.NS,2026-06-18,5.35,0.492,2.0,5.12,6.32,3.9,5.5,8,0.0927,0.3202,0.2044,-0.1765,-0.306,72.45,46.87,0.96,0,65.64,18.27,21.02,20.32,,9.42,0.093,60.4,Caution,2026-06-18,,,,2
SONATSOFTW.NS,2026-06-18,6.4,0.308,8.0,4.89,6.18,6.85,6.01,7,-0.0993,0.2827,0.1457,-0.2573,-0.544,63.23,25.65,2.32,-1,68.88,33.26,18.45,25.72,30.6,37.96,-0.663,39.6,Hold,2026-06-18,,,,3
ICIL.NS,2026-06-18,6.8,1.0,4.5,5.58,7.63,5.65,6.69,9,0.4588,0.6928,0.3218,0.5218,0.896,60.92,19.53,3.19,-1,77.61,37.92,63.41,5.47,8.14,56.99,-0.025,88.6,Buy,2026-06-18,,,,4
POLYCAB.NS,2026-06-18,7.38,1.0,5.5,6.38,8.06,6.44,7.29,9,0.352,0.3496,0.0826,0.6388,1.895,32.38,15.69,1.43,-1,70.22,27.29,56.39,24.58,33.2,2.56,0.376,75.8,Strong Buy,2026-06-18,,,,5
APOLLOHOSP.NS,2026-06-18,6.74,0.615,4.5,6.33,7.43,5.74,6.79,8,0.1945,0.1259,0.0124,0.1855,0.893,20.14,9.22,1.29,0,59.83,14.7,62.27,21.5,17.9,85.15,0.49,54.4,Buy,2026-06-18,,,,4
GOLDBEES.NS,2026-06-18,5.3,-0.031,5.0,5.0,5.42,5.13,5.25,0,,,,,,,,0.0,0,40.95,20.4,,,,,1.467,30.2,Caution,2026-06-18,,,,2
UNIONBANK.NS,2026-06-18,6.01,0.646,4.5,4.08,6.72,5.08,5.71,4,0.1496,-0.0101,0.0999,0.2389,0.708,40.32,24.42,0.52,0,61.88,12.36,6.92,15.71,6.3,,0.19,46.3,Hold,2026-06-18,,,,3
CARBORUNIV.NS,2026-06-18,6.31,1.0,2.5,5.89,7.44,4.64,6.45,8,0.3727,0.553,0.1222,0.2599,0.82,38.32,13.87,2.21,-1,75.76,42.85,115.3,4.37,10.5,10.29,-0.778,83.9,Hold,2026-06-18,,,,3
HINDUNILVR.NS,2026-06-18,5.02,-0.477,6.0,6.58,4.51,5.67,5.27,9,-0.0274,0.039,0.0181,-0.0292,-0.147,24.7,12.95,0.26,0,56.37,20.11,48.95,21.6,28.4,3.02,-0.539,22.8,Caution,2026-06-18,,,,2
ICICIAMC.NS,2026-06-18,6.1,0.277,5.0,5.75,6.46,5.58,6.09,8,,0.1408,0.0767,,,37.43,18.7,1.23,0,62.59,17.59,51.33,85.8,,4.07,2.066,40.9,Hold,2026-06-18,,,,3
TITAN.NS,2026-06-18,7.32,0.754,6.5,5.56,7.81,6.71,7.01,8,0.1167,0.0585,0.0746,0.2801,1.202,34.41,20.58,0.8,0,61.84,11.88,76.63,37.13,25.8,195.0,0.196,45.6,Buy,2026-06-18,,,,4
MCLOUD.NS,2026-06-18,5.98,0.185,6.5,4.58,6.04,5.99,5.67,8,0.1796,0.3902,0.2235,-0.5949,-0.836,69.5,25.81,2.71,-1,69.83,21.14,17.91,18.97,19.8,42.5,-0.771,70.5,Hold,2026-06-18,,,,3
POWERGRID.NS,2026-06-18,4.47,-0.123,3.0,4.8,4.82,3.9,4.62,5,0.1213,-0.0357,-0.0362,0.0329,0.145,19.72,11.65,-1.01,0,44.7,27.0,14.36,16.49,9.74,150.99,-0.446,32.2,Avoid,2026-06-18,,,,1
COALINDIA.NS,2026-06-18,6.79,0.0,9.0,6.7,6.19,7.71,6.65,9,0.2001,-0.007,-0.0178,0.2268,0.959,24.29,15.95,-0.41,0,45.18,13.32,8.96,28.12,35.3,11.63,-0.167,47.0,Buy,2026-06-18,,,,4
NIFTYBEES.NS,2026-06-18,5.35,0.0,5.0,5.0,5.5,5.15,5.3,0,,,,,,,,0.0,0,63.49,17.86,,,,,-0.331,14.8,Caution,2026-06-18,,,,2
LENSKART.NS,2026-06-18,4.3,-0.154,2.0,6.34,4.63,3.64,4.84,8,0.2467,-0.0121,0.0131,,,30.06,16.7,-0.22,0,49.86,13.18,172.96,6.65,8.44,34.98,0.997,53.0,Avoid,2026-06-18,,,,1
MUTHOOTFIN.NS,2026-06-18,4.79,-0.385,7.5,3.19,4.28,5.69,4.32,5,-0.1658,-0.0652,-0.0276,0.2187,0.658,41.1,23.63,-0.81,0,48.49,15.67,12.06,30.41,15.8,379.71,0.911,6.7,Caution,2026-06-18,,,,2
IDFCFIRSTB.NS,2026-06-18,4.71,0.569,1.5,3.31,5.81,3.15,4.61,4,-0.0643,0.1966,0.1433,0.105,0.348,32.31,16.56,2.11,-1,73.6,32.6,41.54,5.98,5.98,,-0.28,36.9,Caution,2026-06-18,,,,2
JIOFIN.NS,2026-06-18,2.94,-0.262,2.0,3.01,3.2,2.56,3.01,5,-0.1732,-0.0165,0.0353,-0.1689,-0.562,33.85,20.26,0.71,0,57.32,18.58,100.87,1.21,1.86,16.29,-0.82,9.4,Avoid,2026-06-18,,,,1
MOTHERSON.NS,2026-06-18,7.54,0.738,7.0,5.86,7.95,7.06,7.24,8,0.2138,0.2322,0.0561,0.4245,1.189,42.91,19.43,1.3,0,58.32,42.06,39.53,10.11,13.1,43.91,0.115,63.1,Strong Buy,2026-06-18,,,,5
PGEL.NS,2026-06-18,4.33,0.492,1.5,3.63,5.23,3.03,4.35,6,-0.0117,0.051,0.2154,-0.259,-0.456,50.98,25.19,1.68,-1,69.39,22.57,81.66,6.69,10.3,19.57,0.547,36.2,Avoid,2026-06-18,,,,1
CANBK.NS,2026-06-18,5.33,0.277,4.5,3.98,5.76,4.78,5.11,4,-0.0526,0.0139,0.0895,0.2533,0.834,37.22,21.8,1.0,0,59.01,12.98,6.21,15.94,6.52,,0.081,18.8,Caution,2026-06-18,,,,2
NITCO.NS,2026-06-18,5.3,0.738,2.0,3.73,6.45,3.67,5.17,6,0.1792,0.3469,0.1002,-0.1964,-0.394,52.59,25.0,2.24,-1,65.54,18.59,89.85,9.38,7.07,86.28,0.076,65.1,Caution,2026-06-18,,,,2
HINDZINC.NS,2026-06-18,6.34,-0.123,9.0,6.02,5.65,7.41,6.13,9,0.025,0.0824,-0.0901,0.157,0.419,36.8,20.76,-0.32,0,41.39,24.12,17.46,76.94,69.5,39.03,-0.238,26.8,Hold,2026-06-18,,,,3
BPCL.NS,2026-06-18,6.32,-0.046,8.0,5.43,5.99,6.9,6.05,8,-0.1166,0.0415,0.0671,0.0651,0.224,37.78,17.77,1.55,0,62.41,17.02,5.23,28.47,25.7,54.33,-0.014,12.8,Hold,2026-06-18,,,,3
LAURUSLABS.NS,2026-06-18,6.3,0.538,4.5,6.44,6.78,5.56,6.43,9,0.3684,0.3933,0.0132,1.0159,3.078,28.24,12.57,0.98,0,55.15,33.62,82.86,17.74,17.8,46.37,2.239,77.2,Hold,2026-06-18,,,,3
GLAND.NS,2026-06-18,7.49,0.785,7.5,6.04,7.7,7.27,7.2,9,0.3188,0.3228,-0.0553,0.3154,1.01,43.79,14.71,0.94,0,52.96,31.8,35.34,10.53,15.1,2.74,0.133,69.1,Strong Buy,2026-06-18,,,,5
JSWINFRA.NS,2026-06-18,5.37,0.492,4.5,4.02,5.81,4.8,5.15,7,0.1308,0.188,0.1636,0.0135,0.039,40.22,20.2,2.56,-1,70.06,19.39,42.24,13.95,13.7,59.0,-0.165,58.4,Caution,2026-06-18,,,,2
TATAPOWER.NS,2026-06-18,3.8,0.031,1.0,4.83,4.42,2.77,4.16,5,0.0607,0.0064,-0.0185,0.0147,0.057,24.27,13.89,-0.55,0,44.22,18.36,34.41,11.34,10.5,168.05,-0.453,29.5,Avoid,2026-06-18,,,,1
BAJAJ-AUTO.NS,2026-06-18,7.23,0.215,9.0,5.87,6.94,7.77,6.86,8,0.1344,0.1022,-0.042,0.2284,0.89,24.51,11.14,0.41,0,47.16,17.42,26.2,28.05,28.2,56.29,-0.143,45.0,Buy,2026-06-18,,,,4
SAIL.NS,2026-06-18,5.39,-0.108,4.5,6.07,5.53,5.12,5.57,8,0.4047,0.1796,-0.0731,0.4307,1.182,44.77,22.37,0.05,0,42.05,26.96,22.32,5.66,7.79,52.9,0.102,68.5,Hold,2026-06-18,,,,3
LUPIN.NS,2026-06-18,7.68,0.338,9.0,6.53,7.48,8.06,7.37,9,0.1131,0.0107,0.0186,0.1644,0.65,21.19,13.67,0.67,0,59.44,8.38,19.99,26.91,30.3,29.39,0.622,38.3,Strong Buy,2026-06-18,,,,5
BOSCHLTD.NS,2026-06-18,7.36,0.8,6.5,5.47,7.89,6.72,7.03,8,0.0999,0.3064,0.137,0.2847,1.056,36.42,17.02,1.49,0,69.0,21.41,42.55,19.35,21.5,0.8,0.155,59.1,Strong Buy,2026-06-18,,,,5
MAZDOCK.NS,2026-06-18,6.48,0.031,10.0,4.8,5.76,7.71,5.94,7,0.0556,0.0313,0.0322,-0.1946,-0.402,40.32,21.87,0.33,0,57.75,12.94,39.5,28.77,36.0,4.48,0.096,32.9,Hold,2026-06-18,,,,3
SHAILY.NS,2026-06-19,6.56,0.246,8.0,5.64,6.29,7.03,6.29,9,0.1772,0.2221,0.0403,0.5984,1.108,59.65,22.61,0.66,0,47.87,30.11,76.19,26.88,29.3,24.75,1.638,53.7,Hold,2026-06-19,,,,3
BATAINDIA.NS,2026-06-19,4.17,-0.077,2.0,5.59,4.57,3.47,4.58,8,-0.204,0.1539,0.0865,-0.3817,-1.329,45.2,18.42,1.3,0,62.84,21.66,71.55,8.47,12.2,86.9,-1.189,14.1,Avoid,2026-06-19,,,,1
MAXHEALTH.NS,2026-06-19,5.55,0.462,2.5,5.41,6.42,4.24,5.7,8,0.0617,0.1486,0.0699,-0.1066,-0.334,28.04,16.45,2.39,-1,71.01,18.27,74.22,14.33,14.7,32.37,0.128,44.3,Hold,2026-06-19,,,,3
KPRMILL.NS,2026-06-19,7.11,0.815,5.5,5.61,7.79,6.21,6.9,9,0.2049,0.3898,0.2315,0.0541,0.129,42.7,13.78,2.57,-1,69.95,38.14,45.82,16.2,20.2,10.46,0.225,69.8,Buy,2026-06-19,,,,4
WOCKPHARMA.NS,2026-06-19,5.78,0.631,3.0,4.8,6.71,4.46,5.75,8,0.4799,0.6938,0.2766,0.1641,0.291,61.36,26.44,1.54,-1,61.93,38.93,154.11,4.0,7.55,42.28,1.462,88.6,Hold,2026-06-19,,,,3
IDBI.NS,2026-06-19,4.36,0.0,4.0,3.04,4.66,4.01,4.12,4,-0.1526,0.1827,0.1422,-0.0835,-0.182,53.45,20.43,2.21,-1,60.96,26.3,9.6,14.15,6.5,,-0.147,22.1,Avoid,2026-06-19,,,,1
PAYTM.NS,2026-06-19,4.02,-0.662,4.5,4.93,3.75,4.36,4.17,6,-0.1407,0.0464,-0.02,0.26,0.581,43.62,21.47,-0.27,0,48.96,16.49,127.65,3.56,5.01,1.07,1.283,12.1,Avoid,2026-06-19,,,,1
RVNL.NS,2026-06-19,2.02,-0.815,1.5,3.57,1.93,2.03,2.36,6,-0.2034,-0.07,-0.1,-0.3859,-0.81,38.28,20.84,-1.04,1,44.28,36.55,58.09,8.98,10.8,49.08,-0.572,4.7,Avoid,2026-06-19,,,,1
WELSPUNLIV.NS,2026-06-19,5.18,0.723,1.0,5.33,6.32,3.44,5.45,7,0.2128,0.4334,0.1654,0.237,0.51,41.63,18.87,2.6,-1,74.31,20.54,75.81,4.3,6.25,46.5,0.005,70.5,Caution,2026-06-19,,,,2
STARHEALTH.NS,2026-06-19,7.0,0.923,6.0,5.24,7.54,6.31,6.7,6,0.2568,0.2819,0.1098,0.3245,1.242,23.58,8.17,2.64,-1,77.66,39.06,61.08,0.0,,,-0.068,66.4,Buy,2026-06-19,,,,4
RRKABEL.NS,2026-06-19,7.15,1.0,5.5,5.72,7.83,6.24,6.96,8,0.6278,0.6669,0.1948,0.7594,2.022,46.59,14.94,1.65,-1,75.68,46.22,53.26,20.83,28.1,13.09,0.25,89.9,Buy,2026-06-19,,,,4
UNITDSPR.NS,2026-06-19,5.59,-0.185,6.0,5.75,5.45,5.79,5.6,8,-0.0691,0.0245,0.03,-0.0952,-0.395,28.61,15.55,0.7,0,57.99,15.62,54.95,20.03,27.5,4.61,-0.155,15.4,Hold,2026-06-19,,,,3
COCHINSHIP.NS,2026-06-19,2.85,-0.6,2.5,4.0,2.77,2.87,3.1,5,-0.0276,0.071,-0.0484,-0.3309,-0.724,47.3,24.09,-0.41,0,46.77,24.54,53.6,12.52,16.0,28.47,-0.564,18.8,Avoid,2026-06-19,,,,1
NHPC.NS,2026-06-19,4.77,-0.354,6.5,3.82,4.43,5.35,4.48,5,0.0239,-0.0055,-0.0324,-0.0872,-0.309,29.66,18.45,-0.73,0,48.67,20.58,27.37,9.02,5.73,113.11,-0.62,20.8,Caution,2026-06-19,,,,2
BANKBARODA.NS,2026-06-19,5.08,0.4,3.0,3.95,5.83,4.03,4.97,5,0.0088,0.0643,0.0932,0.2189,0.779,31.39,16.85,2.01,-1,65.0,16.35,7.32,12.74,5.63,,-0.079,30.9,Caution,2026-06-19,,,,2
HCC.NS,2026-06-19,6.6,1.0,4.5,5.01,7.43,5.48,6.4,6,0.5618,0.7835,0.2947,-0.1422,-0.265,57.82,23.69,1.85,-1,68.75,26.28,36.03,10.91,22.8,47.91,-0.584,90.6,Hold,2026-06-19,,,,3
ONGC.NS,2026-06-19,4.58,-0.615,5.5,6.46,4.05,5.25,4.9,8,0.0822,-0.0849,-0.1509,0.0288,0.107,27.65,16.41,-2.01,1,28.76,39.24,7.48,12.7,14.2,42.55,-0.229,16.8,Avoid,2026-06-19,,,,1
FIVESTAR.NS,2026-06-19,5.39,0.569,4.0,3.13,6.12,4.47,5.02,4,-0.1219,0.3786,0.1657,-0.313,-0.759,47.63,19.46,1.69,-1,74.07,25.04,13.94,16.06,17.0,111.11,-0.648,43.0,Hold,2026-06-19,,,,3
SWIGGY.NS,2026-06-19,3.49,-0.538,3.5,4.65,3.31,3.67,3.72,5,-0.3632,-0.1031,0.0164,-0.2859,-0.632,38.95,22.11,-0.85,0,48.09,18.98,-15.05,-29.12,-24.1,13.93,-0.83,2.0,Avoid,2026-06-19,,,,1
CARTRADE.NS,2026-06-19,6.72,0.538,7.5,4.08,6.9,6.65,6.15,7,-0.0619,0.5585,0.4241,0.5058,0.932,59.3,23.8,2.68,-1,74.18,46.68,57.39,9.85,11.8,5.36,1.291,63.1,Buy,2026-06-19,,,,4
WALCHANNAG.NS,2026-06-19,5.59,1.0,2.0,4.26,6.79,3.88,5.53,5,0.7887,1.1447,0.3459,0.3533,0.587,67.25,29.17,2.08,-1,75.42,29.26,-143.8,-4.01,,61.01,0.116,96.0,Hold,2026-06-19,,,,3
TITAGARH.NS,2026-06-19,5.03,0.523,1.0,4.89,6.17,3.31,5.23,7,0.1909,0.4839,0.2181,0.0434,0.1,48.92,20.14,1.79,-1,67.98,16.11,102.15,4.92,10.6,25.36,-0.645,72.5,Caution,2026-06-19,,,,2
APARINDS.NS,2026-06-19,6.78,1.0,4.0,5.95,7.68,5.48,6.77,8,0.8513,0.6962,0.2737,1.0518,2.216,44.01,21.96,2.32,-1,74.62,39.11,67.13,19.74,31.1,17.72,0.722,94.6,Buy,2026-06-19,,,,4
ATHERENERG.NS,2026-06-19,6.3,0.585,4.5,5.21,6.96,5.38,6.18,7,0.4705,0.2882,0.0995,2.0276,4.355,45.93,22.23,0.74,0,49.76,40.46,-109.43,-33.74,,25.82,3.832,74.5,Hold,2026-06-19,,,,3
MARICO.NS,2026-06-19,6.85,0.554,5.0,6.52,7.42,6.02,6.89,9,0.1069,0.1023,-0.009,0.2014,0.943,17.67,8.54,0.64,0,52.05,18.17,60.17,41.39,47.2,12.39,0.428,41.6,Buy,2026-06-19,,,,4
NLCINDIA.NS,2026-06-19,5.0,-0.123,5.5,5.19,4.84,5.24,5.01,6,0.3494,0.2438,-0.0666,0.4339,1.093,48.9,21.32,0.24,0,47.26,23.45,12.67,15.97,10.4,82.0,0.311,65.8,Caution,2026-06-19,,,,2
GOKEX.NS,2026-06-19,4.62,0.492,1.0,4.88,5.59,3.13,4.88,7,0.0097,0.4196,0.1741,-0.1214,-0.232,49.44,18.54,2.96,-1,73.87,18.28,62.31,4.72,8.39,58.93,-0.14,55.0,Caution,2026-06-19,,,,2
ENGINERSIN.NS,2026-06-19,7.07,0.677,7.0,4.82,7.43,6.7,6.63,6,0.3,0.3356,0.1608,0.1564,0.359,51.63,26.26,0.88,0,59.13,14.7,20.37,23.79,30.6,0.53,-0.164,71.8,Buy,2026-06-19,,,,4
DYCL.NS,2026-06-19,5.36,0.492,2.0,5.15,6.33,3.91,5.51,8,0.1169,0.3682,0.2223,-0.169,-0.294,71.13,45.85,0.93,0,65.69,19.34,21.03,20.32,,9.42,0.071,61.1,Caution,2026-06-19,,,,2
SONATSOFTW.NS,2026-06-19,6.26,0.231,8.0,4.89,5.99,6.79,5.89,7,-0.1255,0.2824,0.1101,-0.2752,-0.581,62.82,24.96,1.7,-1,61.44,34.76,17.76,25.72,30.6,37.96,-0.699,31.5,Hold,2026-06-19,,,,3
ICIL.NS,2026-06-19,6.8,1.0,4.5,5.57,7.63,5.65,6.69,9,0.4331,0.7086,0.3027,0.4747,0.815,60.64,19.02,2.7,-1,71.96,39.49,61.66,5.47,8.14,56.99,-0.034,87.9,Buy,2026-06-19,,,,4
UNIONBANK.NS,2026-06-19,5.97,0.6,4.5,4.2,6.65,5.09,5.7,4,0.1485,0.0209,0.0936,0.2535,0.752,38.89,22.81,0.47,0,61.18,13.02,6.91,15.71,6.3,,0.184,45.6,Hold,2026-06-19,,,,3
MCLOUD.NS,2026-06-19,5.59,0.138,6.5,4.7,5.47,5.84,5.36,8,0.083,0.3437,0.1255,-0.609,-0.854,70.57,27.9,1.66,-1,59.85,23.31,16.61,18.97,19.8,42.5,-0.808,58.4,Hold,2026-06-19,,,,3
NIFTYBEES.NS,2026-06-19,5.3,-0.031,5.0,5.0,5.42,5.13,5.25,0,,,,,,,,0.0,0,60.39,17.59,,,,,-0.343,16.1,Caution,2026-06-19,,,,2
IDFCFIRSTB.NS,2026-06-19,4.66,0.538,1.5,3.34,5.74,3.13,4.58,4,-0.0628,0.2567,0.1423,0.1253,0.415,30.8,14.61,2.15,-1,74.92,34.02,41.85,5.98,5.98,,-0.282,38.3,Caution,2026-06-19,,,,2
PGEL.NS,2026-06-19,4.26,0.446,1.5,3.66,5.12,3.01,4.3,6,-0.0058,0.1108,0.2002,-0.2672,-0.471,50.42,24.68,1.52,-1,67.9,24.12,81.11,6.69,10.3,19.57,0.471,37.6,Avoid,2026-06-19,,,,1
CANBK.NS,2026-06-19,5.22,0.215,4.5,3.99,5.61,4.73,5.02,4,-0.0803,0.0394,0.0774,0.2648,0.872,35.73,19.96,0.73,0,56.45,13.28,6.15,15.94,6.52,,0.075,17.4,Caution,2026-06-19,,,,2
NITCO.NS,2026-06-19,5.25,0.738,2.0,3.58,6.4,3.63,5.1,6,0.2315,0.399,0.1815,-0.1704,-0.341,51.99,22.46,3.16,-1,71.24,20.66,95.58,9.38,7.07,86.28,0.187,71.1,Caution,2026-06-19,,,,2
HINDZINC.NS,2026-06-19,6.02,-0.323,9.0,6.1,5.18,7.29,5.86,9,-0.0077,0.1337,-0.1087,0.1799,0.48,35.15,18.54,-0.54,0,38.61,24.31,17.22,76.94,69.5,39.03,-0.231,23.5,Hold,2026-06-19,,,,3
GLAND.NS,2026-06-19,7.25,0.646,7.5,6.06,7.36,7.18,7.0,9,0.3211,0.3771,-0.0578,0.2534,0.811,43.71,14.74,0.9,0,52.59,31.18,35.29,10.53,15.1,2.74,0.141,69.1,Buy,2026-06-19,,,,4
TATAPOWER.NS,2026-06-19,3.96,0.123,1.0,4.84,4.65,2.84,4.3,5,0.0629,0.0097,-0.016,0.0219,0.085,22.9,12.13,-0.6,0,43.75,18.23,34.36,11.34,10.5,168.05,-0.417,26.8,Avoid,2026-06-19,,,,1
JSWINFRA.NS,2026-06-19,5.41,0.477,4.5,4.22,5.85,4.85,5.23,7,0.1477,0.2205,0.1256,0.02,0.058,39.22,19.15,2.45,-1,70.15,21.57,42.27,13.95,13.7,59.0,-0.149,54.4,Hold,2026-06-19,,,,3
BOSCHLTD.NS,2026-06-19,6.91,0.769,6.5,5.31,7.26,6.5,6.61,8,0.1094,0.2964,0.1145,0.2621,0.973,36.41,17.02,1.52,0,69.75,23.08,42.72,19.35,21.5,0.8,0.194,55.7,Buy,2026-06-19,,,,4
MAZDOCK.NS,2026-06-19,6.28,-0.092,10.0,4.83,5.46,7.63,5.78,7,0.0721,0.0666,0.0201,-0.2334,-0.484,38.86,19.94,0.2,0,55.81,13.25,39.26,28.77,36.0,4.48,0.15,36.9,Hold,2026-06-19,,,,3
RELIANCE.NS,2026-06-19,3.07,-0.692,2.0,5.52,3.0,2.99,3.62,7,-0.1482,-0.05,-0.0288,-0.0771,-0.368,25.23,15.84,-0.78,0,46.8,20.09,21.95,9.14,10.3,36.65,-0.537,10.0,Avoid,2026-06-19,,,,1
TCS.NS,2026-06-19,4.71,-0.769,7.0,6.31,3.84,5.92,4.9,9,-0.3185,-0.0858,-0.0706,-0.3717,-1.594,33.16,23.49,-1.75,0,37.21,15.22,15.61,48.4,63.0,10.39,-1.256,2.7,Caution,2026-06-19,,,,2
INFY.NS,2026-06-19,4.03,-0.877,7.0,3.89,3.22,5.26,3.83,8,-0.3295,-0.1201,-0.0854,-0.335,-1.262,35.38,23.76,-1.98,0,33.21,15.45,13.83,31.44,40.0,9.83,-0.777,2.0,Avoid,2026-06-19,,,,1
BHARTIARTL.NS,2026-06-19,4.82,-0.031,4.0,5.51,4.95,4.58,5.01,7,-0.0935,0.0459,0.0211,0.0388,0.185,23.26,13.66,1.79,0,64.1,18.2,43.14,19.36,18.5,99.72,0.559,17.3,Caution,2026-06-19,,,,2
PARAS.NS,2026-06-19,6.98,0.985,5.5,5.24,7.66,6.1,6.72,8,1.2408,1.2347,0.7348,0.7303,1.151,67.65,24.15,3.48,-1,85.16,41.57,129.35,13.14,16.9,3.73,-0.123,98.7,Buy,2026-06-19,,,,4
NIACL.NS,2026-06-19,6.54,0.692,6.0,4.09,7.06,5.95,6.08,6,0.2471,0.556,0.2288,0.1155,0.258,63.68,17.58,2.85,-1,80.99,26.02,23.61,3.42,3.87,,-0.303,75.3,Buy,2026-06-19,,,,4
MTARTECH.NS,2026-06-19,7.75,1.0,6.0,7.0,8.35,6.9,7.7,9,2.6105,1.3979,0.037,3.9495,7.908,83.2,38.57,1.43,-1,62.63,25.96,271.99,12.12,15.1,45.78,2.143,99.3,Strong Buy,2026-06-19,,,,5
HDFCBANK.NS,2026-06-19,3.69,-0.108,2.5,3.92,3.98,3.22,3.8,4,-0.1944,-0.0069,0.0338,-0.1673,-0.859,27.85,14.23,0.94,0,61.21,20.8,17.4,13.82,7.04,,-0.414,10.7,Avoid,2026-06-19,,,,1
LENSKART.NS,2026-06-19,5.26,0.215,3.0,6.37,5.72,4.47,5.61,8,0.2663,0.0206,-0.0039,,,28.6,14.56,0.13,0,54.69,13.3,175.33,6.65,8.44,34.98,1.075,54.7,Caution,2026-06-19,,,,2
GROWW.NS,2026-06-19,7.27,0.092,10.0,5.74,6.74,8.19,6.81,7,0.3985,0.2618,0.0643,,,49.85,25.71,0.38,0,55.36,18.88,58.96,28.72,37.3,3.03,1.713,73.3,Buy,2026-06-19,,,,4
IFCI.NS,2026-06-19,4.94,1.0,1.5,2.84,6.22,3.18,4.72,4,0.8202,0.5817,0.4114,0.4135,0.728,71.76,30.82,2.04,-1,62.01,41.12,124.25,5.03,5.03,,0.189,94.0,Caution,2026-06-19,,,,2
TATACAP.NS,2026-06-19,5.06,0.292,4.5,3.14,5.51,4.54,4.71,5,0.1243,0.1717,0.2239,,,32.32,13.78,3.23,-1,77.92,27.53,31.16,12.01,8.58,502.06,0.364,57.3,Caution,2026-06-19,,,,2
SILVERBEES.NS,2026-06-19,4.65,-0.2,5.0,5.0,4.5,4.85,4.7,0,,,,,,,,0.0,0,37.22,15.77,,,,,1.194,34.0,Caution,2026-06-19,,,,2
TARIL.NS,2026-06-19,6.36,0.492,6.0,4.57,6.73,5.94,6.02,6,0.2645,0.3035,0.1512,-0.2728,-0.482,53.64,27.57,2.32,-1,68.87,14.81,40.63,19.33,23.3,29.59,-0.178,71.3,Hold,2026-06-19,,,,3
AMBER.NS,2026-06-19,4.48,0.262,2.0,4.77,5.12,3.48,4.68,8,0.1988,0.1815,0.072,0.2082,0.426,52.69,35.46,0.47,0,55.11,11.01,157.81,5.58,10.2,46.57,0.706,58.0,Avoid,2026-06-19,,,,1
ICICIAMC.NS,2026-06-19,5.89,0.138,5.0,5.84,6.14,5.51,5.93,8,,0.2207,0.0658,,,36.29,17.38,1.23,0,62.33,19.39,51.29,85.8,,4.07,2.042,48.7,Hold,2026-06-19,,,,3
LGEINDIA.NS,2026-06-19,5.04,0.185,3.0,5.9,5.48,4.31,5.33,8,0.0625,0.0794,0.1055,,,32.61,21.17,1.89,0,69.09,12.04,66.44,24.72,,5.99,-0.363,40.7,Caution,2026-06-19,,,,2
BAJFINANCE.NS,2026-06-19,5.17,0.2,5.0,3.48,5.47,4.84,4.84,5,-0.0378,0.1557,0.0494,0.042,0.153,34.45,17.98,1.36,0,63.14,17.65,31.51,17.91,10.8,313.41,0.353,31.3,Caution,2026-06-19,,,,2
MEESHO.NS,2026-06-19,3.47,-0.662,3.5,4.23,3.35,3.6,3.62,4,-0.1977,0.2039,-0.1279,,,57.32,24.81,-0.1,0,48.3,17.51,-55.81,-46.56,-35.6,1.43,-0.04,14.7,Avoid,2026-06-19,,,,1
NETWEB.NS,2026-06-19,6.89,1.0,5.0,5.4,7.64,5.87,6.7,8,0.5795,0.5571,0.3141,1.8558,3.302,59.59,27.02,1.99,-1,66.05,27.71,140.04,32.83,,39.02,0.571,90.7,Buy,2026-06-19,,,,4
ICICIBANK.NS,2026-06-19,5.65,0.431,3.0,5.42,6.42,4.5,5.76,6,-0.0044,0.0771,0.065,-0.0466,-0.251,23.44,11.1,1.43,0,66.42,24.06,18.02,16.36,7.2,,0.16,29.3,Hold,2026-06-19,,,,3
COFORGE.NS,2026-06-19,6.55,-0.169,9.5,5.43,5.9,7.63,6.16,9,-0.2049,0.3397,0.0549,-0.1994,-0.537,47.24,23.6,1.4,0,59.04,20.63,33.41,18.6,23.5,7.52,0.301,24.0,Buy,2026-06-19,,,,4
HCLTECH.NS,2026-06-19,3.81,-0.785,7.0,3.8,2.92,5.15,3.62,7,-0.2981,-0.1208,-0.0277,-0.3177,-1.224,34.97,27.18,-0.98,0,41.69,17.98,18.46,23.36,30.6,6.93,-0.563,3.3,Avoid,2026-06-19,,,,1
ADANIENT.NS,2026-06-19,5.58,1.0,2.0,4.23,6.78,3.87,5.51,5,0.3616,0.5695,0.1187,0.2215,0.589,38.71,14.06,1.32,-1,69.28,47.51,41.29,13.66,5.8,119.56,-0.265,80.7,Hold,2026-06-19,,,,3
TEJASNET.NS,2026-06-19,4.57,1.0,1.0,2.2,5.92,2.71,4.3,2,0.3976,0.4628,0.3507,-0.0904,-0.167,62.26,27.91,2.36,-1,71.29,44.69,-12.32,-26.82,-14.6,142.52,-0.743,84.7,Caution,2026-06-19,,,,2
ADANIPOWER.NS,2026-06-19,6.51,0.538,7.0,4.91,6.62,6.48,6.16,7,0.6207,0.5347,0.0567,1.076,2.455,39.44,18.32,0.79,0,56.44,18.46,35.06,20.91,17.2,82.33,0.436,89.3,Hold,2026-06-19,,,,3
MARUTI.NS,2026-06-19,5.83,-0.108,6.5,5.63,5.68,6.08,5.75,7,-0.1831,0.0632,0.0314,0.075,0.332,25.56,13.81,0.6,0,53.08,15.14,28.69,14.43,19.0,0.1,-0.034,14.0,Hold,2026-06-19,,,,3
M&M.NS,2026-06-19,4.65,-0.569,7.0,5.14,3.93,5.72,4.62,7,-0.1489,0.0097,-0.0021,0.0307,0.106,31.18,15.82,-0.4,0,49.18,15.49,20.2,18.75,15.4,125.07,-0.114,12.0,Caution,2026-06-19,,,,2
HSCL.NS,2026-06-19,7.81,0.969,8.0,5.45,8.11,7.54,7.33,8,0.4446,0.4848,0.1429,0.4675,1.216,41.13,21.42,1.2,-1,58.52,33.44,44.68,17.7,22.1,16.14,0.694,82.7,Strong Buy,2026-06-19,,,,5
SBIN.NS,2026-06-19,6.06,0.646,4.5,4.24,6.77,5.13,5.79,5,0.0798,0.0046,0.0905,0.33,1.469,29.18,20.2,0.51,0,63.97,17.32,11.35,15.48,6.13,,0.264,37.3,Hold,2026-06-19,,,,3
BHEL.NS,2026-06-19,7.12,0.723,5.5,6.01,7.73,6.27,6.99,9,0.4913,0.6459,0.0142,0.6454,1.743,39.43,19.08,1.0,0,62.36,25.68,89.88,6.29,8.51,31.31,0.325,87.3,Buy,2026-06-19,,,,4
SUZLON.NS,2026-06-19,7.8,0.738,8.5,5.32,7.98,7.73,7.27,7,0.1398,0.4407,0.1014,-0.0825,-0.208,40.04,17.62,1.3,0,64.59,16.56,25.63,40.64,35.1,5.87,0.092,66.0,Strong Buy,2026-06-19,,,,5
ZEEL.NS,2026-06-19,5.87,0.785,3.0,4.26,6.9,4.42,5.71,6,0.2243,0.5331,0.3803,-0.1565,-0.359,59.85,24.91,1.97,-1,65.65,36.78,40.2,2.33,2.75,2.26,-0.452,76.0,Hold,2026-06-19,,,,3
TECHM.NS,2026-06-19,4.47,-0.892,7.0,6.22,3.5,5.8,4.67,9,-0.1075,0.0515,-0.0089,-0.1561,-0.591,33.39,20.48,-0.93,0,42.3,12.43,25.98,16.61,23.1,7.27,-0.097,16.7,Avoid,2026-06-19,,,,1
BSE.NS,2026-06-19,7.39,0.292,10.0,6.09,6.86,8.3,6.99,8,0.5283,0.3887,-0.0414,0.5089,0.965,38.76,18.48,0.69,0,51.89,24.2,66.61,36.0,58.0,0.0,2.025,80.0,Strong Buy,2026-06-19,,,,5
ADANIPORTS.NS,2026-06-19,5.7,0.615,2.5,5.05,6.68,4.25,5.75,8,0.24,0.3592,0.0314,0.3237,1.077,28.84,12.44,1.05,0,61.18,20.17,31.48,15.59,14.1,64.05,0.224,68.0,Hold,2026-06-19,,,,3
NELCO.NS,2026-06-19,5.66,0.677,2.0,5.06,6.76,4.03,5.75,7,0.2829,0.6044,0.4162,-0.1387,-0.27,58.2,20.62,3.92,-1,86.79,34.33,648.52,2.59,7.21,56.54,0.048,84.0,Hold,2026-06-19,,,,3
TRENT.NS,2026-06-19,6.41,0.123,7.0,5.7,6.35,6.55,6.23,9,-0.2063,0.3831,0.1209,-0.4294,-0.971,38.32,15.02,2.38,-1,75.26,19.39,99.65,27.13,28.3,36.03,-0.662,30.7,Hold,2026-06-19,,,,3
PINELABS.NS,2026-06-19,3.21,-0.508,2.5,4.56,3.2,3.11,3.52,7,-0.324,-0.0948,0.0663,,,54.03,34.26,-0.68,0,48.42,15.95,149.32,2.39,4.16,7.47,-1.367,4.7,Avoid,2026-06-19,,,,1
DATAPATTNS.NS,2026-06-19,6.38,0.985,4.0,4.79,7.28,5.14,6.2,7,0.9541,0.4808,0.2147,0.6126,1.193,54.77,23.2,2.0,-1,66.29,23.67,99.73,16.73,,0.3,0.411,93.3,Hold,2026-06-19,,,,3
ETERNAL.NS,2026-06-19,5.66,0.185,5.0,5.96,5.8,5.43,5.76,9,-0.0708,0.1555,0.0924,0.069,0.178,34.62,17.11,1.95,0,62.24,13.52,695.53,1.19,2.97,14.83,0.235,26.7,Hold,2026-06-19,,,,3
BAJAJ-AUTO.NS,2026-06-19,7.19,0.185,9.0,5.9,6.87,7.76,6.82,8,0.1476,0.151,-0.0324,0.2321,0.906,23.57,9.83,0.37,0,46.71,17.2,26.17,28.05,28.2,56.29,-0.098,49.3,Buy,2026-06-19,,,,4
MCX.NS,2026-06-19,6.9,-0.246,10.0,6.39,6.12,8.13,6.62,9,0.3984,0.108,-0.1425,0.7756,2.005,35.41,20.3,-0.36,0,40.27,28.89,53.68,37.88,71.4,0.11,2.22,63.3,Buy,2026-06-19,,,,4
PERSISTENT.NS,2026-06-19,4.53,-0.892,8.0,5.54,3.41,6.14,4.53,8,-0.2286,0.0491,-0.0284,-0.1992,-0.562,37.41,24.35,-1.0,0,42.29,12.04,40.62,26.35,34.4,6.09,0.181,8.7,Caution,2026-06-19,,,,2
KOTAKBANK.NS,2026-06-19,4.01,-0.108,1.5,4.71,4.6,3.06,4.29,5,-0.0814,0.0845,0.0393,-0.0647,-0.295,23.13,12.97,1.62,0,59.3,20.28,20.61,11.39,6.93,,0.028,19.3,Avoid,2026-06-19,,,,1
GVT&D.NS,2026-06-19,8.23,0.985,8.5,6.24,8.46,8.05,7.82,9,0.8629,0.471,0.141,1.4103,3.21,47.92,24.63,2.24,-1,67.69,23.64,114.71,55.26,,0.89,1.92,92.0,Strong Buy,2026-06-19,,,,5
DIXON.NS,2026-06-19,5.48,0.108,4.5,5.25,5.78,5.03,5.49,7,-0.057,0.2279,0.0678,-0.1208,-0.298,42.98,19.85,2.1,-1,64.36,18.94,46.5,37.13,42.0,18.46,-0.032,33.3,Hold,2026-06-19,,,,3
NTPC.NS,2026-06-19,5.03,-0.092,4.0,5.41,5.26,4.65,5.17,6,0.1473,-0.0221,-0.0588,0.1201,0.535,20.31,12.36,-0.98,0,45.87,32.66,12.02,13.69,8.33,118.13,-0.16,34.7,Caution,2026-06-19,,,,2
WIPRO.NS,2026-06-19,3.5,-0.846,4.0,5.8,3.01,4.05,3.93,8,-0.2898,-0.0404,-0.1098,-0.2807,-1.022,29.35,21.04,-1.77,0,35.92,23.12,14.38,15.44,17.9,22.85,-0.671,4.0,Avoid,2026-06-19,,,,1
REDINGTON.NS,2026-06-19,5.85,0.6,5.0,4.42,6.3,5.28,5.61,7,0.0262,0.2797,0.2701,-0.0284,-0.06,39.54,19.82,3.78,-1,75.97,34.62,14.74,13.09,17.5,27.26,0.232,55.3,Hold,2026-06-19,,,,3
IDEA.NS,2026-06-19,6.2,0.938,3.5,4.72,7.18,4.84,6.06,5,0.3405,0.6689,0.0867,1.2606,2.366,39.26,14.18,1.33,-1,66.19,42.14,4.65,-1.6,-1.6,,-0.238,82.0,Hold,2026-06-19,,,,3
TATASTEEL.NS,2026-06-19,5.89,-0.154,7.0,6.6,5.48,6.47,5.97,8,0.1921,0.0659,-0.0293,0.3307,1.191,22.09,12.66,-0.64,0,44.75,17.15,23.03,11.16,12.5,89.02,0.076,47.3,Hold,2026-06-19,,,,3
AXISBANK.NS,2026-06-19,4.78,0.738,1.5,3.69,5.86,3.24,4.75,4,0.1088,0.125,0.0564,0.1185,0.511,27.35,13.09,1.24,0,64.58,19.19,16.06,13.15,6.24,,-0.049,44.0,Caution,2026-06-19,,,,2
OLECTRA.NS,2026-06-19,6.71,0.938,7.5,3.05,7.04,6.49,5.93,6,0.3089,0.5191,0.2588,0.2971,0.65,48.81,23.88,2.93,-1,73.01,23.77,70.38,21.0,21.0,30.84,-0.307,78.0,Buy,2026-06-19,,,,4
INDUSINDBK.NS,2026-06-19,5.68,0.815,2.5,5.0,6.66,4.24,5.72,7,0.1362,0.1607,0.041,0.1709,0.468,34.94,18.43,1.29,0,60.77,18.68,83.18,1.36,5.68,,-0.755,51.3,Hold,2026-06-19,,,,3
DMART.NS,2026-06-19,6.38,0.569,4.0,5.96,7.11,5.32,6.43,9,0.1204,0.1257,0.0413,0.0561,0.203,30.9,13.54,0.02,0,58.68,25.77,93.62,12.94,17.2,9.91,-0.484,44.7,Hold,2026-06-19,,,,3
HINDALCO.NS,2026-06-19,4.92,-0.246,4.5,5.43,4.96,4.82,5.04,7,0.1899,0.1259,-0.0894,0.5855,2.033,29.69,15.9,-0.35,0,39.6,25.67,16.77,10.29,13.7,72.6,0.629,50.7,Caution,2026-06-19,,,,2
WAAREEENER.NS,2026-06-19,7.08,0.246,8.5,5.7,6.88,7.47,6.72,8,0.0857,-0.0097,0.0427,0.1207,0.242,31.99,24.54,-0.24,0,55.8,12.34,24.28,31.57,38.8,21.4,0.263,32.0,Buy,2026-06-19,,,,4
LT.NS,2026-06-19,6.81,0.738,5.0,5.47,7.51,5.85,6.64,7,0.0463,0.2376,0.072,0.1734,0.692,30.62,11.57,1.65,0,66.3,17.65,36.04,16.95,14.6,97.64,0.135,46.0,Buy,2026-06-19,,,,4
RBA.NS,2026-06-19,4.91,0.369,2.0,5.47,5.64,3.77,5.19,5,0.1515,0.1944,0.0882,-0.0539,-0.17,20.69,8.8,2.26,-1,80.02,23.69,-23.09,-25.79,-0.46,285.66,-0.759,56.0,Caution,2026-06-19,,,,2
AEQUS.NS,2026-06-19,5.58,0.446,3.0,5.15,6.37,4.43,5.64,6,0.3988,0.7998,0.0454,,,76.97,31.36,1.47,-1,67.1,23.49,-118.79,-10.29,1.55,47.18,1.662,88.0,Hold,2026-06-19,,,,3
CUPID.NS,2026-06-19,7.88,1.0,7.5,6.1,8.26,7.45,7.55,8,1.0613,1.2452,0.4705,8.5881,17.656,43.83,22.85,2.37,-1,90.16,34.61,223.95,27.3,33.5,12.51,4.223,97.3,Strong Buy,2026-06-19,,,,5
HFCL.NS,2026-06-19,6.01,1.0,2.0,5.45,7.21,4.24,6.13,6,2.2483,1.9656,0.4143,1.5627,3.27,60.72,24.03,1.78,-1,73.5,54.27,97.95,7.27,10.9,38.32,0.471,100.0,Hold,2026-06-19,,,,3
WABAG.NS,2026-06-19,7.09,0.985,6.0,5.13,7.69,6.34,6.76,8,0.5303,0.6518,0.3858,0.2863,0.675,43.97,19.87,3.47,-1,83.31,28.15,28.63,15.67,21.3,8.87,0.611,91.3,Buy,2026-06-19,,,,4
JIOFIN.NS,2026-06-19,3.43,-0.246,3.5,3.03,3.47,3.4,3.35,5,-0.1661,0.0209,0.0263,-0.1552,-0.517,31.8,17.79,0.73,0,57.68,18.16,101.01,1.21,1.86,16.29,-0.8,12.7,Avoid,2026-06-19,,,,1
INDIGO.NS,2026-06-19,4.44,0.462,1.0,4.52,5.39,3.0,4.65,5,0.0095,0.1516,0.1313,-0.0655,-0.214,43.95,21.77,2.53,-1,70.96,18.74,-81.06,7.12,7.12,866.46,0.088,41.3,Avoid,2026-06-19,,,,1
LICI.NS,2026-06-19,7.55,0.477,9.5,5.04,7.38,7.99,6.94,7,0.0423,0.1491,0.0828,-0.0586,-0.227,30.17,14.77,2.63,-1,70.1,19.94,9.69,42.36,35.1,,-0.516,42.0,Strong Buy,2026-06-19,,,,5
GOLDBEES.NS,2026-06-19,5.0,-0.2,5.0,5.0,5.0,5.0,5.0,0,,,,,,,,0.0,0,36.24,21.13,,,,,1.391,26.0,Caution,2026-06-19,,,,2
SOLARINDS.NS,2026-06-19,8.19,0.723,9.0,6.06,8.28,8.21,7.71,8,0.5147,0.3718,-0.0044,0.062,0.181,33.74,18.33,1.0,0,57.69,29.48,97.65,31.33,36.8,23.27,0.86,79.3,Strong Buy,2026-06-19,,,,5
EICHERMOT.NS,2026-06-19,6.91,0.692,6.5,5.72,7.21,6.56,6.7,8,0.0668,0.1204,0.0902,0.4435,1.711,33.75,16.18,1.97,0,64.61,16.4,37.99,23.77,30.5,2.05,0.781,42.7,Buy,2026-06-19,,,,4
VBL.NS,2026-06-19,6.2,0.492,4.0,5.82,6.87,5.21,6.25,7,0.127,0.3114,-0.0184,0.1293,0.392,31.64,11.94,0.78,0,54.01,19.0,56.27,19.7,19.7,12.71,-0.485,56.7,Hold,2026-06-19,,,,3
PANAMAPET.NS,2026-06-19,7.68,1.0,8.5,4.67,7.91,7.58,7.03,7,0.7692,0.7692,0.4205,0.3477,0.864,67.84,28.06,3.74,-1,80.88,52.57,13.76,15.6,19.2,7.55,0.109,95.3,Strong Buy,2026-06-19,,,,5
POONAWALLA.NS,2026-06-19,5.16,0.185,5.5,3.1,5.37,4.99,4.73,5,-0.0343,0.0661,0.0674,0.0138,0.035,33.96,18.55,1.0,0,64.1,21.22,62.57,5.85,7.5,470.36,-0.159,25.3,Caution,2026-06-19,,,,2
BDL.NS,2026-06-19,4.93,0.185,2.5,5.03,5.6,3.92,5.09,7,0.0408,0.0919,0.0464,-0.2756,-0.637,41.34,21.29,0.85,0,65.91,22.62,119.43,10.19,,0.01,-0.288,35.3,Caution,2026-06-19,,,,2
POLYCAB.NS,2026-06-19,7.35,1.0,5.5,6.28,8.02,6.41,7.24,9,0.431,0.411,0.0936,0.6863,2.036,30.12,12.16,1.57,-1,73.58,27.99,57.13,24.58,33.2,2.56,0.435,76.7,Buy,2026-06-19,,,,4
BEL.NS,2026-06-19,6.85,0.292,7.0,6.11,6.92,6.8,6.69,8,0.1118,-0.0091,0.0248,0.0696,0.239,22.63,12.16,0.07,0,58.18,28.66,51.62,27.56,36.5,0.27,0.415,36.7,Buy,2026-06-19,,,,4
OLAELEC.NS,2026-06-19,4.1,0.538,1.0,3.16,5.1,2.65,4.09,2,0.2842,0.7994,0.1733,-0.0916,-0.139,77.6,29.22,0.89,0,53.36,34.82,-10.16,-43.16,-19.6,82.45,-0.619,86.0,Avoid,2026-06-19,,,,1
ULTRACEMCO.NS,2026-06-19,3.59,-0.631,3.0,5.85,3.42,3.68,4.08,7,-0.015,0.0511,-0.0175,0.0049,0.021,26.96,12.18,-0.25,0,51.24,18.23,40.9,10.59,12.8,29.43,-0.18,22.7,Avoid,2026-06-19,,,,1
ADANIGREEN.NS,2026-06-19,6.63,1.0,5.5,4.23,7.3,5.79,6.21,6,0.4719,0.7574,0.1028,0.537,1.11,45.4,17.32,1.08,-1,60.45,39.49,155.85,7.58,7.39,346.55,-0.31,90.0,Buy,2026-06-19,,,,4
VEDL.NS,2026-06-19,4.12,-0.877,7.0,5.14,3.16,5.49,4.16,8,-0.4633,-0.5404,-0.0883,-0.2982,-0.523,140.13,132.72,-0.85,1,32.18,34.11,16.77,20.4,16.5,48.04,-0.33,0.7,Avoid,2026-06-19,,,,1
SAMMAANCAP.NS,2026-06-19,3.94,0.4,1.0,2.4,4.99,2.47,3.8,1,0.1977,0.2758,0.0814,0.3882,0.878,42.09,17.65,1.21,0,55.63,31.78,-1.99,-35.01,4.92,273.03,-0.127,61.3,Avoid,2026-06-19,,,,1
PIRAMALFIN.NS,2026-06-19,4.9,0.185,5.5,3.35,4.96,4.92,4.55,4,0.4293,0.1984,0.105,,,40.62,16.31,2.44,-1,71.47,15.18,32.59,5.45,6.47,285.78,3.309,74.7,Caution,2026-06-19,,,,2
APOLLO.NS,2026-06-19,6.87,1.0,6.0,4.48,7.47,6.14,6.44,7,0.9376,1.2058,0.22,1.1564,1.985,73.28,27.12,1.4,-1,62.95,40.57,137.95,11.21,14.5,41.53,1.606,96.7,Buy,2026-06-19,,,,4
TMPV.NS,2026-06-19,3.41,-0.646,3.0,5.41,3.23,3.54,3.83,6,0.0466,0.1719,-0.0024,-0.4628,-1.094,40.29,22.6,0.21,0,43.0,21.65,20.8,-1.12,2.73,65.31,-1.08,38.7,Avoid,2026-06-19,,,,1
BERGEPAINT.NS,2026-06-19,7.06,0.492,7.0,5.7,7.28,6.83,6.79,9,0.0219,0.345,0.0989,-0.0122,-0.047,37.85,17.02,1.95,-1,66.94,20.07,57.07,17.23,22.2,9.16,-0.021,53.3,Buy,2026-06-19,,,,4
POWERINDIA.NS,2026-06-19,7.3,0.569,6.5,6.44,7.65,6.83,7.17,9,0.9258,0.4961,0.0373,0.9776,1.96,40.71,21.62,1.18,0,61.01,20.71,165.87,21.04,,1.66,1.501,92.7,Buy,2026-06-19,,,,4
ABCAPITAL.NS,2026-06-19,5.79,0.831,4.5,2.67,6.61,4.78,5.24,5,0.0839,0.2037,0.0521,0.4735,1.447,39.79,18.22,1.55,0,61.51,16.85,26.4,11.18,8.72,491.75,0.596,50.0,Hold,2026-06-19,,,,3
CDSL.NS,2026-06-19,5.77,0.108,5.5,5.24,5.93,5.58,5.68,7,-0.0724,0.1475,0.138,-0.181,-0.445,35.67,17.56,1.95,0,72.86,21.41,62.66,23.91,32.0,0.11,0.253,30.0,Hold,2026-06-19,,,,3
JYOTICNC.NS,2026-06-19,5.28,0.108,5.0,4.27,5.52,5.01,5.1,7,-0.2114,-0.0067,0.1047,-0.3399,-0.719,54.74,37.63,0.45,0,64.98,28.17,49.9,18.22,21.3,42.61,-0.696,11.3,Caution,2026-06-19,,,,2
TENNIND.NS,2026-06-19,5.68,-0.462,8.0,5.68,5.03,6.66,5.55,8,0.3176,0.0785,-0.0155,,,37.42,21.47,0.05,0,51.05,20.53,39.18,42.97,60.8,4.29,0.722,60.7,Hold,2026-06-19,,,,3
TITAN.NS,2026-06-19,7.38,0.785,6.5,5.58,7.89,6.74,7.07,8,0.131,0.0946,0.0834,0.3017,1.302,31.81,17.16,0.96,0,63.39,12.69,77.19,37.13,25.8,195.0,0.303,48.0,Strong Buy,2026-06-19,,,,5
NYKAA.NS,2026-06-19,6.71,0.8,5.0,5.87,7.31,5.86,6.64,8,0.2334,0.2627,0.0904,0.5578,1.834,29.25,12.84,3.16,-1,74.19,21.16,425.77,14.34,17.2,82.41,0.847,64.7,Buy,2026-06-19,,,,4
ITC.NS,2026-06-19,5.18,-0.4,7.0,5.8,4.58,6.04,5.2,6,-0.2327,0.0083,-0.0041,-0.2651,-1.412,18.54,11.14,-0.03,0,55.15,20.5,17.72,29.34,38.9,3.29,-0.982,7.3,Caution,2026-06-19,,,,2
LIQUIDBEES.NS,2026-06-19,6.24,0.508,5.0,5.0,6.77,5.53,6.06,0,,,,,,,,0.0,0,53.23,93.65,,,,,-3.415,20.7,Hold,2026-06-19,,,,3
SUNPHARMA.NS,2026-06-19,7.73,0.8,6.5,6.52,8.26,7.03,7.56,9,0.032,0.0538,-0.0034,0.1249,0.625,24.72,13.71,0.8,0,59.31,13.77,38.52,14.72,20.5,5.52,0.263,28.0,Strong Buy,2026-06-19,,,,5
GRSE.NS,2026-06-19,5.84,0.262,6.5,3.81,5.96,5.82,5.4,7,0.2555,0.2189,0.0387,-0.1121,-0.196,61.23,26.5,0.59,0,57.88,14.19,46.49,31.79,,1.42,0.357,62.7,Hold,2026-06-19,,,,3
GARFIBRES.NS,2026-06-19,6.11,0.369,5.5,4.88,6.46,5.67,5.9,6,0.1842,0.3015,0.2736,-0.0684,-0.167,41.79,15.28,4.52,-1,81.65,24.41,39.84,15.31,22.0,3.16,-0.18,69.3,Hold,2026-06-19,,,,3
ADANIENSOL.NS,2026-06-19,5.71,0.938,2.0,4.6,6.91,3.98,5.7,6,0.542,0.4995,0.102,0.7758,1.687,45.46,19.68,0.94,0,56.68,25.06,80.87,9.66,9.65,194.5,0.35,86.7,Hold,2026-06-19,,,,3
TATSILV.NS,2026-06-19,4.65,-0.2,5.0,5.0,4.5,4.85,4.7,0,,,,,,,,0.0,0,37.88,16.31,,,,,1.178,32.7,Caution,2026-06-19,,,,2
ITCHOTELS.NS,2026-06-19,4.12,-0.092,2.5,4.09,4.58,3.43,4.21,6,-0.1038,0.1267,0.1078,-0.1957,-0.576,35.01,15.89,2.51,-1,71.54,16.62,43.49,7.32,10.7,0.63,-0.189,23.3,Avoid,2026-06-19,,,,1
HDBFS.NS,2026-06-19,5.83,0.492,6.0,3.06,6.2,5.49,5.27,5,-0.0529,0.134,0.0996,,,38.05,15.65,1.8,0,67.68,22.76,23.24,13.94,9.79,480.24,-0.823,28.7,Hold,2026-06-19,,,,3
JBMA.NS,2026-06-19,5.76,0.738,3.0,4.18,6.76,4.36,5.6,4,0.3167,0.3249,0.1512,0.036,0.076,43.84,21.28,2.33,-1,66.89,21.65,78.71,15.99,14.8,190.28,-0.467,72.7,Hold,2026-06-19,,,,3
AUROPHARMA.NS,2026-06-19,5.5,0.369,3.0,6.3,6.08,4.57,5.81,9,0.2714,0.2006,0.0234,0.3126,1.135,25.3,15.19,1.22,0,60.19,16.57,24.82,9.93,12.8,21.31,0.167,62.0,Hold,2026-06-19,,,,3
CGPOWER.NS,2026-06-19,7.65,0.985,7.0,5.87,8.1,7.11,7.33,8,0.4407,0.4034,0.1132,0.3915,1.081,34.25,15.98,1.55,-1,66.94,23.9,124.99,19.56,27.0,1.44,0.372,78.7,Strong Buy,2026-06-19,,,,5
RBLBANK.NS,2026-06-19,6.62,0.8,6.0,4.78,7.07,6.09,6.29,5,0.2758,0.297,0.1331,0.739,2.02,34.33,15.33,2.22,-1,70.15,22.41,26.89,5.81,5.81,,0.374,72.0,Buy,2026-06-19,,,,4
HAL.NS,2026-06-19,6.38,0.431,4.5,6.23,6.93,5.57,6.46,9,0.0512,0.1593,0.0091,-0.1164,-0.363,30.51,15.79,0.49,0,56.23,20.02,32.37,23.98,32.0,0.03,-0.453,39.3,Hold,2026-06-19,,,,3
ASTRAMICRO.NS,2026-06-19,7.05,0.985,5.0,5.86,7.8,6.01,6.93,9,0.8883,0.8534,0.4334,0.5074,1.252,47.73,19.3,2.54,-1,81.44,40.95,83.04,15.99,20.2,21.88,0.616,96.0,Buy,2026-06-19,,,,4
LTM.NS,2026-06-19,5.04,-0.892,8.5,5.57,3.99,6.58,4.95,8,-0.3788,-0.0749,-0.0309,-0.2929,-0.973,39.39,25.44,-1.52,0,39.95,13.39,22.67,21.29,29.6,9.58,-0.596,1.3,Caution,2026-06-19,,,,2
LLOYDSENGG.NS,2026-06-19,7.05,1.0,7.0,4.14,7.5,6.59,6.47,7,0.6025,1.1155,0.2518,0.5145,0.987,62.04,24.75,1.96,-1,69.88,33.82,58.28,16.82,17.1,6.45,0.123,94.7,Buy,2026-06-19,,,,4
SAIL.NS,2026-06-19,5.31,-0.154,4.5,6.08,5.42,5.08,5.51,8,0.3829,0.1803,-0.1052,0.4365,1.199,41.4,16.5,-0.12,0,39.86,26.68,22.06,5.66,7.79,52.9,0.119,66.7,Caution,2026-06-19,,,,2
BHARATFORG.NS,2026-06-19,6.27,0.8,2.5,5.78,7.4,4.61,6.39,7,0.4419,0.1921,0.0757,0.5536,1.801,30.04,13.42,1.66,0,65.86,12.65,90.57,11.6,13.1,76.47,0.123,74.0,Hold,2026-06-19,,,,3
MUTHOOTFIN.NS,2026-06-19,4.8,-0.385,7.5,3.21,4.29,5.7,4.33,5,-0.163,-0.0465,-0.0517,0.1916,0.575,39.32,21.18,-1.12,0,44.9,15.31,11.85,30.41,15.8,379.71,0.883,8.0,Caution,2026-06-19,,,,2
BPCL.NS,2026-06-19,5.93,-0.108,8.0,5.61,5.4,6.75,5.75,8,-0.1442,0.072,0.0372,0.0443,0.152,36.36,15.24,0.72,0,53.97,16.29,5.07,28.47,25.7,54.33,-0.026,16.0,Hold,2026-06-19,,,,3
YESBANK.NS,2026-06-19,5.81,0.877,2.5,4.44,6.93,4.21,5.72,6,0.1786,0.3817,0.1619,0.2743,0.866,34.03,14.85,2.04,-1,72.67,30.15,22.69,7.09,5.98,,-0.1,68.7,Hold,2026-06-19,,,,3
PAGEIND.NS,2026-06-19,6.96,0.785,5.5,6.24,7.47,6.24,6.9,9,0.0963,0.2652,0.0172,-0.1218,-0.503,26.43,13.73,1.47,0,63.63,30.5,58.28,52.5,,18.42,-0.139,52.0,Buy,2026-06-19,,,,4
KAYNES.NS,2026-06-19,2.76,-0.692,3.0,3.78,2.54,3.02,2.95,6,-0.2053,-0.088,-0.0206,-0.4236,-0.824,62.49,46.46,-0.81,1,47.76,23.41,59.87,9.57,13.2,19.17,-0.288,6.7,Avoid,2026-06-19,,,,1
INDUSTOWER.NS,2026-06-19,4.67,-0.046,3.0,5.99,4.93,4.16,5.03,9,0.0098,-0.0362,-0.0483,0.0487,0.163,24.65,13.66,-0.78,0,40.61,16.27,15.18,19.81,19.5,53.29,0.154,18.7,Caution,2026-06-19,,,,2
ANGELONE.NS,2026-06-19,7.57,1.0,8.5,4.34,7.79,7.48,6.87,5,0.435,0.5329,0.0423,0.2508,0.525,48.56,17.78,1.24,0,62.63,22.43,35.87,15.53,14.8,129.31,0.255,81.3,Strong Buy,2026-06-19,,,,5
HINDUNILVR.NS,2026-06-19,4.67,-0.677,6.0,6.59,4.02,5.52,4.98,9,-0.0356,0.0565,-0.0041,-0.0401,-0.203,24.61,12.86,-0.04,0,52.3,20.02,48.42,21.6,28.4,3.02,-0.536,20.0,Caution,2026-06-19,,,,2
ZENTEC.NS,2026-06-19,5.97,1.0,3.0,4.47,7.02,4.49,5.84,6,0.4646,0.4092,0.2535,0.026,0.054,46.11,24.63,2.5,-1,74.26,17.41,92.84,11.83,16.2,0.95,0.501,83.3,Hold,2026-06-19,,,,3
NATIONALUM.NS,2026-06-19,6.42,-0.246,9.0,5.85,5.78,7.42,6.16,7,0.3691,0.0023,-0.0812,1.1223,2.785,38.34,25.53,-1.29,0,41.54,26.65,11.24,29.42,39.6,0.28,1.082,59.3,Hold,2026-06-19,,,,3
LAURUSLABS.NS,2026-06-19,7.12,1.0,4.5,6.49,7.95,5.92,7.14,9,0.4003,0.4968,0.0517,1.1429,3.456,27.96,11.75,1.25,-1,63.56,32.49,85.53,17.74,17.8,46.37,2.309,77.3,Buy,2026-06-19,,,,4
TVSMOTOR.NS,2026-06-19,4.3,-0.554,5.5,5.33,3.81,4.96,4.44,6,-0.0506,0.0002,0.0074,0.244,0.901,31.24,17.23,-0.36,0,52.53,13.63,54.17,31.62,17.4,306.09,0.482,18.0,Avoid,2026-06-19,,,,1
TORNTPHARM.NS,2026-06-19,5.66,0.308,3.0,6.07,6.34,4.6,5.89,7,0.1852,0.0541,-0.0106,0.3754,1.7,22.79,13.18,0.77,0,50.37,16.06,69.36,16.99,15.2,85.45,0.861,45.3,Hold,2026-06-19,,,,3
RPTECH.NS,2026-06-19,7.31,1.0,7.0,4.88,7.76,6.81,6.84,8,1.179,1.2039,0.3761,1.4792,3.507,55.01,19.71,2.91,-1,85.82,47.46,18.24,14.94,16.8,48.65,1.083,98.0,Buy,2026-06-19,,,,4
GICRE.NS,2026-06-19,3.06,-0.538,2.5,4.28,3.03,3.01,3.33,6,0.0014,0.0218,-0.0334,-0.0014,-0.004,30.17,19.09,-1.39,0,44.54,16.84,6.69,10.69,17.4,,-0.155,21.3,Avoid,2026-06-19,,,,1
BHARATCOAL.NS,2026-06-19,3.62,0.262,0.0,4.05,4.57,2.16,3.92,3,,0.2502,0.1721,,,53.15,28.48,2.15,-1,63.22,39.53,151.32,2.1,,38.79,0.094,60.0,Avoid,2026-06-19,,,,1
VIKRAMSOLR.NS,2026-06-19,3.4,-0.908,4.0,5.83,2.87,4.02,3.85,9,-0.1497,0.0644,0.003,,,40.27,23.7,-0.62,0,43.1,15.27,14.74,21.34,30.5,20.37,-1.267,15.3,Avoid,2026-06-19,,,,1
JUBLFOOD.NS,2026-06-19,4.06,-0.754,4.5,5.52,3.72,4.47,4.33,7,-0.2438,-0.0775,-0.0404,-0.3806,-1.228,42.24,29.62,-1.27,0,39.88,22.8,73.9,16.89,14.6,2.65,-0.605,6.0,Avoid,2026-06-19,,,,1
TMCV.NS,2026-06-19,5.3,0.246,4.0,5.48,5.63,4.78,5.41,6,0.051,-0.0254,0.0619,,,46.82,23.7,0.14,0,58.66,26.54,48.92,26.05,35.9,44.09,0.858,27.3,Caution,2026-06-19,,,,2
POWERGRID.NS,2026-06-19,4.33,-0.031,2.0,4.8,4.9,3.42,4.55,5,0.1319,-0.015,-0.007,0.0459,0.202,19.64,11.65,-0.7,0,50.23,25.37,14.54,16.49,9.74,150.99,-0.39,38.0,Avoid,2026-06-19,,,,1
MOTHERSON.NS,2026-06-19,7.41,0.738,6.5,5.89,7.88,6.8,7.15,8,0.2211,0.3064,0.0687,0.4556,1.276,41.65,17.92,1.33,0,59.47,41.33,39.77,10.11,13.1,43.91,0.107,65.3,Strong Buy,2026-06-19,,,,5
APOLLOHOSP.NS,2026-06-19,6.51,0.677,4.5,6.36,7.1,5.64,6.6,8,0.2282,0.1706,0.0152,0.2148,1.035,19.04,7.47,1.46,0,63.56,14.63,62.84,21.5,17.9,85.15,0.545,58.7,Buy,2026-06-19,,,,4
RADICO.NS,2026-06-19,7.8,0.923,7.5,5.87,8.18,7.39,7.44,7,0.1893,0.453,0.0584,0.4426,1.305,33.44,14.27,1.45,-1,72.52,32.3,83.59,24.2,24.2,20.94,1.19,70.7,Strong Buy,2026-06-19,,,,5
ICICIGI.NS,2026-06-19,5.25,0.0,4.0,5.57,5.55,4.77,5.39,6,-0.0358,0.0475,0.0279,-0.0174,-0.075,24.56,12.85,1.72,0,62.88,14.51,33.82,17.85,,0.06,-0.115,22.0,Caution,2026-06-19,,,,2
COALINDIA.NS,2026-06-19,6.79,0.0,9.0,6.69,6.19,7.71,6.64,9,0.1885,-0.0064,-0.0115,0.2344,0.994,23.63,15.31,-0.46,0,44.7,13.1,8.94,28.12,35.3,11.63,-0.12,43.3,Buy,2026-06-19,,,,4
LUPIN.NS,2026-06-19,7.68,0.338,9.0,6.54,7.48,8.07,7.38,9,0.1129,0.0445,0.0306,0.2172,0.858,21.16,13.63,1.2,0,63.1,9.66,20.2,26.91,30.3,29.39,0.662,40.0,Strong Buy,2026-06-19,,,,5
SWSOLAR.NS,2026-06-19,6.11,0.477,6.0,3.94,6.47,5.74,5.69,4,0.151,0.3911,0.189,-0.2736,-0.574,51.69,22.33,2.08,-1,72.83,16.71,16.6,-35.95,26.8,182.95,-1.067,67.3,Hold,2026-06-19,,,,3
CARBORUNIV.NS,2026-06-19,6.13,1.0,2.0,5.79,7.33,4.34,6.3,8,0.4428,0.6593,0.1749,0.3288,1.033,38.87,13.9,2.58,-1,79.35,44.85,120.09,4.37,10.5,10.29,-0.734,88.7,Hold,2026-06-19,,,,3
ITBEES.NS,2026-06-19,3.79,-0.892,5.0,5.0,3.27,4.48,3.96,0,,,,,,,,0.0,0,37.5,12.83,,,,,-0.737,5.3,Avoid,2026-06-19,,,,1
UPL.NS,2026-06-19,4.45,-0.846,5.5,6.23,3.89,5.16,4.74,9,-0.1844,-0.0051,-0.0369,-0.0493,-0.166,32.15,20.31,-1.22,0,39.68,19.7,27.24,5.61,10.2,57.13,-0.046,9.3,Avoid,2026-06-19,,,,1
DLF.NS,2026-06-19,3.74,-0.092,1.5,3.85,4.34,2.81,3.89,6,-0.0858,0.1517,0.0644,-0.2612,-0.836,34.04,16.91,1.51,0,60.2,19.81,35.06,10.03,6.34,0.67,-0.668,24.7,Avoid,2026-06-19,,,,1
MPHASIS.NS,2026-06-19,4.48,-0.554,4.5,5.71,4.29,4.67,4.73,8,-0.2086,0.1075,0.0203,-0.1413,-0.452,32.71,18.74,0.04,0,47.59,13.77,24.06,18.29,22.8,24.38,-0.241,13.3,Avoid,2026-06-19,,,,1
SHRIRAMFIN.NS,2026-06-19,6.33,0.662,6.5,3.2,6.75,5.93,5.69,5,0.1593,0.0549,0.0647,0.5226,1.445,44.24,21.31,0.91,0,61.42,19.51,18.83,16.38,11.5,274.99,0.824,46.7,Hold,2026-06-19,,,,3
NESTLEIND.NS,2026-06-19,6.88,0.215,7.0,6.57,6.89,6.88,6.81,8,0.1521,0.1926,-0.0058,0.2095,1.085,23.43,10.35,0.44,0,52.96,17.22,78.21,76.34,85.3,8.62,0.026,52.7,Buy,2026-06-19,,,,4
GMRAIRPORT.NS,2026-06-19,5.69,0.708,2.5,5.57,6.6,4.33,5.85,7,0.0781,0.2304,0.1354,0.315,1.04,34.49,16.96,2.29,-1,66.09,22.33,837.15,11.6,11.6,,-0.033,54.0,Hold,2026-06-19,,,,3
SBC.NS,2026-06-19,6.07,0.877,5.0,3.68,6.73,5.26,5.66,5,0.5452,0.3768,0.1304,1.9196,5.484,35.62,15.11,3.05,-1,81.01,18.83,82.25,37.22,18.2,283.23,1.247,85.3,Hold,2026-06-19,,,,3
ATGL.NS,2026-06-19,5.39,0.431,4.5,4.39,5.79,4.86,5.24,8,0.2444,0.3082,0.1145,0.1248,0.269,51.41,21.66,1.07,0,55.13,35.94,121.22,14.46,15.3,58.65,-0.389,70.0,Caution,2026-06-19,,,,2
DIVISLAB.NS,2026-06-19,6.44,0.769,4.0,6.12,7.16,5.36,6.51,9,0.0643,0.0982,-0.0209,0.0129,0.051,19.31,9.5,0.81,0,55.01,20.92,69.76,16.19,22.0,0.04,0.676,36.0,Hold,2026-06-19,,,,3
FEDERALBNK.NS,2026-06-19,7.2,0.862,7.0,4.56,7.65,6.72,6.68,5,0.2289,0.2183,0.128,0.5916,2.329,24.61,11.91,2.24,-1,73.73,33.02,18.54,11.73,6.39,,1.223,64.0,Buy,2026-06-19,,,,4
INFY.NS,2026-06-20,3.9,-0.877,5.5,4.83,3.32,4.77,4.25,8,-0.3295,-0.1201,-0.0854,-0.335,-1.262,35.38,23.76,-1.98,0,33.21,15.45,13.85,31.44,,9.83,-0.777,2.0,Avoid,2026-06-22,,,,1
BHARTIARTL.NS,2026-06-20,4.74,-0.031,3.5,5.7,4.94,4.74,5.31,6,-0.0935,0.0459,0.0211,0.0388,0.185,23.26,13.66,1.79,0,64.1,18.2,43.1,19.36,,99.72,0.559,17.3,Caution,2026-06-22,,,,2
TCS.NS,2026-06-20,4.31,-0.769,5.5,6.43,3.65,5.53,5.28,9,-0.3185,-0.0858,-0.0706,-0.3717,-1.594,33.16,23.49,-1.75,0,37.21,15.22,15.62,48.4,,10.39,-1.256,2.7,Avoid,2026-06-22,,,,1
RELIANCE.NS,2026-06-20,3.11,-0.692,2.0,5.62,3.04,3.76,4.44,6,-0.1482,-0.05,-0.0288,-0.0771,-0.368,25.23,15.84,-0.78,0,46.8,20.09,21.93,9.14,,36.65,-0.537,10.0,Avoid,2026-06-22,,,,1
PARAS.NS,2026-06-20,6.92,0.985,5.0,5.48,7.67,5.74,6.34,8,1.2408,1.2347,0.7348,0.7303,1.151,67.65,24.15,3.48,-1,85.16,41.57,128.18,13.14,,3.73,-0.123,98.7,Buy,2026-06-22,,,,4
NIACL.NS,2026-06-20,6.84,0.692,6.0,4.93,7.36,5.81,5.94,5,0.2471,0.556,0.2288,0.1155,0.258,63.68,17.58,2.85,-1,80.99,26.02,23.58,3.42,,,-0.303,75.3,Buy,2026-06-22,,,,4
MTARTECH.NS,2026-06-20,7.35,1.0,5.5,6.28,8.02,6.34,6.94,8,2.6105,1.3979,0.037,3.9495,7.908,83.2,38.57,1.43,-1,62.63,25.96,270.23,12.12,,45.78,2.143,99.3,Strong Buy,2026-06-22,,,,5
HDFCBANK.NS,2026-06-20,3.93,-0.108,2.5,4.62,4.22,3.76,4.38,5,-0.1944,-0.0069,0.0338,-0.1673,-0.859,27.85,14.23,0.94,0,61.21,20.8,17.39,13.82,,,-0.414,10.7,Avoid,2026-06-22,,,,1
LENSKART.NS,2026-06-20,5.02,0.215,3.0,5.7,5.48,4.66,5.5,7,0.2663,0.0206,-0.0039,,,28.6,14.56,0.13,0,54.69,13.3,175.33,6.65,,34.98,1.075,54.7,Caution,2026-06-22,,,,2
GROWW.NS,2026-06-20,6.98,0.092,9.5,5.35,6.53,7.12,5.99,7,0.3985,0.2618,0.0643,,,49.85,25.71,0.38,0,55.36,18.88,58.79,28.72,,3.03,1.713,73.3,Buy,2026-06-22,,,,4
IFCI.NS,2026-06-20,6.51,1.0,5.0,4.3,7.26,5.15,5.51,5,0.8202,0.5817,0.4114,0.4135,0.728,71.76,30.82,2.04,-1,62.01,41.12,124.25,0.0,,,0.189,94.0,Buy,2026-06-22,,,,4
TATACAP.NS,2026-06-20,5.45,0.292,4.5,4.26,5.9,4.68,4.93,5,0.1243,0.1717,0.2239,,,32.32,13.78,3.23,-1,77.92,27.53,31.16,12.01,,502.06,0.364,57.3,Hold,2026-06-22,,,,3
SILVERBEES.NS,2026-06-20,4.65,-0.2,5.0,5.0,4.5,4.9,4.8,0,,,,,,,,0.0,0,37.22,15.77,,,,,1.194,34.0,Caution,2026-06-22,,,,2
TARIL.NS,2026-06-20,5.53,0.492,4.5,4.48,5.97,4.79,5.08,5,0.2645,0.3035,0.1512,-0.2728,-0.482,53.64,27.57,2.32,-1,68.87,14.81,40.63,19.33,,29.59,-0.178,71.3,Hold,2026-06-22,,,,3
ICICIAMC.NS,2026-06-20,5.96,0.138,5.0,6.05,6.21,5.69,6.07,8,,0.2207,0.0658,,,36.29,17.38,1.23,0,62.33,19.39,51.28,85.8,,4.07,2.042,48.7,Hold,2026-06-22,,,,3
LGEINDIA.NS,2026-06-20,4.92,0.185,3.0,5.55,5.35,4.57,5.37,7,0.0625,0.0794,0.1055,,,32.61,21.17,1.89,0,69.09,12.04,66.23,24.72,,5.99,-0.363,40.7,Caution,2026-06-22,,,,2
AMBER.NS,2026-06-20,4.85,0.262,2.0,4.84,5.65,3.95,5.05,7,0.1988,0.1815,0.072,0.2082,0.426,52.69,35.46,0.47,0,55.11,11.01,156.25,5.58,,46.57,0.706,58.0,Caution,2026-06-22,,,,2
BAJFINANCE.NS,2026-06-20,5.5,0.2,5.0,4.42,5.8,4.91,5.0,5,-0.0378,0.1557,0.0494,0.042,0.153,34.45,17.98,1.36,0,63.14,17.65,31.54,17.91,,313.41,0.353,31.3,Hold,2026-06-22,,,,3
MEESHO.NS,2026-06-20,3.5,-0.662,3.5,4.29,3.37,3.82,3.89,3,-0.1977,0.2039,-0.1279,,,57.32,24.81,-0.1,0,48.3,17.51,-55.81,-46.56,,1.43,-0.04,14.7,Avoid,2026-06-22,,,,1
NETWEB.NS,2026-06-20,7.09,1.0,5.0,5.98,7.84,5.99,6.69,6,0.5795,0.5571,0.3141,1.8558,3.302,59.59,27.02,1.99,-1,66.05,27.71,138.88,32.83,,39.02,0.571,90.7,Buy,2026-06-22,,,,4
ICICIBANK.NS,2026-06-20,5.64,0.431,3.0,5.38,6.41,4.7,5.7,6,-0.0044,0.0771,0.065,-0.0466,-0.251,23.44,11.1,1.43,0,66.42,24.06,18.02,16.36,,,0.16,29.3,Hold,2026-06-22,,,,3
COFORGE.NS,2026-06-20,6.23,-0.169,8.0,5.79,5.8,6.61,5.89,8,-0.2049,0.3397,0.0549,-0.1994,-0.537,47.24,23.6,1.4,0,59.04,20.63,33.33,18.6,,7.52,0.301,24.0,Hold,2026-06-22,,,,3
HCLTECH.NS,2026-06-20,3.58,-0.785,5.5,4.44,2.92,4.53,3.87,6,-0.2981,-0.1208,-0.0277,-0.3177,-1.224,34.97,27.18,-0.98,0,41.69,17.98,18.45,23.36,,6.93,-0.563,3.3,Avoid,2026-06-22,,,,1
TEJASNET.NS,2026-06-20,4.97,1.0,1.0,3.34,6.32,3.07,4.44,3,0.3976,0.4628,0.3507,-0.0904,-0.167,62.26,27.91,2.36,-1,71.29,44.69,-12.31,-26.82,,142.52,-0.743,84.7,Caution,2026-06-22,,,,2
ADANIENT.NS,2026-06-20,5.53,1.0,2.0,4.09,6.73,3.85,5.06,4,0.3616,0.5695,0.1187,0.2215,0.589,38.71,14.06,1.32,-1,69.28,47.51,41.32,13.66,,119.56,-0.265,80.7,Hold,2026-06-22,,,,3
ADANIPOWER.NS,2026-06-20,7.12,0.538,6.5,6.09,7.45,6.52,6.65,7,0.6207,0.5347,0.0567,1.076,2.455,39.44,18.32,0.79,0,56.44,18.46,34.96,20.91,,82.33,0.436,89.3,Buy,2026-06-22,,,,4
M&M.NS,2026-06-20,4.25,-0.569,6.5,5.41,3.45,5.42,4.67,5,-0.1489,0.0097,-0.0021,0.0307,0.106,31.18,15.82,-0.4,0,49.18,15.49,20.2,18.75,,125.07,-0.114,12.0,Avoid,2026-06-22,,,,1
HSCL.NS,2026-06-20,7.62,0.969,6.5,6.21,8.15,6.71,7.0,8,0.4446,0.4848,0.1429,0.4675,1.216,41.13,21.42,1.2,-1,58.52,33.44,44.65,17.7,,16.14,0.694,82.7,Strong Buy,2026-06-22,,,,5
MARUTI.NS,2026-06-20,5.43,-0.108,6.0,5.92,5.2,5.8,5.63,6,-0.1831,0.0632,0.0314,0.075,0.332,25.56,13.81,0.6,0,53.08,15.14,28.65,14.43,,0.1,-0.034,14.0,Caution,2026-06-22,,,,2
SBIN.NS,2026-06-20,6.3,0.646,4.5,4.92,7.01,5.18,5.74,4,0.0798,0.0046,0.0905,0.33,1.469,29.18,20.2,0.51,0,63.97,17.32,11.35,15.48,,,0.264,37.3,Hold,2026-06-22,,,,3
BHEL.NS,2026-06-20,7.24,0.723,5.5,6.36,7.86,6.34,6.93,8,0.4913,0.6459,0.0142,0.6454,1.743,39.43,19.08,1.0,0,62.36,25.68,90.08,6.29,,31.31,0.325,87.3,Buy,2026-06-22,,,,4
ZEEL.NS,2026-06-20,6.19,0.785,3.0,5.19,7.23,4.79,5.92,6,0.2243,0.5331,0.3803,-0.1565,-0.359,59.85,24.91,1.97,-1,65.65,36.78,40.2,2.33,,2.26,-0.452,76.0,Hold,2026-06-22,,,,3
BSE.NS,2026-06-20,7.31,0.292,8.5,6.15,7.16,7.22,6.64,8,0.5283,0.3887,-0.0414,0.5089,0.965,38.76,18.48,0.69,0,51.89,24.2,66.67,36.0,,0.0,2.025,80.0,Strong Buy,2026-06-22,,,,5
SUZLON.NS,2026-06-20,7.21,0.738,7.0,4.91,7.62,6.23,6.08,7,0.1398,0.4407,0.1014,-0.0825,-0.208,40.04,17.62,1.3,0,64.59,16.56,25.63,40.64,,5.87,0.092,66.0,Buy,2026-06-22,,,,4
TECHM.NS,2026-06-20,4.11,-0.892,5.5,6.48,3.36,5.5,5.2,8,-0.1075,0.0515,-0.0089,-0.1561,-0.591,33.39,20.48,-0.93,0,42.3,12.43,26.04,16.61,,7.27,-0.097,16.7,Avoid,2026-06-22,,,,1
PINELABS.NS,2026-06-20,3.58,-0.508,2.5,4.62,3.72,3.65,4.17,7,-0.324,-0.0948,0.0663,,,54.03,34.26,-0.68,0,48.42,15.95,149.32,2.39,,7.47,-1.367,4.7,Avoid,2026-06-22,,,,1
ADANIPORTS.NS,2026-06-20,5.76,0.615,2.0,5.68,6.83,4.55,5.99,7,0.24,0.3592,0.0314,0.3237,1.077,28.84,12.44,1.05,0,61.18,20.17,31.55,15.59,,64.05,0.224,68.0,Hold,2026-06-22,,,,3
NELCO.NS,2026-06-20,5.5,0.677,2.0,4.62,6.61,4.05,5.31,6,0.2829,0.6044,0.4162,-0.1387,-0.27,58.2,20.62,3.92,-1,86.79,34.33,666.91,2.59,,56.54,0.048,84.0,Hold,2026-06-22,,,,3
TRENT.NS,2026-06-20,5.88,0.123,5.5,5.47,6.05,5.6,5.71,7,-0.2063,0.3831,0.1209,-0.4294,-0.971,38.32,15.02,2.38,-1,75.26,19.39,99.01,27.13,,36.03,-0.662,30.7,Hold,2026-06-22,,,,3
ETERNAL.NS,2026-06-20,5.45,0.185,5.0,5.38,5.59,5.28,5.45,7,-0.0708,0.1555,0.0924,0.069,0.178,34.62,17.11,1.95,0,62.24,13.52,660.75,1.19,,14.83,0.235,26.7,Hold,2026-06-22,,,,3
DATAPATTNS.NS,2026-06-20,6.74,0.985,4.5,5.41,7.57,5.5,6.24,8,0.9541,0.4808,0.2147,0.6126,1.193,54.77,23.2,2.0,-1,66.29,23.67,99.02,16.73,,0.3,0.411,93.3,Buy,2026-06-22,,,,4
BAJAJ-AUTO.NS,2026-06-20,6.81,0.185,7.5,6.12,6.73,6.75,6.42,8,0.1476,0.151,-0.0324,0.2321,0.906,23.57,9.83,0.37,0,46.71,17.2,26.18,28.05,,56.29,-0.098,49.3,Buy,2026-06-22,,,,4
MCX.NS,2026-06-20,6.83,-0.246,9.5,6.6,6.12,7.58,6.52,8,0.3984,0.108,-0.1425,0.7756,2.005,35.41,20.3,-0.36,0,40.27,28.89,53.76,37.88,,0.11,2.22,63.3,Buy,2026-06-22,,,,4
PERSISTENT.NS,2026-06-20,4.52,-0.892,6.5,5.79,3.77,5.65,5.01,7,-0.2286,0.0491,-0.0284,-0.1992,-0.562,37.41,24.35,-1.0,0,42.29,12.04,40.65,26.35,,6.09,0.181,8.7,Caution,2026-06-22,,,,2
KOTAKBANK.NS,2026-06-20,4.09,-0.108,1.5,4.93,4.68,3.61,4.69,5,-0.0814,0.0845,0.0393,-0.0647,-0.295,23.13,12.97,1.62,0,59.3,20.28,20.58,11.39,,,0.028,19.3,Avoid,2026-06-22,,,,1
GVT&D.NS,2026-06-20,8.48,0.985,8.5,6.94,8.7,7.87,7.71,8,0.8629,0.471,0.141,1.4103,3.21,47.92,24.63,2.24,-1,67.69,23.64,114.95,55.26,,0.89,1.92,92.0,Strong Buy,2026-06-22,,,,5
WIPRO.NS,2026-06-20,3.69,-0.846,3.5,5.78,3.43,4.47,4.75,7,-0.2898,-0.0404,-0.1098,-0.2807,-1.022,29.35,21.04,-1.77,0,35.92,23.12,14.38,15.44,,22.85,-0.671,4.0,Avoid,2026-06-22,,,,1
NTPC.NS,2026-06-20,4.85,-0.092,4.0,5.9,4.93,5.0,5.43,5,0.1473,-0.0221,-0.0588,0.1201,0.535,20.31,12.36,-0.98,0,45.87,32.66,12.02,13.69,,118.13,-0.16,34.7,Caution,2026-06-22,,,,2
DIXON.NS,2026-06-20,4.83,0.108,3.0,4.68,5.36,4.2,4.89,6,-0.057,0.2279,0.0678,-0.1208,-0.298,42.98,19.85,2.1,-1,64.36,18.94,46.51,37.13,,18.46,-0.032,33.3,Caution,2026-06-22,,,,2
REDINGTON.NS,2026-06-20,5.89,0.6,4.5,4.97,6.41,5.08,5.53,5,0.0262,0.2797,0.2701,-0.0284,-0.06,39.54,19.82,3.78,-1,75.97,34.62,14.74,13.09,,27.26,0.232,55.3,Hold,2026-06-22,,,,3
AXISBANK.NS,2026-06-20,4.99,0.738,1.5,4.29,6.07,3.62,4.89,5,0.1088,0.125,0.0564,0.1185,0.511,27.35,13.09,1.24,0,64.58,19.19,16.08,13.15,,,-0.049,44.0,Caution,2026-06-22,,,,2
TATASTEEL.NS,2026-06-20,5.88,-0.154,6.5,7.01,5.54,6.53,6.4,7,0.1921,0.0659,-0.0293,0.3307,1.191,22.09,12.66,-0.64,0,44.75,17.15,23.0,11.16,,89.02,0.076,47.3,Hold,2026-06-22,,,,3
IDEA.NS,2026-06-20,6.47,0.938,3.5,5.47,7.44,5.14,6.18,5,0.3405,0.6689,0.0867,1.2606,2.366,39.26,14.18,1.33,-1,66.19,42.14,4.65,0.0,,,-0.238,82.0,Hold,2026-06-22,,,,3
OLECTRA.NS,2026-06-20,6.55,0.938,5.5,4.32,7.18,5.33,5.51,6,0.3089,0.5191,0.2588,0.2971,0.65,48.81,23.88,2.93,-1,73.01,23.77,70.42,0.0,,30.84,-0.307,78.0,Buy,2026-06-22,,,,4
INDUSINDBK.NS,2026-06-20,6.17,0.815,2.5,5.49,7.3,4.74,6.09,5,0.1362,0.1607,0.041,0.1709,0.468,34.94,18.43,1.29,0,60.77,18.68,83.33,1.36,,,-0.755,51.3,Hold,2026-06-22,,,,3
DMART.NS,2026-06-20,6.24,0.569,3.5,5.98,7.04,5.27,6.31,8,0.1204,0.1257,0.0413,0.0561,0.203,30.9,13.54,0.02,0,58.68,25.77,94.34,12.94,,9.91,-0.484,44.7,Hold,2026-06-22,,,,3
WAAREEENER.NS,2026-06-20,6.63,0.246,7.0,5.72,6.67,6.38,6.15,6,0.0857,-0.0097,0.0427,0.1207,0.242,31.99,24.54,-0.24,0,55.8,12.34,24.27,31.57,,21.4,0.263,32.0,Buy,2026-06-22,,,,4
HINDALCO.NS,2026-06-20,4.97,-0.246,4.0,6.01,5.09,5.08,5.56,5,0.1899,0.1259,-0.0894,0.5855,2.033,29.69,15.9,-0.35,0,39.6,25.67,16.78,10.29,,72.6,0.629,50.7,Caution,2026-06-22,,,,2
RBA.NS,2026-06-20,4.81,0.369,2.0,5.17,5.53,4.07,5.19,4,0.1515,0.1944,0.0882,-0.0539,-0.17,20.69,8.8,2.26,-1,80.02,23.69,-23.09,-25.79,,285.66,-0.759,56.0,Caution,2026-06-22,,,,2
LT.NS,2026-06-20,6.55,0.738,4.5,5.16,7.33,5.35,6.0,5,0.0463,0.2376,0.072,0.1734,0.692,30.62,11.57,1.65,0,66.3,17.65,35.97,16.95,,97.64,0.135,46.0,Buy,2026-06-22,,,,4
AEQUS.NS,2026-06-20,5.49,0.446,3.0,4.87,6.27,4.46,5.36,5,0.3988,0.7998,0.0454,,,76.97,31.36,1.47,-1,67.1,23.49,-118.79,-10.29,,47.18,1.662,88.0,Hold,2026-06-22,,,,3
CUPID.NS,2026-06-20,7.58,1.0,6.0,6.51,8.18,6.65,7.16,8,1.0613,1.2452,0.4705,8.5881,17.656,43.83,22.85,2.37,-1,90.16,34.61,221.15,27.3,,12.51,4.223,97.3,Strong Buy,2026-06-22,,,,5
HFCL.NS,2026-06-20,5.92,1.0,2.0,5.21,7.12,4.41,5.85,5,2.2483,1.9656,0.4143,1.5627,3.27,60.72,24.03,1.78,-1,73.5,54.27,97.95,7.27,,38.32,0.471,100.0,Hold,2026-06-22,,,,3
WABAG.NS,2026-06-20,6.9,0.985,4.5,5.93,7.71,5.76,6.58,7,0.5303,0.6518,0.3858,0.2863,0.675,43.97,19.87,3.47,-1,83.31,28.15,28.65,15.67,,8.87,0.611,91.3,Buy,2026-06-22,,,,4
JIOFIN.NS,2026-06-20,3.58,-0.246,3.5,3.46,3.62,3.51,3.53,5,-0.1661,0.0209,0.0263,-0.1552,-0.517,31.8,17.79,0.73,0,57.68,18.16,101.01,1.21,,16.29,-0.8,12.7,Avoid,2026-06-22,,,,1
INDIGO.NS,2026-06-20,4.48,0.462,1.0,4.65,5.43,3.46,4.82,5,0.0095,0.1516,0.1313,-0.0655,-0.214,43.95,21.77,2.53,-1,70.96,18.74,-81.06,0.0,,866.46,0.088,41.3,Avoid,2026-06-22,,,,1
LICI.NS,2026-06-20,7.31,0.477,8.0,5.65,7.37,6.86,6.43,6,0.0423,0.1491,0.0828,-0.0586,-0.227,30.17,14.77,2.63,-1,70.1,19.94,9.69,42.36,,,-0.516,42.0,Strong Buy,2026-06-22,,,,5
GOLDBEES.NS,2026-06-20,5.0,-0.2,5.0,5.0,5.0,5.0,5.0,0,,,,,,,,0.0,0,36.24,21.13,,,,,1.391,26.0,Caution,2026-06-22,,,,2
EICHERMOT.NS,2026-06-20,7.01,0.692,5.0,6.29,7.68,6.09,6.8,8,0.0668,0.1204,0.0902,0.4435,1.711,33.75,16.18,1.97,0,64.61,16.4,37.88,23.77,,2.05,0.781,42.7,Buy,2026-06-22,,,,4
VBL.NS,2026-06-20,6.13,0.492,3.5,6.06,6.88,5.27,6.28,7,0.127,0.3114,-0.0184,0.1293,0.392,31.64,11.94,0.78,0,54.01,19.0,56.15,0.0,,12.71,-0.485,56.7,Hold,2026-06-22,,,,3
SOLARINDS.NS,2026-06-20,7.71,0.723,7.5,5.99,8.03,6.96,6.86,8,0.5147,0.3718,-0.0044,0.062,0.181,33.74,18.33,1.0,0,57.69,29.48,97.09,31.33,,23.27,0.86,79.3,Strong Buy,2026-06-22,,,,5
PANAMAPET.NS,2026-06-20,7.94,1.0,8.0,5.83,8.24,7.12,6.88,6,0.7692,0.7692,0.4205,0.3477,0.864,67.84,28.06,3.74,-1,80.88,52.57,13.76,15.6,,7.55,0.109,95.3,Strong Buy,2026-06-22,,,,5
POONAWALLA.NS,2026-06-20,5.3,0.185,5.5,3.5,5.51,4.64,4.38,5,-0.0343,0.0661,0.0674,0.0138,0.035,33.96,18.55,1.0,0,64.1,21.22,62.47,5.85,,470.36,-0.159,25.3,Caution,2026-06-22,,,,2
BDL.NS,2026-06-20,4.72,0.185,2.5,4.41,5.38,3.9,4.72,8,0.0408,0.0919,0.0464,-0.2756,-0.637,41.34,21.29,0.85,0,65.91,22.62,119.01,10.19,,0.01,-0.288,35.3,Caution,2026-06-22,,,,2
BEL.NS,2026-06-20,6.41,0.292,5.5,6.15,6.71,6.02,6.35,8,0.1118,-0.0091,0.0248,0.0696,0.239,22.63,12.16,0.07,0,58.18,28.66,51.56,27.56,,0.27,0.415,36.7,Hold,2026-06-22,,,,3
POLYCAB.NS,2026-06-20,6.99,1.0,4.0,6.55,7.89,5.88,6.99,8,0.431,0.411,0.0936,0.6863,2.036,30.12,12.16,1.57,-1,73.58,27.99,57.13,24.58,,2.56,0.435,76.7,Buy,2026-06-22,,,,4
ULTRACEMCO.NS,2026-06-20,4.61,-0.631,6.0,6.19,3.99,5.68,5.3,7,-0.015,0.0511,-0.0175,0.0049,0.021,26.96,12.18,-0.25,0,51.24,18.23,40.98,10.59,,29.43,-0.18,22.7,Caution,2026-06-22,,,,2
OLAELEC.NS,2026-06-20,4.13,0.538,1.0,3.24,5.13,2.79,3.91,2,0.2842,0.7994,0.1733,-0.0916,-0.139,77.6,29.22,0.89,0,53.36,34.82,-10.16,-43.16,,82.45,-0.619,86.0,Avoid,2026-06-22,,,,1
VEDL.NS,2026-06-20,4.17,-0.877,6.5,5.73,3.29,5.53,4.79,9,-0.4633,-0.5404,-0.0883,-0.2982,-0.523,140.13,132.72,-0.85,1,32.18,34.11,16.78,20.4,,48.04,-0.33,0.7,Avoid,2026-06-22,,,,1
ADANIGREEN.NS,2026-06-20,6.74,1.0,5.5,4.53,7.41,5.47,5.72,5,0.4719,0.7574,0.1028,0.537,1.11,45.4,17.32,1.08,-1,60.45,39.49,156.17,7.58,,346.55,-0.31,90.0,Buy,2026-06-22,,,,4
APOLLO.NS,2026-06-20,6.94,1.0,5.5,5.11,7.62,5.76,6.13,6,0.9376,1.2058,0.22,1.1564,1.985,73.28,27.12,1.4,-1,62.95,40.57,137.07,11.21,,41.53,1.606,96.7,Buy,2026-06-22,,,,4
PIRAMALFIN.NS,2026-06-20,5.38,0.185,5.5,4.73,5.44,5.16,5.05,5,0.4293,0.1984,0.105,,,40.62,16.31,2.44,-1,71.47,15.18,32.57,5.45,,285.78,3.309,74.7,Caution,2026-06-22,,,,2
SAMMAANCAP.NS,2026-06-20,4.49,0.4,2.0,3.1,5.39,3.15,3.97,1,0.1977,0.2758,0.0814,0.3882,0.878,42.09,17.65,1.21,0,55.63,31.78,-1.99,-35.01,,273.03,-0.127,61.3,Avoid,2026-06-22,,,,1
ABCAPITAL.NS,2026-06-20,6.22,0.831,4.5,3.91,7.04,4.76,5.19,4,0.0839,0.2037,0.0521,0.4735,1.447,39.79,18.22,1.55,0,61.51,16.85,26.38,11.18,,491.75,0.596,50.0,Hold,2026-06-22,,,,3
BERGEPAINT.NS,2026-06-20,6.81,0.492,5.5,6.27,7.25,6.18,6.63,8,0.0219,0.345,0.0989,-0.0122,-0.047,37.85,17.02,1.95,-1,66.94,20.07,57.13,17.23,,9.16,-0.021,53.3,Buy,2026-06-22,,,,4
POWERINDIA.NS,2026-06-20,7.34,0.569,6.5,6.56,7.69,6.76,7.01,8,0.9258,0.4961,0.0373,0.9776,1.96,40.71,21.62,1.18,0,61.01,20.71,166.67,21.04,,1.66,1.501,92.7,Strong Buy,2026-06-22,,,,5
TMPV.NS,2026-06-20,2.68,-0.646,1.0,5.04,2.8,3.1,3.98,7,0.0466,0.1719,-0.0024,-0.4628,-1.094,40.29,22.6,0.21,0,43.0,21.65,-81.33,-1.12,,70.36,-1.08,38.7,Avoid,2026-06-22,,,,1
CDSL.NS,2026-06-20,5.25,0.108,4.0,5.04,5.63,4.77,5.23,7,-0.0724,0.1475,0.138,-0.181,-0.445,35.67,17.56,1.95,0,72.86,21.41,62.89,23.91,,0.11,0.253,30.0,Caution,2026-06-22,,,,2
JYOTICNC.NS,2026-06-20,4.7,0.108,3.5,3.89,5.15,4.0,4.38,7,-0.2114,-0.0067,0.1047,-0.3399,-0.719,54.74,37.63,0.45,0,64.98,28.17,50.0,18.22,,42.61,-0.696,11.3,Caution,2026-06-22,,,,2
TENNIND.NS,2026-06-20,5.09,-0.462,5.5,6.14,4.82,5.64,5.58,7,0.3176,0.0785,-0.0155,,,37.42,21.47,0.05,0,51.05,20.53,39.07,42.97,,4.29,0.722,60.7,Caution,2026-06-22,,,,2
TITAN.NS,2026-06-20,6.85,0.785,5.0,5.37,7.59,5.68,6.25,6,0.131,0.0946,0.0834,0.3017,1.302,31.81,17.16,0.96,0,63.39,12.69,77.51,37.13,,195.0,0.303,48.0,Buy,2026-06-22,,,,4
NYKAA.NS,2026-06-20,6.68,0.8,4.5,6.22,7.35,5.81,6.61,7,0.2334,0.2627,0.0904,0.5578,1.834,29.25,12.84,3.16,-1,74.19,21.16,431.86,14.34,,82.41,0.847,64.7,Buy,2026-06-22,,,,4
LIQUIDBEES.NS,2026-06-20,6.24,0.508,5.0,5.0,6.77,5.35,5.71,0,,,,,,,,0.0,0,53.23,93.65,,,,,-3.415,20.7,Hold,2026-06-22,,,,3
ITC.NS,2026-06-20,4.7,-0.4,5.5,5.72,4.33,5.36,5.15,7,-0.2327,0.0083,-0.0041,-0.2651,-1.412,18.54,11.14,-0.03,0,55.15,20.5,17.73,29.34,,3.29,-0.982,7.3,Caution,2026-06-22,,,,2
SUNPHARMA.NS,2026-06-20,7.06,0.8,5.0,6.88,7.66,6.34,7.12,9,0.032,0.0538,-0.0034,0.1249,0.625,24.72,13.71,0.8,0,59.31,13.77,38.46,14.72,,5.52,0.263,28.0,Buy,2026-06-22,,,,4
GARFIBRES.NS,2026-06-20,5.86,0.369,4.5,5.05,6.37,5.11,5.55,6,0.1842,0.3015,0.2736,-0.0684,-0.167,41.79,15.28,4.52,-1,81.65,24.41,39.84,15.31,,3.16,-0.18,69.3,Hold,2026-06-22,,,,3
GRSE.NS,2026-06-20,6.07,0.262,6.5,4.48,6.2,5.57,5.24,5,0.2555,0.2189,0.0387,-0.1121,-0.196,61.23,26.5,0.59,0,57.88,14.19,46.51,31.79,,1.42,0.357,62.7,Hold,2026-06-22,,,,3
ADANIENSOL.NS,2026-06-20,5.83,0.938,2.0,4.94,7.03,4.27,5.66,5,0.542,0.4995,0.102,0.7758,1.687,45.46,19.68,0.94,0,56.68,25.06,81.31,9.66,,194.5,0.35,86.7,Hold,2026-06-22,,,,3
TATSILV.NS,2026-06-20,4.65,-0.2,5.0,5.0,4.5,4.9,4.8,0,,,,,,,,0.0,0,37.88,16.31,,,,,1.178,32.7,Caution,2026-06-22,,,,2
HDBFS.NS,2026-06-20,6.25,0.492,6.0,4.24,6.62,5.37,5.26,5,-0.0529,0.134,0.0996,,,38.05,15.65,1.8,0,67.68,22.76,23.25,13.94,,480.24,-0.823,28.7,Hold,2026-06-22,,,,3
ITCHOTELS.NS,2026-06-20,4.22,-0.092,2.5,4.39,4.68,3.75,4.43,7,-0.1038,0.1267,0.1078,-0.1957,-0.576,35.01,15.89,2.51,-1,71.54,16.62,43.71,7.32,,0.63,-0.189,23.3,Avoid,2026-06-22,,,,1
JBMA.NS,2026-06-20,5.52,0.738,2.5,3.94,6.6,3.94,4.94,3,0.3167,0.3249,0.1512,0.036,0.076,43.84,21.28,2.33,-1,66.89,21.65,78.71,15.99,,190.28,-0.467,72.7,Hold,2026-06-22,,,,3
AUROPHARMA.NS,2026-06-20,5.49,0.369,2.5,6.69,6.14,5.03,6.3,8,0.2714,0.2006,0.0234,0.3126,1.135,25.3,15.19,1.22,0,60.19,16.57,24.81,9.93,,21.31,0.167,62.0,Hold,2026-06-22,,,,3
CGPOWER.NS,2026-06-20,7.34,0.985,5.5,6.26,8.01,6.33,6.93,7,0.4407,0.4034,0.1132,0.3915,1.081,34.25,15.98,1.55,-1,66.94,23.9,124.99,19.56,,1.44,0.372,78.7,Strong Buy,2026-06-22,,,,5
RBLBANK.NS,2026-06-20,7.07,0.8,6.0,6.05,7.52,6.33,6.64,6,0.2758,0.297,0.1331,0.739,2.02,34.33,15.33,2.22,-1,70.15,22.41,26.89,0.0,,,0.374,72.0,Buy,2026-06-22,,,,4
HAL.NS,2026-06-20,6.04,0.431,3.5,6.09,6.73,5.26,6.24,9,0.0512,0.1593,0.0091,-0.1164,-0.363,30.51,15.79,0.49,0,56.23,20.02,32.36,23.98,,0.03,-0.453,39.3,Hold,2026-06-22,,,,3
SAIL.NS,2026-06-20,5.56,-0.154,4.5,6.79,5.67,5.72,6.25,7,0.3829,0.1803,-0.1052,0.4365,1.199,41.4,16.5,-0.12,0,39.86,26.68,22.04,5.66,,52.9,0.119,66.7,Hold,2026-06-22,,,,3
LTM.NS,2026-06-20,4.35,-0.892,7.0,5.89,3.38,5.8,4.93,7,-0.3788,-0.0749,-0.0309,-0.2929,-0.973,39.39,25.44,-1.52,0,39.95,13.39,22.67,21.29,,9.58,-0.596,1.3,Avoid,2026-06-22,,,,1
LLOYDSENGG.NS,2026-06-20,7.08,1.0,6.5,4.67,7.61,5.93,5.92,6,0.6025,1.1155,0.2518,0.5145,0.987,62.04,24.75,1.96,-1,69.88,33.82,58.28,16.82,,6.45,0.123,94.7,Buy,2026-06-22,,,,4
ASTRAMICRO.NS,2026-06-20,6.89,0.985,3.5,6.67,7.86,5.74,7.02,9,0.8883,0.8534,0.4334,0.5074,1.252,47.73,19.3,2.54,-1,81.44,40.95,83.33,15.99,,21.88,0.616,96.0,Buy,2026-06-22,,,,4
BHARATFORG.NS,2026-06-20,6.02,0.8,2.0,5.49,7.22,4.55,6.05,6,0.4419,0.1921,0.0757,0.5536,1.801,30.04,13.42,1.66,0,65.86,12.65,90.89,11.6,,76.47,0.123,74.0,Hold,2026-06-22,,,,3
BPCL.NS,2026-06-20,5.7,-0.108,6.5,6.25,5.4,6.17,5.92,7,-0.1442,0.072,0.0372,0.0443,0.152,36.36,15.24,0.72,0,53.97,16.29,5.07,28.47,,54.33,-0.026,16.0,Hold,2026-06-22,,,,3
MUTHOOTFIN.NS,2026-06-20,5.02,-0.385,7.0,4.28,4.58,5.35,4.51,5,-0.163,-0.0465,-0.0517,0.1916,0.575,39.32,21.18,-1.12,0,44.9,15.31,11.85,30.41,,379.71,0.883,8.0,Caution,2026-06-22,,,,2
PAGEIND.NS,2026-06-20,6.92,0.785,5.5,6.12,7.43,6.15,6.62,8,0.0963,0.2652,0.0172,-0.1218,-0.503,26.43,13.73,1.47,0,63.63,30.5,58.48,52.5,,18.42,-0.139,52.0,Buy,2026-06-22,,,,4
KAYNES.NS,2026-06-20,2.44,-0.692,2.5,3.29,2.3,2.8,2.86,5,-0.2053,-0.088,-0.0206,-0.4236,-0.824,62.49,46.46,-0.81,1,47.76,23.41,59.88,9.57,,19.17,-0.288,6.7,Avoid,2026-06-22,,,,1
INDUSTOWER.NS,2026-06-20,4.63,-0.046,2.5,6.3,4.97,4.63,5.62,9,0.0098,-0.0362,-0.0483,0.0487,0.163,24.65,13.66,-0.78,0,40.61,16.27,15.17,19.81,,53.29,0.154,18.7,Caution,2026-06-22,,,,2
YESBANK.NS,2026-06-20,5.98,0.877,2.5,4.94,7.1,4.47,5.71,5,0.1786,0.3817,0.1619,0.2743,0.866,34.03,14.85,2.04,-1,72.67,30.15,22.69,7.09,,,-0.1,68.7,Hold,2026-06-22,,,,3
ANGELONE.NS,2026-06-20,7.59,1.0,8.0,4.82,7.89,6.61,6.18,4,0.435,0.5329,0.0423,0.2508,0.525,48.56,17.78,1.24,0,62.63,22.43,35.98,15.53,,129.31,0.255,81.3,Strong Buy,2026-06-22,,,,5
HINDUNILVR.NS,2026-06-20,4.35,-0.677,5.0,6.54,3.85,5.43,5.4,8,-0.0356,0.0565,-0.0041,-0.0401,-0.203,24.61,12.86,-0.04,0,52.3,20.02,48.54,21.6,,3.02,-0.536,20.0,Avoid,2026-06-22,,,,1
ZENTEC.NS,2026-06-20,5.84,1.0,2.5,4.55,6.97,4.27,5.43,7,0.4646,0.4092,0.2535,0.026,0.054,46.11,24.63,2.5,-1,74.26,17.41,92.58,11.83,,0.95,0.501,83.3,Hold,2026-06-22,,,,3
NATIONALUM.NS,2026-06-20,6.23,-0.246,7.5,6.62,5.83,6.78,6.33,8,0.3691,0.0023,-0.0812,1.1223,2.785,38.34,25.53,-1.29,0,41.54,26.65,11.25,29.42,,0.28,1.082,59.3,Hold,2026-06-22,,,,3
LAURUSLABS.NS,2026-06-20,7.18,1.0,4.0,7.07,8.08,6.14,7.35,7,0.4003,0.4968,0.0517,1.1429,3.456,27.96,11.75,1.25,-1,63.56,32.49,86.21,17.74,,46.37,2.309,77.3,Buy,2026-06-22,,,,4
TORNTPHARM.NS,2026-06-20,5.52,0.308,2.5,6.1,6.28,4.8,6.03,7,0.1852,0.0541,-0.0106,0.3754,1.7,22.79,13.18,0.77,0,50.37,16.06,69.44,16.99,,85.45,0.861,45.3,Hold,2026-06-22,,,,3
TVSMOTOR.NS,2026-06-20,4.5,-0.554,5.0,5.35,4.24,5.0,4.89,5,-0.0506,0.0002,0.0074,0.244,0.901,31.24,17.23,-0.36,0,52.53,13.63,54.06,31.62,,306.09,0.482,18.0,Caution,2026-06-22,,,,2
RPTECH.NS,2026-06-20,7.63,1.0,6.5,6.22,8.15,6.71,7.0,7,1.179,1.2039,0.3761,1.4792,3.507,55.01,19.71,2.91,-1,85.82,47.46,18.22,14.94,,48.65,1.083,98.0,Strong Buy,2026-06-22,,,,5
GICRE.NS,2026-06-20,3.16,-0.538,2.0,5.01,3.21,3.53,4.17,7,0.0014,0.0218,-0.0334,-0.0014,-0.004,30.17,19.09,-1.39,0,44.54,16.84,6.69,10.69,,,-0.155,21.3,Avoid,2026-06-22,,,,1
VIKRAMSOLR.NS,2026-06-20,3.11,-0.908,2.5,6.27,2.8,4.18,4.73,8,-0.1497,0.0644,0.003,,,40.27,23.7,-0.62,0,43.1,15.27,14.73,21.34,,20.37,-1.267,15.3,Avoid,2026-06-22,,,,1
BHARATCOAL.NS,2026-06-20,3.53,0.262,0.0,3.77,4.47,2.52,3.9,3,,0.2502,0.1721,,,53.15,28.48,2.15,-1,63.22,39.53,151.32,2.1,,38.79,0.094,60.0,Avoid,2026-06-22,,,,1
JUBLFOOD.NS,2026-06-20,3.77,-0.785,4.0,5.27,3.48,4.44,4.5,6,-0.2438,-0.0775,-0.0404,-0.3806,-1.228,42.24,29.62,-1.27,0,39.88,22.8,73.51,16.89,,2.65,-0.605,6.0,Avoid,2026-06-22,,,,1
POWERGRID.NS,2026-06-20,4.57,-0.031,2.0,5.49,5.15,4.13,5.22,6,0.1319,-0.015,-0.007,0.0459,0.202,19.64,11.65,-0.7,0,50.23,25.37,14.53,16.49,,150.99,-0.39,38.0,Caution,2026-06-22,,,,2
TMCV.NS,2026-06-20,4.72,0.246,2.5,5.1,5.27,4.17,5.06,6,0.051,-0.0254,0.0619,,,46.82,23.7,0.14,0,58.66,26.54,48.8,26.05,,44.09,0.858,27.3,Caution,2026-06-22,,,,2
MOTHERSON.NS,2026-06-20,7.47,0.738,6.0,6.51,8.02,6.62,7.1,7,0.2211,0.3064,0.0687,0.4556,1.276,41.65,17.92,1.33,0,59.47,41.33,39.87,10.11,,43.91,0.107,65.3,Strong Buy,2026-06-22,,,,5
APOLLOHOSP.NS,2026-06-20,6.5,0.677,4.0,6.75,7.16,5.81,6.8,7,0.2282,0.1706,0.0152,0.2148,1.035,19.04,7.47,1.46,0,63.56,14.63,62.89,21.5,,85.15,0.545,58.7,Hold,2026-06-22,,,,3
ICICIGI.NS,2026-06-20,5.4,0.0,4.0,6.0,5.7,5.2,5.8,5,-0.0358,0.0475,0.0279,-0.0174,-0.075,24.56,12.85,1.72,0,62.88,14.51,33.9,17.85,,0.06,-0.115,22.0,Caution,2026-06-22,,,,2
RADICO.NS,2026-06-20,7.47,0.923,5.5,6.64,8.15,6.52,7.2,7,0.1893,0.453,0.0584,0.4426,1.305,33.44,14.27,1.45,-1,72.52,32.3,83.33,0.0,,20.94,1.19,70.7,Strong Buy,2026-06-22,,,,5
LUPIN.NS,2026-06-20,7.41,0.338,7.5,7.04,7.43,7.29,7.21,9,0.1129,0.0445,0.0306,0.2172,0.858,21.16,13.63,1.2,0,63.1,9.66,20.2,26.91,,29.39,0.662,40.0,Strong Buy,2026-06-22,,,,5
COALINDIA.NS,2026-06-20,6.55,0.0,7.5,7.29,6.18,7.14,6.85,9,0.1885,-0.0064,-0.0115,0.2344,0.994,23.63,15.31,-0.46,0,44.7,13.1,8.94,28.12,,11.63,-0.12,43.3,Buy,2026-06-22,,,,4
SWSOLAR.NS,2026-06-20,5.52,0.477,4.5,3.52,6.1,4.4,4.59,4,0.151,0.3911,0.189,-0.2736,-0.574,51.69,22.33,2.08,-1,72.83,16.71,-17.76,-35.95,,182.95,-1.067,67.3,Hold,2026-06-22,,,,3
CARBORUNIV.NS,2026-06-20,6.14,1.0,2.0,5.82,7.34,4.71,6.28,7,0.4428,0.6593,0.1749,0.3288,1.033,38.87,13.9,2.58,-1,79.35,44.85,120.44,4.37,,10.29,-0.734,88.7,Hold,2026-06-22,,,,3
ITBEES.NS,2026-06-20,3.79,-0.892,5.0,5.0,3.27,4.65,4.31,0,,,,,,,,0.0,0,37.5,12.83,,,,,-0.737,5.3,Avoid,2026-06-22,,,,1
UPL.NS,2026-06-20,4.15,-0.846,5.5,6.37,3.44,5.46,5.16,7,-0.1844,-0.0051,-0.0369,-0.0493,-0.166,32.15,20.31,-1.22,0,39.68,19.7,27.24,5.61,,57.13,-0.046,9.3,Avoid,2026-06-22,,,,1
MPHASIS.NS,2026-06-20,4.05,-0.554,3.0,5.76,4.08,4.41,4.98,6,-0.2086,0.1075,0.0203,-0.1413,-0.452,32.71,18.74,0.04,0,47.59,13.77,23.26,18.29,,24.38,-0.241,13.3,Avoid,2026-06-22,,,,1
DLF.NS,2026-06-20,3.84,-0.092,1.5,4.14,4.44,3.22,4.15,7,-0.0858,0.1517,0.0644,-0.2612,-0.836,34.04,16.91,1.51,0,60.2,19.81,34.97,10.03,,0.67,-0.668,24.7,Avoid,2026-06-22,,,,1
SHRIRAMFIN.NS,2026-06-20,6.49,0.662,6.5,4.66,6.76,5.76,5.58,5,0.1593,0.0549,0.0647,0.5226,1.445,44.24,21.31,0.91,0,61.42,19.51,18.83,16.38,,274.99,0.824,46.7,Hold,2026-06-22,,,,3
GMRAIRPORT.NS,2026-06-20,5.87,0.708,2.5,5.08,6.92,4.5,5.72,6,0.0781,0.2304,0.1354,0.315,1.04,34.49,16.96,2.29,-1,66.09,22.33,837.15,0.0,,,-0.033,54.0,Hold,2026-06-22,,,,3
NESTLEIND.NS,2026-06-20,6.55,0.215,5.5,6.92,6.78,6.37,6.81,8,0.1521,0.1926,-0.0058,0.2095,1.085,23.43,10.35,0.44,0,52.96,17.22,78.12,76.34,,8.62,0.026,52.7,Buy,2026-06-22,,,,4
SBC.NS,2026-06-20,6.33,0.877,4.5,4.83,7.06,5.16,5.71,3,0.5452,0.3768,0.1304,1.9196,5.484,35.62,15.11,3.05,-1,81.01,18.83,82.25,37.22,,283.23,1.247,85.3,Hold,2026-06-22,,,,3
ATGL.NS,2026-06-20,5.3,0.431,4.0,4.57,5.78,4.6,5.03,7,0.2444,0.3082,0.1145,0.1248,0.269,51.41,21.66,1.07,0,55.13,35.94,122.03,14.46,,58.65,-0.389,70.0,Caution,2026-06-22,,,,2
DIVISLAB.NS,2026-06-20,6.11,0.769,2.5,6.47,7.06,5.12,6.55,9,0.0643,0.0982,-0.0209,0.0129,0.051,19.31,9.5,0.81,0,55.01,20.92,69.93,16.19,,0.04,0.676,36.0,Hold,2026-06-22,,,,3
FEDERALBNK.NS,2026-06-20,7.65,0.862,7.0,5.86,8.1,6.73,6.8,5,0.2289,0.2183,0.128,0.5916,2.329,24.61,11.91,2.24,-1,73.73,33.02,18.52,11.73,,,1.223,64.0,Strong Buy,2026-06-22,,,,5
BHARTIARTL.NS,2026-06-21,5.0,-0.031,4.0,5.7,5.12,5.08,5.57,6,-0.0935,0.0459,0.0211,0.0388,0.185,23.26,13.66,1.79,0,64.1,18.2,43.02,19.36,18.0,99.72,0.559,17.3,Caution,2026-06-22,,,,2
RELIANCE.NS,2026-06-21,3.09,-0.692,2.0,5.62,3.09,3.75,4.66,6,-0.1482,-0.05,-0.0288,-0.0771,-0.368,25.23,15.84,-0.78,0,46.8,20.09,21.96,9.14,10.0,36.65,-0.537,10.0,Avoid,2026-06-22,,,,1
INFY.NS,2026-06-21,4.37,-0.877,7.0,4.83,3.41,5.36,3.92,8,-0.3295,-0.1201,-0.0854,-0.335,-1.262,35.38,23.76,-1.98,0,33.21,15.45,13.89,31.44,40.0,9.83,-0.777,2.0,Avoid,2026-06-22,,,,1
TCS.NS,2026-06-21,5.6,-0.769,7.5,6.43,4.58,7.32,6.63,9,-0.3185,-0.0858,-0.0706,-0.3717,-1.594,33.16,23.49,-1.75,0,37.21,15.22,15.71,48.4,63.0,10.39,-1.256,2.7,Hold,2026-06-22,,,,3
PARAS.NS,2026-06-21,7.7,0.985,6.0,5.49,8.15,6.8,6.9,8,1.2408,1.2347,0.7348,0.7303,1.151,67.65,24.15,3.48,-1,85.16,41.57,127.03,13.14,17.0,3.73,-0.123,98.7,Buy,2026-06-22,,,,4
MTARTECH.NS,2026-06-21,8.4,1.0,6.0,6.28,8.85,7.8,8.3,8,2.6105,1.3979,0.037,3.9495,7.908,83.2,38.57,1.43,-1,62.63,25.96,270.57,12.12,15.0,45.78,2.143,99.3,Strong Buy,2026-06-22,,,,5
NIACL.NS,2026-06-21,6.81,0.692,6.5,4.93,7.18,5.75,5.39,5,0.2471,0.556,0.2288,0.1155,0.258,63.68,17.58,2.85,-1,80.99,26.02,23.41,3.42,4.0,,-0.303,75.3,Hold,2026-06-22,,,,3
HDFCBANK.NS,2026-06-21,3.19,-0.108,2.5,4.62,3.48,2.7,2.89,5,-0.1944,-0.0069,0.0338,-0.1673,-0.859,27.85,14.23,0.94,0,61.21,20.8,17.42,13.82,7.04,,-0.414,10.7,Avoid,2026-06-22,,,,1
LENSKART.NS,2026-06-21,4.98,0.215,3.0,5.7,5.51,4.61,5.67,7,0.2663,0.0206,-0.0039,,,28.6,14.56,0.13,0,54.69,13.3,174.66,6.65,8.0,34.98,1.075,54.7,Caution,2026-06-22,,,,2
GROWW.NS,2026-06-21,6.86,0.092,10.0,5.35,6.41,6.95,5.74,7,0.3985,0.2618,0.0643,,,49.85,25.71,0.38,0,55.36,18.88,58.54,28.72,37.0,3.03,1.713,73.3,Hold,2026-06-22,,,,3
TATACAP.NS,2026-06-21,4.99,0.292,5.0,4.25,5.36,4.0,3.74,5,0.1243,0.1717,0.2239,,,32.32,13.78,3.23,-1,77.92,27.53,32.28,12.01,8.58,502.06,0.364,57.3,Caution,2026-06-22,,,,2
IFCI.NS,2026-06-21,6.17,1.0,5.5,4.3,6.78,4.65,4.35,5,0.8202,0.5817,0.4114,0.4135,0.728,71.76,30.82,2.04,-1,62.01,41.12,124.57,5.03,5.03,,0.189,94.0,Hold,2026-06-22,,,,3
SILVERBEES.NS,2026-06-21,4.65,-0.2,5.0,5.0,4.5,4.9,4.8,0,,,,,,,,0.0,0,37.22,15.77,,,,,1.194,34.0,Caution,2026-06-22,,,,2
ICICIAMC.NS,2026-06-21,7.19,0.138,7.0,6.04,7.0,7.37,7.04,8,,0.2207,0.0658,,,36.29,17.38,1.23,0,62.33,19.39,52.71,85.8,115.0,4.07,2.042,48.7,Buy,2026-06-22,,,,4
AMBER.NS,2026-06-21,4.41,0.262,2.0,4.84,5.28,3.33,4.41,7,0.1988,0.1815,0.072,0.2082,0.426,52.69,35.46,0.47,0,55.11,11.01,155.87,5.58,10.0,46.57,0.706,58.0,Avoid,2026-06-22,,,,1
TARIL.NS,2026-06-21,5.59,0.492,6.5,4.48,5.66,4.8,3.94,5,0.2645,0.3035,0.1512,-0.2728,-0.482,53.64,27.57,2.32,-1,68.87,14.81,40.62,19.33,23.0,29.59,-0.178,71.3,Hold,2026-06-22,,,,3
LGEINDIA.NS,2026-06-21,5.67,0.185,5.0,5.55,5.81,5.59,5.88,7,0.0625,0.0794,0.1055,,,32.61,21.17,1.89,0,69.09,12.04,67.52,24.72,32.0,5.99,-0.363,40.7,Hold,2026-06-22,,,,3
BAJFINANCE.NS,2026-06-21,5.12,0.2,5.5,4.42,5.28,4.35,3.75,5,-0.0378,0.1557,0.0494,0.042,0.153,34.45,17.98,1.36,0,63.14,17.65,31.65,17.91,10.8,313.41,0.353,31.3,Caution,2026-06-22,,,,2
MEESHO.NS,2026-06-21,3.02,-0.662,3.5,4.3,2.82,3.12,2.69,3,-0.1977,0.2039,-0.1279,,,57.32,24.81,-0.1,0,48.3,17.51,-55.81,-46.56,-36.0,1.43,-0.04,14.7,Avoid,2026-06-22,,,,1
NETWEB.NS,2026-06-21,8.35,1.0,7.0,5.98,8.65,7.7,7.7,6,0.5795,0.5571,0.3141,1.8558,3.302,59.59,27.02,1.99,-1,66.05,27.71,139.08,32.83,38.0,39.02,0.571,90.7,Strong Buy,2026-06-22,,,,5
ICICIBANK.NS,2026-06-21,5.35,0.431,3.0,5.29,6.2,4.32,5.38,6,-0.0044,0.0771,0.065,-0.0466,-0.251,23.44,11.1,1.43,0,66.42,24.06,18.04,16.36,7.2,,0.16,29.3,Caution,2026-06-22,,,,2
HCLTECH.NS,2026-06-21,3.65,-0.785,7.5,4.44,2.61,4.56,2.77,6,-0.2981,-0.1208,-0.0277,-0.3177,-1.224,34.97,27.18,-0.98,0,41.69,17.98,18.52,23.36,31.0,6.93,-0.563,3.3,Avoid,2026-06-22,,,,1
COFORGE.NS,2026-06-21,7.1,-0.169,9.5,5.79,6.45,7.82,6.88,8,-0.2049,0.3397,0.0549,-0.1994,-0.537,47.24,23.6,1.4,0,59.04,20.63,33.44,18.6,24.0,7.52,0.301,24.0,Buy,2026-06-22,,,,4
ADANIENT.NS,2026-06-21,4.78,1.0,2.5,4.09,5.9,2.75,3.3,4,0.3616,0.5695,0.1187,0.2215,0.589,38.71,14.06,1.32,-1,69.28,47.51,41.21,13.66,6.0,119.56,-0.265,80.7,Caution,2026-06-22,,,,2
TEJASNET.NS,2026-06-21,4.47,1.0,1.5,3.34,5.75,2.35,3.2,3,0.3976,0.4628,0.3507,-0.0904,-0.167,62.26,27.91,2.36,-1,71.29,44.69,-12.31,-26.82,-15.0,142.52,-0.743,84.7,Avoid,2026-06-22,,,,1
ADANIPOWER.NS,2026-06-21,7.89,0.538,7.5,6.09,8.0,7.57,7.44,7,0.6207,0.5347,0.0567,1.076,2.455,39.44,18.32,0.79,0,56.44,18.46,34.95,20.91,17.0,82.33,0.436,89.3,Buy,2026-06-22,,,,4
MARUTI.NS,2026-06-21,6.76,-0.108,7.0,5.92,6.38,7.25,6.79,6,-0.1831,0.0632,0.0314,0.075,0.332,25.56,13.81,0.6,0,53.08,15.14,28.71,14.43,19.0,0.1,-0.034,14.0,Hold,2026-06-22,,,,3
M&M.NS,2026-06-21,4.9,-0.569,7.0,5.41,4.03,5.92,4.73,5,-0.1489,0.0097,-0.0021,0.0307,0.106,31.18,15.82,-0.4,0,49.18,15.49,20.23,18.75,15.0,125.07,-0.114,12.0,Caution,2026-06-22,,,,2
HSCL.NS,2026-06-21,9.15,0.969,8.5,6.21,9.22,8.8,8.55,8,0.4446,0.4848,0.1429,0.4675,1.216,41.13,21.42,1.2,-1,58.52,33.44,44.74,17.7,22.0,16.14,0.694,82.7,Strong Buy,2026-06-22,,,,5
SBIN.NS,2026-06-21,6.13,0.646,5.0,4.92,6.77,4.92,5.15,4,0.0798,0.0046,0.0905,0.33,1.469,29.18,20.2,0.51,0,63.97,17.32,11.36,15.48,6.13,,0.264,37.3,Hold,2026-06-22,,,,3
BHEL.NS,2026-06-21,8.27,0.723,6.0,6.36,8.66,7.76,8.22,8,0.4913,0.6459,0.0142,0.6454,1.743,39.43,19.08,1.0,0,62.36,25.68,90.65,6.29,9.0,31.31,0.325,87.3,Buy,2026-06-22,,,,4
SUZLON.NS,2026-06-21,7.64,0.738,8.5,4.91,7.67,6.77,5.69,7,0.1398,0.4407,0.1014,-0.0825,-0.208,40.04,17.62,1.3,0,64.59,16.56,25.67,40.64,35.0,5.87,0.092,66.0,Buy,2026-06-22,,,,4
ZEEL.NS,2026-06-21,5.97,0.785,3.0,5.19,7.09,4.49,5.73,6,0.2243,0.5331,0.3803,-0.1565,-0.359,59.85,24.91,1.97,-1,65.65,36.78,40.28,2.33,3.0,2.26,-0.452,76.0,Hold,2026-06-22,,,,3
BSE.NS,2026-06-21,7.91,0.292,10.0,6.15,7.61,8.05,7.34,8,0.5283,0.3887,-0.0414,0.5089,0.965,38.76,18.48,0.69,0,51.89,24.2,66.75,36.0,58.0,0.0,2.025,80.0,Buy,2026-06-22,,,,4
ADANIPORTS.NS,2026-06-21,6.03,0.615,3.0,5.68,7.01,4.91,6.27,7,0.24,0.3592,0.0314,0.3237,1.077,28.84,12.44,1.05,0,61.18,20.17,31.57,15.59,14.0,64.05,0.224,68.0,Hold,2026-06-22,,,,3
NELCO.NS,2026-06-21,4.91,0.677,2.5,4.62,5.94,3.19,3.88,6,0.2829,0.6044,0.4162,-0.1387,-0.27,58.2,20.62,3.92,-1,86.79,34.33,664.18,2.59,7.0,56.54,0.048,84.0,Caution,2026-06-22,,,,2
TECHM.NS,2026-06-21,5.39,-0.892,7.0,6.48,4.27,7.25,6.51,8,-0.1075,0.0515,-0.0089,-0.1561,-0.591,33.39,20.48,-0.93,0,42.3,12.43,26.12,16.61,23.0,7.27,-0.097,16.7,Caution,2026-06-22,,,,2
PINELABS.NS,2026-06-21,2.84,-0.508,2.5,4.62,2.98,2.6,2.69,7,-0.324,-0.0948,0.0663,,,54.03,34.26,-0.68,0,48.42,15.95,149.71,2.39,4.0,7.47,-1.367,4.7,Avoid,2026-06-22,,,,1
TRENT.NS,2026-06-21,6.82,0.123,7.0,5.47,6.61,6.86,6.32,7,-0.2063,0.3831,0.1209,-0.4294,-0.971,38.32,15.02,2.38,-1,75.26,19.39,98.94,27.13,28.0,36.03,-0.662,30.7,Hold,2026-06-22,,,,3
ETERNAL.NS,2026-06-21,5.32,0.185,5.0,5.38,5.46,5.09,5.18,7,-0.0708,0.1555,0.0924,0.069,0.178,34.62,17.11,1.95,0,62.24,13.52,659.62,1.19,3.0,14.83,0.235,26.7,Caution,2026-06-22,,,,2
DATAPATTNS.NS,2026-06-21,7.05,0.985,5.5,5.41,7.65,5.9,6.1,8,0.9541,0.4808,0.2147,0.6126,1.193,54.77,23.2,2.0,-1,66.29,23.67,98.93,16.73,23.0,0.3,0.411,93.3,Hold,2026-06-22,,,,3
BAJAJ-AUTO.NS,2026-06-21,7.72,0.185,9.5,6.12,7.34,7.99,7.23,8,0.1476,0.151,-0.0324,0.2321,0.906,23.57,9.83,0.37,0,46.71,17.2,26.21,28.05,28.0,56.29,-0.098,49.3,Buy,2026-06-22,,,,4
PERSISTENT.NS,2026-06-21,5.39,-0.892,8.0,5.79,4.42,6.85,6.01,7,-0.2286,0.0491,-0.0284,-0.1992,-0.562,37.41,24.35,-1.0,0,42.29,12.04,40.72,26.35,34.0,6.09,0.181,8.7,Caution,2026-06-22,,,,2
MCX.NS,2026-06-21,7.84,-0.246,10.0,6.6,7.13,9.03,8.55,8,0.3984,0.108,-0.1425,0.7756,2.005,35.41,20.3,-0.36,0,40.27,28.89,53.78,37.88,71.0,0.11,2.22,63.3,Buy,2026-06-22,,,,4
KOTAKBANK.NS,2026-06-21,3.76,-0.108,1.5,4.93,4.36,3.15,4.04,5,-0.0814,0.0845,0.0393,-0.0647,-0.295,23.13,12.97,1.62,0,59.3,20.28,20.59,11.39,6.93,,0.028,19.3,Avoid,2026-06-22,,,,1
GVT&D.NS,2026-06-21,9.65,0.985,10.0,6.94,9.71,9.54,9.58,8,0.8629,0.471,0.141,1.4103,3.21,47.92,24.63,2.24,-1,67.69,23.64,113.94,55.26,76.0,0.89,1.92,92.0,Strong Buy,2026-06-22,,,,5
NTPC.NS,2026-06-21,5.59,-0.092,4.5,5.9,5.82,5.65,6.41,5,0.1473,-0.0221,-0.0588,0.1201,0.535,20.31,12.36,-0.98,0,45.87,32.66,12.02,13.69,8.0,118.13,-0.16,34.7,Hold,2026-06-22,,,,3
WIPRO.NS,2026-06-21,3.92,-0.846,4.5,5.78,3.58,4.78,4.95,7,-0.2898,-0.0404,-0.1098,-0.2807,-1.022,29.35,21.04,-1.77,0,35.92,23.12,14.36,15.44,18.0,22.85,-0.671,4.0,Avoid,2026-06-22,,,,1
DIXON.NS,2026-06-21,4.36,0.108,4.5,4.68,4.74,3.5,3.46,6,-0.057,0.2279,0.0678,-0.1208,-0.298,42.98,19.85,2.1,-1,64.36,18.94,46.71,37.13,42.0,18.46,-0.032,33.3,Avoid,2026-06-22,,,,1
REDINGTON.NS,2026-06-21,5.7,0.6,5.0,4.97,6.15,4.8,4.9,5,0.0262,0.2797,0.2701,-0.0284,-0.06,39.54,19.82,3.78,-1,75.97,34.62,14.73,13.09,17.0,27.26,0.232,55.3,Hold,2026-06-22,,,,3
AXISBANK.NS,2026-06-21,4.37,0.738,1.5,4.34,5.45,2.72,3.64,5,0.1088,0.125,0.0564,0.1185,0.511,27.35,13.09,1.24,0,64.58,19.19,16.1,13.15,6.24,,-0.049,44.0,Avoid,2026-06-22,,,,1
TATASTEEL.NS,2026-06-21,7.56,-0.154,7.0,7.01,7.14,8.47,8.5,7,0.1921,0.0659,-0.0293,0.3307,1.191,22.09,12.66,-0.64,0,44.75,17.15,23.04,11.16,13.0,89.02,0.076,47.3,Buy,2026-06-22,,,,4
IDEA.NS,2026-06-21,6.45,0.938,3.5,5.47,7.35,5.1,5.9,5,0.3405,0.6689,0.0867,1.2606,2.366,39.26,14.18,1.33,-1,66.19,42.14,4.64,-1.6,-2.0,,-0.238,82.0,Hold,2026-06-22,,,,3
OLECTRA.NS,2026-06-21,6.67,0.938,8.0,4.32,6.92,5.42,4.49,6,0.3089,0.5191,0.2588,0.2971,0.65,48.81,23.88,2.93,-1,73.01,23.77,70.77,21.0,21.0,30.84,-0.307,78.0,Hold,2026-06-22,,,,3
INDUSINDBK.NS,2026-06-21,6.35,0.815,2.5,5.49,7.47,5.0,6.45,5,0.1362,0.1607,0.041,0.1709,0.468,34.94,18.43,1.29,0,60.77,18.68,83.02,1.36,5.68,,-0.755,51.3,Hold,2026-06-22,,,,3
DMART.NS,2026-06-21,6.75,0.569,4.5,5.98,7.47,5.98,7.07,8,0.1204,0.1257,0.0413,0.0561,0.203,30.9,13.54,0.02,0,58.68,25.77,94.58,12.94,17.0,9.91,-0.484,44.7,Hold,2026-06-22,,,,3
HINDALCO.NS,2026-06-21,4.97,-0.246,4.5,6.01,4.93,5.48,6.05,5,0.1899,0.1259,-0.0894,0.5855,2.033,29.69,15.9,-0.35,0,39.6,25.67,16.85,10.29,14.0,72.6,0.629,50.7,Caution,2026-06-22,,,,2
WAAREEENER.NS,2026-06-21,7.83,0.246,9.0,5.81,7.49,8.02,7.3,6,0.0857,-0.0097,0.0427,0.1207,0.242,31.99,24.54,-0.24,0,55.8,12.34,24.28,31.57,39.0,21.4,0.263,32.0,Buy,2026-06-22,,,,4
LT.NS,2026-06-21,6.64,0.738,5.0,5.16,7.35,5.47,5.94,5,0.0463,0.2376,0.072,0.1734,0.692,30.62,11.57,1.65,0,66.3,17.65,35.98,16.95,15.0,97.64,0.135,46.0,Hold,2026-06-22,,,,3
AEQUS.NS,2026-06-21,5.48,0.446,3.5,4.87,6.12,4.42,4.85,5,0.3988,0.7998,0.0454,,,76.97,31.36,1.47,-1,67.1,23.49,-118.79,-10.29,2.0,47.18,1.662,88.0,Caution,2026-06-22,,,,2
RBA.NS,2026-06-21,4.6,0.369,2.0,5.17,5.4,3.78,5.02,4,0.1515,0.1944,0.0882,-0.0539,-0.17,20.69,8.8,2.26,-1,80.02,23.69,-23.09,-25.79,0.0,285.66,-0.759,56.0,Avoid,2026-06-22,,,,1
CUPID.NS,2026-06-21,8.7,1.0,7.5,6.51,9.0,8.2,8.4,8,1.0613,1.2452,0.4705,8.5881,17.656,43.83,22.85,2.37,-1,90.16,34.61,221.25,27.3,33.0,12.51,4.223,97.3,Strong Buy,2026-06-22,,,,5
WABAG.NS,2026-06-21,8.02,0.985,6.0,5.93,8.46,7.29,7.58,7,0.5303,0.6518,0.3858,0.2863,0.675,43.97,19.87,3.47,-1,83.31,28.15,28.91,15.67,21.0,8.87,0.611,91.3,Buy,2026-06-22,,,,4
JIOFIN.NS,2026-06-21,3.04,-0.246,3.5,3.46,3.01,2.73,2.2,5,-0.1661,0.0209,0.0263,-0.1552,-0.517,31.8,17.79,0.73,0,57.68,18.16,101.06,1.21,2.0,16.29,-0.8,12.7,Avoid,2026-06-22,,,,1
HFCL.NS,2026-06-21,5.7,1.0,2.0,5.21,6.97,4.1,5.65,5,2.2483,1.9656,0.4143,1.5627,3.27,60.72,24.03,1.78,-1,73.5,54.27,97.95,7.27,11.0,38.32,0.471,100.0,Hold,2026-06-22,,,,3
INDIGO.NS,2026-06-21,4.23,0.462,1.0,4.65,5.25,2.68,3.56,5,0.0095,0.1516,0.1313,-0.0655,-0.214,43.95,21.77,2.53,-1,70.96,18.74,-81.31,7.12,7.0,866.46,0.088,41.3,Avoid,2026-06-22,,,,1
LICI.NS,2026-06-21,7.88,0.477,10.0,5.66,7.72,7.64,6.83,6,0.0423,0.1491,0.0828,-0.0586,-0.227,30.17,14.77,2.63,-1,70.1,19.94,9.72,42.36,35.0,,-0.516,42.0,Buy,2026-06-22,,,,4
VBL.NS,2026-06-21,7.56,0.492,5.5,6.33,7.93,7.25,7.89,7,0.127,0.3114,-0.0184,0.1293,0.392,31.64,11.94,0.78,0,54.01,19.0,56.2,19.7,20.0,12.71,-0.485,56.7,Buy,2026-06-22,,,,4
EICHERMOT.NS,2026-06-21,8.21,0.692,6.5,6.29,8.58,7.75,8.19,8,0.0668,0.1204,0.0902,0.4435,1.711,33.75,16.18,1.97,0,64.61,16.4,38.07,23.77,31.0,2.05,0.781,42.7,Buy,2026-06-22,,,,4
GOLDBEES.NS,2026-06-21,5.0,-0.2,5.0,5.0,5.0,5.0,5.0,0,,,,,,,,0.0,0,36.24,21.13,,,,,1.391,26.0,Caution,2026-06-22,,,,2
SOLARINDS.NS,2026-06-21,8.67,0.723,9.5,5.99,8.68,8.26,7.77,8,0.5147,0.3718,-0.0044,0.062,0.181,33.74,18.33,1.0,0,57.69,29.48,97.13,31.33,37.0,23.27,0.86,79.3,Strong Buy,2026-06-22,,,,5
PANAMAPET.NS,2026-06-21,8.8,1.0,9.0,5.92,8.88,8.3,7.85,6,0.7692,0.7692,0.4205,0.3477,0.864,67.84,28.06,3.74,-1,80.88,52.57,13.95,15.6,19.0,7.55,0.109,95.3,Strong Buy,2026-06-22,,,,5
POONAWALLA.NS,2026-06-21,5.05,0.185,6.0,3.5,5.04,4.24,3.13,5,-0.0343,0.0661,0.0674,0.0138,0.035,33.96,18.55,1.0,0,64.1,21.22,63.51,5.85,7.5,470.36,-0.159,25.3,Caution,2026-06-22,,,,2
BDL.NS,2026-06-21,4.5,0.185,3.5,4.41,4.94,3.54,3.53,8,0.0408,0.0919,0.0464,-0.2756,-0.637,41.34,21.29,0.85,0,65.91,22.62,118.89,10.19,14.0,0.01,-0.288,35.3,Avoid,2026-06-22,,,,1
POLYCAB.NS,2026-06-21,8.92,1.0,6.0,6.55,9.38,8.55,9.35,8,0.431,0.411,0.0936,0.6863,2.036,30.12,12.16,1.57,-1,73.58,27.99,57.27,24.58,33.0,2.56,0.435,76.7,Strong Buy,2026-06-22,,,,5
BEL.NS,2026-06-21,7.81,0.292,7.5,6.15,7.73,7.95,7.89,8,0.1118,-0.0091,0.0248,0.0696,0.239,22.63,12.16,0.07,0,58.18,28.66,51.57,27.56,37.0,0.27,0.415,36.7,Buy,2026-06-22,,,,4
OLAELEC.NS,2026-06-21,3.67,0.538,1.0,3.06,4.6,2.12,2.74,2,0.2842,0.7994,0.1733,-0.0916,-0.139,77.6,29.22,0.89,0,53.36,34.82,-10.16,-43.16,-20.0,82.45,-0.619,86.0,Avoid,2026-06-22,,,,1
ULTRACEMCO.NS,2026-06-21,5.85,-0.631,7.0,6.19,4.92,7.38,6.77,7,-0.015,0.0511,-0.0175,0.0049,0.021,26.96,12.18,-0.25,0,51.24,18.23,41.01,10.59,13.0,29.43,-0.18,22.7,Hold,2026-06-22,,,,3
VEDL.NS,2026-06-21,4.72,-0.877,7.5,5.74,3.61,6.26,5.12,9,-0.4633,-0.5404,-0.0883,-0.2982,-0.523,140.13,132.72,-0.85,1,32.18,34.11,16.77,20.4,16.0,48.04,-0.33,0.7,Caution,2026-06-22,,,,2
ADANIGREEN.NS,2026-06-21,6.47,1.0,6.0,4.53,6.92,5.05,4.45,5,0.4719,0.7574,0.1028,0.537,1.11,45.4,17.32,1.08,-1,60.45,39.49,156.55,7.58,7.0,346.55,-0.31,90.0,Hold,2026-06-22,,,,3
APOLLO.NS,2026-06-21,7.35,1.0,6.5,5.11,7.8,6.3,6.2,6,0.9376,1.2058,0.22,1.1564,1.985,73.28,27.12,1.4,-1,62.95,40.57,137.15,11.21,14.0,41.53,1.606,96.7,Buy,2026-06-22,,,,4
PIRAMALFIN.NS,2026-06-21,4.75,0.185,5.5,4.73,4.74,4.24,3.53,5,0.4293,0.1984,0.105,,,40.62,16.31,2.44,-1,71.47,15.18,32.53,5.45,6.0,285.78,3.309,74.7,Caution,2026-06-22,,,,2
SAMMAANCAP.NS,2026-06-21,3.77,0.4,2.0,3.1,4.75,2.15,2.8,1,0.1977,0.2758,0.0814,0.3882,0.878,42.09,17.65,1.21,0,55.63,31.78,-1.99,-35.01,4.92,273.03,-0.127,61.3,Avoid,2026-06-22,,,,1
TMPV.NS,2026-06-21,3.12,-0.646,3.0,5.18,3.01,3.68,4.1,7,0.0466,0.1719,-0.0024,-0.4628,-1.094,40.29,22.6,0.21,0,43.0,21.65,20.8,-1.12,3.0,70.36,-1.08,38.7,Avoid,2026-06-22,,,,1
POWERINDIA.NS,2026-06-21,9.27,0.569,8.5,6.56,9.17,9.43,9.37,8,0.9258,0.4961,0.0373,0.9776,1.96,40.71,21.62,1.18,0,61.01,20.71,166.03,21.04,29.0,1.66,1.501,92.7,Strong Buy,2026-06-22,,,,5
BERGEPAINT.NS,2026-06-21,8.16,0.492,7.5,6.22,8.23,8.05,8.09,8,0.0219,0.345,0.0989,-0.0122,-0.047,37.85,17.02,1.95,-1,66.94,20.07,57.68,17.23,22.0,9.16,-0.021,53.3,Buy,2026-06-22,,,,4
ABCAPITAL.NS,2026-06-21,5.53,0.831,5.0,3.92,6.28,3.75,3.55,4,0.0839,0.2037,0.0521,0.4735,1.447,39.79,18.22,1.55,0,61.51,16.85,26.2,11.18,8.72,491.75,0.596,50.0,Caution,2026-06-22,,,,2
CDSL.NS,2026-06-21,5.49,0.108,5.5,5.04,5.57,5.05,4.71,7,-0.0724,0.1475,0.138,-0.181,-0.445,35.67,17.56,1.95,0,72.86,21.41,62.87,23.91,32.0,0.11,0.253,30.0,Caution,2026-06-22,,,,2
JYOTICNC.NS,2026-06-21,4.61,0.108,5.5,3.89,4.69,3.8,2.96,7,-0.2114,-0.0067,0.1047,-0.3399,-0.719,54.74,37.63,0.45,0,64.98,28.17,49.99,18.22,21.0,42.61,-0.696,11.3,Avoid,2026-06-22,,,,1
TENNIND.NS,2026-06-21,6.94,-0.462,8.5,6.29,6.07,8.17,7.29,7,0.3176,0.0785,-0.0155,,,37.42,21.47,0.05,0,51.05,20.53,40.35,42.97,61.0,4.29,0.722,60.7,Hold,2026-06-22,,,,3
TITAN.NS,2026-06-21,7.62,0.785,7.0,5.37,7.91,6.69,6.28,6,0.131,0.0946,0.0834,0.3017,1.302,31.81,17.16,0.96,0,63.39,12.69,77.36,37.13,26.0,195.0,0.303,48.0,Buy,2026-06-22,,,,4
NYKAA.NS,2026-06-21,7.75,0.8,5.5,6.22,8.2,7.3,8.0,7,0.2334,0.2627,0.0904,0.5578,1.834,29.25,12.84,3.16,-1,74.19,21.16,432.0,14.34,17.0,82.41,0.847,64.7,Buy,2026-06-22,,,,4
ITC.NS,2026-06-21,5.55,-0.4,7.0,5.72,4.8,6.5,5.6,7,-0.2327,0.0083,-0.0041,-0.2651,-1.412,18.54,11.14,-0.03,0,55.15,20.5,17.81,29.34,39.0,3.29,-0.982,7.3,Hold,2026-06-22,,,,3
LIQUIDBEES.NS,2026-06-21,6.24,0.508,5.0,5.0,6.77,5.35,5.71,0,,,,,,,,0.0,0,53.23,93.65,,,,,-3.415,20.7,Hold,2026-06-22,,,,3
SUNPHARMA.NS,2026-06-21,9.22,0.8,7.0,6.88,9.53,8.95,9.45,9,0.032,0.0538,-0.0034,0.1249,0.625,24.72,13.71,0.8,0,59.31,13.77,38.5,14.72,21.0,5.52,0.263,28.0,Strong Buy,2026-06-22,,,,5
GARFIBRES.NS,2026-06-21,6.25,0.369,6.5,5.05,6.37,5.58,5.07,6,0.1842,0.3015,0.2736,-0.0684,-0.167,41.79,15.28,4.52,-1,81.65,24.41,39.57,15.31,22.0,3.16,-0.18,69.3,Hold,2026-06-22,,,,3
ADANIENSOL.NS,2026-06-21,5.65,0.938,2.5,4.94,6.78,4.0,5.05,5,0.542,0.4995,0.102,0.7758,1.687,45.46,19.68,0.94,0,56.68,25.06,81.48,9.66,10.0,194.5,0.35,86.7,Hold,2026-06-22,,,,3
GRSE.NS,2026-06-21,6.28,0.262,8.5,4.48,5.95,5.78,4.16,5,0.2555,0.2189,0.0387,-0.1121,-0.196,61.23,26.5,0.59,0,57.88,14.19,46.53,31.79,43.0,1.42,0.357,62.7,Hold,2026-06-22,,,,3
HDBFS.NS,2026-06-21,5.59,0.492,6.5,4.24,5.81,4.4,3.44,5,-0.0529,0.134,0.0996,,,38.05,15.65,1.8,0,67.68,22.76,23.33,13.94,9.79,480.24,-0.823,28.7,Hold,2026-06-22,,,,3
TATSILV.NS,2026-06-21,4.65,-0.2,5.0,5.0,4.5,4.9,4.8,0,,,,,,,,0.0,0,37.88,16.31,,,,,1.178,32.7,Caution,2026-06-22,,,,2
ITCHOTELS.NS,2026-06-21,3.21,-0.092,2.5,4.38,3.52,2.7,2.91,7,-0.1038,0.1267,0.1078,-0.1957,-0.576,35.01,15.89,2.51,-1,71.54,16.62,44.55,7.32,11.0,0.63,-0.189,23.3,Avoid,2026-06-22,,,,1
JBMA.NS,2026-06-21,4.77,0.738,3.5,3.94,5.47,3.22,3.19,3,0.3167,0.3249,0.1512,0.036,0.076,43.84,21.28,2.33,-1,66.89,21.65,78.68,15.99,15.0,190.28,-0.467,72.7,Caution,2026-06-22,,,,2
HAL.NS,2026-06-21,6.75,0.431,5.5,6.09,6.93,6.62,6.93,9,0.0512,0.1593,0.0091,-0.1164,-0.363,30.51,15.79,0.49,0,56.23,20.02,32.28,23.98,32.0,0.03,-0.453,39.3,Hold,2026-06-22,,,,3
CGPOWER.NS,2026-06-21,8.7,0.985,7.5,6.26,9.0,8.2,8.4,7,0.4407,0.4034,0.1132,0.3915,1.081,34.25,15.98,1.55,-1,66.94,23.9,124.84,19.56,27.0,1.44,0.372,78.7,Strong Buy,2026-06-22,,,,5
AUROPHARMA.NS,2026-06-21,6.92,0.369,3.5,6.68,7.35,7.03,8.42,8,0.2714,0.2006,0.0234,0.3126,1.135,25.3,15.19,1.22,0,60.19,16.57,24.84,9.93,13.0,21.31,0.167,62.0,Hold,2026-06-22,,,,3
RBLBANK.NS,2026-06-21,7.7,0.8,6.5,6.05,8.0,7.2,7.4,6,0.2758,0.297,0.1331,0.739,2.02,34.33,15.33,2.22,-1,70.15,22.41,26.96,5.81,5.81,,0.374,72.0,Buy,2026-06-22,,,,4
SAIL.NS,2026-06-21,6.66,-0.154,5.0,6.79,6.69,7.27,8.2,7,0.3829,0.1803,-0.1052,0.4365,1.199,41.4,16.5,-0.12,0,39.86,26.68,22.03,5.66,8.0,52.9,0.119,66.7,Hold,2026-06-22,,,,3
LTM.NS,2026-06-21,5.84,-0.892,9.0,5.89,4.64,7.45,6.16,7,-0.3788,-0.0749,-0.0309,-0.2929,-0.973,39.39,25.44,-1.52,0,39.95,13.39,22.72,21.29,30.0,9.58,-0.596,1.3,Hold,2026-06-22,,,,3
ASTRAMICRO.NS,2026-06-21,8.3,0.985,5.0,6.67,9.04,7.74,9.13,9,0.8883,0.8534,0.4334,0.5074,1.252,47.73,19.3,2.54,-1,81.44,40.95,83.75,15.99,20.0,21.88,0.616,96.0,Strong Buy,2026-06-22,,,,5
LLOYDSENGG.NS,2026-06-21,6.78,1.0,7.0,4.67,7.08,5.45,4.55,6,0.6025,1.1155,0.2518,0.5145,0.987,62.04,24.75,1.96,-1,69.88,33.82,58.39,16.82,17.0,6.45,0.123,94.7,Hold,2026-06-22,,,,3
BHARATFORG.NS,2026-06-21,6.35,0.8,2.5,5.49,7.47,5.0,6.45,6,0.4419,0.1921,0.0757,0.5536,1.801,30.04,13.42,1.66,0,65.86,12.65,90.65,11.6,13.0,76.47,0.123,74.0,Hold,2026-06-22,,,,3
BPCL.NS,2026-06-21,7.21,-0.108,8.5,6.25,6.46,8.25,7.44,7,-0.1442,0.072,0.0372,0.0443,0.152,36.36,15.24,0.72,0,53.97,16.29,5.07,28.47,26.0,54.33,-0.026,16.0,Buy,2026-06-22,,,,4
YESBANK.NS,2026-06-21,5.65,0.877,2.5,4.94,6.78,4.0,5.05,5,0.1786,0.3817,0.1619,0.2743,0.866,34.03,14.85,2.04,-1,72.67,30.15,22.7,7.09,5.98,,-0.1,68.7,Hold,2026-06-22,,,,3
MUTHOOTFIN.NS,2026-06-21,4.7,-0.385,8.0,4.28,4.11,4.86,3.37,5,-0.163,-0.0465,-0.0517,0.1916,0.575,39.32,21.18,-1.12,0,44.9,15.31,11.84,30.41,15.8,379.71,0.883,8.0,Caution,2026-06-22,,,,2
PAGEIND.NS,2026-06-21,7.97,0.785,7.0,6.12,8.11,7.59,7.48,8,0.0963,0.2652,0.0172,-0.1218,-0.503,26.43,13.73,1.47,0,63.63,30.5,58.52,52.5,64.0,18.42,-0.139,52.0,Buy,2026-06-22,,,,4
INDUSTOWER.NS,2026-06-21,5.67,-0.046,3.5,6.3,5.78,6.08,6.95,9,0.0098,-0.0362,-0.0483,0.0487,0.163,24.65,13.66,-0.78,0,40.61,16.27,15.16,19.81,19.0,53.29,0.154,18.7,Hold,2026-06-22,,,,3
ANGELONE.NS,2026-06-21,7.75,1.0,8.5,4.82,7.82,6.8,5.75,4,0.435,0.5329,0.0423,0.2508,0.525,48.56,17.78,1.24,0,62.63,22.43,35.93,15.53,15.0,129.31,0.255,81.3,Buy,2026-06-22,,,,4
HINDUNILVR.NS,2026-06-21,5.47,-0.677,6.5,6.54,4.66,6.96,6.62,8,-0.0356,0.0565,-0.0041,-0.0401,-0.203,24.61,12.86,-0.04,0,52.3,20.02,48.71,21.6,28.0,3.02,-0.536,20.0,Caution,2026-06-22,,,,2
KAYNES.NS,2026-06-21,2.26,-0.692,3.5,3.29,1.89,2.5,1.76,5,-0.2053,-0.088,-0.0206,-0.4236,-0.824,62.49,46.46,-0.81,1,47.76,23.41,60.15,9.57,13.0,19.17,-0.288,6.7,Avoid,2026-06-22,,,,1
ZENTEC.NS,2026-06-21,5.12,1.0,3.0,4.55,6.25,3.25,4.0,7,0.4646,0.4092,0.2535,0.026,0.054,46.11,24.63,2.5,-1,74.26,17.41,92.4,11.83,16.0,0.95,0.501,83.3,Caution,2026-06-22,,,,2
LAURUSLABS.NS,2026-06-21,8.03,1.0,4.5,7.07,8.92,7.35,9.05,7,0.4003,0.4968,0.0517,1.1429,3.456,27.96,11.75,1.25,-1,63.56,32.49,86.1,17.74,18.0,46.37,2.309,77.3,Buy,2026-06-22,,,,4
NATIONALUM.NS,2026-06-21,7.84,-0.246,9.5,6.62,7.13,9.03,8.55,8,0.3691,0.0023,-0.0812,1.1223,2.785,38.34,25.53,-1.29,0,41.54,26.65,11.25,29.42,40.0,0.28,1.082,59.3,Buy,2026-06-22,,,,4
TORNTPHARM.NS,2026-06-21,6.29,0.308,3.5,6.1,6.82,5.85,6.81,7,0.1852,0.0541,-0.0106,0.3754,1.7,22.79,13.18,0.77,0,50.37,16.06,69.36,16.99,15.0,85.45,0.861,45.3,Hold,2026-06-22,,,,3
TVSMOTOR.NS,2026-06-21,4.98,-0.554,6.0,5.34,4.42,5.62,4.85,5,-0.0506,0.0002,0.0074,0.244,0.901,31.24,17.23,-0.36,0,52.53,13.63,54.33,31.62,17.0,306.09,0.482,18.0,Caution,2026-06-22,,,,2
VIKRAMSOLR.NS,2026-06-21,4.16,-0.908,4.5,6.27,3.63,5.65,6.09,8,-0.1497,0.0644,0.003,,,40.27,23.7,-0.62,0,43.1,15.27,14.69,21.34,31.0,20.37,-1.267,15.3,Avoid,2026-06-22,,,,1
RPTECH.NS,2026-06-21,8.7,1.0,7.5,6.22,9.0,8.2,8.4,7,1.179,1.2039,0.3761,1.4792,3.507,55.01,19.71,2.91,-1,85.82,47.46,18.32,14.94,17.0,48.65,1.083,98.0,Strong Buy,2026-06-22,,,,5
BHARATCOAL.NS,2026-06-21,3.18,0.262,0.5,3.77,3.9,1.98,2.46,3,,0.2502,0.1721,,,53.15,28.48,2.15,-1,63.22,39.53,151.07,2.1,4.0,38.79,0.094,60.0,Avoid,2026-06-22,,,,1
GICRE.NS,2026-06-21,3.31,-0.538,3.0,5.01,3.43,3.33,3.71,7,0.0014,0.0218,-0.0334,-0.0014,-0.004,30.17,19.09,-1.39,0,44.54,16.84,6.72,10.69,17.0,,-0.155,21.3,Avoid,2026-06-22,,,,1
TMCV.NS,2026-06-21,4.78,0.246,4.0,5.1,5.12,4.22,4.45,6,0.051,-0.0254,0.0619,,,46.82,23.7,0.14,0,58.66,26.54,48.79,26.05,36.0,44.09,0.858,27.3,Caution,2026-06-22,,,,2
POWERGRID.NS,2026-06-21,4.9,-0.031,2.5,5.49,5.4,4.58,5.62,6,0.1319,-0.015,-0.007,0.0459,0.202,19.64,11.65,-0.7,0,50.23,25.37,14.55,16.49,10.0,150.99,-0.39,38.0,Caution,2026-06-22,,,,2
JUBLFOOD.NS,2026-06-21,3.68,-0.785,4.5,5.27,3.39,4.31,4.32,6,-0.2438,-0.0775,-0.0404,-0.3806,-1.228,42.24,29.62,-1.27,0,39.88,22.8,73.44,16.89,15.0,2.65,-0.605,6.0,Avoid,2026-06-22,,,,1
MOTHERSON.NS,2026-06-21,8.29,0.738,6.5,6.52,8.7,7.77,8.24,7,0.2211,0.3064,0.0687,0.4556,1.276,41.65,17.92,1.33,0,59.47,41.33,39.71,10.11,13.0,43.91,0.107,65.3,Buy,2026-06-22,,,,4
ICICIGI.NS,2026-06-21,6.65,0.0,6.0,6.0,6.5,6.9,6.8,5,-0.0358,0.0475,0.0279,-0.0174,-0.075,24.56,12.85,1.72,0,62.88,14.51,34.02,17.85,22.0,0.06,-0.115,22.0,Hold,2026-06-22,,,,3
APOLLOHOSP.NS,2026-06-21,7.46,0.677,4.5,6.75,8.12,7.19,8.73,7,0.2282,0.1706,0.0152,0.2148,1.035,19.04,7.47,1.46,0,63.56,14.63,62.87,21.5,18.0,85.15,0.545,58.7,Buy,2026-06-22,,,,4
RADICO.NS,2026-06-21,9.22,0.923,7.5,6.91,9.53,8.95,9.45,7,0.1893,0.453,0.0584,0.4426,1.305,33.44,14.27,1.45,-1,72.52,32.3,83.24,24.2,24.0,20.94,1.19,70.7,Strong Buy,2026-06-22,,,,5
LUPIN.NS,2026-06-21,8.87,0.338,9.0,7.04,8.6,9.32,9.14,9,0.1129,0.0445,0.0306,0.2172,0.858,21.16,13.63,1.2,0,63.1,9.66,20.21,26.91,30.0,29.39,0.662,40.0,Strong Buy,2026-06-22,,,,5
COALINDIA.NS,2026-06-21,7.92,0.0,9.5,7.29,7.25,9.05,8.6,9,0.1885,-0.0064,-0.0115,0.2344,0.994,23.63,15.31,-0.46,0,44.7,13.1,8.96,28.12,35.0,11.63,-0.12,43.3,Buy,2026-06-22,,,,4
SWSOLAR.NS,2026-06-21,5.56,0.477,6.0,4.01,5.77,4.39,3.43,4,0.151,0.3911,0.189,-0.2736,-0.574,51.69,22.33,2.08,-1,72.83,16.71,16.6,-35.95,27.0,182.95,-1.067,67.3,Hold,2026-06-22,,,,3
ITBEES.NS,2026-06-21,3.79,-0.892,5.0,5.0,3.27,4.65,4.31,0,,,,,,,,0.0,0,37.5,12.83,,,,,-0.737,5.3,Avoid,2026-06-22,,,,1
CARBORUNIV.NS,2026-06-21,6.4,1.0,2.0,5.82,7.67,5.1,7.05,7,0.4428,0.6593,0.1749,0.3288,1.033,38.87,13.9,2.58,-1,79.35,44.85,120.95,4.37,10.0,10.29,-0.734,88.7,Hold,2026-06-22,,,,3
UPL.NS,2026-06-21,5.22,-0.846,5.5,6.37,4.58,6.58,6.55,7,-0.1844,-0.0051,-0.0369,-0.0493,-0.166,32.15,20.31,-1.22,0,39.68,19.7,27.25,5.61,10.0,57.13,-0.046,9.3,Caution,2026-06-22,,,,2
MPHASIS.NS,2026-06-21,4.43,-0.554,4.5,5.76,4.32,4.92,5.25,6,-0.2086,0.1075,0.0203,-0.1413,-0.452,32.71,18.74,0.04,0,47.59,13.77,23.26,18.29,23.0,24.38,-0.241,13.3,Avoid,2026-06-22,,,,1
DLF.NS,2026-06-21,2.91,-0.092,2.0,4.14,3.52,1.9,2.31,7,-0.0858,0.1517,0.0644,-0.2612,-0.836,34.04,16.91,1.51,0,60.2,19.81,34.99,10.03,6.0,0.67,-0.668,24.7,Avoid,2026-06-22,,,,1
SHRIRAMFIN.NS,2026-06-21,6.23,0.662,6.5,4.66,6.58,4.98,4.31,5,0.1593,0.0549,0.0647,0.5226,1.445,44.24,21.31,0.91,0,61.42,19.51,18.82,16.38,11.5,274.99,0.824,46.7,Hold,2026-06-22,,,,3
GMRAIRPORT.NS,2026-06-21,5.94,0.708,3.5,5.08,6.77,4.55,5.11,6,0.0781,0.2304,0.1354,0.315,1.04,34.49,16.96,2.29,-1,66.09,22.33,834.62,11.6,12.0,,-0.033,54.0,Hold,2026-06-22,,,,3
NESTLEIND.NS,2026-06-21,8.2,0.215,7.5,6.87,8.06,8.66,8.87,8,0.1521,0.1926,-0.0058,0.2095,1.085,23.43,10.35,0.44,0,52.96,17.22,78.27,76.34,85.0,8.62,0.026,52.7,Buy,2026-06-22,,,,4
SBC.NS,2026-06-21,6.48,0.877,5.5,4.83,6.99,5.34,5.28,3,0.5452,0.3768,0.1304,1.9196,5.484,35.62,15.11,3.05,-1,81.01,18.83,83.02,37.22,18.0,283.23,1.247,85.3,Hold,2026-06-22,,,,3
ATGL.NS,2026-06-21,4.88,0.431,5.0,4.66,5.2,3.97,3.68,7,0.2444,0.3082,0.1145,0.1248,0.269,51.41,21.66,1.07,0,55.13,35.94,121.56,14.46,15.0,58.65,-0.389,70.0,Caution,2026-06-22,,,,2
DIVISLAB.NS,2026-06-21,7.1,0.769,4.5,6.47,7.82,6.48,7.77,9,0.0643,0.0982,-0.0209,0.0129,0.051,19.31,9.5,0.81,0,55.01,20.92,70.0,16.19,22.0,0.04,0.676,36.0,Hold,2026-06-22,,,,3
FEDERALBNK.NS,2026-06-21,8.35,0.862,7.0,5.86,8.65,7.7,7.7,5,0.2289,0.2183,0.128,0.5916,2.329,24.61,11.91,2.24,-1,73.73,33.02,18.52,11.73,6.39,,1.223,64.0,Strong Buy,2026-06-22,,,,5
TATACAP.NS,2026-06-22,4.82,0.2,5.0,4.28,5.12,3.95,3.65,5,0.0977,0.1231,0.1505,,,31.65,17.6,2.33,-1,68.27,30.44,30.24,12.01,8.58,502.06,0.183,49.3,Caution,2026-06-22,,,,2
TARIL.NS,2026-06-22,5.83,0.431,6.5,4.06,6.0,4.87,4.08,5,0.2499,0.2365,0.1229,-0.2765,-0.459,53.32,32.18,1.99,-1,65.75,17.52,40.07,19.33,23.0,29.59,-0.163,64.7,Hold,2026-06-22,,,,3
ICICIAMC.NS,2026-06-22,7.27,0.185,7.0,5.65,7.11,7.39,7.08,7,,0.2215,0.0241,,,35.64,20.02,1.12,0,60.6,21.07,50.99,85.8,115.0,4.07,1.975,45.3,Buy,2026-06-22,,,,4
LGEINDIA.NS,2026-06-22,5.89,0.108,5.0,5.58,5.97,6.05,6.51,7,0.056,0.0306,0.0476,,,33.05,24.17,1.21,0,59.91,13.74,64.61,24.72,32.0,5.99,-0.484,31.3,Hold,2026-06-22,,,,3
NELCO.NS,2026-06-22,5.8,0.631,4.0,4.64,6.58,4.52,5.03,4,0.2929,0.5791,0.3783,-0.1567,-0.372,58.31,23.59,3.35,-1,82.73,37.72,656.74,2.59,7.0,56.54,0.029,81.3,Hold,2026-06-22,,,,3
PERSISTENT.NS,2026-06-22,4.47,-0.815,8.0,5.27,3.41,5.79,4.48,5,-0.2253,0.0341,-0.0319,-0.1854,-0.575,36.56,27.37,-0.78,0,44.66,12.5,41.06,26.35,34.0,6.09,0.147,8.7,Avoid,2026-06-22,,,,1
WIPRO.NS,2026-06-22,3.62,-0.815,4.5,5.39,3.16,4.69,4.78,4,-0.2995,-0.0562,-0.1289,-0.2796,-1.127,29.32,23.45,-1.78,0,35.29,23.41,14.34,15.44,18.0,22.85,-0.66,4.0,Avoid,2026-06-22,,,,1
REDINGTON.NS,2026-06-22,5.12,0.569,5.0,4.41,5.55,4.03,3.82,3,0.0387,0.2857,0.2468,-0.0364,-0.073,39.47,22.46,3.29,-1,74.76,37.17,14.65,13.09,17.0,27.26,0.216,56.7,Caution,2026-06-22,,,,2
DMART.NS,2026-06-22,6.69,0.738,4.5,5.35,7.55,5.57,6.54,5,0.1494,0.1452,0.054,0.0213,0.086,30.49,15.79,0.13,0,60.72,25.16,95.03,12.94,17.0,9.91,-0.436,54.0,Hold,2026-06-22,,,,3
OLECTRA.NS,2026-06-22,6.78,1.0,8.0,4.35,7.08,5.45,4.55,7,0.347,0.3919,0.2534,0.3117,0.67,48.16,27.17,2.78,-1,73.4,26.0,70.77,21.0,21.0,30.84,-0.28,75.3,Hold,2026-06-22,,,,3
LICI.NS,2026-06-22,8.21,0.462,9.5,5.68,8.03,8.13,7.51,6,0.0466,0.1418,0.0592,-0.0385,-0.165,29.83,17.03,2.66,-1,71.3,22.71,9.76,42.36,35.0,,-0.474,40.7,Buy,2026-06-22,,,,4
JIOFIN.NS,2026-06-22,2.43,-0.338,3.5,3.33,2.55,2.08,1.96,5,-0.1659,0.0188,0.0086,-0.1526,-0.568,31.28,20.97,0.62,0,56.73,17.78,100.8,1.21,2.0,16.29,-0.794,12.7,Avoid,2026-06-22,,,,1
PANAMAPET.NS,2026-06-22,8.45,0.985,9.0,5.35,8.52,7.8,7.15,4,0.7911,0.8877,0.4623,0.3546,0.826,67.13,31.05,3.43,-1,81.48,54.44,13.95,15.6,19.0,7.55,0.102,95.3,Strong Buy,2026-06-22,,,,5
POONAWALLA.NS,2026-06-22,4.48,-0.138,6.0,3.31,4.23,4.08,2.81,4,-0.0394,0.0836,0.0692,0.0179,0.048,33.87,21.59,0.96,0,63.95,21.89,62.39,5.85,7.5,470.36,-0.138,24.0,Avoid,2026-06-22,,,,1
POLYCAB.NS,2026-06-22,8.05,1.0,6.0,5.88,8.5,7.3,7.6,5,0.4196,0.4053,0.0723,0.6921,2.401,29.43,13.51,1.47,-1,71.0,28.65,56.84,24.58,33.0,2.56,0.363,76.0,Buy,2026-06-22,,,,4
PIRAMALFIN.NS,2026-06-22,5.27,0.185,5.5,4.86,5.26,4.99,4.58,5,0.3672,0.1386,0.0817,,,41.06,20.44,1.78,0,62.42,16.97,31.59,5.45,6.0,285.78,2.968,70.0,Caution,2026-06-22,,,,2
SAMMAANCAP.NS,2026-06-22,3.83,0.431,2.0,3.48,4.83,2.17,2.83,1,0.2439,0.2935,0.0588,0.4457,0.998,40.34,21.05,1.42,-1,59.13,31.04,-2.03,-35.01,4.92,273.03,-0.107,65.3,Avoid,2026-06-22,,,,1
BERGEPAINT.NS,2026-06-22,7.81,0.492,7.5,5.89,7.88,7.55,7.39,6,0.03,0.3258,0.0943,-0.0027,-0.01,37.72,19.49,1.94,-1,67.38,21.35,57.23,17.23,22.0,9.16,-0.034,55.3,Buy,2026-06-22,,,,4
JYOTICNC.NS,2026-06-22,4.24,-0.108,5.5,3.27,4.16,3.7,2.74,4,-0.1981,-0.0068,0.0957,-0.3462,-0.819,54.39,40.93,0.4,0,64.03,28.98,49.7,18.22,21.0,42.61,-0.628,11.3,Avoid,2026-06-22,,,,1
TITAN.NS,2026-06-22,7.49,0.708,7.0,5.12,7.72,6.65,6.21,5,0.1186,0.0675,0.054,0.268,1.137,31.82,19.47,0.73,0,60.43,13.44,76.87,37.13,26.0,195.0,0.321,42.7,Buy,2026-06-22,,,,4
TENNIND.NS,2026-06-22,7.27,-0.277,8.5,6.01,6.53,8.26,7.47,7,0.2494,0.0742,-0.0497,,,37.35,25.19,0.09,0,51.73,19.61,39.27,42.97,61.0,4.29,0.738,56.0,Buy,2026-06-22,,,,4
GARFIBRES.NS,2026-06-22,6.97,0.585,6.5,5.2,7.26,6.19,5.98,5,0.1423,0.2668,0.2133,-0.0922,-0.254,42.29,18.45,3.44,-1,73.5,27.55,38.8,15.31,22.0,3.16,-0.161,61.3,Hold,2026-06-22,,,,3
TATSILV.NS,2026-06-22,4.78,-0.123,5.0,5.0,4.69,4.94,4.88,0,,,,,,,,0.0,0,41.33,17.65,,,,,1.208,38.0,Caution,2026-06-22,,,,2
HDBFS.NS,2026-06-22,5.59,0.492,6.5,3.87,5.81,4.4,3.44,3,-0.0267,0.1463,0.0869,,,38.08,18.76,1.94,0,69.44,24.43,23.57,13.94,9.79,480.24,-0.782,32.0,Hold,2026-06-22,,,,3
JBMA.NS,2026-06-22,4.61,0.708,3.5,3.48,5.67,2.7,3.21,2,0.3388,0.2837,0.1416,0.0515,0.118,42.44,24.28,2.23,-1,67.05,22.85,78.81,15.99,15.0,190.28,-0.479,74.0,Caution,2026-06-22,,,,2
LTM.NS,2026-06-22,4.84,-0.862,9.0,5.11,3.52,6.37,4.59,4,-0.3792,-0.0981,-0.0415,-0.2859,-0.968,39.01,29.82,-1.5,0,39.67,13.3,22.65,21.29,30.0,9.58,-0.626,1.3,Caution,2026-06-22,,,,2
ASTRAMICRO.NS,2026-06-22,8.32,1.0,5.0,6.66,9.07,7.75,9.15,8,0.8985,0.8744,0.3513,0.4836,1.19,47.82,21.58,2.32,-1,79.05,42.38,82.58,15.99,20.0,21.88,0.642,96.7,Strong Buy,2026-06-22,,,,5
BPCL.NS,2026-06-22,7.1,-0.169,8.5,6.09,6.3,8.22,7.38,7,-0.1293,0.0691,-0.0018,0.0379,0.13,35.49,18.87,0.79,0,54.72,15.62,5.1,28.47,26.0,54.33,-0.003,16.7,Hold,2026-06-22,,,,3
PAGEIND.NS,2026-06-22,8.27,0.754,7.0,6.02,8.38,8.08,8.15,7,0.0918,0.2666,0.0261,-0.1243,-0.522,26.21,15.25,1.19,0,58.17,30.99,57.57,52.5,64.0,18.42,-0.243,54.7,Buy,2026-06-22,,,,4
KAYNES.NS,2026-06-22,1.81,-0.692,3.5,2.86,1.67,1.9,1.61,3,-0.1877,-0.0922,-0.0334,-0.4254,-0.82,62.2,50.86,-0.73,0,49.3,21.98,60.56,9.57,13.0,19.17,-0.285,6.7,Avoid,2026-06-22,,,,1
ANGELONE.NS,2026-06-22,7.22,0.985,8.5,4.32,7.3,6.05,4.7,2,0.4557,0.5465,0.0251,0.2588,0.627,48.03,20.78,1.27,0,63.31,23.25,36.16,15.53,15.0,129.31,0.276,82.0,Hold,2026-06-22,,,,3
INDUSTOWER.NS,2026-06-22,5.27,-0.015,3.5,5.99,5.64,5.49,6.83,7,0.0148,-0.0454,-0.0548,0.0584,0.218,23.43,16.21,-0.46,0,44.57,15.42,15.29,19.81,19.0,53.29,0.139,18.0,Caution,2026-06-22,,,,2
ZENTEC.NS,2026-06-22,5.49,0.908,3.0,4.77,6.54,3.95,4.96,5,0.4606,0.3886,0.221,0.0147,0.039,46.36,27.39,2.17,-1,69.71,19.05,91.16,11.83,16.0,0.95,0.475,80.7,Caution,2026-06-22,,,,2
HINDUNILVR.NS,2026-06-22,5.86,-0.754,6.5,6.67,4.99,7.67,7.6,8,-0.0351,0.0496,-0.0048,-0.0309,-0.151,24.44,15.45,-0.16,0,50.85,19.93,48.36,21.6,28.0,3.02,-0.532,20.0,Hold,2026-06-22,,,,3
GICRE.NS,2026-06-22,3.6,-0.569,2.5,5.25,3.7,3.82,4.38,7,0.0204,-0.0066,-0.0554,0.0229,0.097,30.16,21.55,-1.37,0,45.13,16.32,6.71,10.69,17.0,,-0.21,20.7,Avoid,2026-06-22,,,,1
RPTECH.NS,2026-06-22,8.7,0.954,7.5,6.1,9.0,8.2,8.4,5,1.2038,1.2256,0.3919,1.5547,3.992,55.01,21.74,2.82,-1,86.44,49.55,18.5,14.94,17.0,48.65,1.1,98.0,Strong Buy,2026-06-22,,,,5
BHARATCOAL.NS,2026-06-22,3.24,0.292,0.5,3.28,3.98,2.0,2.49,1,,0.2345,0.1615,,,53.12,31.65,1.89,-1,61.08,39.77,149.36,2.1,4.0,38.79,0.025,58.0,Avoid,2026-06-22,,,,1
VIKRAMSOLR.NS,2026-06-22,3.65,-0.8,4.5,5.41,3.2,4.7,4.8,5,-0.1468,0.0307,-0.0106,,,40.25,27.35,-0.79,0,41.56,15.13,14.56,21.34,31.0,20.37,-1.279,14.7,Avoid,2026-06-22,,,,1
JUBLFOOD.NS,2026-06-22,5.44,-0.692,6.0,5.6,4.77,6.55,6.11,6,-0.2272,-0.0438,-0.016,-0.3654,-1.24,42.42,32.81,-0.71,0,49.55,21.44,75.96,16.89,15.0,2.65,-0.628,6.0,Caution,2026-06-22,,,,2
ICICIGI.NS,2026-06-22,6.57,-0.046,6.0,5.83,6.38,6.88,6.75,5,-0.0423,0.0507,0.007,-0.0305,-0.143,24.59,15.4,1.47,0,61.11,15.7,33.73,17.85,22.0,0.06,-0.141,19.3,Hold,2026-06-22,,,,3
LUPIN.NS,2026-06-22,8.81,0.308,9.0,6.49,8.52,9.3,9.11,5,0.1059,0.009,0.0246,0.2068,1.031,20.95,15.13,1.01,0,61.14,11.19,20.08,26.91,30.0,29.39,0.665,35.3,Strong Buy,2026-06-22,,,,5
APOLLOHOSP.NS,2026-06-22,7.35,0.615,4.5,6.8,7.96,7.16,8.67,7,0.226,0.1502,0.0079,0.2249,1.131,17.65,8.96,1.37,0,62.05,14.7,62.71,21.5,18.0,85.15,0.502,57.3,Buy,2026-06-22,,,,4
COALINDIA.NS,2026-06-22,7.92,0.0,9.5,7.0,7.25,9.05,8.6,6,0.1805,-0.0411,-0.0199,0.2308,1.049,22.88,16.41,-0.67,0,43.0,12.93,8.9,28.12,35.0,11.63,-0.111,40.0,Buy,2026-06-22,,,,4
RADICO.NS,2026-06-22,9.22,0.892,7.5,6.87,9.53,8.95,9.45,7,0.2308,0.4196,0.0671,0.4525,1.396,33.43,16.32,1.43,-1,72.88,33.9,83.56,24.2,24.0,20.94,1.127,72.7,Strong Buy,2026-06-22,,,,5
SWSOLAR.NS,2026-06-22,5.91,0.477,6.0,4.43,6.12,4.89,4.13,4,0.1506,0.4134,0.2312,-0.2473,-0.565,51.76,26.06,2.35,-1,75.47,19.18,17.0,-35.95,27.0,182.95,-1.044,70.7,Hold,2026-06-22,,,,3
ITBEES.NS,2026-06-22,3.84,-0.862,5.0,5.0,3.35,4.67,4.34,0,,,,,,,,0.0,0,40.93,13.1,,,,,-0.724,5.3,Avoid,2026-06-22,,,,1
CARBORUNIV.NS,2026-06-22,5.7,1.0,2.0,5.3,6.97,4.1,5.65,4,0.4348,0.605,0.149,0.3022,0.879,39.35,16.71,2.24,-1,73.05,46.7,117.77,4.37,10.0,10.29,-0.681,86.7,Hold,2026-06-22,,,,3
UPL.NS,2026-06-22,5.45,-0.815,5.5,6.52,4.69,7.24,7.43,7,-0.1828,-0.0276,-0.0675,-0.0382,-0.121,31.55,22.66,-1.22,0,39.52,20.02,27.22,5.61,10.0,57.13,-0.093,8.0,Caution,2026-06-22,,,,2
MPHASIS.NS,2026-06-22,4.48,-0.323,4.5,5.14,4.54,4.54,4.78,3,-0.2101,0.0909,0.0165,-0.1342,-0.481,32.34,21.63,0.17,0,49.4,13.93,23.43,18.29,23.0,24.38,-0.219,13.3,Avoid,2026-06-22,,,,1
DLF.NS,2026-06-22,3.59,0.092,2.0,4.51,4.33,2.5,3.19,7,-0.0752,0.1613,0.0603,-0.2512,-0.911,34.0,19.96,1.59,0,61.14,21.08,35.22,10.03,6.0,0.67,-0.631,26.7,Avoid,2026-06-22,,,,1
GMRAIRPORT.NS,2026-06-22,5.94,0.708,4.5,5.0,6.77,4.55,5.11,7,0.0778,0.1972,0.1189,0.3102,1.043,33.19,19.56,2.11,-1,64.86,23.51,835.0,11.6,12.0,,-0.021,50.7,Hold,2026-06-22,,,,3
NESTLEIND.NS,2026-06-22,7.99,0.092,7.5,6.87,7.76,8.6,8.74,8,0.1433,0.1752,-0.0077,0.21,1.025,23.44,11.84,0.29,0,49.54,16.47,77.46,76.34,85.0,8.62,-0.001,52.0,Buy,2026-06-22,,,,4
SBC.NS,2026-06-22,5.91,0.846,5.5,4.07,6.39,4.57,4.2,2,0.5489,0.397,0.1373,1.7809,6.379,35.41,16.12,2.96,-1,82.03,21.8,83.25,37.22,18.0,283.23,1.379,86.0,Hold,2026-06-22,,,,3
ATGL.NS,2026-06-22,4.88,0.431,5.0,4.06,5.2,3.97,3.68,5,0.2615,0.3301,0.1137,0.1277,0.266,51.38,25.54,1.12,0,56.42,35.26,123.15,14.46,15.0,58.65,-0.364,72.0,Caution,2026-06-22,,,,2
FEDERALBNK.NS,2026-06-22,8.05,0.862,6.5,5.56,8.5,7.3,7.6,4,0.2185,0.2108,0.1181,0.5712,2.33,23.94,13.38,2.12,-1,72.75,34.3,18.49,11.73,6.39,,1.207,62.0,Buy,2026-06-22,,,,4
DIVISLAB.NS,2026-06-22,7.15,0.8,4.5,5.92,7.9,6.5,7.8,6,0.0768,0.1346,0.003,0.0412,0.186,19.03,10.86,0.89,0,56.71,21.19,70.44,16.19,22.0,0.04,0.669,41.3,Hold,2026-06-22,,,,3
HSCL.NS,2026-06-22,7.73,0.846,7.5,5.26,7.92,7.12,6.85,4,0.4163,0.4531,0.1042,0.4562,1.335,41.57,24.0,0.97,0,53.57,32.12,43.58,17.7,22.0,16.14,0.611,78.0,Buy,2026-06-22,,,,4
NIACL.NS,2026-06-22,7.62,0.754,6.0,5.29,8.03,6.78,6.85,5,0.3344,0.6007,0.2762,0.1735,0.392,64.17,20.77,3.17,-1,83.45,29.2,24.72,3.42,4.0,,-0.287,82.0,Buy,2026-06-22,,,,4
RELIANCE.NS,2026-06-22,4.44,-0.692,5.5,5.45,3.77,5.55,5.11,5,-0.1371,-0.0578,-0.0251,-0.0644,-0.318,25.38,18.64,-0.39,0,51.73,18.91,22.22,9.14,10.0,36.65,-0.479,6.7,Avoid,2026-06-22,,,,1
HDFCBANK.NS,2026-06-22,3.73,-0.123,1.5,4.82,4.32,3.14,4.03,5,-0.184,0.0243,0.016,-0.1621,-0.829,27.34,17.05,1.22,0,63.55,21.63,17.54,13.82,7.04,,-0.415,8.7,Avoid,2026-06-22,,,,1
MTARTECH.NS,2026-06-22,8.4,1.0,6.0,5.98,8.85,7.8,8.3,6,2.5969,1.3528,0.0432,3.8996,6.754,83.04,42.71,1.34,-1,61.44,25.64,267.65,12.12,15.0,45.78,2.112,99.3,Strong Buy,2026-06-22,,,,5
INFY.NS,2026-06-22,3.25,-0.831,4.5,4.92,2.92,3.78,3.57,8,-0.3309,-0.1333,-0.0685,-0.3232,-1.176,35.3,27.71,-1.69,0,36.35,16.23,14.04,31.44,40.0,9.83,-0.773,1.3,Avoid,2026-06-22,,,,1
BSE.NS,2026-06-22,8.07,0.385,10.0,6.17,7.69,8.49,7.93,8,0.5031,0.4371,-0.0602,0.5315,1.329,38.36,21.03,0.69,0,52.53,22.78,66.88,36.0,58.0,0.0,2.216,78.7,Buy,2026-06-22,,,,4
HFCL.NS,2026-06-22,6.8,1.0,4.5,5.38,7.7,5.6,6.6,4,2.2414,1.9435,0.2863,1.5466,3.392,60.62,26.63,1.71,-1,73.37,54.9,97.88,7.27,11.0,38.32,0.592,100.0,Hold,2026-06-22,,,,3
TCS.NS,2026-06-22,5.12,-0.877,6.0,5.95,4.16,6.86,6.42,6,-0.3307,-0.0979,-0.0782,-0.3592,-1.459,33.12,26.27,-1.66,0,37.61,15.83,15.65,48.4,63.0,10.39,-1.262,2.0,Caution,2026-06-22,,,,2
BAJAJ-AUTO.NS,2026-06-22,7.64,0.338,9.5,5.4,7.37,7.57,6.69,4,0.1702,0.1418,-0.0149,0.2513,1.158,23.54,12.08,0.57,0,52.33,16.03,26.5,28.05,28.0,56.29,-0.084,52.0,Buy,2026-06-22,,,,4
SUBROS.NS,2026-06-22,5.81,0.492,5.5,4.9,6.03,5.15,4.89,5,0.0204,0.2652,0.162,-0.1533,-0.332,46.31,21.57,2.93,-1,73.72,18.59,33.69,14.86,20.0,6.01,0.13,50.7,Hold,2026-06-22,,,,3
GRSE.NS,2026-06-22,7.45,0.631,8.5,4.81,7.4,6.72,5.58,6,0.2909,0.2542,0.0691,-0.1078,-0.222,61.33,30.72,0.84,0,61.51,15.68,47.55,31.79,43.0,1.42,0.397,64.7,Buy,2026-06-22,,,,4
KIRLOSBROS.NS,2026-06-22,6.64,0.723,7.0,4.42,6.88,5.41,4.47,4,0.2927,0.3278,0.2731,0.1547,0.358,48.69,26.95,3.15,-1,80.67,29.54,44.12,16.48,21.0,10.1,-0.176,72.7,Hold,2026-06-22,,,,3
IDBI.NS,2026-06-22,4.2,0.215,4.0,3.5,4.66,3.06,2.87,3,-0.1014,0.1995,0.2,-0.0269,-0.057,54.47,23.66,3.03,-1,66.29,28.78,10.14,14.15,6.5,,-0.073,31.3,Avoid,2026-06-22,,,,1
BHARTIARTL.NS,2026-06-22,5.29,-0.062,4.0,5.7,5.4,5.57,6.24,6,-0.0838,0.0382,0.0223,0.0358,0.182,23.26,15.42,1.84,0,64.94,18.73,43.23,19.36,18.0,99.72,0.516,14.0,Caution,2026-06-22,,,,2
PARAS.NS,2026-06-22,8.05,0.892,6.0,5.56,8.5,7.3,7.6,7,1.2313,1.1984,0.6113,0.6907,1.366,67.44,27.44,3.01,-1,81.0,44.14,125.46,13.14,17.0,3.73,-0.115,98.7,Buy,2026-06-22,,,,4
EPACK.NS,2026-06-22,2.89,-0.108,1.0,2.68,3.48,1.9,2.29,1,-0.1582,0.0765,0.0791,-0.2559,-0.508,65.12,35.48,0.61,0,63.85,15.01,721.89,0.34,5.0,76.95,-0.028,13.3,Avoid,2026-06-22,,,,1
SBIN.NS,2026-06-22,5.7,0.569,4.5,4.58,6.42,4.48,4.97,2,0.0838,0.0014,0.0734,0.3379,1.52,29.19,22.07,0.62,0,65.6,17.56,11.41,15.48,6.13,,0.341,35.3,Hold,2026-06-22,,,,3
ICICIBANK.NS,2026-06-22,5.89,0.538,2.5,5.36,6.82,4.87,6.19,3,-0.0032,0.0859,0.0469,-0.0352,-0.193,23.01,13.52,1.5,0,67.61,25.78,18.1,16.36,7.2,,0.109,26.7,Hold,2026-06-22,,,,3
KSCL.NS,2026-06-22,6.03,0.215,5.5,4.96,6.19,5.61,5.52,6,-0.0216,0.2321,0.0226,-0.2697,-0.755,36.62,17.16,0.8,0,64.04,25.59,16.59,18.16,19.0,,-0.222,36.7,Hold,2026-06-22,,,,3
DELHIVERY.NS,2026-06-22,6.37,0.785,2.0,5.57,7.64,5.09,7.03,5,0.2024,0.1441,0.0622,0.3242,1.065,28.91,17.91,1.88,0,68.88,16.43,244.34,1.6,3.0,15.1,0.147,54.7,Hold,2026-06-22,,,,3
DIXON.NS,2026-06-22,4.36,0.108,4.0,4.42,4.74,3.5,3.46,5,-0.0724,0.1928,0.0433,-0.141,-0.373,42.85,23.53,1.75,0,60.53,19.74,45.84,37.13,42.0,18.46,-0.081,25.3,Avoid,2026-06-22,,,,1
M&M.NS,2026-06-22,4.93,-0.754,8.0,5.48,3.77,6.72,5.75,5,-0.1459,-0.0009,-0.0241,0.0154,0.057,30.76,19.5,-0.53,0,48.08,15.57,20.13,18.75,15.0,125.07,-0.109,9.3,Caution,2026-06-22,,,,2
POLICYBZR.NS,2026-06-22,4.95,-0.231,5.0,5.22,4.92,4.98,4.97,6,-0.0545,0.1147,-0.0685,-0.1442,-0.448,30.55,19.82,0.47,0,57.38,23.66,115.89,9.74,10.0,4.92,0.191,16.7,Caution,2026-06-22,,,,2
HAL.NS,2026-06-22,6.59,0.738,5.5,4.99,7.0,5.77,5.84,6,0.0688,0.1937,0.0202,-0.0853,-0.314,30.81,17.66,0.83,0,62.2,20.7,33.15,23.98,32.0,0.03,-0.422,44.0,Hold,2026-06-22,,,,3
VBL.NS,2026-06-22,7.45,0.431,5.5,5.91,7.78,7.22,7.83,5,0.0855,0.2806,-0.0334,0.0962,0.33,32.45,15.39,0.41,0,44.49,18.69,54.4,19.7,20.0,12.71,-0.49,50.0,Buy,2026-06-22,,,,4
AEGISLOG.NS,2026-06-22,8.7,1.0,7.0,6.03,9.0,8.2,8.4,8,0.4637,0.7487,0.4634,0.3784,0.938,50.75,19.41,2.91,-1,88.59,53.31,41.79,15.26,14.0,47.24,0.208,89.3,Strong Buy,2026-06-22,,,,5
IFCI.NS,2026-06-22,6.4,1.0,5.0,4.61,7.15,5.0,5.3,6,0.7808,0.544,0.35,0.391,0.77,72.05,35.37,1.74,-1,58.87,40.36,120.81,5.03,5.03,,0.188,92.7,Hold,2026-06-22,,,,3
TATACOMM.NS,2026-06-22,6.35,0.8,3.5,5.32,7.47,5.0,6.45,6,0.1612,0.4684,0.0746,0.2423,0.721,40.45,18.98,1.74,-1,69.52,29.11,56.35,31.13,15.0,335.85,0.031,66.0,Hold,2026-06-22,,,,3
COFORGE.NS,2026-06-22,7.4,0.0,9.0,5.73,6.88,7.9,7.05,8,-0.1981,0.3623,0.0614,-0.1851,-0.499,47.27,27.01,1.55,-1,61.38,20.47,33.8,18.6,24.0,7.52,0.338,23.3,Buy,2026-06-22,,,,4
BAJFINANCE.NS,2026-06-22,5.61,0.477,5.5,4.02,5.97,4.49,4.03,4,-0.032,0.1659,0.028,0.0536,0.185,33.34,20.57,1.48,0,64.59,18.66,31.76,17.91,10.8,313.41,0.404,28.7,Caution,2026-06-22,,,,2
AMBER.NS,2026-06-22,3.83,0.231,2.0,4.21,4.68,2.57,3.33,4,0.2006,0.1881,0.0596,0.1813,0.431,52.5,37.88,0.47,0,55.52,10.37,156.6,5.58,10.0,46.57,0.673,56.0,Avoid,2026-06-22,,,,1
TMPV.NS,2026-06-22,3.5,-0.431,3.0,5.02,3.55,3.78,4.32,3,0.0541,0.1605,-0.0234,-0.4562,-0.907,40.15,25.29,0.26,0,44.19,20.38,1.54,-1.12,3.0,70.36,-1.063,38.0,Avoid,2026-06-22,,,,1
CUPID.NS,2026-06-22,9.22,1.0,8.0,6.22,9.53,8.95,9.45,6,1.0368,1.2587,0.4419,8.8688,15.883,43.8,23.94,2.36,-1,90.79,35.77,224.74,27.3,33.0,12.51,4.29,98.0,Strong Buy,2026-06-22,,,,5
SCI.NS,2026-06-22,8.05,0.631,7.0,5.46,8.23,7.62,7.53,6,0.565,0.3833,0.0662,0.5363,1.192,50.33,24.6,0.85,0,60.86,19.76,11.11,14.3,14.0,29.45,0.166,84.7,Buy,2026-06-22,,,,4
RBA.NS,2026-06-22,5.91,0.492,4.0,5.41,6.43,5.35,6.09,5,0.2548,0.3032,0.1707,0.0504,0.17,25.42,8.27,3.52,-1,88.21,27.53,-24.98,-25.79,0.0,285.66,-0.616,70.0,Hold,2026-06-22,,,,3
NETWEB.NS,2026-06-22,8.05,1.0,6.0,5.57,8.5,7.3,7.6,3,0.6379,0.5562,0.3299,1.9253,3.301,59.32,30.64,2.0,-1,66.93,28.7,140.26,32.83,38.0,39.02,0.621,90.0,Buy,2026-06-22,,,,4
ADANIENT.NS,2026-06-22,4.78,0.969,3.0,3.47,5.9,2.75,3.3,2,0.3731,0.5884,0.0741,0.2448,0.72,38.55,15.65,1.33,-1,70.57,47.75,41.61,13.66,6.0,119.56,-0.229,80.0,Caution,2026-06-22,,,,2
EIEL.NS,2026-06-22,4.94,0.492,5.5,3.58,5.16,3.9,3.14,3,0.1311,0.5211,0.0726,0.0411,0.081,69.42,31.91,1.53,-1,70.62,19.34,21.58,16.89,20.0,34.13,-0.017,66.7,Caution,2026-06-22,,,,2
MCX.NS,2026-06-22,8.01,-0.154,10.0,6.47,7.37,9.07,8.65,6,0.4109,0.1888,-0.1338,0.8153,2.182,34.59,23.1,-0.15,0,46.03,27.81,55.04,37.88,71.0,0.11,2.314,64.0,Buy,2026-06-22,,,,4
ETERNAL.NS,2026-06-22,5.62,-0.046,5.0,5.46,5.58,5.98,6.35,6,-0.0741,0.135,0.0645,0.0614,0.181,33.3,20.71,1.79,0,61.54,14.79,659.12,1.19,3.0,14.83,0.229,20.7,Hold,2026-06-22,,,,3
LT.NS,2026-06-22,6.16,0.662,5.0,4.74,6.8,4.93,5.16,3,0.0524,0.2351,0.0416,0.1779,0.714,28.96,13.67,1.59,0,65.37,19.01,35.9,16.95,15.0,97.64,0.151,46.0,Hold,2026-06-22,,,,3
SILVERBEES.NS,2026-06-22,4.78,-0.123,5.0,5.0,4.69,4.94,4.88,0,,,,,,,,0.0,0,40.73,16.08,,,,,1.227,37.3,Caution,2026-06-22,,,,2
NOCIL.NS,2026-06-22,6.24,0.738,2.5,5.31,7.32,4.97,6.39,6,0.231,0.3255,0.1513,0.0324,0.082,55.38,24.08,2.23,-1,69.39,14.53,57.48,3.15,5.0,0.45,-0.596,68.0,Hold,2026-06-22,,,,3
AEQUS.NS,2026-06-22,4.61,0.508,3.5,4.33,5.52,3.1,3.71,4,0.5663,0.9248,0.0984,,,77.73,36.25,1.91,-1,71.9,25.68,-126.66,-10.29,2.0,47.18,2.071,91.3,Caution,2026-06-22,,,,2
ADANIPOWER.NS,2026-06-22,8.64,0.508,8.5,5.79,8.49,8.65,8.26,5,0.6545,0.5427,0.0017,1.1222,2.617,39.41,20.61,0.84,0,57.96,18.23,35.26,20.91,17.0,82.33,0.451,88.0,Strong Buy,2026-06-22,,,,5
SAIL.NS,2026-06-22,6.33,-0.338,5.0,7.15,6.23,7.18,8.01,8,0.3739,0.1243,-0.1183,0.3937,1.122,41.83,20.18,-0.5,0,35.03,27.24,21.4,5.66,8.0,52.9,0.076,60.0,Hold,2026-06-22,,,,3
CIPLA.NS,2026-06-22,6.02,0.185,5.0,5.43,6.31,5.69,6.08,4,-0.0466,0.1374,0.0107,-0.0359,-0.168,28.23,12.0,1.26,0,61.97,18.19,29.5,11.74,15.0,1.78,-0.362,22.0,Hold,2026-06-22,,,,3
ADANIGREEN.NS,2026-06-22,6.42,0.969,6.0,4.4,6.85,5.03,4.42,4,0.533,0.7957,0.0984,0.5996,1.428,45.46,19.28,1.28,-1,65.41,39.65,161.11,7.58,7.0,346.55,-0.292,88.7,Hold,2026-06-22,,,,3
VOLTAS.NS,2026-06-22,3.29,-0.246,2.5,4.39,3.63,2.73,2.95,3,-0.031,0.0255,0.0578,0.0576,0.189,36.35,24.68,0.34,0,59.24,17.81,118.56,5.72,9.0,15.51,-0.343,18.7,Avoid,2026-06-22,,,,1
CLEAN.NS,2026-06-22,4.02,-0.262,5.0,4.56,3.97,3.72,3.19,4,-0.0898,0.1754,0.1015,-0.4286,-1.306,41.54,25.61,1.02,0,61.48,20.83,38.03,15.31,21.0,0.14,-0.937,24.7,Avoid,2026-06-22,,,,1
PFC.NS,2026-06-22,4.55,0.215,4.5,4.4,5.01,3.56,3.57,5,0.3396,0.0765,0.0047,0.1522,0.561,29.24,20.59,0.19,0,56.46,10.8,5.62,20.47,9.71,586.02,-0.229,59.3,Avoid,2026-06-22,,,,1
ZEEL.NS,2026-06-22,6.8,0.815,4.0,5.29,7.7,5.6,6.6,7,0.2793,0.5904,0.4,-0.1167,-0.269,59.42,29.4,2.08,-1,67.66,37.45,41.05,2.33,3.0,2.26,-0.41,80.7,Hold,2026-06-22,,,,3
GROWW.NS,2026-06-22,6.54,-0.092,10.0,5.21,5.94,6.85,5.56,6,0.3714,0.224,0.0431,,,49.91,29.41,0.22,0,52.76,19.24,58.13,28.72,37.0,3.03,1.634,71.3,Hold,2026-06-22,,,,3
NTPC.NS,2026-06-22,6.78,-0.123,6.0,5.9,6.54,7.34,7.38,5,0.1611,-0.0365,-0.059,0.1334,0.718,20.24,14.75,-0.89,0,47.16,31.25,12.06,13.69,8.0,118.13,-0.153,36.0,Hold,2026-06-22,,,,3
DATAPATTNS.NS,2026-06-22,8.4,1.0,6.0,5.97,8.85,7.8,8.3,8,0.9367,0.5062,0.188,0.6263,1.312,53.93,27.66,2.0,-1,67.15,25.23,99.92,16.73,23.0,0.3,0.425,94.0,Strong Buy,2026-06-22,,,,5
INDIGO.NS,2026-06-22,3.77,0.4,1.0,4.49,4.6,2.55,3.3,3,0.0082,0.2087,0.1153,-0.0529,-0.164,42.57,23.35,2.43,-1,70.94,20.63,-81.3,7.12,7.0,866.46,0.052,42.7,Avoid,2026-06-22,,,,1
WABAG.NS,2026-06-22,8.35,1.0,7.5,5.69,8.65,7.7,7.7,7,0.5941,0.6669,0.4192,0.3568,1.004,44.2,21.89,3.54,-1,85.3,31.24,29.78,15.67,21.0,8.87,0.613,92.0,Strong Buy,2026-06-22,,,,5
AXISBANK.NS,2026-06-22,4.34,0.723,1.0,4.32,5.41,2.71,3.62,3,0.1047,0.1285,0.0362,0.1136,0.486,27.14,15.03,1.22,0,64.73,19.64,16.09,13.15,6.24,,-0.049,44.7,Avoid,2026-06-22,,,,1
HINDALCO.NS,2026-06-22,5.13,-0.154,4.5,5.33,5.32,5.12,5.65,2,0.1838,0.1601,-0.0777,0.5831,2.132,29.55,18.43,-0.35,0,40.8,25.64,16.85,10.29,14.0,72.6,0.568,51.3,Caution,2026-06-22,,,,2
COCHINSHIP.NS,2026-06-22,1.78,-0.538,2.0,3.9,1.9,1.58,1.66,3,-0.0174,0.1006,-0.0344,-0.3071,-0.825,47.05,28.56,-0.31,0,49.25,22.94,54.16,12.52,16.0,28.47,-0.508,20.0,Avoid,2026-06-22,,,,1
ABCAPITAL.NS,2026-06-22,5.53,0.8,5.0,3.52,6.28,3.75,3.55,3,0.1386,0.2593,0.0778,0.5297,1.611,40.34,21.39,2.29,-1,67.96,18.55,27.51,11.18,8.72,491.75,0.668,55.3,Caution,2026-06-22,,,,2
SUZLON.NS,2026-06-22,7.09,0.723,8.5,4.54,7.11,6.01,4.62,6,0.1454,0.4138,0.0985,-0.0743,-0.23,39.82,20.25,1.29,0,64.89,17.47,25.68,40.64,35.0,5.87,-0.058,61.3,Buy,2026-06-22,,,,4
BEL.NS,2026-06-22,8.43,0.646,7.5,6.07,8.62,8.12,8.25,7,0.1301,0.0127,0.0229,0.0845,0.333,22.3,14.38,0.35,0,61.27,27.35,52.11,27.56,37.0,0.27,0.437,38.7,Strong Buy,2026-06-22,,,,5
BHEL.NS,2026-06-22,8.92,0.815,6.0,6.46,9.38,8.55,9.35,9,0.4961,0.5703,-0.0188,0.6377,1.816,39.46,21.44,0.92,0,60.59,26.11,89.46,6.29,9.0,31.31,0.328,85.3,Strong Buy,2026-06-22,,,,5
KIRLOSENG.NS,2026-06-22,8.03,1.0,4.5,6.54,8.92,7.35,9.05,7,0.8683,0.7359,0.4035,1.7962,3.929,59.4,22.14,3.49,-1,81.48,34.19,61.23,16.82,15.0,150.32,0.569,95.3,Buy,2026-06-22,,,,4
TRENT.NS,2026-06-22,5.68,-0.123,7.0,4.79,5.29,5.74,4.68,5,-0.2096,0.3423,0.1112,-0.4446,-0.946,38.42,17.54,2.2,-1,72.59,21.78,98.23,27.13,28.0,36.03,-0.677,22.7,Hold,2026-06-22,,,,3
VEDL.NS,2026-06-22,5.22,-0.815,6.5,6.1,4.31,6.89,6.48,9,-0.4631,-0.5374,-0.0802,-0.2826,-0.386,140.18,134.79,-0.8,1,35.03,33.78,17.06,20.4,16.0,48.04,-0.343,0.7,Caution,2026-06-22,,,,2
SHRIRAMFIN.NS,2026-06-22,6.76,0.662,6.5,4.63,7.1,5.73,5.36,5,0.1419,0.0578,0.0321,0.5155,1.462,43.94,25.14,0.69,0,58.77,19.03,18.66,16.38,11.5,276.21,0.75,43.3,Hold,2026-06-22,,,,3
OLAELEC.NS,2026-06-22,3.83,0.631,1.0,3.21,4.83,2.17,2.83,2,0.3602,0.7242,0.1222,-0.0781,-0.118,77.55,34.24,0.92,0,54.31,33.24,-10.22,-43.16,-20.0,82.45,-0.616,86.0,Avoid,2026-06-22,,,,1
EMSLIMITED.NS,2026-06-22,4.69,0.492,4.0,3.33,5.36,3.2,3.14,3,-0.0886,0.3742,0.2136,-0.3063,-0.592,68.01,35.94,2.69,-1,74.84,21.58,25.01,8.96,13.0,14.57,-0.445,48.7,Caution,2026-06-22,,,,2
TRITURBINE.NS,2026-06-22,7.0,0.631,7.0,5.17,7.03,6.52,5.93,5,0.4165,0.6164,0.0643,0.2089,0.573,52.55,23.11,1.59,-1,66.61,35.33,66.84,26.22,36.0,2.48,0.145,83.3,Hold,2026-06-22,,,,3
NHPC.NS,2026-06-22,5.74,-0.092,8.0,4.83,5.37,5.75,4.71,4,0.0612,0.0185,-0.0101,-0.0293,-0.12,30.17,21.35,-0.04,0,56.14,20.43,28.24,9.02,6.0,113.11,-0.563,27.3,Hold,2026-06-22,,,,3
APOLLO.NS,2026-06-22,7.65,0.938,7.5,4.92,7.95,6.7,6.3,4,0.874,1.1384,0.0405,1.1578,1.946,73.04,31.08,1.26,-1,59.79,39.87,134.41,11.21,14.0,41.53,1.59,96.7,Buy,2026-06-22,,,,4
MEESHO.NS,2026-06-22,4.9,-0.569,7.0,4.74,4.18,5.52,4.23,3,-0.269,0.1909,-0.1228,,,56.05,29.8,-0.21,0,46.79,17.3,-55.37,-46.56,-36.0,1.43,-0.065,6.0,Caution,2026-06-22,,,,2
IDEA.NS,2026-06-22,7.5,0.938,4.5,5.88,8.4,6.6,8.0,5,0.3115,0.5867,0.0556,1.2591,2.53,39.33,15.86,1.24,-1,64.12,40.7,4.62,-1.6,-2.0,,-0.262,76.7,Buy,2026-06-22,,,,4
BHARATFORG.NS,2026-06-22,6.35,1.0,3.0,5.3,7.47,5.0,6.45,5,0.4903,0.2292,0.0967,0.6271,2.153,29.79,15.4,2.2,-1,71.93,14.41,93.67,11.6,13.0,76.47,0.138,76.0,Hold,2026-06-22,,,,3
TATASTEEL.NS,2026-06-22,7.12,-0.031,6.5,7.01,6.8,8.03,8.32,7,0.2079,0.032,-0.034,0.335,1.25,21.77,14.52,-0.7,0,44.77,16.77,23.0,11.16,13.0,89.02,0.061,47.3,Buy,2026-06-22,,,,4
LLOYDSENGG.NS,2026-06-22,6.78,1.0,8.0,4.34,7.08,5.45,4.55,3,0.677,1.1862,0.2098,0.5425,1.094,62.24,28.12,2.15,-1,72.59,35.06,60.6,16.82,17.0,6.45,0.082,96.0,Hold,2026-06-22,,,,3
GVT&D.NS,2026-06-22,9.67,0.954,10.0,6.39,9.75,9.55,9.6,6,0.9201,0.4935,0.1508,1.3188,3.122,47.98,27.42,2.09,-1,66.31,24.96,114.14,55.26,76.0,0.89,1.848,93.3,Strong Buy,2026-06-22,,,,5
BDL.NS,2026-06-22,4.59,0.492,3.5,3.99,5.48,3.1,3.69,6,0.0516,0.1254,0.0608,-0.2591,-0.653,41.51,24.3,1.19,0,69.05,23.59,121.9,10.19,14.0,0.01,-0.254,40.0,Avoid,2026-06-22,,,,1
KIRLPNU.NS,2026-06-22,9.67,0.985,9.0,6.5,9.75,9.55,9.6,6,0.9767,0.9765,0.2601,0.5958,1.61,48.42,18.61,2.72,-1,83.08,32.07,53.1,21.47,28.0,0.26,0.443,97.3,Strong Buy,2026-06-22,,,,5
YESBANK.NS,2026-06-22,5.35,0.846,2.0,4.8,6.62,3.6,4.95,5,0.1642,0.3434,0.1198,0.2549,0.939,34.18,17.1,1.75,-1,66.83,30.86,22.29,7.09,5.98,,-0.139,60.7,Caution,2026-06-22,,,,2
PWL.NS,2026-06-22,4.13,0.231,2.5,4.16,4.83,2.97,3.43,4,-0.0361,0.4026,0.1367,,,50.87,25.92,2.54,-1,71.22,27.51,-1401.78,-0.79,4.0,23.02,-0.66,52.7,Avoid,2026-06-22,,,,1
IDFCFIRSTB.NS,2026-06-22,4.5,0.615,1.0,4.46,5.64,2.76,3.72,4,-0.037,0.2818,0.1617,0.1437,0.462,30.63,16.23,2.45,-1,78.82,36.02,42.92,5.98,5.98,,-0.255,45.3,Avoid,2026-06-22,,,,1
TMCV.NS,2026-06-22,5.29,-0.062,4.0,5.45,5.4,5.57,6.24,7,0.0297,-0.0159,0.0437,,,45.61,27.54,0.39,0,61.47,26.78,49.56,26.05,36.0,44.09,0.941,21.3,Caution,2026-06-22,,,,2
RECLTD.NS,2026-06-22,5.47,0.738,4.5,4.14,6.32,3.82,4.09,5,0.1216,0.1191,0.0808,-0.0068,-0.026,31.33,19.67,1.25,0,65.45,15.46,5.98,19.96,9.71,607.46,-0.548,49.3,Caution,2026-06-22,,,,2
TVSMOTOR.NS,2026-06-22,5.49,-0.462,6.0,5.36,5.0,6.17,5.64,5,-0.0254,0.0112,0.0055,0.2612,0.998,31.1,20.58,-0.05,0,56.33,13.42,54.78,31.62,17.0,306.09,0.512,16.0,Caution,2026-06-22,,,,2
WAAREEENER.NS,2026-06-22,6.38,-0.323,8.0,5.6,5.84,7.14,6.58,5,0.0635,-0.033,0.0258,0.135,0.319,32.25,26.46,-0.67,0,47.73,11.73,23.77,31.57,39.0,21.4,0.232,24.0,Hold,2026-06-22,,,,3
CUMMINSIND.NS,2026-06-22,7.78,0.215,9.0,6.16,7.26,8.41,7.77,7,0.3203,0.2489,0.071,0.7832,2.871,35.24,17.49,1.16,0,57.01,16.94,67.78,29.45,40.0,0.43,0.478,68.7,Buy,2026-06-22,,,,4
MARUTI.NS,2026-06-22,6.65,-0.169,7.5,5.58,6.23,7.22,6.73,5,-0.1781,0.0651,0.0191,0.0642,0.277,25.52,15.79,0.65,0,53.79,14.43,28.71,14.43,19.0,0.1,-0.017,10.7,Hold,2026-06-22,,,,3
POWERGRID.NS,2026-06-22,5.75,0.0,4.0,5.59,6.05,5.7,6.5,6,0.1359,-0.0264,-0.019,0.0415,0.21,19.6,13.73,-0.89,0,46.69,23.85,14.41,16.49,10.0,150.99,-0.446,34.7,Hold,2026-06-22,,,,3
BAJAJFINSV.NS,2026-06-22,2.78,-0.169,1.5,3.89,3.33,1.87,2.23,3,-0.1205,0.042,-0.0139,-0.1001,-0.446,26.79,16.44,0.44,0,56.01,22.97,29.2,14.6,11.0,256.36,-0.018,12.0,Avoid,2026-06-22,,,,1
LIQUIDBEES.NS,2026-06-22,5.78,0.446,5.0,5.0,6.12,5.22,5.45,0,,,,,,,,0.0,0,53.23,93.9,,,,,-3.397,18.0,Hold,2026-06-22,,,,3
RVNL.NS,2026-06-22,1.7,-0.785,2.0,3.33,1.79,1.56,1.62,4,-0.1928,-0.0694,-0.0964,-0.3762,-1.099,37.72,25.45,-0.94,0,46.31,34.42,58.62,8.98,11.0,49.08,-0.62,4.7,Avoid,2026-06-22,,,,1
CDSL.NS,2026-06-22,5.87,0.123,5.5,5.08,5.96,5.56,5.42,7,-0.0791,0.152,0.1268,-0.1769,-0.555,34.57,20.48,1.88,0,73.02,23.86,62.96,23.91,32.0,0.11,0.27,26.0,Hold,2026-06-22,,,,3
TORNTPHARM.NS,2026-06-22,5.87,0.523,3.5,5.4,6.78,4.86,6.17,4,0.196,0.0458,-0.0233,0.396,1.933,22.74,15.49,0.91,0,52.64,14.99,69.87,16.99,15.0,85.45,0.923,48.0,Hold,2026-06-22,,,,3
JSLL.NS,2026-06-22,6.67,-0.415,9.5,5.62,5.84,7.69,6.63,6,-0.1501,-0.004,-0.0416,0.4325,0.728,87.43,54.68,-0.63,0,49.25,11.11,34.15,59.92,64.0,27.26,-0.389,7.3,Hold,2026-06-22,,,,3
ASHOKLEY.NS,2026-06-22,4.38,-0.4,6.5,4.21,3.92,4.45,3.25,2,-0.0682,-0.0534,-0.0256,0.3757,1.053,49.46,29.26,-0.06,0,54.59,19.62,26.6,21.64,14.0,344.74,0.337,11.3,Avoid,2026-06-22,,,,1
TEJASNET.NS,2026-06-22,4.47,1.0,1.5,3.42,5.75,2.35,3.2,2,0.402,0.4392,0.3238,-0.0979,-0.173,61.74,31.84,2.16,-1,69.66,45.83,-12.22,-26.82,-15.0,142.52,-0.745,81.3,Avoid,2026-06-22,,,,1
TECHM.NS,2026-06-22,5.85,-0.631,7.0,6.07,4.92,7.38,6.77,6,-0.1061,0.0364,-0.0002,-0.1368,-0.519,32.81,23.84,-0.33,0,46.86,12.74,26.51,16.61,23.0,7.27,-0.09,12.7,Hold,2026-06-22,,,,3
BANKBARODA.NS,2026-06-22,5.06,0.462,3.0,4.7,5.93,3.83,4.71,4,0.025,0.0548,0.0847,0.2486,0.937,31.4,19.21,2.37,-1,68.64,17.17,7.45,12.74,5.63,,-0.022,30.0,Caution,2026-06-22,,,,2
SUNPHARMA.NS,2026-06-22,9.17,0.769,7.5,6.41,9.45,8.93,9.42,6,0.0739,0.0483,0.0121,0.1415,0.725,24.84,15.41,1.11,0,64.94,14.64,38.97,14.72,21.0,5.52,0.322,34.0,Strong Buy,2026-06-22,,,,5
URBANCO.NS,2026-06-22,3.54,0.092,3.5,4.12,3.98,2.8,3.09,3,0.1154,0.2003,0.0989,,,43.33,28.9,0.69,0,66.29,22.87,-87.25,-11.92,-8.0,6.33,-0.662,54.0,Avoid,2026-06-22,,,,1
CHOLAFIN.NS,2026-06-22,5.26,0.508,6.0,3.79,5.34,4.3,3.26,5,0.0245,0.1932,0.0803,0.0845,0.26,43.0,23.48,1.97,0,68.02,22.17,27.81,19.33,9.7,693.26,0.097,41.3,Caution,2026-06-22,,,,2
ITC.NS,2026-06-22,5.25,-0.769,7.0,5.69,4.23,6.82,5.93,4,-0.2371,-0.0026,-0.0157,-0.2656,-1.396,18.56,12.89,-0.21,0,52.98,20.02,17.65,29.34,39.0,3.29,-0.992,5.3,Caution,2026-06-22,,,,2
EICHERMOT.NS,2026-06-22,7.78,0.646,6.5,5.84,7.97,7.62,7.95,6,0.075,0.1057,0.0304,0.4349,1.672,33.32,18.54,1.98,0,65.51,16.7,38.02,23.77,31.0,2.05,0.798,39.3,Buy,2026-06-22,,,,4
CRAFTSMAN.NS,2026-06-22,8.08,0.815,6.5,5.94,8.39,7.71,8.12,7,0.3527,0.3891,0.0954,0.8116,2.213,40.05,15.11,1.54,-1,63.06,44.11,59.21,12.55,14.0,111.01,0.876,74.7,Buy,2026-06-22,,,,4
KOTAKBANK.NS,2026-06-22,3.82,-0.077,1.0,4.87,4.43,3.16,4.07,3,-0.0711,0.0965,0.0237,-0.056,-0.265,22.47,14.8,1.79,0,61.61,20.36,20.73,11.39,6.93,,0.011,17.3,Avoid,2026-06-22,,,,1
INDUSINDBK.NS,2026-06-22,7.24,0.708,5.5,5.76,7.62,6.75,7.21,5,0.1032,0.1252,-0.0055,0.083,0.291,35.25,21.58,0.73,0,52.05,18.8,81.01,1.36,5.68,,-0.759,42.0,Buy,2026-06-22,,,,4
HEROMOTOCO.NS,2026-06-22,6.48,-0.723,10.0,6.0,5.42,8.04,7.03,5,-0.1161,-0.0553,0.0009,0.1835,0.686,26.85,19.33,-0.54,0,50.57,13.0,17.39,28.03,36.0,3.57,-0.323,10.0,Hold,2026-06-22,,,,3
ASIANPAINT.NS,2026-06-22,8.58,0.677,10.0,6.21,8.42,8.64,8.23,6,-0.0311,0.218,0.0061,0.1739,0.732,25.96,13.33,0.84,0,51.33,37.07,59.3,20.89,26.0,17.85,-0.438,32.7,Strong Buy,2026-06-22,,,,5
TATAPOWER.NS,2026-06-22,4.17,0.154,2.5,4.86,4.66,3.58,4.2,4,0.0827,0.0088,-0.0184,0.038,0.182,22.93,14.46,-0.44,0,47.69,17.47,34.67,11.34,11.0,168.05,-0.37,29.3,Avoid,2026-06-22,,,,1
ADANIPORTS.NS,2026-06-22,5.33,0.615,3.0,4.88,6.31,3.91,4.87,4,0.2268,0.3439,0.0177,0.3368,1.25,28.43,13.97,0.98,0,59.13,19.44,31.41,15.59,14.0,64.05,0.202,62.0,Caution,2026-06-22,,,,2
RBLBANK.NS,2026-06-22,7.51,0.692,6.0,5.68,7.73,7.15,7.29,4,0.2669,0.2733,0.1024,0.663,2.102,34.08,18.15,2.11,-1,69.78,23.69,26.86,5.81,5.81,,0.436,65.3,Buy,2026-06-22,,,,4
GOLDBEES.NS,2026-06-22,5.13,-0.123,5.0,5.0,5.19,5.04,5.08,0,,,,,,,,0.0,0,40.45,21.57,,,,,1.433,28.0,Caution,2026-06-22,,,,2
NATIONALUM.NS,2026-06-22,7.84,-0.246,9.5,6.4,7.13,9.03,8.55,6,0.3772,0.0308,-0.0622,1.1216,2.935,38.26,28.73,-1.27,0,42.63,26.91,11.31,29.42,40.0,0.28,1.047,58.0,Buy,2026-06-22,,,,4
HCLTECH.NS,2026-06-22,3.71,-0.754,7.5,4.55,2.69,4.57,2.8,8,-0.3015,-0.1361,-0.0302,-0.3129,-1.227,34.86,29.87,-0.96,0,41.45,17.88,18.43,23.36,31.0,6.93,-0.559,2.7,Avoid,2026-06-22,,,,1
CMPDI.NS,2026-06-22,5.74,0.108,8.0,4.72,5.37,5.75,4.71,5,,,0.0342,,,,,0.0,0,60.62,39.47,29.46,28.36,38.0,0.06,14.374,15.3,Hold,2026-06-22,,,,3
JINDALSTEL.NS,2026-06-22,6.17,-0.277,6.0,6.09,5.66,7.16,7.02,4,0.1481,-0.0459,-0.0662,0.2689,0.975,23.12,14.24,-1.46,0,34.72,29.02,34.19,6.77,10.0,43.61,-0.118,30.7,Hold,2026-06-22,,,,3
ULTRACEMCO.NS,2026-06-22,5.14,-0.692,5.5,6.2,4.47,6.55,6.51,7,-0.0051,0.0428,-0.0276,0.006,0.027,25.83,14.82,-0.2,0,52.34,17.15,41.11,10.59,13.0,29.43,-0.129,19.3,Caution,2026-06-22,,,,2
LENSKART.NS,2026-06-22,5.27,0.185,3.0,5.58,5.79,5.09,6.33,6,0.2608,-0.0175,0.0263,,,28.66,17.67,0.37,0,57.89,13.79,177.05,6.65,8.0,34.98,1.13,53.3,Caution,2026-06-22,,,,2
AUROPHARMA.NS,2026-06-22,6.61,0.446,3.5,6.59,7.32,6.47,8.35,7,0.2505,0.1553,0.0256,0.3495,1.331,25.33,16.48,1.1,0,58.81,16.6,24.72,9.93,13.0,21.31,0.166,57.3,Hold,2026-06-22,,,,3
POWERINDIA.NS,2026-06-22,9.38,0.631,8.5,6.22,9.33,9.47,9.43,7,1.0242,0.4689,0.0316,0.9918,2.315,40.44,24.1,1.12,0,60.24,20.65,166.12,21.04,29.0,1.66,1.469,94.7,Strong Buy,2026-06-22,,,,5
ADANIENSOL.NS,2026-06-22,5.65,1.0,2.5,4.79,6.78,4.0,5.05,5,0.5768,0.5243,0.0962,0.8187,2.171,45.46,22.2,1.08,0,60.62,25.02,83.03,9.66,10.0,194.5,0.367,87.3,Hold,2026-06-22,,,,3
JSWENERGY.NS,2026-06-22,4.86,0.646,2.5,4.07,5.87,3.17,3.85,4,0.2374,0.1518,0.0484,0.1587,0.537,34.11,22.42,1.05,0,58.01,12.82,45.79,8.82,8.0,229.16,-0.516,56.7,Caution,2026-06-22,,,,2
HDFCAMC.NS,2026-06-22,7.11,0.662,6.5,5.25,7.45,6.23,6.06,5,0.0095,0.1521,-0.0034,0.1122,0.372,39.9,22.98,0.72,0,57.76,20.67,40.38,32.93,43.0,2.36,0.418,32.0,Buy,2026-06-22,,,,4
PINELABS.NS,2026-06-22,3.04,-0.646,4.0,4.53,2.86,3.13,2.7,7,-0.317,-0.0702,0.046,,,53.55,38.74,-0.64,0,49.13,14.95,149.92,2.39,4.0,7.47,-1.36,3.3,Avoid,2026-06-22,,,,1
OFSS.NS,2026-06-22,8.81,0.308,9.0,6.37,8.52,9.3,9.11,7,0.3064,0.5213,0.0029,0.0528,0.17,35.83,16.86,0.76,0,55.86,23.73,32.26,32.61,45.0,0.41,-0.085,74.0,Strong Buy,2026-06-22,,,,5
NACLIND.NS,2026-06-22,5.86,0.692,5.0,4.88,6.38,4.85,4.99,5,0.365,0.5641,0.373,0.1822,0.307,62.68,27.16,3.85,-1,77.77,17.13,1027.76,0.82,8.0,45.68,1.015,86.7,Hold,2026-06-22,,,,3
LAURUSLABS.NS,2026-06-22,8.03,1.0,4.5,6.74,8.92,7.35,9.05,6,0.4154,0.456,0.0587,1.1653,4.025,27.52,13.17,1.37,-1,67.03,31.89,87.61,17.74,18.0,46.37,2.37,77.3,Buy,2026-06-22,,,,4
MANKIND.NS,2026-06-22,7.57,0.738,4.5,6.6,8.27,7.22,8.79,7,0.2023,0.2686,0.0329,0.0791,0.305,25.59,13.34,1.49,0,68.66,18.41,54.76,12.45,14.0,38.11,0.066,58.7,Buy,2026-06-22,,,,4
CANBK.NS,2026-06-22,4.92,0.123,4.5,4.83,5.31,4.26,4.52,3,-0.0705,0.0207,0.0416,0.2869,0.987,35.33,23.24,0.92,0,58.17,13.56,6.2,15.94,6.52,,0.135,14.7,Caution,2026-06-22,,,,2
CGPOWER.NS,2026-06-22,8.35,0.923,7.5,5.5,8.65,7.7,7.7,4,0.4577,0.4122,0.1091,0.4104,1.307,34.28,18.15,1.5,-1,66.51,24.55,124.84,19.56,27.0,1.44,0.308,79.3,Strong Buy,2026-06-22,,,,5
ATHERENERG.NS,2026-06-22,6.23,0.677,4.5,5.19,7.04,5.04,5.78,3,0.4492,0.2306,0.0425,1.9676,4.07,46.03,26.18,0.57,0,47.54,39.1,-107.45,-33.74,-20.0,25.82,3.752,73.3,Hold,2026-06-22,,,,3
INDHOTEL.NS,2026-06-22,6.58,0.477,4.5,5.67,7.24,5.94,6.98,9,0.0152,0.1908,0.1047,-0.0369,-0.15,29.07,18.2,2.7,-1,73.94,19.02,50.07,16.43,17.0,18.99,0.004,40.7,Hold,2026-06-22,,,,3
GREAVESCOT.NS,2026-06-22,6.75,0.815,5.0,5.19,7.5,5.5,6.0,5,0.2013,0.5776,0.2383,0.0781,0.192,49.1,26.28,2.38,-1,75.15,29.01,46.51,10.1,10.0,12.33,0.418,75.3,Hold,2026-06-22,,,,3
IGARASHI.NS,2026-06-22,5.43,0.615,4.0,4.57,6.04,4.41,4.82,5,0.1104,0.5043,0.2185,-0.0017,-0.004,60.96,29.51,2.73,-1,75.74,26.82,123.04,2.61,4.0,31.01,-0.204,69.3,Caution,2026-06-22,,,,2
ITCHOTELS.NS,2026-06-22,4.12,0.123,2.5,4.87,4.58,3.56,4.17,6,-0.063,0.1928,0.1303,-0.1635,-0.548,34.87,18.66,3.13,-1,75.66,19.78,45.16,7.32,11.0,0.63,-0.118,33.3,Avoid,2026-06-22,,,,1
NYKAA.NS,2026-06-22,8.35,0.769,6.0,5.97,8.77,7.78,8.27,7,0.2468,0.265,0.127,0.5511,1.888,29.01,15.06,3.09,-1,75.02,23.69,434.79,14.34,17.0,82.41,0.834,62.7,Buy,2026-06-22,,,,4
CLEANMAX.NS,2026-06-22,6.38,0.415,5.5,5.1,6.69,5.71,5.72,5,,0.7626,0.3638,,,52.24,28.05,2.24,-1,75.48,37.83,167.68,1.96,6.0,229.64,9.675,90.7,Hold,2026-06-22,,,,3
SWANCORP.NS,2026-06-22,3.16,-0.554,5.0,3.92,2.89,3.07,2.2,5,-0.3065,0.0254,0.0116,-0.2276,-0.582,38.81,24.99,0.05,0,56.21,12.06,37.73,2.99,4.0,24.52,-0.741,4.0,Avoid,2026-06-22,,,,1
SOLARINDS.NS,2026-06-22,8.61,0.692,8.5,5.68,8.61,8.25,7.74,6,0.5608,0.4258,0.0035,0.0756,0.241,33.88,20.1,1.17,0,61.73,28.06,99.18,31.33,37.0,23.27,0.88,84.0,Strong Buy,2026-06-22,,,,5
POWERMECH.NS,2026-06-22,8.35,0.877,7.0,5.53,8.65,7.7,7.7,7,0.2604,0.452,0.1367,-0.0558,-0.146,45.94,23.96,1.77,-1,69.16,31.68,25.17,17.26,22.0,25.63,0.016,72.0,Strong Buy,2026-06-22,,,,5
DENTA.NS,2026-06-22,4.69,0.492,4.5,3.99,5.36,3.2,3.14,4,-0.0504,0.3448,0.138,0.1582,0.298,49.95,30.1,2.56,-1,79.22,24.54,14.24,14.04,19.0,2.64,-0.173,46.7,Caution,2026-06-22,,,,2
ANANDRATHI.NS,2026-06-22,9.67,0.8,9.0,6.36,9.75,9.55,9.6,5,0.2851,0.2795,0.0603,0.8522,3.1,21.41,10.1,1.93,0,74.76,22.41,81.5,46.74,59.0,8.25,1.23,67.3,Strong Buy,2026-06-22,,,,5
MOTHERSON.NS,2026-06-22,8.29,0.738,6.0,6.1,8.7,7.77,8.24,5,0.2488,0.3111,0.0731,0.4683,1.363,40.93,21.23,1.32,0,59.9,40.74,39.96,10.11,13.0,43.91,0.061,63.3,Buy,2026-06-22,,,,4
NLCINDIA.NS,2026-06-22,7.68,0.215,7.0,5.79,7.54,7.91,7.82,5,0.3985,0.23,-0.0417,0.4731,1.291,48.85,24.55,0.42,0,50.89,22.13,12.89,15.97,10.0,82.0,0.356,70.7,Buy,2026-06-22,,,,4
KIRLOSIND.NS,2026-06-22,6.16,0.692,3.5,5.65,7.06,5.35,6.84,7,0.307,0.578,0.391,0.1638,0.372,64.24,27.9,4.07,-1,80.96,26.79,28.61,4.33,7.0,13.48,-0.564,82.7,Hold,2026-06-22,,,,3
MUTHOOTFIN.NS,2026-06-22,4.59,-0.446,8.0,4.22,3.96,4.83,3.3,5,-0.1351,-0.0219,-0.0413,0.2311,0.65,39.67,25.05,-0.64,0,51.12,14.39,12.19,30.41,15.8,379.71,0.955,8.0,Caution,2026-06-22,,,,2
KIRLOSBROS.NS,2026-06-23,5.5,0.8,7.0,4.41,5.5,5.5,5.08,4,0.2318,0.3667,0.2584,0.127,0.293,49.02,27.34,2.59,-1,74.16,32.46,43.07,16.48,21.0,10.1,-0.2,71.3,Hold,2026-06-23,,,,3
IDBI.NS,2026-06-23,3.84,0.138,4.0,3.59,4.38,3.4,3.07,3,-0.124,0.2756,0.1785,-0.0164,-0.035,54.7,23.99,2.49,-1,62.94,31.08,9.95,14.15,6.5,,-0.095,35.3,Avoid,2026-06-23,,,,1
EPACK.NS,2026-06-23,2.46,-0.431,1.0,2.63,2.76,1.93,2.06,1,-0.1839,0.0558,-0.0009,-0.2917,-0.573,66.74,38.25,-0.29,0,50.48,16.4,712.21,0.34,5.0,76.95,-0.101,9.3,Avoid,2026-06-23,,,,1
KSCL.NS,2026-06-23,6.13,0.154,5.5,4.93,6.18,5.87,5.64,6,-0.022,0.1433,0.0338,-0.2724,-0.763,36.36,17.41,0.51,0,60.04,26.58,16.34,18.16,19.0,,-0.239,30.0,Buy,2026-06-23,,,,4
DELHIVERY.NS,2026-06-23,6.0,0.738,2.0,5.66,6.0,5.62,6.0,5,0.1737,0.1581,0.0279,0.3412,1.12,28.66,18.18,1.36,0,63.23,18.4,240.63,1.6,3.0,15.1,0.119,53.3,Buy,2026-06-23,,,,4
POLICYBZR.NS,2026-06-23,5.01,-0.538,5.0,5.22,4.62,5.66,5.41,6,-0.1156,0.1311,-0.0931,-0.1433,-0.444,31.17,20.63,0.02,0,49.97,22.47,111.74,9.74,10.0,4.92,0.15,13.3,Caution,2026-06-23,,,,2
AEGISLOG.NS,2026-06-23,5.5,0.908,7.0,6.04,5.5,5.5,5.5,8,0.4468,0.7956,0.4763,0.3775,0.935,50.93,19.59,2.58,-1,84.41,55.52,41.29,15.26,14.0,47.24,0.191,90.7,Hold,2026-06-23,,,,3
TATACOMM.NS,2026-06-23,6.0,0.785,3.5,5.34,6.0,5.59,6.0,6,0.1189,0.4762,0.0162,0.2383,0.708,40.49,19.36,1.51,-1,64.27,30.0,55.45,31.13,15.0,335.85,-0.003,61.3,Buy,2026-06-23,,,,4
SCI.NS,2026-06-23,7.74,0.615,7.0,5.51,7.73,7.6,7.38,6,0.5489,0.4629,0.0407,0.5735,1.277,50.37,24.64,0.76,0,59.22,20.89,11.04,14.3,14.0,29.45,0.157,86.0,Buy,2026-06-23,,,,4
RBA.NS,2026-06-23,4.0,0.677,4.0,5.41,4.0,4.0,4.0,5,0.2548,0.2897,0.1603,0.0411,0.139,25.6,8.55,3.03,-1,83.08,31.1,-24.71,-25.79,0.0,285.66,-0.63,68.0,Avoid,2026-06-23,,,,1
AEQUS.NS,2026-06-23,4.0,0.523,3.5,4.2,4.0,3.74,3.95,3,0.5281,0.9198,0.0898,,,77.88,36.46,1.65,-1,67.42,27.76,-123.33,-10.29,2.0,47.18,1.864,91.3,Avoid,2026-06-23,,,,1
VOLTAS.NS,2026-06-23,3.6,-0.323,2.5,4.4,3.82,3.31,3.53,3,-0.0319,0.0642,0.0473,0.0619,0.203,35.05,25.01,0.02,0,53.33,17.76,116.75,5.72,9.0,15.51,-0.371,20.0,Avoid,2026-06-23,,,,1
CLEAN.NS,2026-06-23,4.61,-0.369,5.0,4.56,4.35,4.76,4.2,4,-0.1063,0.186,0.0742,-0.4306,-1.31,41.85,26.01,0.61,0,55.69,22.58,37.18,15.31,21.0,0.14,-0.961,23.3,Caution,2026-06-23,,,,2
ABCAPITAL.NS,2026-06-23,5.5,0.677,5.0,3.53,5.91,4.21,3.7,3,0.1005,0.3011,0.057,0.5009,1.52,39.96,21.82,1.8,0,62.22,20.21,26.97,11.18,8.72,491.75,0.625,54.7,Caution,2026-06-23,,,,2
NHPC.NS,2026-06-23,6.14,-0.123,8.0,4.83,5.64,6.37,5.22,4,0.0352,0.0348,-0.0069,-0.0134,-0.055,30.13,21.37,-0.14,0,54.99,20.28,28.12,9.02,6.0,113.11,-0.57,25.3,Buy,2026-06-23,,,,4
TRITURBINE.NS,2026-06-23,6.0,0.708,7.0,5.14,6.0,6.0,6.0,5,0.3643,0.6488,0.0394,0.188,0.515,53.02,23.75,1.33,-1,61.31,36.2,65.3,26.22,36.0,2.48,0.111,81.3,Buy,2026-06-23,,,,4
LLOYDSENGG.NS,2026-06-23,6.5,1.0,8.0,4.38,6.5,6.11,5.14,3,0.5652,1.3003,0.141,0.5707,1.149,61.62,28.65,1.88,-1,67.97,35.72,58.97,16.82,17.0,6.45,0.052,96.0,Buy,2026-06-23,,,,4
KIRLPNU.NS,2026-06-23,6.5,0.938,9.0,6.35,6.5,6.5,6.5,6,0.9512,0.8873,0.1931,0.4996,1.339,50.02,21.43,2.15,-1,71.15,33.96,50.43,21.47,28.0,0.26,0.364,96.7,Buy,2026-06-23,,,,4
YESBANK.NS,2026-06-23,5.44,0.862,2.0,4.83,6.5,4.29,5.47,5,0.1313,0.3909,0.0753,0.2648,0.973,34.3,17.43,1.5,-1,61.94,30.67,21.92,7.09,5.98,,-0.166,60.0,Caution,2026-06-23,,,,2
RECLTD.NS,2026-06-23,5.73,0.631,4.5,4.15,6.0,4.38,4.29,5,0.0904,0.1436,0.072,-0.0057,-0.022,31.46,20.15,0.77,0,58.68,16.64,5.86,19.96,9.71,607.46,-0.576,46.0,Hold,2026-06-23,,,,3
BAJAJFINSV.NS,2026-06-23,2.86,-0.385,1.5,3.89,3.16,2.4,2.64,3,-0.1364,0.0534,-0.0198,-0.1025,-0.457,26.42,16.55,0.12,0,52.72,22.58,28.96,14.6,11.0,256.36,-0.04,12.7,Avoid,2026-06-23,,,,1
RVNL.NS,2026-06-23,1.89,-0.877,2.0,3.32,1.77,1.98,1.76,4,-0.2452,-0.0404,-0.0755,-0.366,-1.067,37.06,25.95,-1.14,1,41.79,33.08,57.04,8.98,11.0,49.08,-0.64,4.0,Avoid,2026-06-23,,,,1
JSLL.NS,2026-06-23,6.35,-0.446,9.5,5.62,5.38,7.7,6.69,6,-0.1988,-0.0023,-0.078,0.4118,0.692,87.71,55.1,-1.05,0,45.94,10.66,32.81,59.92,64.0,27.26,-0.407,5.3,Buy,2026-06-23,,,,4
URBANCO.NS,2026-06-23,3.87,0.015,3.5,4.12,4.0,3.39,3.29,3,0.0484,0.2092,0.0795,,,43.79,29.45,0.29,0,58.67,24.46,-84.28,-11.92,-8.0,6.33,-0.723,46.7,Avoid,2026-06-23,,,,1
CRAFTSMAN.NS,2026-06-23,6.5,0.815,6.5,6.0,6.5,6.5,6.5,7,0.3466,0.3665,0.0898,0.7872,2.147,39.33,15.19,1.41,-1,60.84,44.06,58.7,12.55,14.0,111.01,0.86,73.3,Buy,2026-06-23,,,,4
HEROMOTOCO.NS,2026-06-23,6.61,-0.754,10.0,6.0,5.52,8.27,7.35,5,-0.1227,-0.0178,-0.0017,0.1742,0.652,26.8,19.34,-0.57,0,49.82,12.26,17.36,28.03,36.0,3.57,-0.326,10.7,Buy,2026-06-23,,,,4
INDUSINDBK.NS,2026-06-23,6.0,0.554,5.5,5.82,6.0,6.0,6.0,5,0.0719,0.1633,-0.0288,0.0811,0.289,35.12,21.86,0.39,0,47.69,18.32,79.29,1.36,5.68,,-0.777,42.0,Buy,2026-06-23,,,,4
TATAPOWER.NS,2026-06-23,4.84,0.062,2.5,4.9,5.34,4.31,5.05,4,0.0531,0.0357,-0.0479,0.0483,0.232,22.89,14.69,-0.72,0,43.02,17.05,34.07,11.34,11.0,168.05,-0.395,26.0,Caution,2026-06-23,,,,2
LENSKART.NS,2026-06-23,5.5,0.185,3.0,5.5,5.88,5.39,6.0,6,0.0984,0.0243,0.0058,,,28.55,17.51,0.19,0,55.15,14.24,177.14,6.65,8.0,34.98,1.083,36.0,Hold,2026-06-23,,,,3
JSWENERGY.NS,2026-06-23,4.88,0.554,2.5,4.11,5.75,3.38,3.89,4,0.1936,0.1826,-0.009,0.1879,0.634,34.31,22.89,0.64,0,51.51,12.3,44.62,8.82,8.0,229.16,-0.544,54.0,Caution,2026-06-23,,,,2
HDFCAMC.NS,2026-06-23,7.65,0.662,6.5,5.27,7.9,6.99,6.83,5,0.0249,0.2147,-0.0004,0.123,0.408,39.85,22.99,0.63,0,56.77,20.04,40.34,32.93,43.0,2.36,0.41,40.0,Buy,2026-06-23,,,,4
NACLIND.NS,2026-06-23,5.12,0.631,4.0,4.89,5.5,5.06,5.5,5,0.3375,0.5692,0.2588,0.1681,0.282,63.15,28.81,2.92,-1,69.41,19.96,935.09,0.82,8.0,45.68,0.945,83.3,Caution,2026-06-23,,,,2
GREAVESCOT.NS,2026-06-23,6.41,0.585,5.0,5.21,6.5,6.13,6.36,5,0.1398,0.6058,0.1325,0.0736,0.18,49.65,27.13,1.93,-1,66.86,30.83,44.98,10.1,10.0,12.33,0.374,72.0,Buy,2026-06-23,,,,4
INDHOTEL.NS,2026-06-23,6.48,0.369,4.5,5.76,6.5,6.5,6.5,9,-0.0054,0.2486,0.1067,-0.0239,-0.097,28.9,18.27,2.35,-1,70.53,20.56,49.39,16.43,17.0,18.99,-0.011,44.0,Buy,2026-06-23,,,,4
CLEANMAX.NS,2026-06-23,6.0,0.385,5.5,5.02,6.0,6.0,6.0,5,,0.6759,0.351,,,52.28,28.06,2.12,-1,75.09,39.71,166.45,1.96,6.0,229.64,9.384,89.3,Buy,2026-06-23,,,,4
NYKAA.NS,2026-06-23,5.5,0.877,6.0,5.97,5.5,5.5,5.5,7,0.2168,0.2909,0.1378,0.5622,1.926,28.93,15.09,2.78,-1,73.41,26.14,432.93,14.34,17.0,82.41,0.823,66.0,Hold,2026-06-23,,,,3
IGARASHI.NS,2026-06-23,4.83,0.615,4.0,4.7,5.5,4.68,4.99,5,0.1104,0.6165,0.2495,0.0417,0.085,60.31,29.51,2.73,-1,76.89,30.19,125.47,2.61,4.0,31.01,-0.187,72.7,Caution,2026-06-23,,,,2
ITCHOTELS.NS,2026-06-23,3.87,0.108,2.5,4.94,5.05,4.37,5.08,6,-0.0738,0.2813,0.154,-0.1453,-0.487,34.64,18.66,3.08,-1,76.79,23.06,45.5,7.32,11.0,0.63,-0.096,41.3,Avoid,2026-06-23,,,,1
SWANCORP.NS,2026-06-23,3.94,-0.446,5.0,3.94,3.62,3.95,3.05,5,-0.2947,0.0628,0.0361,-0.2063,-0.527,38.86,24.99,0.3,0,58.94,13.96,38.13,2.99,4.0,24.52,-0.732,4.7,Avoid,2026-06-23,,,,1
ANANDRATHI.NS,2026-06-23,6.0,0.877,9.0,6.37,6.0,6.0,6.0,5,0.2783,0.3182,0.0681,0.8781,3.195,21.43,10.1,1.95,0,74.24,25.05,81.21,46.74,59.0,8.25,1.225,69.3,Buy,2026-06-23,,,,4
POWERMECH.NS,2026-06-23,6.5,0.785,7.0,5.55,6.5,6.5,6.5,7,0.2529,0.5376,0.1445,-0.0798,-0.209,46.07,24.14,1.57,-1,65.24,32.38,24.81,17.26,22.0,25.63,-0.002,74.7,Buy,2026-06-23,,,,4
DENTA.NS,2026-06-23,4.23,0.477,4.5,3.85,5.4,3.97,3.62,4,0.0034,0.4923,0.3097,0.201,0.378,50.4,30.1,2.88,-1,81.58,27.48,14.8,14.04,19.0,2.64,-0.123,63.3,Avoid,2026-06-23,,,,1
NLCINDIA.NS,2026-06-23,7.71,0.215,7.0,5.82,7.55,7.95,7.81,5,0.3883,0.289,-0.0473,0.5027,1.373,48.54,24.55,0.37,0,50.6,20.9,12.87,15.97,10.0,82.0,0.354,70.7,Buy,2026-06-23,,,,4
KIRLOSIND.NS,2026-06-23,5.5,0.754,3.5,5.63,5.5,5.5,5.5,7,0.2706,0.5142,0.325,0.1397,0.316,64.64,29.05,3.14,-1,73.0,30.35,27.44,4.33,7.0,13.48,-0.604,79.3,Hold,2026-06-23,,,,3
MEESHO.NS,2026-06-23,4.0,-0.323,7.0,4.86,4.0,4.0,4.0,3,-0.1665,0.3166,-0.0333,,,58.46,29.77,0.62,0,60.96,18.33,-59.87,-46.56,-36.0,1.43,0.204,19.3,Avoid,2026-06-23,,,,1
KIRLOSENG.NS,2026-06-23,5.5,0.938,4.0,6.66,5.5,5.5,5.5,7,0.9518,0.9449,0.4304,1.9459,4.24,59.38,22.14,3.58,-1,83.78,37.22,64.3,16.82,15.0,150.32,0.637,97.3,Caution,2026-06-23,,,,2
VEDL.NS,2026-06-23,5.28,-0.831,6.5,5.83,4.27,6.98,6.36,8,-0.5076,-0.5565,-0.1832,-0.3137,-0.426,140.81,135.76,-0.89,1,28.79,34.42,15.69,20.4,16.0,48.04,-0.403,0.7,Avoid,2026-06-23,,,,1
HDFCBANK.NS,2026-06-23,3.97,-0.169,1.5,4.82,4.44,3.56,4.35,5,-0.201,0.0582,0.011,-0.1752,-0.893,27.14,17.33,0.65,0,56.95,21.39,17.28,13.82,7.04,,-0.453,8.7,Avoid,2026-06-23,,,,1
RELIANCE.NS,2026-06-23,4.65,-0.754,5.5,5.46,3.92,5.97,5.65,5,-0.1594,-0.0655,-0.03,-0.0785,-0.387,25.5,18.83,-0.73,0,47.04,17.79,21.94,9.14,10.0,36.65,-0.509,6.0,Avoid,2026-06-23,,,,1
INFY.NS,2026-06-23,4.19,-0.877,6.0,4.81,3.36,5.13,4.0,8,-0.3583,-0.1633,-0.0994,-0.3403,-1.23,35.87,28.57,-2.11,1,32.15,17.46,13.65,31.44,40.0,9.83,-0.825,1.3,Avoid,2026-06-23,,,,1
ICICIBANK.NS,2026-06-23,5.51,0.246,2.5,5.36,6.2,4.91,6.1,3,-0.0117,0.0945,0.0463,-0.0444,-0.243,23.11,13.69,1.15,0,61.95,26.33,17.89,16.36,7.2,,0.077,28.0,Caution,2026-06-23,,,,2
PPLPHARMA.NS,2026-06-23,4.0,-0.246,4.5,5.4,4.0,4.0,4.0,5,-0.014,0.2673,-0.0557,-0.1199,-0.369,40.86,20.71,0.49,0,53.8,15.8,-68.65,-4.0,3.0,69.52,-0.064,38.0,Avoid,2026-06-23,,,,1
BSE.NS,2026-06-23,6.0,0.323,10.0,6.24,6.0,6.0,6.0,8,0.4682,0.4522,-0.1048,0.5188,1.295,38.48,21.54,0.46,0,47.56,21.46,65.16,36.0,58.0,0.0,2.161,80.0,Hold,2026-06-23,,,,3
TCS.NS,2026-06-23,5.27,-0.892,6.5,5.94,4.22,7.1,6.5,6,-0.3524,-0.1243,-0.0952,-0.3748,-1.514,33.68,27.02,-2.07,1,32.32,17.13,15.15,48.4,63.0,10.39,-1.31,2.0,Avoid,2026-06-23,,,,1
COHANCE.NS,2026-06-23,3.76,0.185,3.0,3.99,4.17,2.91,2.97,4,-0.1498,0.5237,0.0527,-0.5379,-1.043,79.35,29.67,0.86,0,62.88,27.59,98.24,3.84,8.0,9.93,-0.568,46.7,Avoid,2026-06-23,,,,1
HSCL.NS,2026-06-23,7.1,0.723,7.0,5.0,7.19,6.46,5.9,4,0.3382,0.461,0.0542,0.4618,1.349,41.64,24.5,0.75,0,49.15,30.14,42.62,17.7,22.0,16.17,0.568,76.7,Hold,2026-06-23,,,,3
PACEDIGITK.NS,2026-06-23,5.43,0.185,7.5,4.38,5.41,5.46,4.16,4,0.064,0.3262,0.0244,,,54.49,31.05,1.9,-1,66.22,13.14,13.64,17.75,21.0,43.56,-0.321,57.3,Avoid,2026-06-23,,,,1
SILVERBEES.NS,2026-06-23,4.65,-0.2,5.0,5.0,4.5,4.9,4.8,0,,,,,,,,0.0,0,35.02,17.02,,,,,1.14,38.7,Avoid,2026-06-23,,,,1
SBIN.NS,2026-06-23,5.32,0.585,4.0,4.63,5.88,4.32,4.59,2,0.0636,0.0104,0.0575,0.3281,1.471,28.78,22.31,0.27,0,57.38,17.03,11.23,15.48,6.13,,0.298,32.0,Avoid,2026-06-23,,,,1
BHARTIARTL.NS,2026-06-23,5.48,-0.108,4.0,5.76,5.52,5.92,6.63,6,-0.0935,0.0589,0.0296,0.0216,0.11,23.05,15.5,1.42,0,60.96,19.06,42.76,19.36,18.0,99.72,0.493,14.0,Caution,2026-06-23,,,,2
LT.NS,2026-06-23,6.35,0.631,5.0,4.81,6.91,5.25,5.41,3,0.036,0.2626,0.0351,0.1655,0.664,28.11,13.71,1.43,0,62.8,19.86,35.78,16.95,15.0,97.64,0.139,49.3,Hold,2026-06-23,,,,3
EMSLIMITED.NS,2026-06-23,3.79,0.477,4.0,3.51,5.11,3.36,3.24,3,-0.0045,0.5917,0.3581,-0.2281,-0.434,69.95,35.94,3.47,-1,79.57,24.66,27.35,8.96,13.0,14.57,-0.367,72.0,Avoid,2026-06-23,,,,1
M&M.NS,2026-06-23,5.32,-0.754,8.0,5.42,4.22,6.86,5.75,5,-0.1571,0.0276,-0.0225,-0.0107,-0.039,30.1,19.58,-0.78,0,45.56,15.93,19.95,18.75,15.0,125.07,-0.125,10.0,Avoid,2026-06-23,,,,1
NETWEB.NS,2026-06-23,6.0,1.0,7.0,5.47,6.0,6.0,6.0,3,0.515,0.5951,0.2787,1.8642,3.19,60.0,31.54,1.59,-1,60.64,28.93,135.72,32.83,38.0,39.02,0.572,88.7,Hold,2026-06-23,,,,3
BAJFINANCE.NS,2026-06-23,4.86,0.092,5.5,4.03,4.92,4.18,3.46,4,-0.0455,0.1843,0.0346,0.0687,0.237,32.46,20.61,1.28,0,62.21,19.74,31.55,17.91,10.8,313.41,0.39,30.0,Avoid,2026-06-23,,,,1
AXISBANK.NS,2026-06-23,4.95,0.738,1.0,4.33,6.12,3.15,4.11,3,0.108,0.1648,0.0494,0.1209,0.517,26.74,15.03,1.28,0,65.83,20.27,16.14,13.15,6.24,,-0.042,52.0,Avoid,2026-06-23,,,,1
DIXON.NS,2026-06-23,4.35,-0.108,4.0,4.5,4.54,3.9,3.87,5,-0.1007,0.206,0.0222,-0.1476,-0.389,43.28,24.47,1.1,0,52.96,19.24,44.37,37.13,42.0,18.46,-0.124,23.3,Avoid,2026-06-23,,,,1
CIPLA.NS,2026-06-23,6.95,0.492,5.0,5.45,7.4,6.38,6.96,4,-0.0465,0.1839,0.0205,-0.0148,-0.069,28.06,12.0,1.43,0,65.12,19.29,29.86,11.74,15.0,1.78,-0.335,29.3,Hold,2026-06-23,,,,3
HINDALCO.NS,2026-06-23,5.42,-0.185,4.5,5.36,5.48,5.58,5.95,2,0.1582,0.1744,-0.106,0.5499,2.0,30.05,19.24,-0.83,0,35.78,26.25,16.38,10.29,14.0,72.6,0.506,51.3,Avoid,2026-06-23,,,,1
HFCL.NS,2026-06-23,6.0,0.985,4.5,5.45,6.0,6.0,6.0,4,2.1549,2.0424,0.2502,1.5524,3.393,61.6,27.54,1.49,-1,67.01,54.66,94.53,7.27,11.0,38.32,0.541,100.0,Hold,2026-06-23,,,,3
NATIONALUM.NS,2026-06-23,7.38,-0.338,8.5,6.52,6.7,8.56,8.17,6,0.2985,0.0212,-0.1461,1.0417,2.69,39.59,31.22,-2.26,1,34.6,28.27,10.62,29.42,40.0,0.28,0.926,56.0,Buy,2026-06-23,,,,4
TATASTEEL.NS,2026-06-23,6.95,-0.215,6.5,7.09,6.4,8.14,8.16,7,0.1711,0.0555,-0.0614,0.3083,1.144,21.64,15.56,-1.52,0,37.04,17.47,22.35,11.16,13.0,89.02,0.006,45.3,Hold,2026-06-23,,,,3
BEL.NS,2026-06-23,7.88,0.2,7.5,6.05,7.68,8.22,8.08,7,0.0737,0.0358,-0.0002,0.0608,0.238,22.99,15.38,-0.42,0,51.11,25.69,50.72,27.56,37.0,0.27,0.38,33.3,Buy,2026-06-23,,,,4
HAL.NS,2026-06-23,6.93,0.692,5.5,5.01,7.44,5.94,6.1,6,0.054,0.2382,0.0164,-0.0713,-0.263,30.84,17.67,0.76,0,60.95,21.38,33.0,23.98,32.0,0.03,-0.427,48.0,Hold,2026-06-23,,,,3
IDEA.NS,2026-06-23,4.0,0.677,4.5,5.91,4.0,4.0,4.0,5,0.2082,0.6609,0.0219,1.2828,2.574,39.88,16.66,1.05,-1,57.03,38.44,4.5,-1.6,-2.0,,-0.284,74.0,Avoid,2026-06-23,,,,1
ADANIPOWER.NS,2026-06-23,8.4,0.508,8.5,5.87,8.35,8.33,8.1,5,0.6323,0.565,-0.0537,1.1565,2.698,39.43,20.72,0.73,0,55.5,17.52,34.95,20.91,17.0,82.33,0.435,88.0,Buy,2026-06-23,,,,4
ADANIPORTS.NS,2026-06-23,5.49,0.462,3.0,4.9,6.26,4.43,5.24,4,0.1972,0.3743,-0.0109,0.339,1.255,28.78,14.79,0.68,0,49.6,18.38,30.61,15.59,14.0,64.05,0.156,66.7,Caution,2026-06-23,,,,2
LAURUSLABS.NS,2026-06-23,6.0,1.0,5.5,6.74,6.0,6.0,6.0,6,0.4184,0.542,0.078,1.2959,4.455,27.53,13.17,1.63,-1,72.56,32.34,89.7,17.74,18.0,46.37,2.449,82.7,Hold,2026-06-23,,,,3
OLAELEC.NS,2026-06-23,3.78,0.692,1.0,3.23,4.0,2.39,2.98,2,0.2691,0.8709,0.161,-0.0405,-0.061,77.55,34.24,1.11,-1,58.08,31.98,-10.49,-43.16,-20.0,82.45,-0.601,86.0,Avoid,2026-06-23,,,,1
MCX.NS,2026-06-23,7.72,-0.246,10.0,6.49,7.01,8.85,8.3,6,0.3733,0.2232,-0.144,0.8302,2.22,34.6,23.27,-0.33,0,43.37,26.94,54.19,37.88,71.0,0.11,2.273,69.3,Buy,2026-06-23,,,,4
MTARTECH.NS,2026-06-23,6.0,1.0,6.0,5.99,6.0,6.0,6.0,6,2.4718,1.4085,0.031,3.7246,6.444,83.33,42.92,1.2,-1,58.85,25.05,264.65,12.12,15.0,45.78,2.061,99.3,Hold,2026-06-23,,,,3
SYRMA.NS,2026-06-23,6.0,1.0,5.0,6.0,6.0,6.0,6.0,6,0.8816,0.8405,0.2986,1.6884,4.057,39.93,20.33,2.03,-1,79.12,56.22,80.91,14.14,17.0,13.04,1.242,96.7,Hold,2026-06-23,,,,3
TMPV.NS,2026-06-23,3.66,-0.492,3.0,5.02,3.56,4.0,4.0,3,0.0137,0.1711,-0.0729,-0.4683,-0.931,40.21,25.59,-0.03,0,40.98,19.82,1.51,-1.12,3.0,70.36,-1.076,30.7,Avoid,2026-06-23,,,,1
BAJAJ-AUTO.NS,2026-06-23,7.29,0.062,9.5,5.44,6.87,7.63,6.86,4,0.1293,0.1584,-0.0403,0.2269,1.042,23.66,12.53,0.23,0,45.47,15.77,26.09,28.05,28.0,56.29,-0.118,50.0,Hold,2026-06-23,,,,3
GROWW.NS,2026-06-23,6.24,-0.215,10.0,4.92,5.56,6.68,5.28,6,0.2091,0.1996,0.0304,,,50.07,29.59,-0.01,0,49.3,18.5,57.21,28.72,37.0,3.03,1.53,60.0,Hold,2026-06-23,,,,3
GVT&D.NS,2026-06-23,6.0,1.0,10.0,6.4,6.0,6.0,6.0,6,0.8463,0.5614,0.1146,1.2991,3.079,46.52,27.62,1.82,-1,63.08,26.48,111.77,55.26,76.0,0.89,1.808,92.0,Hold,2026-06-23,,,,3
MARUTI.NS,2026-06-23,6.87,-0.169,7.5,5.59,6.38,7.51,6.96,5,-0.1805,0.0887,0.0184,0.0617,0.267,25.23,15.79,0.72,0,54.63,13.64,28.8,14.43,19.0,0.1,-0.012,12.0,Hold,2026-06-23,,,,3
SUNPHARMA.NS,2026-06-23,9.18,0.8,7.5,6.41,9.43,8.88,9.18,6,0.0775,0.0623,0.0148,0.1449,0.742,24.38,15.41,1.15,0,66.0,16.45,39.01,14.72,21.0,5.52,0.329,36.7,Buy,2026-06-23,,,,4
IFCI.NS,2026-06-23,6.0,0.877,5.0,4.64,6.0,5.05,5.16,6,0.7024,0.6135,0.2668,0.4198,0.827,72.3,35.64,1.51,-1,56.56,39.19,118.23,5.03,5.03,,0.165,91.3,Hold,2026-06-23,,,,3
ADANIENT.NS,2026-06-23,4.77,0.938,3.0,3.49,6.09,3.15,3.55,2,0.3239,0.6171,-0.0017,0.2246,0.658,38.96,16.94,1.06,-1,58.49,46.55,40.18,13.66,6.0,119.56,-0.271,79.3,Avoid,2026-06-23,,,,1
TRENT.NS,2026-06-23,5.57,0.092,7.0,4.8,5.54,5.86,4.88,5,-0.2252,0.4065,0.1136,-0.4501,-0.958,38.16,17.71,1.96,-1,68.66,23.47,97.85,27.13,28.0,36.03,-0.687,28.7,Caution,2026-06-23,,,,2
GLAND.NS,2026-06-23,6.5,1.0,8.0,6.7,6.5,6.5,6.5,8,0.3792,0.4252,-0.0042,0.3372,1.099,44.16,17.6,1.23,-1,61.66,30.86,36.88,10.53,15.0,2.74,0.226,75.3,Hold,2026-06-23,,,,3
POWERINDIA.NS,2026-06-23,6.0,0.446,8.5,6.21,6.0,6.0,6.0,7,0.945,0.4879,0.0026,0.9623,2.245,40.56,24.39,0.92,0,55.99,20.23,163.63,21.04,29.0,1.66,1.432,93.3,Hold,2026-06-23,,,,3
ATHERENERG.NS,2026-06-23,4.0,0.969,4.5,5.29,4.0,4.0,4.0,3,0.4342,0.344,0.0591,2.154,4.438,46.69,26.18,1.15,0,56.27,38.52,-112.74,-33.74,-20.0,25.82,3.979,78.0,Avoid,2026-06-23,,,,1
ROTO.NS,2026-06-23,4.18,0.615,2.5,4.7,5.5,3.81,4.61,6,-0.0681,0.3378,0.2332,-0.2303,-0.539,45.74,24.32,3.18,-1,74.28,28.45,53.93,10.71,15.0,13.23,-0.347,52.7,Avoid,2026-06-23,,,,1
CARTRADE.NS,2026-06-23,5.5,0.538,7.5,5.04,5.5,5.5,5.5,6,-0.0387,0.5555,0.5507,0.5928,1.049,59.36,28.22,2.57,-1,76.39,51.19,59.28,9.85,12.0,5.36,1.335,72.7,Caution,2026-06-23,,,,2
JSWINFRA.NS,2026-06-23,4.3,0.738,4.0,4.08,5.5,3.69,3.77,5,0.14,0.3092,0.1325,0.0573,0.198,38.34,21.95,2.56,-1,72.56,24.12,43.26,13.95,14.0,59.0,-0.22,62.7,Avoid,2026-06-23,,,,1
DATAPATTNS.NS,2026-06-23,6.0,1.0,5.5,5.99,6.0,6.0,6.0,8,0.8898,0.5723,0.1778,0.6509,1.363,53.93,27.65,1.85,-1,65.7,25.9,99.28,16.73,23.0,0.3,0.415,94.0,Hold,2026-06-23,,,,3
ADANIGREEN.NS,2026-06-23,6.0,0.923,6.0,4.45,6.0,5.39,4.85,4,0.4803,0.8509,0.0369,0.618,1.469,46.02,19.95,1.07,-1,58.92,39.68,157.25,7.58,7.0,346.55,-0.316,90.0,Hold,2026-06-23,,,,3
ETERNAL.NS,2026-06-23,5.7,-0.092,5.0,5.52,5.57,6.0,6.0,6,-0.0947,0.1409,0.0351,0.0382,0.113,33.38,21.03,1.21,0,56.55,15.23,647.38,1.19,3.0,14.83,0.202,18.7,Caution,2026-06-23,,,,2
NMDC.NS,2026-06-23,7.95,-0.108,10.0,6.44,7.34,8.9,8.41,6,0.1514,0.1354,-0.0597,0.3287,1.175,30.89,19.07,-0.75,0,38.52,18.23,10.05,23.36,28.0,18.8,-0.117,50.7,Buy,2026-06-23,,,,4
NAUKRI.NS,2026-06-23,4.93,0.015,6.0,4.37,4.62,4.81,3.76,7,-0.2439,0.0379,0.0315,-0.3071,-1.14,28.36,19.37,0.67,0,56.52,15.82,45.26,4.57,5.0,0.64,-0.605,6.7,Avoid,2026-06-23,,,,1
PARAS.NS,2026-06-23,5.5,0.969,6.0,5.52,5.5,5.5,5.5,7,1.0846,1.2802,0.5533,0.6346,1.252,67.98,28.27,2.56,-1,74.95,45.6,122.41,13.14,17.0,3.73,-0.142,98.7,Caution,2026-06-23,,,,2
NTPC.NS,2026-06-23,6.83,-0.123,6.0,5.91,6.57,7.4,7.4,5,0.1483,-0.0209,-0.0644,0.1338,0.72,20.22,14.81,-1.02,0,44.91,30.24,11.98,13.69,8.0,118.13,-0.169,34.7,Hold,2026-06-23,,,,3
WIPRO.NS,2026-06-23,3.9,-0.877,4.5,5.37,3.28,5.19,5.13,4,-0.3231,-0.0696,-0.1435,-0.3128,-1.252,29.99,24.33,-2.28,1,30.14,24.4,13.89,15.44,18.0,22.85,-0.709,4.0,Avoid,2026-06-23,,,,1
GARUDA.NS,2026-06-23,7.5,0.492,10.0,5.16,7.24,7.34,6.37,7,-0.0462,0.265,0.1118,0.6169,0.997,62.68,36.42,1.59,0,68.48,12.65,14.43,31.13,42.0,2.65,0.552,42.7,Hold,2026-06-23,,,,3
NIACL.NS,2026-06-23,6.5,0.954,6.0,5.2,6.5,6.5,6.5,5,0.2527,0.5652,0.1987,0.1098,0.244,66.62,26.48,2.09,-1,67.17,30.33,22.77,3.42,4.0,,-0.371,78.7,Hold,2026-06-23,,,,3
KOTAKBANK.NS,2026-06-23,3.91,-0.077,1.0,4.88,4.36,3.56,4.4,3,-0.07,0.1265,0.0334,-0.0633,-0.3,22.39,14.8,1.68,0,60.97,20.68,20.72,11.39,6.93,,0.007,21.3,Avoid,2026-06-23,,,,1
BHARATFORG.NS,2026-06-23,5.5,1.0,3.0,5.28,5.5,5.21,5.5,5,0.5309,0.3055,0.115,0.668,2.292,29.95,15.4,2.53,-1,75.57,16.63,95.62,11.6,13.0,76.47,0.179,82.0,Caution,2026-06-23,,,,2
UNIONBANK.NS,2026-06-23,6.28,0.523,4.0,5.21,6.94,5.4,6.16,4,0.1369,0.0388,0.0451,0.2962,0.921,37.65,25.91,0.41,0,59.13,13.89,6.88,15.71,6.3,,0.247,44.7,Hold,2026-06-23,,,,3
SUZLON.NS,2026-06-23,7.19,0.677,8.5,4.55,7.27,6.27,5.26,6,0.1084,0.4594,0.068,-0.0678,-0.209,39.8,20.56,1.07,0,59.92,17.56,25.23,40.64,35.0,5.87,-0.082,66.0,Hold,2026-06-23,,,,3
BHEL.NS,2026-06-23,6.0,0.692,6.0,6.38,6.0,6.0,6.0,9,0.45,0.5814,-0.0428,0.6209,1.761,40.13,22.21,0.69,0,53.85,25.48,86.74,6.29,9.0,31.31,0.28,83.3,Hold,2026-06-23,,,,3
COFORGE.NS,2026-06-23,7.49,-0.015,9.5,5.81,7.01,8.07,7.46,8,-0.1954,0.3461,0.041,-0.1687,-0.455,46.46,27.01,1.47,0,60.89,20.22,33.83,18.6,24.0,7.52,0.335,22.7,Buy,2026-06-23,,,,4
APOLLO.NS,2026-06-23,6.0,0.877,7.5,4.91,6.0,6.0,6.0,4,0.7102,1.1564,-0.0125,1.1488,1.927,73.77,32.17,1.0,-1,53.63,38.07,129.6,11.21,14.0,41.53,1.511,94.7,Hold,2026-06-23,,,,3
ORIENTHOT.NS,2026-06-23,5.5,0.692,7.0,5.94,5.5,5.5,5.5,8,0.4012,0.5716,0.4306,-0.0275,-0.067,59.61,26.99,4.3,-1,80.07,28.52,37.22,9.41,12.0,17.14,-0.119,87.3,Caution,2026-06-23,,,,2
EIEL.NS,2026-06-23,4.79,0.492,5.5,3.61,5.3,4.12,3.43,3,0.1237,0.5968,0.0928,0.074,0.146,69.42,31.91,1.59,-1,71.26,21.62,21.76,16.89,20.0,34.13,-0.008,73.3,Avoid,2026-06-23,,,,1
DRREDDY.NS,2026-06-23,6.97,0.554,5.5,5.28,7.37,6.27,6.52,4,0.0181,0.0383,-0.02,-0.0125,-0.055,27.97,14.59,0.54,0,56.81,16.42,25.33,11.83,14.0,20.33,-0.098,24.7,Hold,2026-06-23,,,,3
ULTRACEMCO.NS,2026-06-23,5.68,-0.754,6.0,6.38,4.8,7.42,7.19,7,-0.0164,0.0912,-0.0272,-0.0036,-0.016,24.53,14.92,-0.44,0,49.11,16.39,40.81,10.59,13.0,29.43,-0.149,22.0,Caution,2026-06-23,,,,2
LODHA.NS,2026-06-23,2.86,-0.477,3.5,4.16,2.7,2.93,2.59,6,-0.1646,0.2512,0.0078,-0.359,-1.049,42.19,26.03,0.6,0,52.19,16.13,26.56,15.71,17.0,42.24,-0.751,16.7,Avoid,2026-06-23,,,,1
SANSERA.NS,2026-06-23,6.5,0.877,8.5,6.39,6.5,6.5,6.5,5,0.8099,0.5264,0.0836,1.4028,3.624,46.77,19.99,1.83,-1,69.41,23.21,59.95,11.13,14.0,19.02,1.384,90.7,Hold,2026-06-23,,,,3
WABAG.NS,2026-06-23,5.5,0.985,7.5,5.84,5.5,5.5,5.5,7,0.6106,0.7793,0.3862,0.4105,1.156,43.87,21.89,3.31,-1,85.9,34.3,30.14,15.67,21.0,8.87,0.631,92.7,Caution,2026-06-23,,,,2
LTM.NS,2026-06-23,4.74,-0.892,8.0,5.2,3.54,6.31,4.94,4,-0.3838,-0.0698,-0.0509,-0.2858,-0.967,38.89,30.0,-1.67,0,37.28,13.68,22.26,21.29,30.0,9.58,-0.648,2.7,Avoid,2026-06-23,,,,1
NEULANDLAB.NS,2026-06-23,6.0,0.862,10.0,5.23,6.0,6.0,6.0,6,0.1283,0.5666,0.0604,0.4837,1.134,38.4,17.2,1.46,-1,68.49,27.9,63.69,26.6,27.0,16.07,1.16,71.3,Hold,2026-06-23,,,,3
POWERGRID.NS,2026-06-23,5.42,0.0,2.5,5.58,5.92,5.27,6.52,6,0.1206,-0.0336,-0.0021,0.0525,0.266,19.48,13.45,-0.7,0,50.03,22.4,14.52,16.49,10.0,150.99,-0.43,34.0,Avoid,2026-06-23,,,,1
HCLTECH.NS,2026-06-23,4.2,-0.738,7.5,4.53,3.14,5.23,3.55,8,-0.3065,-0.1677,-0.0451,-0.3249,-1.272,34.96,30.11,-1.12,0,37.43,18.29,18.07,23.36,31.0,6.93,-0.592,3.3,Avoid,2026-06-23,,,,1
ZEEL.NS,2026-06-23,5.95,0.738,3.0,5.33,6.5,5.25,6.43,7,0.2688,0.6795,0.3875,-0.0809,-0.187,58.45,29.44,1.91,-1,66.11,38.17,40.73,2.33,3.0,2.26,-0.417,85.3,Caution,2026-06-23,,,,2
GOLDBEES.NS,2026-06-23,5.0,-0.2,5.0,5.0,5.0,5.0,5.0,0,,,,,,,,0.0,0,36.16,22.24,,,,,1.375,32.7,Avoid,2026-06-23,,,,1
BDL.NS,2026-06-23,4.14,0.108,3.5,4.01,4.57,3.19,3.19,6,0.0164,0.2003,0.0456,-0.2591,-0.653,41.62,24.41,0.97,0,65.89,24.82,120.61,10.19,14.0,0.01,-0.267,42.0,Avoid,2026-06-23,,,,1
NOCIL.NS,2026-06-23,5.52,0.677,2.5,5.28,6.5,4.89,6.14,6,0.2196,0.1806,0.1277,0.0454,0.115,55.27,23.87,1.97,-1,67.78,17.54,57.02,3.15,5.0,0.45,-0.604,63.3,Caution,2026-06-23,,,,2
PINELABS.NS,2026-06-23,3.45,-0.631,4.0,4.52,3.25,3.68,3.39,7,-0.3824,-0.0659,0.0878,,,53.64,38.87,-0.76,1,45.95,14.4,147.11,2.39,4.0,7.47,-1.387,4.7,Avoid,2026-06-23,,,,1
LIQUIDBEES.NS,2026-06-23,6.1,0.431,5.0,5.0,6.58,5.32,5.63,0,,,,,,,,0.0,0,53.23,94.14,,,,,-3.406,18.0,Hold,2026-06-23,,,,3
TECHM.NS,2026-06-23,5.6,-0.862,7.0,6.1,4.5,7.49,6.86,6,-0.1221,0.0228,-0.0295,-0.1351,-0.512,32.74,23.76,-0.79,0,43.99,13.26,26.09,16.61,23.0,7.27,-0.118,11.3,Caution,2026-06-23,,,,2
MANKIND.NS,2026-06-23,7.8,0.677,5.0,6.58,8.25,7.63,8.7,7,0.1805,0.2643,0.0433,0.0726,0.28,25.04,13.37,1.39,0,67.07,20.36,54.73,12.45,14.0,38.11,0.058,62.0,Buy,2026-06-23,,,,4
CHOLAFIN.NS,2026-06-23,5.33,0.431,6.0,3.82,5.33,4.55,3.52,5,0.048,0.2498,0.1012,0.1189,0.367,42.37,23.48,1.95,0,68.61,24.0,27.89,19.33,9.7,693.26,0.104,54.0,Avoid,2026-06-23,,,,1
SAIL.NS,2026-06-23,6.48,-0.323,5.0,7.23,6.33,7.35,8.07,8,0.3437,0.1827,-0.17,0.3688,1.046,41.72,21.25,-0.91,0,30.66,28.27,20.71,5.66,8.0,52.9,0.026,64.0,Hold,2026-06-23,,,,3
VBL.NS,2026-06-23,6.76,0.0,5.5,5.95,6.76,7.09,7.5,5,0.0767,0.3224,-0.0508,0.1276,0.436,32.19,15.77,0.2,0,40.47,18.48,53.71,19.7,20.0,12.71,-0.513,55.3,Hold,2026-06-23,,,,3
ASHOKLEY.NS,2026-06-23,4.59,-0.385,6.5,4.22,4.07,4.71,3.37,2,-0.1124,-0.049,-0.0405,0.332,0.925,49.77,30.2,-0.62,0,47.37,18.61,25.63,21.64,14.0,344.74,0.268,9.3,Avoid,2026-06-23,,,,1
AUROPHARMA.NS,2026-06-23,7.47,0.8,3.5,6.53,8.27,6.96,8.62,7,0.2687,0.1998,0.05,0.3932,1.501,25.62,16.48,1.75,0,65.01,17.35,25.46,9.93,13.0,21.31,0.222,65.3,Buy,2026-06-23,,,,4
ASIANPAINT.NS,2026-06-23,8.82,0.677,10.0,6.22,8.65,8.97,8.69,6,-0.0413,0.2654,0.0141,0.1854,0.78,25.6,13.33,0.87,0,52.86,36.2,58.89,20.89,26.0,17.85,-0.43,37.3,Buy,2026-06-23,,,,4
PRESTIGE.NS,2026-06-23,6.09,0.446,6.0,4.75,6.11,5.61,5.01,7,-0.0686,0.2835,0.0788,-0.0975,-0.309,38.47,23.33,1.51,0,63.65,20.13,54.36,8.0,10.0,105.49,-0.562,40.0,Hold,2026-06-23,,,,3
APARINDS.NS,2026-06-23,6.0,1.0,4.5,6.1,6.0,6.0,6.0,6,0.9017,0.6985,0.3285,1.1584,2.571,44.31,24.57,2.31,-1,75.63,41.76,68.65,19.74,31.0,17.72,0.742,96.0,Hold,2026-06-23,,,,3
COCHINSHIP.NS,2026-06-23,2.54,-0.338,2.0,3.92,2.7,2.24,2.31,3,-0.0396,0.1689,-0.0279,-0.2844,-0.765,47.03,28.56,-0.28,0,50.22,21.37,54.32,12.52,16.0,28.47,-0.503,25.3,Avoid,2026-06-23,,,,1
HINDZINC.NS,2026-06-23,6.38,-0.662,9.5,6.22,5.26,8.18,7.34,7,-0.0543,0.1418,-0.1554,0.2728,0.744,35.58,23.15,-1.01,0,35.19,24.04,16.71,76.94,70.0,39.03,-0.322,15.3,Hold,2026-06-23,,,,3
MAXHEALTH.NS,2026-06-23,5.68,0.4,3.0,5.33,6.0,5.1,6.0,6,0.0021,0.1266,0.0846,-0.072,-0.274,27.95,18.35,1.75,0,64.57,20.85,72.94,14.33,15.0,32.37,0.106,35.3,Caution,2026-06-23,,,,2
ANGELONE.NS,2026-06-23,6.6,0.723,6.5,4.32,6.91,5.36,4.61,2,0.3805,0.5599,-0.0068,0.2497,0.603,48.08,22.03,0.86,0,53.82,22.47,34.7,15.53,15.0,129.31,0.228,81.3,Hold,2026-06-23,,,,3
BIOCON.NS,2026-06-23,5.43,0.708,1.0,5.11,6.0,4.29,5.65,6,0.0618,0.1527,-0.0297,0.2156,0.846,25.76,16.31,0.98,0,60.2,21.94,150.07,1.15,4.0,42.15,0.161,41.3,Avoid,2026-06-23,,,,1
INDIGO.NS,2026-06-23,3.42,0.092,1.0,4.47,4.3,2.95,3.61,3,-0.0301,0.1958,0.1073,-0.0575,-0.178,41.51,23.48,2.06,-1,66.55,22.15,-80.33,7.12,7.0,866.46,0.03,39.3,Avoid,2026-06-23,,,,1
SWSOLAR.NS,2026-06-23,4.0,0.477,6.0,4.43,4.0,4.0,4.0,4,0.1625,0.5675,0.2961,-0.2015,-0.46,51.74,26.06,2.51,-1,77.43,22.03,17.5,-35.95,27.0,182.95,-1.028,74.7,Avoid,2026-06-23,,,,1
JINDALSTEL.NS,2026-06-23,5.66,-0.692,6.0,6.17,4.83,7.27,7.0,4,0.0907,-0.0213,-0.1147,0.2223,0.795,24.44,16.81,-2.35,1,25.34,30.28,32.64,6.77,10.0,43.61,-0.197,24.0,Caution,2026-06-23,,,,2
SHRIRAMFIN.NS,2026-06-23,6.0,0.662,6.5,4.64,6.0,5.83,5.25,5,0.1016,0.1318,0.0433,0.5392,1.53,42.36,25.14,0.68,0,58.88,18.65,18.66,16.38,11.5,276.21,0.75,47.3,Hold,2026-06-23,,,,3
TATSILV.NS,2026-06-23,4.65,-0.2,5.0,5.0,4.5,4.9,4.8,0,,,,,,,,0.0,0,35.6,19.24,,,,,1.12,31.3,Avoid,2026-06-23,,,,1
LICI.NS,2026-06-23,6.5,0.538,9.5,5.75,6.5,6.5,6.5,6,0.0332,0.1896,0.0297,-0.0387,-0.166,29.33,17.07,2.3,-1,68.86,25.39,9.69,42.36,35.0,,-0.488,43.3,Hold,2026-06-23,,,,3
IDFCFIRSTB.NS,2026-06-23,4.17,0.508,1.0,4.47,5.36,3.19,4.07,4,-0.07,0.3073,0.1215,0.1334,0.428,31.04,16.96,1.94,-1,67.86,37.62,41.89,5.98,5.98,,-0.295,44.0,Avoid,2026-06-23,,,,1
GENUSPOWER.NS,2026-06-23,6.5,0.862,8.5,4.75,6.5,6.49,5.57,5,0.1436,0.5034,0.0603,-0.0083,-0.021,47.83,22.76,1.52,-1,70.28,29.56,16.23,29.0,24.0,103.82,-0.027,70.0,Hold,2026-06-23,,,,3
SOLARINDS.NS,2026-06-23,6.0,0.662,9.5,5.69,6.0,6.0,6.0,6,0.5483,0.4664,-0.0136,0.0667,0.212,33.82,20.24,1.03,0,58.42,26.82,97.86,31.33,37.0,23.27,0.854,84.7,Hold,2026-06-23,,,,3
TVSMOTOR.NS,2026-06-23,5.32,-0.646,6.0,5.36,4.66,6.0,5.69,5,-0.0539,0.0163,0.0004,0.2476,0.945,30.93,20.67,-0.26,0,53.08,13.55,54.44,31.62,17.0,306.09,0.489,14.7,Avoid,2026-06-23,,,,1
EICHERMOT.NS,2026-06-23,7.87,0.662,6.5,5.82,7.98,7.7,7.81,6,0.05,0.1342,0.0274,0.3973,1.527,33.22,18.61,1.66,0,61.86,16.56,37.72,23.77,31.0,2.05,0.776,40.7,Hold,2026-06-23,,,,3
HDFCSILVER.NS,2026-06-23,5.0,-0.2,5.0,5.0,5.0,5.0,5.0,0,,,,,,,,0.0,0,35.38,16.84,,,,,1.547,36.0,Avoid,2026-06-23,,,,1
RBLBANK.NS,2026-06-23,7.85,0.708,6.0,5.7,8.11,7.48,7.73,4,0.2365,0.2833,0.0784,0.6646,2.121,34.14,18.57,1.7,0,62.31,23.79,26.37,5.81,5.81,,0.402,68.7,Buy,2026-06-23,,,,4
CMPDI.NS,2026-06-23,5.33,0.031,6.0,4.71,5.03,5.35,4.52,5,,,0.0309,,,,,0.0,0,60.7,38.4,29.51,28.36,38.0,0.06,13.932,20.7,Avoid,2026-06-23,,,,1
SUBROS.NS,2026-06-23,5.44,0.477,5.5,5.03,5.5,5.5,5.5,5,-0.0139,0.3536,0.1908,-0.0824,-0.179,46.12,21.57,2.84,-1,74.35,21.31,33.91,14.86,20.0,6.01,0.138,58.0,Caution,2026-06-23,,,,2
ITC.NS,2026-06-23,5.41,-0.754,7.0,5.69,4.4,7.01,6.21,4,-0.2416,0.0257,-0.0124,-0.2689,-1.413,18.33,12.92,-0.38,0,50.83,19.45,17.57,29.34,39.0,3.29,-1.001,5.3,Avoid,2026-06-23,,,,1
WOCKPHARMA.NS,2026-06-23,6.0,0.569,6.5,5.32,6.0,6.0,6.0,6,0.4247,0.8271,0.1824,0.1915,0.371,60.62,29.24,1.44,-1,61.76,38.79,153.58,4.0,8.0,42.28,1.412,89.3,Hold,2026-06-23,,,,3
BANKBARODA.NS,2026-06-23,5.25,0.431,3.0,4.76,6.0,4.15,4.84,4,-0.018,0.0785,0.06,0.238,0.892,31.98,20.1,1.49,0,57.95,17.34,7.24,12.74,5.63,,-0.078,26.0,Avoid,2026-06-23,,,,1
ADANIENSOL.NS,2026-06-23,5.79,0.754,2.5,4.84,6.0,4.28,5.37,5,0.5115,0.5775,0.0208,0.8136,2.15,45.99,23.02,0.81,0,53.18,24.52,80.18,9.66,10.0,194.5,0.325,86.7,Caution,2026-06-23,,,,2
ZYDUSLIFE.NS,2026-06-23,6.5,0.8,5.5,5.16,6.5,6.08,6.29,4,0.2094,0.2924,0.0307,0.1841,0.847,25.02,14.25,1.46,-1,65.89,42.65,22.23,18.32,21.0,42.24,-0.179,64.7,Hold,2026-06-23,,,,3
JIOFIN.NS,2026-06-23,2.31,-0.631,3.5,3.38,2.04,2.45,1.88,5,-0.1992,0.0518,-0.0119,-0.1616,-0.6,31.41,21.5,-0.25,0,48.65,16.89,98.68,1.21,2.0,16.29,-0.827,8.0,Avoid,2026-06-23,,,,1
JSWSTEEL.NS,2026-06-23,7.35,0.215,6.0,6.36,7.19,7.87,8.1,6,0.1506,0.1195,-0.0397,0.2505,1.078,20.53,13.06,-0.33,0,38.94,11.28,13.6,27.26,11.0,94.16,0.386,48.7,Buy,2026-06-23,,,,4
PFC.NS,2026-06-23,4.85,0.154,4.5,4.39,5.15,4.08,3.95,5,0.295,0.0827,-0.0065,0.1453,0.534,29.59,21.12,-0.3,0,49.73,11.4,5.49,20.47,9.71,586.02,-0.263,60.7,Avoid,2026-06-23,,,,1
CGPOWER.NS,2026-06-23,6.0,0.938,7.5,5.51,6.0,6.0,6.0,4,0.4184,0.4313,0.0812,0.4288,1.366,33.88,18.33,1.32,0,62.03,24.62,123.44,19.56,27.0,1.44,0.287,80.7,Hold,2026-06-23,,,,3
POLYCAB.NS,2026-06-23,6.5,1.0,6.0,5.91,6.5,6.5,6.5,5,0.3399,0.4669,0.0368,0.7216,2.502,29.61,13.68,1.32,-1,65.89,28.57,55.92,24.58,33.0,2.56,0.342,76.0,Hold,2026-06-23,,,,3
TITAN.NS,2026-06-23,6.0,0.677,7.0,5.15,6.0,6.0,6.0,5,0.0955,0.1174,0.0486,0.2319,0.984,31.27,19.78,0.25,0,54.49,13.22,75.16,37.13,26.0,195.0,0.274,46.0,Hold,2026-06-23,,,,3
OFSS.NS,2026-06-23,9.05,0.538,10.0,6.41,8.93,9.18,9.0,7,0.2967,0.5741,-0.002,0.1046,0.337,35.81,16.86,0.85,0,58.75,22.55,32.69,32.61,45.0,0.41,-0.064,77.3,Buy,2026-06-23,,,,4
CUMMINSIND.NS,2026-06-23,6.0,0.246,9.0,6.36,6.0,6.0,6.0,7,0.3064,0.2695,0.0585,0.7965,2.923,34.99,17.52,1.06,0,55.38,16.29,67.23,29.45,40.0,0.43,0.467,70.7,Hold,2026-06-23,,,,3
TMCV.NS,2026-06-23,5.55,0.062,4.0,5.48,5.72,5.69,6.35,7,0.0259,0.0256,0.0505,,,45.09,27.86,0.08,0,56.01,26.62,48.49,26.05,36.0,44.09,0.816,27.3,Caution,2026-06-23,,,,2
CANBK.NS,2026-06-23,4.51,-0.292,4.5,4.81,4.48,4.49,4.39,3,-0.0936,0.0394,0.0114,0.2839,0.97,35.64,24.2,0.04,0,49.51,12.6,6.0,15.94,6.52,,0.073,13.3,Avoid,2026-06-23,,,,1
CUPID.NS,2026-06-23,6.0,0.908,7.5,6.21,6.0,6.0,6.0,6,1.0325,1.272,0.4236,9.0937,16.299,43.73,23.94,2.32,-1,91.26,37.03,230.37,27.3,33.0,12.51,4.319,98.0,Hold,2026-06-23,,,,3
INDUSTOWER.NS,2026-06-23,4.72,-0.6,3.5,6.07,4.48,5.84,6.63,7,-0.0339,-0.0329,-0.0767,0.0266,0.098,24.27,17.5,-1.63,0,33.82,16.05,14.77,19.81,19.0,53.29,0.071,12.7,Avoid,2026-06-23,,,,1
DMART.NS,2026-06-23,6.0,0.738,5.0,5.37,6.0,6.0,6.0,5,0.1501,0.2017,0.0705,0.0452,0.184,29.55,15.79,0.47,0,65.05,25.22,96.61,12.94,17.0,9.91,-0.406,58.7,Hold,2026-06-23,,,,3
TEJASNET.NS,2026-06-23,4.0,1.0,1.5,3.45,4.0,2.66,3.39,2,0.3808,0.5475,0.237,-0.0914,-0.162,61.86,31.93,1.95,-1,67.25,46.1,-12.09,-26.82,-15.0,142.52,-0.751,84.0,Avoid,2026-06-23,,,,1
PAYTM.NS,2026-06-23,3.13,-0.692,4.5,4.13,2.81,3.33,2.64,2,-0.1856,0.0959,-0.0385,0.2532,0.704,42.38,25.93,-0.34,0,48.58,15.58,128.0,3.56,5.0,1.07,1.28,10.7,Avoid,2026-06-23,,,,1
AMBER.NS,2026-06-23,3.77,0.031,2.0,4.23,4.36,2.86,3.34,4,0.1657,0.2384,0.0651,0.2126,0.506,51.91,38.01,0.25,0,52.03,10.03,153.91,5.58,10.0,46.57,0.65,59.3,Avoid,2026-06-23,,,,1
SHILPAMED.NS,2026-06-23,6.5,1.0,6.0,5.97,6.5,6.5,6.5,6,0.8203,0.8926,0.1709,0.3299,0.886,43.54,19.41,2.06,-1,68.3,58.47,47.52,9.82,11.0,25.46,0.8,95.3,Hold,2026-06-23,,,,3
CDSL.NS,2026-06-23,6.0,0.231,5.5,5.16,6.0,5.92,5.94,7,-0.099,0.1917,0.1018,-0.1683,-0.528,34.49,20.71,1.49,0,67.28,25.29,61.95,23.91,32.0,0.11,0.247,26.7,Hold,2026-06-23,,,,3
PWL.NS,2026-06-23,3.2,0.246,2.5,4.22,4.0,3.02,3.41,4,-0.0175,0.4978,0.1602,,,50.81,25.62,2.88,-1,73.83,29.41,-1624.75,-0.79,4.0,23.02,-0.591,61.3,Avoid,2026-06-23,,,,1
SRF.NS,2026-06-23,4.45,-0.123,2.0,5.37,4.78,4.55,5.6,6,-0.1128,0.1443,-0.0047,-0.0889,-0.316,31.25,18.99,1.0,0,55.24,9.42,44.12,13.76,15.0,36.2,0.008,16.0,Avoid,2026-06-23,,,,1
TORNTPHARM.NS,2026-06-23,6.0,0.554,3.5,5.5,6.0,5.84,6.0,4,0.1983,0.0734,0.0159,0.4421,2.157,22.8,15.49,1.23,0,57.08,14.83,70.82,16.99,15.0,85.45,0.958,54.7,Hold,2026-06-23,,,,3
NESTLEIND.NS,2026-06-23,6.0,-0.092,8.5,6.88,6.0,6.0,6.0,8,0.1248,0.1932,-0.0255,0.2123,1.036,23.34,11.94,0.15,0,46.74,15.37,77.0,76.34,85.0,8.62,-0.023,53.3,Hold,2026-06-23,,,,3
GRSE.NS,2026-06-23,7.29,0.569,8.5,4.82,7.29,6.63,5.74,6,0.2232,0.3118,0.0525,-0.101,-0.208,61.55,31.0,0.55,0,56.59,16.34,46.65,31.79,43.0,1.42,0.373,68.0,Hold,2026-06-23,,,,3
DLF.NS,2026-06-23,4.33,-0.077,3.5,4.58,4.62,3.83,4.03,7,-0.1141,0.1896,0.0382,-0.2656,-0.96,34.14,20.57,1.01,0,54.94,21.0,34.36,10.03,6.0,0.67,-0.665,20.0,Avoid,2026-06-23,,,,1
WAAREEENER.NS,2026-06-23,6.46,-0.508,9.0,5.61,5.64,7.59,6.72,5,0.0027,-0.0101,-0.0176,0.1364,0.324,31.71,26.52,-0.83,0,44.75,11.24,23.54,31.57,39.0,21.4,0.218,17.3,Hold,2026-06-23,,,,3
MUTHOOTFIN.NS,2026-06-23,4.65,-0.508,8.0,4.21,3.89,5.01,3.3,5,-0.168,0.0098,-0.0636,0.193,0.541,38.68,25.8,-1.14,0,45.23,13.68,11.83,30.41,15.8,379.71,0.888,7.3,Avoid,2026-06-23,,,,1
GRASIM.NS,2026-06-23,6.61,0.585,5.5,5.23,6.89,6.11,6.24,5,0.118,0.2423,-0.0065,0.1717,0.802,22.71,10.8,1.13,0,59.81,16.45,43.05,6.29,8.0,134.14,0.261,56.7,Hold,2026-06-23,,,,3
MOTHERSON.NS,2026-06-23,8.4,0.677,6.0,6.11,8.74,8.04,8.54,5,0.1907,0.3515,0.0574,0.466,1.355,41.05,21.47,1.1,0,55.33,39.64,39.24,10.11,13.0,43.91,0.037,67.3,Buy,2026-06-23,,,,4
COHANCE.NS,2026-06-24,4.02,0.308,3.0,4.01,4.53,3.04,3.19,4,-0.1436,0.5604,0.0784,-0.5297,-1.027,79.25,29.58,0.92,0,64.19,29.34,99.0,3.84,8.0,9.93,-0.558,54.0,Avoid,2026-06-24,,,,1
EMSLIMITED.NS,2026-06-24,4.31,0.492,4.0,3.52,5.15,3.37,3.25,3,-0.0771,0.4495,0.2263,-0.2908,-0.548,70.78,37.34,2.3,-1,67.03,27.52,25.2,8.96,13.0,14.57,-0.433,58.0,Avoid,2026-06-24,,,,1
SYRMA.NS,2026-06-24,6.0,0.969,5.0,6.03,6.0,6.0,6.0,6,0.9629,0.8014,0.352,1.8172,4.367,40.31,20.33,2.24,-1,82.31,57.51,84.35,14.14,17.0,13.04,1.303,96.7,Hold,2026-06-24,,,,3
ATHERENERG.NS,2026-06-24,4.0,0.938,4.5,5.27,4.0,4.0,4.0,3,0.4221,0.3079,0.0362,2.0878,4.301,46.69,26.4,0.9,0,52.85,37.98,-110.5,-33.74,-20.0,25.82,3.867,78.0,Avoid,2026-06-24,,,,1
CARTRADE.NS,2026-06-24,6.5,0.538,7.5,5.08,6.5,6.5,6.15,6,-0.1029,0.5168,0.5124,0.5866,1.039,59.44,28.31,2.3,-1,73.48,53.31,58.43,9.85,12.0,5.36,1.311,69.3,Buy,2026-06-24,,,,4
NAUKRI.NS,2026-06-24,4.94,-0.046,6.0,4.48,4.58,4.94,3.93,7,-0.2479,0.0227,0.0041,-0.3248,-1.206,28.33,19.33,0.61,0,55.96,15.77,45.16,4.57,5.0,0.64,-0.607,5.3,Caution,2026-06-24,,,,2
GARUDA.NS,2026-06-24,7.01,0.031,10.0,5.19,6.51,7.28,6.19,7,-0.1031,0.2114,0.0338,0.5148,0.834,60.94,33.63,1.06,0,60.88,15.08,13.97,31.13,42.0,2.65,0.507,27.3,Buy,2026-06-24,,,,4
NIACL.NS,2026-06-24,6.5,0.985,6.0,5.15,6.5,6.5,6.5,5,0.2283,0.5115,0.1741,0.0266,0.059,66.09,25.35,1.67,-1,62.11,30.76,22.02,3.42,4.0,,-0.405,77.3,Buy,2026-06-24,,,,4
ORIENTHOT.NS,2026-06-24,5.5,0.738,7.0,5.9,5.5,5.5,5.5,8,0.3144,0.5288,0.4267,-0.0504,-0.123,58.01,23.98,3.58,-1,76.77,31.4,36.62,9.41,12.0,17.14,-0.137,87.3,Caution,2026-06-24,,,,2
EIEL.NS,2026-06-24,4.96,0.415,5.5,3.63,5.11,4.08,3.35,3,0.0728,0.516,0.0694,0.0239,0.047,68.41,30.05,1.28,0,65.37,23.4,21.18,16.89,20.0,34.13,-0.042,68.7,Caution,2026-06-24,,,,2
WABAG.NS,2026-06-24,5.5,0.954,7.5,5.68,5.5,5.5,5.5,7,0.6321,0.7367,0.3569,0.4277,1.208,42.63,20.22,3.08,-1,86.16,37.11,30.28,15.67,21.0,8.87,0.639,94.7,Caution,2026-06-24,,,,2
SANSERA.NS,2026-06-24,6.0,1.0,8.5,6.38,6.0,6.0,6.0,5,0.8282,0.4874,0.0698,1.3766,3.566,46.63,19.87,1.85,-1,70.5,24.68,60.75,11.13,14.0,19.02,1.399,94.0,Hold,2026-06-24,,,,3
LODHA.NS,2026-06-24,3.64,-0.031,3.5,4.17,3.82,3.15,3.04,6,-0.1439,0.2911,0.0154,-0.3656,-1.065,41.21,24.27,0.98,0,57.66,17.22,27.39,15.71,17.0,42.24,-0.721,26.7,Avoid,2026-06-24,,,,1
LTM.NS,2026-06-24,4.74,-0.846,8.0,5.13,3.58,6.23,4.83,4,-0.3774,-0.0847,-0.0464,-0.2802,-0.949,38.73,29.67,-1.47,0,39.68,13.66,22.48,21.29,30.0,9.58,-0.634,2.0,Caution,2026-06-24,,,,2
NEULANDLAB.NS,2026-06-24,6.0,0.8,10.0,5.21,6.0,6.0,6.0,6,0.1479,0.5022,0.0775,0.4771,1.119,38.39,17.2,1.43,0,67.86,29.08,63.59,26.6,27.0,16.07,1.155,72.7,Hold,2026-06-24,,,,3
NOCIL.NS,2026-06-24,6.39,0.723,2.5,5.33,7.43,5.2,6.65,6,0.1788,0.1251,0.084,0.0117,0.029,55.61,24.55,1.32,0,61.76,19.53,55.22,3.15,5.0,0.45,-0.636,58.7,Buy,2026-06-24,,,,4
MANKIND.NS,2026-06-24,7.73,0.631,5.0,6.59,8.14,7.63,8.66,7,0.1431,0.2883,0.0259,0.0683,0.263,25.27,13.87,1.08,0,60.04,21.34,53.66,12.45,14.0,38.11,0.024,61.3,Strong Buy,2026-06-24,,,,5
AUROPHARMA.NS,2026-06-24,7.39,0.754,3.5,6.53,8.16,6.94,8.57,7,0.2494,0.1943,0.066,0.4193,1.6,25.64,16.49,1.65,0,64.13,18.21,25.39,9.93,13.0,21.31,0.216,68.0,Strong Buy,2026-06-24,,,,5
COCHINSHIP.NS,2026-06-24,2.14,-0.569,2.0,3.87,2.12,2.13,2.08,3,-0.1055,0.1395,-0.0241,-0.3135,-0.845,45.93,26.96,-0.29,0,50.72,20.01,54.47,12.52,16.0,28.47,-0.501,17.3,Avoid,2026-06-24,,,,1
PRESTIGE.NS,2026-06-24,6.09,0.446,6.0,4.75,6.11,5.61,5.01,7,-0.0387,0.2826,0.1009,-0.101,-0.32,37.22,21.43,1.78,0,66.65,21.64,55.38,8.0,10.0,105.49,-0.54,50.0,Buy,2026-06-24,,,,4
MAXHEALTH.NS,2026-06-24,5.68,0.4,3.0,5.31,6.0,5.1,6.0,6,0.0038,0.1161,0.0888,-0.1078,-0.411,27.78,18.14,1.75,0,65.3,22.08,73.24,14.33,15.0,32.37,0.112,37.3,Hold,2026-06-24,,,,3
ANGELONE.NS,2026-06-24,6.65,0.754,6.5,4.26,6.98,5.38,4.65,2,0.3409,0.489,0.011,0.2242,0.543,47.83,21.69,0.8,0,52.86,21.36,34.58,15.53,15.0,129.31,0.223,79.3,Buy,2026-06-24,,,,4
SWSOLAR.NS,2026-06-24,4.0,0.677,6.0,4.47,4.0,4.0,4.0,4,0.1456,0.5312,0.304,-0.2079,-0.476,50.21,23.67,2.44,-1,77.62,24.18,17.5,-35.95,27.0,182.95,-1.026,75.3,Avoid,2026-06-24,,,,1
TATSILV.NS,2026-06-24,4.65,-0.2,5.0,5.0,4.5,4.9,4.8,0,,,,,,,,0.0,0,34.81,20.89,,,,,1.105,25.3,Caution,2026-06-24,,,,2
JINDALSTEL.NS,2026-06-24,5.79,-0.631,6.0,6.16,4.99,7.32,7.09,4,0.0874,-0.0276,-0.1072,0.2145,0.768,24.41,16.68,-2.14,1,28.34,31.67,32.89,6.77,10.0,43.61,-0.186,23.3,Hold,2026-06-24,,,,3
IDFCFIRSTB.NS,2026-06-24,4.18,0.554,1.0,4.47,5.4,3.12,3.97,4,-0.0721,0.2756,0.108,0.1321,0.424,30.59,16.37,1.95,-1,68.94,39.1,42.13,5.98,5.98,,-0.286,46.0,Avoid,2026-06-24,,,,1
GENUSPOWER.NS,2026-06-24,6.5,0.862,8.5,4.74,6.5,6.49,5.57,5,0.1481,0.4839,0.0954,0.0032,0.008,46.85,21.28,1.63,-1,71.67,31.29,16.39,29.0,24.0,103.82,-0.016,72.0,Buy,2026-06-24,,,,4
SOLARINDS.NS,2026-06-24,6.0,0.446,9.5,5.67,6.0,6.0,6.0,6,0.4998,0.423,-0.0423,0.0588,0.187,33.08,19.24,0.81,0,53.22,24.98,96.08,31.33,37.0,23.27,0.811,82.7,Hold,2026-06-24,,,,3
HDFCSILVER.NS,2026-06-24,5.0,-0.2,5.0,5.0,5.0,5.0,5.0,0,,,,,,,,0.0,0,34.58,18.12,,,,,1.523,29.3,Caution,2026-06-24,,,,2
SUBROS.NS,2026-06-24,5.7,0.108,5.5,5.07,5.67,5.63,5.45,5,-0.0514,0.229,0.1194,-0.0948,-0.207,45.81,20.96,1.88,0,63.87,22.59,32.41,14.86,20.0,6.01,0.085,44.7,Hold,2026-06-24,,,,3
WOCKPHARMA.NS,2026-06-24,6.0,0.569,6.5,5.27,6.0,6.0,6.0,6,0.3626,0.7284,0.1114,0.1372,0.266,60.86,29.52,1.25,-1,57.79,38.25,150.6,4.0,8.0,42.28,1.373,88.0,Hold,2026-06-24,,,,3
ADANIENSOL.NS,2026-06-24,5.79,0.754,2.5,4.86,6.0,4.28,5.37,5,0.4842,0.5465,-0.0287,0.8064,2.137,45.17,21.89,0.8,0,53.48,24.06,80.77,9.66,10.0,194.5,0.327,86.7,Hold,2026-06-24,,,,3
ITC.NS,2026-06-24,5.45,-0.754,7.0,5.69,4.43,7.06,6.29,4,-0.2438,0.0241,-0.0055,-0.2725,-1.432,18.31,12.9,-0.34,0,51.42,18.85,17.6,29.34,39.0,3.29,-0.998,6.0,Caution,2026-06-24,,,,2
ZYDUSLIFE.NS,2026-06-24,6.82,0.754,5.5,5.14,7.22,6.06,6.22,4,0.1972,0.2402,0.0124,0.1617,0.743,25.11,14.36,1.27,0,60.88,42.34,21.96,18.32,21.0,42.24,-0.204,64.0,Buy,2026-06-24,,,,4
INDUSTOWER.NS,2026-06-24,4.74,-0.6,3.5,6.04,4.49,5.86,6.66,7,-0.0312,-0.0715,-0.0863,-0.0141,-0.052,24.27,17.5,-1.67,0,33.02,16.73,14.72,19.81,19.0,53.29,0.064,12.0,Caution,2026-06-24,,,,2
PAYTM.NS,2026-06-24,3.2,-0.662,4.5,4.12,2.89,3.36,2.67,2,-0.1818,0.0504,-0.0363,0.248,0.692,40.84,23.49,-0.39,0,48.45,15.2,126.43,3.56,5.0,1.07,1.276,9.3,Avoid,2026-06-24,,,,1
TEJASNET.NS,2026-06-24,4.0,1.0,1.5,3.42,4.0,2.66,3.39,2,0.3767,0.4831,0.2625,-0.1105,-0.195,61.35,31.28,1.91,-1,67.88,46.43,-12.15,-26.82,-15.0,142.52,-0.747,84.7,Avoid,2026-06-24,,,,1
DMART.NS,2026-06-24,6.0,0.677,5.0,5.34,6.0,6.0,6.0,5,0.1355,0.1543,0.0513,0.0083,0.034,29.7,16.01,0.15,0,59.58,25.31,94.9,12.94,17.0,9.91,-0.429,56.7,Hold,2026-06-24,,,,3
CDSL.NS,2026-06-24,5.89,0.046,5.5,5.13,5.92,5.75,5.64,7,-0.1231,0.1233,0.0707,-0.2036,-0.639,33.84,19.71,1.15,0,62.34,25.88,61.23,23.91,32.0,0.11,0.225,18.7,Hold,2026-06-24,,,,3
SHILPAMED.NS,2026-06-24,6.5,1.0,6.0,5.87,6.5,6.5,6.5,6,0.7544,0.7149,0.1786,0.3183,0.856,43.93,19.81,1.81,-1,64.34,58.94,46.71,9.82,11.0,25.46,0.766,95.3,Buy,2026-06-24,,,,4
AMBER.NS,2026-06-24,3.63,0.154,2.0,4.22,4.16,2.82,3.27,4,0.1691,0.2157,0.0436,0.2032,0.486,51.67,37.75,0.32,0,53.5,9.72,154.95,5.58,10.0,46.57,0.659,60.0,Avoid,2026-06-24,,,,1
SRF.NS,2026-06-24,4.41,-0.169,2.0,5.36,4.7,4.58,5.63,6,-0.1037,0.119,0.0106,-0.0843,-0.3,30.68,18.07,1.2,0,58.47,8.91,44.72,13.76,15.0,36.2,0.027,18.0,Caution,2026-06-24,,,,2
PWL.NS,2026-06-24,3.65,0.231,2.5,4.2,4.0,2.98,3.35,4,-0.0878,0.4265,0.1173,,,51.16,26.74,2.2,-1,65.68,30.59,-1564.12,-0.79,4.0,23.02,-0.672,53.3,Avoid,2026-06-24,,,,1
NESTLEIND.NS,2026-06-24,6.0,-0.092,8.5,6.85,6.0,6.0,6.0,8,0.1057,0.1685,-0.0315,0.1828,0.893,23.3,11.88,0.01,0,44.26,14.67,76.39,76.34,85.0,8.62,-0.043,52.0,Hold,2026-06-24,,,,3
GRSE.NS,2026-06-24,7.28,0.585,8.5,4.81,7.29,6.58,5.68,6,0.1497,0.2913,0.0495,-0.1476,-0.305,60.53,29.3,0.44,0,55.01,16.65,46.19,31.79,43.0,1.42,0.364,62.7,Strong Buy,2026-06-24,,,,5
TORNTPHARM.NS,2026-06-24,6.0,0.554,3.5,5.51,6.0,5.89,6.0,4,0.1909,0.0603,-0.0054,0.4348,2.132,22.74,15.42,1.13,0,56.12,14.68,70.27,16.99,15.0,85.45,0.95,54.7,Hold,2026-06-24,,,,3
WAAREEENER.NS,2026-06-24,6.4,-0.508,9.0,5.54,5.58,7.51,6.61,5,-0.0108,-0.0188,-0.0321,0.0139,0.033,31.23,25.95,-0.85,0,44.2,10.81,23.49,31.57,39.0,21.4,0.215,16.7,Buy,2026-06-24,,,,4
MOTHERSON.NS,2026-06-24,8.43,0.738,6.0,6.02,8.82,7.97,8.46,5,0.1975,0.305,0.0152,0.4517,1.315,40.41,20.56,1.15,0,56.87,38.62,39.5,10.11,13.0,43.91,0.047,67.3,Strong Buy,2026-06-24,,,,5
MUTHOOTFIN.NS,2026-06-24,4.7,-0.508,8.0,4.21,3.93,5.08,3.39,5,-0.1673,0.0004,-0.0535,0.211,0.591,38.57,25.61,-1.07,0,45.94,13.33,11.86,30.41,15.8,379.71,0.893,8.0,Caution,2026-06-24,,,,2
KPRMILL.NS,2026-06-24,5.5,1.0,5.0,5.95,5.5,5.5,5.5,6,0.2681,0.455,0.2996,0.1169,0.275,45.12,16.3,2.78,-1,71.98,42.29,48.08,16.2,20.0,10.46,0.266,79.3,Hold,2026-06-24,,,,3
BHARTIARTL.NS,2026-06-24,5.35,-0.077,4.0,5.73,5.46,5.69,6.45,6,-0.1259,0.0417,0.0136,-0.0226,-0.115,23.2,15.72,0.82,0,55.08,18.44,42.37,19.36,18.0,99.72,0.455,15.3,Caution,2026-06-24,,,,2
ICICIBANK.NS,2026-06-24,5.68,0.631,2.5,5.2,6.55,4.66,5.79,3,0.0037,0.0978,0.0793,-0.0301,-0.163,23.23,13.02,1.83,0,68.96,27.08,18.36,16.36,7.2,,0.152,38.0,Hold,2026-06-24,,,,3
PINELABS.NS,2026-06-24,3.08,-0.569,4.0,4.54,2.82,3.43,3.13,7,-0.3065,-0.0295,0.1059,,,55.71,38.69,-0.25,0,57.53,14.3,158.11,2.39,4.0,7.47,-1.24,5.3,Avoid,2026-06-24,,,,1
HDFCBANK.NS,2026-06-24,4.06,-0.123,2.0,4.82,4.53,3.58,4.31,5,-0.1836,0.0541,0.0628,-0.1681,-0.85,26.65,15.92,1.47,0,63.41,21.42,17.69,13.82,7.04,,-0.391,13.3,Avoid,2026-06-24,,,,1
RELIANCE.NS,2026-06-24,3.95,-0.754,3.5,5.63,3.61,5.06,5.54,5,-0.1623,-0.0653,-0.0228,-0.0963,-0.475,23.72,16.3,-0.63,0,48.26,17.06,22.0,9.14,10.0,36.65,-0.502,8.0,Avoid,2026-06-24,,,,1
TRENT.NS,2026-06-24,6.0,0.262,8.0,4.81,6.0,6.0,5.12,5,-0.227,0.4493,0.1481,-0.4486,-0.953,38.12,17.08,2.44,-1,73.01,25.45,100.31,27.13,28.0,36.03,-0.657,38.7,Hold,2026-06-24,,,,3
INFY.NS,2026-06-24,4.23,-0.785,6.0,4.81,3.51,5.02,3.99,8,-0.3611,-0.1555,-0.0693,-0.3247,-1.168,36.37,28.53,-1.64,0,37.98,18.27,14.0,31.44,40.0,9.83,-0.781,2.0,Avoid,2026-06-24,,,,1
SBIN.NS,2026-06-24,5.84,0.585,4.5,4.63,6.46,4.64,4.81,2,0.081,0.0218,0.069,0.3229,1.449,27.7,20.85,0.48,0,60.71,16.42,11.35,15.48,6.13,,0.323,45.3,Hold,2026-06-24,,,,3
JSWINFRA.NS,2026-06-24,4.72,0.923,4.0,4.11,5.5,3.8,4.12,5,0.2161,0.3445,0.2142,0.1292,0.435,40.27,20.95,3.54,-1,80.0,26.58,46.48,13.95,14.0,59.0,-0.112,74.0,Caution,2026-06-24,,,,2
AXISBANK.NS,2026-06-24,4.87,0.831,1.0,4.27,6.0,3.12,4.06,3,0.1227,0.1608,0.0617,0.1352,0.577,26.68,14.76,1.62,0,70.11,21.32,16.38,13.15,6.24,,-0.007,56.7,Caution,2026-06-24,,,,2
INDIGO.NS,2026-06-24,3.69,0.492,1.0,4.56,5.37,3.25,4.15,3,0.0104,0.3198,0.1394,-0.0104,-0.032,42.1,23.48,2.86,-1,73.74,24.33,-83.96,7.12,7.0,866.46,0.116,58.0,Avoid,2026-06-24,,,,1
BSE.NS,2026-06-24,6.0,0.108,10.0,6.14,6.0,6.0,6.0,8,0.4003,0.3852,-0.0852,0.4459,1.113,37.62,20.27,0.29,0,44.8,20.57,64.44,36.0,58.0,0.0,2.126,76.7,Hold,2026-06-24,,,,3
WIPRO.NS,2026-06-24,3.53,-1.0,4.5,5.36,2.81,4.9,4.65,4,-0.3436,-0.0756,-0.1344,-0.3153,-1.264,29.84,24.33,-2.16,1,30.13,25.58,13.89,15.44,18.0,22.85,-0.709,2.7,Avoid,2026-06-24,,,,1
TCS.NS,2026-06-24,5.34,-0.8,6.5,5.94,4.37,7.01,6.45,6,-0.3454,-0.1089,-0.0767,-0.362,-1.455,34.07,27.02,-1.63,0,39.01,18.2,15.52,48.4,63.0,10.39,-1.267,3.3,Caution,2026-06-24,,,,2
BAJFINANCE.NS,2026-06-24,5.17,0.477,5.0,3.96,5.48,4.15,3.7,4,-0.0167,0.1672,0.0642,0.095,0.326,31.53,18.52,1.96,0,68.3,21.21,32.48,17.91,10.8,313.41,0.451,40.0,Caution,2026-06-24,,,,2
MTARTECH.NS,2026-06-24,6.0,0.877,6.0,5.99,6.0,6.0,6.0,6,2.1624,1.1927,-0.0143,3.5302,6.086,84.15,43.8,0.94,-1,53.96,23.77,252.01,12.12,15.0,45.78,1.962,99.3,Hold,2026-06-24,,,,3
KIRLOSENG.NS,2026-06-24,5.5,0.923,4.5,6.76,5.5,5.5,5.5,7,1.0631,0.9306,0.4009,2.0804,4.53,58.76,21.13,3.44,-1,84.82,39.81,65.62,16.82,15.0,150.32,0.671,96.7,Hold,2026-06-24,,,,3
TMCV.NS,2026-06-24,5.69,0.169,4.5,5.42,5.84,5.65,6.04,7,0.0106,0.0008,0.0839,,,45.43,27.78,0.55,0,61.1,27.05,49.93,26.05,36.0,44.09,0.967,29.3,Hold,2026-06-24,,,,3
MEESHO.NS,2026-06-24,4.0,-0.154,7.0,4.9,4.0,4.0,4.0,3,-0.066,0.2497,0.0021,,,58.09,29.25,0.69,0,62.15,19.37,-60.37,-46.56,-36.0,1.43,0.233,36.7,Avoid,2026-06-24,,,,1
TATASTEEL.NS,2026-06-24,6.96,-0.185,6.5,7.08,6.45,8.09,8.15,7,0.1469,0.0173,-0.096,0.2771,1.026,21.65,15.56,-2.04,1,33.17,18.57,21.98,11.16,13.0,89.02,-0.028,44.0,Buy,2026-06-24,,,,4
POWERINDIA.NS,2026-06-24,6.0,0.169,8.5,6.19,6.0,6.0,6.0,7,0.8145,0.3566,-0.0959,0.8176,1.887,41.75,26.09,0.33,0,45.06,19.68,154.21,21.04,29.0,1.66,1.316,91.3,Hold,2026-06-24,,,,3
SHRIRAMFIN.NS,2026-06-24,6.0,0.769,8.0,4.63,6.0,6.0,5.34,5,0.09,0.1277,0.0579,0.5454,1.545,41.04,22.52,1.19,0,63.97,18.94,19.14,16.38,11.5,276.21,0.795,53.3,Hold,2026-06-24,,,,3
DELHIVERY.NS,2026-06-24,6.0,0.8,2.0,5.58,6.0,5.33,6.0,5,0.1752,0.1484,0.0463,0.3443,1.135,28.68,18.16,1.61,0,65.16,18.73,240.53,1.6,3.0,15.1,0.136,59.3,Hold,2026-06-24,,,,3
OFSS.NS,2026-06-24,6.5,1.0,10.0,6.46,6.5,6.5,6.5,7,0.3699,0.6302,0.0164,0.1639,0.522,36.32,16.86,1.35,-1,68.91,23.09,34.69,32.61,45.0,0.41,0.029,84.0,Buy,2026-06-24,,,,4
ADANIENT.NS,2026-06-24,4.65,1.0,2.5,3.51,6.05,3.0,3.55,2,0.3568,0.6894,0.033,0.2543,0.742,38.4,15.47,1.3,-1,65.51,45.42,41.78,13.66,6.0,119.56,-0.224,86.0,Caution,2026-06-24,,,,2
GROWW.NS,2026-06-24,6.78,0.092,10.0,4.94,6.33,6.83,5.58,6,0.202,0.2379,0.0659,,,50.29,29.59,0.29,0,54.62,18.26,58.73,28.72,37.0,3.03,1.67,67.3,Buy,2026-06-24,,,,4
IRFC.NS,2026-06-24,2.42,-0.754,3.0,3.65,2.29,2.48,2.18,4,-0.201,-0.004,-0.0674,-0.2975,-1.035,33.02,22.85,-1.58,0,36.88,17.2,17.26,12.81,,773.35,-0.951,6.7,Avoid,2026-06-24,,,,1
GMRAIRPORT.NS,2026-06-24,6.0,0.769,4.5,5.01,6.0,5.39,5.85,7,0.0577,0.214,0.1046,0.3347,1.13,33.12,19.52,1.9,0,63.02,24.73,831.31,11.6,12.0,,-0.027,55.3,Hold,2026-06-24,,,,3
HSCL.NS,2026-06-24,7.73,0.877,7.0,5.01,8.02,6.81,6.44,4,0.374,0.4897,0.0919,0.5106,1.489,41.14,23.28,1.03,0,55.14,28.48,44.14,17.7,22.0,16.17,0.628,81.3,Strong Buy,2026-06-24,,,,5
ROTO.NS,2026-06-24,4.05,0.492,2.5,4.8,5.5,3.87,4.62,6,0.0386,0.4158,0.3264,-0.1773,-0.41,46.92,22.4,3.99,-1,80.21,31.33,58.17,10.71,15.0,13.23,-0.273,70.0,Avoid,2026-06-24,,,,1
SILVERBEES.NS,2026-06-24,4.3,-0.4,5.0,5.0,4.0,4.8,4.6,0,,,,,,,,0.0,0,34.15,18.13,,,,,1.124,22.0,Avoid,2026-06-24,,,,1
M&M.NS,2026-06-24,4.99,-0.754,7.0,5.4,3.97,6.41,5.36,5,-0.1527,0.011,-0.0183,-0.0299,-0.11,29.61,18.73,-0.5,0,48.59,16.35,20.14,18.75,15.0,125.07,-0.109,12.7,Caution,2026-06-24,,,,2
ETERNAL.NS,2026-06-24,5.63,-0.077,5.0,5.49,5.49,6.0,6.0,6,-0.1059,0.0774,-0.0006,0.0119,0.035,32.49,19.7,0.89,0,53.94,15.02,657.31,1.19,3.0,14.83,0.186,18.7,Hold,2026-06-24,,,,3
DIXON.NS,2026-06-24,4.27,0.123,4.0,4.53,4.52,3.74,3.78,5,-0.0591,0.1879,0.0281,-0.1392,-0.367,42.48,23.19,1.3,0,55.26,18.32,44.82,37.13,42.0,18.46,-0.108,34.0,Avoid,2026-06-24,,,,1
SWIGGY.NS,2026-06-24,3.57,-0.769,7.0,3.83,2.54,4.0,2.55,3,-0.3991,-0.1144,-0.0977,-0.373,-1.047,38.85,27.23,-1.46,0,40.99,16.72,-14.48,-29.12,-24.0,13.93,-0.866,1.3,Avoid,2026-06-24,,,,1
RAMCOSYS.NS,2026-06-24,5.5,0.754,6.5,5.73,5.5,5.5,5.5,6,0.117,0.7774,0.4608,0.7531,1.291,78.02,25.31,3.14,-1,80.94,44.94,60.32,12.49,19.0,12.1,0.619,84.7,Hold,2026-06-24,,,,3
IDEA.NS,2026-06-24,4.0,0.877,4.5,5.85,4.0,4.0,4.0,5,0.2076,0.6115,0.0092,1.1814,2.377,39.72,16.43,0.96,-1,54.57,35.77,4.46,-1.6,-2.0,,-0.292,75.3,Avoid,2026-06-24,,,,1
GVT&D.NS,2026-06-24,6.0,0.969,10.0,6.4,6.0,6.0,6.0,6,0.631,0.435,-0.0089,1.1482,2.687,48.73,30.66,1.04,0,52.41,25.91,105.04,55.26,76.0,0.89,1.653,89.3,Hold,2026-06-24,,,,3
LT.NS,2026-06-24,6.32,0.662,5.0,4.79,6.88,5.14,5.2,3,0.0369,0.2007,0.0332,0.1531,0.614,27.59,12.85,1.44,0,62.96,20.65,35.73,16.95,15.0,97.64,0.139,51.3,Buy,2026-06-24,,,,4
VEDL.NS,2026-06-24,5.09,-0.8,6.5,5.72,4.13,6.66,5.97,7,-0.5095,-0.5591,-0.2034,-0.3233,-0.439,140.81,135.73,-0.86,1,29.27,35.04,15.75,20.4,16.0,48.04,-0.401,0.7,Caution,2026-06-24,,,,2
ICIL.NS,2026-06-24,5.5,1.0,5.0,6.14,5.5,5.5,5.5,7,0.6014,0.7553,0.3918,0.6087,1.0,60.45,22.83,3.04,-1,77.24,44.03,67.69,5.47,8.0,56.99,0.046,95.3,Hold,2026-06-24,,,,3
CUPID.NS,2026-06-24,6.0,0.877,8.0,6.21,6.0,6.0,6.0,6,0.9596,1.2282,0.3924,8.6578,15.514,43.45,24.11,2.12,-1,85.93,36.95,230.1,27.3,33.0,12.51,4.262,98.0,Hold,2026-06-24,,,,3
AUBANK.NS,2026-06-24,6.96,0.8,6.0,4.93,7.33,6.03,5.85,5,0.0841,0.2162,0.0619,0.3435,1.177,33.04,16.76,1.61,0,65.33,20.75,30.49,12.4,12.4,,0.623,56.0,Buy,2026-06-24,,,,4
NETWEB.NS,2026-06-24,6.0,1.0,7.0,5.51,6.0,6.0,6.0,3,0.5488,0.5862,0.2461,1.8797,3.215,59.86,31.21,1.8,-1,63.59,29.14,139.2,32.83,38.0,39.02,0.608,92.7,Hold,2026-06-24,,,,3
PPLPHARMA.NS,2026-06-24,4.0,-0.138,4.5,5.29,4.0,4.0,4.0,5,-0.0296,0.2672,-0.0103,-0.1156,-0.355,40.91,20.71,0.75,0,57.72,16.79,-69.81,-4.0,3.0,69.52,-0.038,46.0,Avoid,2026-06-24,,,,1
PGIL.NS,2026-06-24,5.5,1.0,5.5,5.49,5.5,5.5,5.5,5,0.2645,0.5102,0.2827,0.4891,0.95,44.99,20.35,4.2,-1,81.05,47.15,34.56,20.9,19.0,65.57,1.302,80.7,Hold,2026-06-24,,,,3
TECHM.NS,2026-06-24,6.47,-0.354,7.0,6.12,5.75,7.72,7.31,6,-0.1124,0.0202,0.0041,-0.1133,-0.427,33.29,23.63,0.27,0,51.5,12.94,26.96,16.61,23.0,7.27,-0.054,14.7,Buy,2026-06-24,,,,4
LIQUIDBEES.NS,2026-06-24,5.59,0.138,5.0,5.0,5.85,5.17,5.34,0,,,,,,,,0.0,0,46.67,93.04,,,,,-3.416,21.3,Hold,2026-06-24,,,,3
NATIONALUM.NS,2026-06-24,7.33,-0.292,7.5,6.51,6.75,8.41,8.18,6,0.2217,-0.0123,-0.1951,0.98,2.532,39.72,31.47,-2.47,1,32.6,29.64,10.42,29.42,40.0,0.28,0.889,48.0,Strong Buy,2026-06-24,,,,5
HINDALCO.NS,2026-06-24,5.38,-0.154,4.5,5.37,5.44,5.45,5.73,2,0.1296,0.1427,-0.1506,0.5155,1.873,30.14,19.35,-1.08,0,34.1,26.99,16.23,10.29,14.0,72.6,0.483,49.3,Caution,2026-06-24,,,,2
MCX.NS,2026-06-24,7.62,-0.246,10.0,6.37,6.91,8.71,8.11,6,0.3125,0.1743,-0.1006,0.7634,2.045,34.04,22.59,-0.33,0,44.22,26.2,54.53,37.88,71.0,0.11,2.277,68.0,Strong Buy,2026-06-24,,,,5
FIRSTCRY.NS,2026-06-24,3.2,-0.538,3.5,4.67,3.02,3.55,3.49,5,-0.2251,0.006,-0.0117,-0.3326,-0.723,37.19,23.22,-0.38,0,54.39,9.65,-77.95,-3.83,1.0,29.76,-1.02,7.3,Avoid,2026-06-24,,,,1
PACEDIGITK.NS,2026-06-24,5.42,0.185,7.5,4.32,5.39,5.44,4.12,4,0.0674,0.3695,0.0451,,,54.31,30.49,2.25,-1,69.57,15.21,14.08,17.75,21.0,43.56,-0.223,60.7,Caution,2026-06-24,,,,2
KOTAKBANK.NS,2026-06-24,4.2,0.123,1.0,4.87,4.8,3.58,4.49,3,-0.0558,0.1066,0.0444,-0.0635,-0.3,22.25,14.54,1.94,0,64.41,21.34,20.93,11.39,6.93,,0.033,26.0,Avoid,2026-06-24,,,,1
NTPC.NS,2026-06-24,6.15,-0.185,5.0,5.89,6.07,6.59,6.97,5,0.1218,-0.0493,-0.1032,0.0933,0.499,20.59,15.34,-1.41,0,38.75,30.08,11.73,13.69,8.0,118.13,-0.217,31.3,Buy,2026-06-24,,,,4
DRREDDY.NS,2026-06-24,7.32,0.8,5.5,5.28,7.89,6.28,6.55,4,0.0351,0.0546,0.0071,0.0087,0.038,28.11,14.28,1.16,0,64.84,17.43,25.84,11.83,14.0,20.33,-0.048,34.7,Strong Buy,2026-06-24,,,,5
DATAPATTNS.NS,2026-06-24,6.0,1.0,5.5,5.97,6.0,6.0,6.0,8,0.7665,0.4269,0.1162,0.5667,1.183,54.68,28.81,1.36,-1,57.68,25.61,95.63,16.73,23.0,0.3,0.358,94.0,Hold,2026-06-24,,,,3
TMPV.NS,2026-06-24,3.3,-0.662,3.0,5.0,3.09,3.96,4.0,3,-0.0182,0.133,-0.1206,-0.4786,-0.951,39.06,23.93,-0.25,0,38.86,19.43,1.49,-1.12,3.0,70.36,-1.085,22.7,Avoid,2026-06-24,,,,1
HAL.NS,2026-06-24,6.06,0.154,5.5,5.02,6.15,5.77,5.65,6,0.0044,0.1956,-0.01,-0.1112,-0.409,31.13,18.1,0.24,0,51.22,20.29,32.04,23.98,32.0,0.03,-0.469,42.7,Buy,2026-06-24,,,,4
MARUTI.NS,2026-06-24,6.56,-0.385,7.5,5.81,5.91,7.5,6.87,5,-0.2043,0.0629,-0.0087,0.0469,0.203,24.85,15.23,0.06,0,48.18,13.05,28.38,14.43,19.0,0.1,-0.049,10.7,Buy,2026-06-24,,,,4
HFCL.NS,2026-06-24,6.0,1.0,4.5,5.38,6.0,5.96,6.0,4,2.202,1.9429,0.1774,1.5093,3.311,61.46,27.54,1.5,-1,68.04,53.94,96.59,7.27,11.0,38.32,0.557,100.0,Hold,2026-06-24,,,,3
CHOLAFIN.NS,2026-06-24,4.93,0.677,6.0,3.78,5.5,4.63,3.83,5,0.1321,0.2636,0.1353,0.1525,0.469,42.07,22.08,2.54,-1,73.6,26.26,29.02,19.33,9.7,693.26,0.167,64.0,Caution,2026-06-24,,,,2
M&MFIN.NS,2026-06-24,4.58,-0.2,6.5,4.2,4.06,4.73,3.43,5,-0.2116,0.0152,0.0185,0.2131,0.594,41.52,22.63,0.6,0,59.84,15.19,14.91,11.86,8.72,428.02,-0.098,8.7,Avoid,2026-06-24,,,,1
IFCI.NS,2026-06-24,6.0,0.877,5.0,4.65,6.0,5.05,5.08,6,0.6138,0.5329,0.1661,0.3299,0.651,72.06,35.27,1.29,-1,54.18,37.44,115.57,5.03,5.03,,0.141,93.3,Hold,2026-06-24,,,,3
BAJAJ-AUTO.NS,2026-06-24,6.53,-0.092,9.5,5.42,5.85,7.25,6.24,4,0.0789,0.1112,-0.0852,0.1811,0.825,24.14,13.32,-0.34,0,36.85,16.55,25.39,28.05,28.0,56.29,-0.174,40.7,Buy,2026-06-24,,,,4
SIS.NS,2026-06-24,6.5,0.938,7.0,6.29,6.5,6.5,6.5,5,0.3532,0.6739,0.118,0.2322,0.793,38.84,16.95,1.4,-1,67.07,54.99,45.7,5.56,14.0,70.3,-0.178,88.7,Buy,2026-06-24,,,,4
KAYNES.NS,2026-06-24,1.86,-0.785,3.0,2.83,1.55,2.13,1.62,3,-0.2363,-0.0886,-0.0082,-0.4538,-0.876,60.87,50.7,-0.86,1,45.63,19.22,58.91,9.57,13.0,19.17,-0.308,4.7,Avoid,2026-06-24,,,,1
APOLLO.NS,2026-06-24,6.0,0.892,7.5,4.79,6.0,6.0,5.61,4,0.5813,0.9777,-0.0547,1.032,1.733,73.43,31.61,0.82,-1,49.92,35.62,126.2,11.21,14.0,41.53,1.457,94.7,Hold,2026-06-24,,,,3
HINDCOPPER.NS,2026-06-24,7.69,-0.077,10.0,6.55,6.96,8.87,8.33,8,0.247,0.0835,-0.0956,1.0334,1.885,42.14,28.06,-1.28,0,38.45,24.51,52.87,30.6,42.0,3.32,0.355,58.7,Strong Buy,2026-06-24,,,,5
BEL.NS,2026-06-24,7.58,0.062,7.5,6.04,7.27,8.07,7.8,7,0.041,-0.0022,-0.0132,0.0197,0.077,22.79,15.09,-0.86,0,46.45,24.8,50.01,27.56,37.0,0.27,0.347,28.7,Strong Buy,2026-06-24,,,,5
HCLTECH.NS,2026-06-24,4.23,-0.862,7.5,4.52,3.22,5.12,3.4,8,-0.3154,-0.1734,-0.044,-0.3324,-1.3,34.94,30.01,-1.05,0,38.77,18.95,18.15,23.36,31.0,6.93,-0.585,4.0,Avoid,2026-06-24,,,,1
AETHER.NS,2026-06-24,5.5,1.0,4.5,4.85,5.5,5.13,5.5,6,0.5737,0.1082,0.2398,0.7496,2.001,41.06,23.88,3.85,-1,80.52,25.83,82.01,9.38,12.0,18.65,0.507,82.7,Hold,2026-06-24,,,,3
ADANIPOWER.NS,2026-06-24,8.33,0.508,8.5,5.89,8.28,8.22,7.95,5,0.6039,0.5306,-0.0769,1.1665,2.727,39.53,20.77,0.64,0,53.82,16.86,34.71,20.91,17.0,82.33,0.424,90.0,Strong Buy,2026-06-24,,,,5
SUZLON.NS,2026-06-24,7.12,0.677,8.5,4.54,7.2,6.17,5.12,6,0.0822,0.4111,0.0066,-0.0841,-0.26,39.01,19.36,0.98,0,58.13,17.29,25.07,40.64,35.0,5.87,-0.091,62.7,Buy,2026-06-24,,,,4
BHEL.NS,2026-06-24,6.0,0.631,6.0,6.36,6.0,6.0,6.0,9,0.4295,0.5604,-0.0461,0.6121,1.739,39.47,21.48,0.72,0,55.25,24.88,87.59,6.29,9.0,31.31,0.292,83.3,Hold,2026-06-24,,,,3
ADANIPORTS.NS,2026-06-24,5.25,0.554,3.0,4.89,5.95,4.3,5.06,4,0.207,0.3547,-0.002,0.3495,1.298,28.08,13.65,0.85,0,54.91,17.54,31.18,15.59,14.0,64.05,0.186,70.7,Caution,2026-06-24,,,,2
OLAELEC.NS,2026-06-24,4.0,0.692,1.0,3.22,4.0,2.42,3.03,2,0.2462,0.8568,0.1002,-0.0632,-0.095,77.67,34.31,1.01,0,56.01,30.81,-10.38,-43.16,-20.0,82.45,-0.607,88.0,Avoid,2026-06-24,,,,1
CGPOWER.NS,2026-06-24,6.0,0.723,7.5,5.48,6.0,6.0,6.0,4,0.3732,0.3779,-0.0164,0.3389,1.077,33.75,18.14,0.93,0,52.27,22.87,119.41,19.56,27.0,1.44,0.232,76.0,Hold,2026-06-24,,,,3
PARAS.NS,2026-06-24,6.0,1.0,6.0,5.47,6.0,6.0,6.0,7,0.9495,1.0802,0.5218,0.559,1.1,68.21,28.65,2.19,-1,69.51,46.04,117.88,13.14,17.0,3.73,-0.168,97.3,Hold,2026-06-24,,,,3
EXIDEIND.NS,2026-06-24,6.95,0.646,2.5,6.11,7.93,6.15,7.93,8,0.0908,0.3384,0.0136,0.0561,0.202,38.63,17.96,1.38,0,61.89,17.17,39.79,6.17,9.0,11.31,-0.786,60.0,Buy,2026-06-24,,,,4
COFORGE.NS,2026-06-24,6.5,0.169,9.5,5.73,6.5,6.5,6.5,8,-0.1965,0.3493,0.0789,-0.1767,-0.477,46.28,26.82,1.58,-1,62.87,20.22,34.17,18.6,24.0,7.52,0.352,30.0,Buy,2026-06-24,,,,4
GOLDBEES.NS,2026-06-24,5.0,-0.2,5.0,5.0,5.0,5.0,5.0,0,,,,,,,,0.0,0,33.83,23.33,,,,,1.339,28.0,Caution,2026-06-24,,,,2
APOLLOHOSP.NS,2026-06-24,6.0,0.708,5.5,6.71,6.0,6.0,6.0,7,0.217,0.1565,0.0364,0.2169,1.093,17.17,8.92,1.53,0,66.88,15.34,63.53,21.5,18.0,85.15,0.534,62.0,Hold,2026-06-24,,,,3
SANSTAR.NS,2026-06-24,6.0,1.0,8.0,6.18,6.0,6.0,6.0,7,0.4025,0.5781,0.1058,0.3999,1.027,49.92,30.28,1.78,-1,66.15,38.05,67.42,5.09,29.0,2.87,-0.022,86.7,Hold,2026-06-24,,,,3
POLYCAB.NS,2026-06-24,8.04,0.708,6.0,5.84,8.44,7.47,7.88,5,0.2809,0.3785,0.0077,0.632,2.195,30.0,14.3,1.04,0,56.69,27.2,54.89,24.58,33.0,2.56,0.3,74.7,Strong Buy,2026-06-24,,,,5
BDL.NS,2026-06-24,4.3,0.185,3.5,3.97,4.81,3.28,3.39,6,-0.0247,0.1783,0.079,-0.2697,-0.68,40.75,23.14,0.87,0,64.49,25.51,121.36,10.19,14.0,0.01,-0.273,41.3,Avoid,2026-06-24,,,,1
ASIANPAINT.NS,2026-06-24,9.26,0.677,10.0,6.39,9.25,9.21,9.08,6,-0.0417,0.2135,0.007,0.179,0.754,24.8,12.07,0.89,0,53.82,35.39,58.96,20.89,26.0,17.85,-0.425,37.3,Strong Buy,2026-06-24,,,,5
VBL.NS,2026-06-24,6.77,0.062,5.5,5.92,6.79,6.97,7.31,5,0.0456,0.3076,-0.052,0.106,0.367,31.38,14.5,0.22,0,42.03,18.28,53.73,19.7,20.0,12.71,-0.506,54.7,Buy,2026-06-24,,,,4
RPTECH.NS,2026-06-24,5.5,0.877,7.5,6.09,5.5,5.5,5.5,5,1.238,1.2053,0.4489,1.5917,4.067,54.61,21.28,2.52,-1,80.32,51.51,18.5,14.94,17.0,48.65,1.093,98.7,Hold,2026-06-24,,,,3
LENSKART.NS,2026-06-24,5.71,0.185,3.0,5.5,6.0,5.31,6.0,6,0.1056,0.0286,-0.0089,,,27.98,17.51,0.32,0,56.91,14.7,179.29,6.65,8.0,34.98,1.109,44.7,Hold,2026-06-24,,,,3
LAURUSLABS.NS,2026-06-24,6.0,0.954,5.5,6.76,6.0,6.0,6.0,6,0.3678,0.4665,0.0525,1.2379,4.268,27.66,13.36,1.4,-1,65.53,32.89,88.45,17.74,18.0,46.37,2.389,80.0,Hold,2026-06-24,,,,3
JYOTICNC.NS,2026-06-24,3.68,0.046,4.5,3.25,4.08,3.33,2.78,4,-0.1911,0.0442,0.184,-0.2879,-0.676,54.39,40.45,1.13,-1,70.26,31.62,52.59,18.22,21.0,42.61,-0.578,16.0,Avoid,2026-06-24,,,,1
NMDC.NS,2026-06-24,8.07,-0.031,10.0,6.43,7.52,8.91,8.46,6,0.1246,0.1163,-0.0713,0.3179,1.14,30.82,18.99,-0.72,0,40.04,19.62,10.12,23.36,28.0,18.8,-0.109,50.7,Strong Buy,2026-06-24,,,,5
TVSMOTOR.NS,2026-06-24,5.08,-0.631,6.0,5.32,4.48,5.92,5.31,5,-0.0693,-0.0078,0.0165,0.2278,0.869,30.41,19.9,-0.37,0,51.54,12.61,54.11,31.62,17.0,306.09,0.478,17.3,Caution,2026-06-24,,,,2
HINDPETRO.NS,2026-06-24,7.55,-0.015,8.5,6.3,7.0,8.44,8.05,7,-0.1317,0.226,0.0248,0.0915,0.264,42.46,20.92,1.77,0,62.11,13.03,4.87,30.93,22.0,85.37,0.226,23.3,Buy,2026-06-24,,,,4
BIOCON.NS,2026-06-24,5.66,0.646,1.0,5.1,6.0,4.34,5.75,6,0.0535,0.1398,-0.0267,0.1988,0.781,25.19,15.52,0.87,0,57.04,22.17,148.12,1.15,4.0,42.15,0.15,46.7,Hold,2026-06-24,,,,3
SHAKTIPUMP.NS,2026-06-24,4.55,-0.015,6.5,4.11,4.48,4.75,3.53,3,-0.1717,0.2141,0.1595,-0.3867,-0.824,44.91,27.25,2.12,-1,69.9,23.21,28.15,17.97,24.0,29.62,-0.106,24.7,Avoid,2026-06-24,,,,1
FEDERALBNK.NS,2026-06-24,6.5,0.862,6.5,5.57,6.5,6.5,6.5,4,0.2082,0.2389,0.1256,0.5766,2.353,23.45,13.51,2.07,-1,70.67,35.24,18.61,11.73,6.39,,1.216,68.7,Buy,2026-06-24,,,,4
ADANIGREEN.NS,2026-06-24,6.0,1.0,6.0,4.44,6.0,5.26,4.81,4,0.4943,0.8169,0.0238,0.6096,1.455,45.44,19.29,1.12,-1,60.47,39.71,157.75,7.58,7.0,346.55,-0.307,92.0,Hold,2026-06-24,,,,3
CIPLA.NS,2026-06-24,7.03,0.477,5.5,5.45,7.37,6.52,6.79,4,-0.0407,0.1902,0.0234,-0.0219,-0.102,28.05,12.0,1.44,0,65.96,20.32,29.95,11.74,15.0,1.78,-0.327,36.0,Buy,2026-06-24,,,,4
POWERGRID.NS,2026-06-24,5.35,0.0,2.5,5.57,5.84,5.16,6.34,6,0.1101,-0.0271,-0.0308,0.0249,0.126,19.49,13.48,-0.78,0,48.47,21.07,14.46,16.49,10.0,150.99,-0.438,35.3,Caution,2026-06-24,,,,2
YESBANK.NS,2026-06-24,5.22,0.862,2.0,4.82,6.5,3.97,5.11,5,0.1451,0.3802,0.0958,0.2641,0.973,34.0,16.99,1.63,-1,64.59,30.51,22.27,7.09,5.98,,-0.14,69.3,Caution,2026-06-24,,,,2
RBLBANK.NS,2026-06-24,6.5,0.769,6.0,5.69,6.5,6.5,6.5,4,0.244,0.2712,0.0827,0.6595,2.109,33.62,17.71,1.91,-1,65.49,23.91,26.72,5.81,5.81,,0.427,72.0,Buy,2026-06-24,,,,4
TATACOMM.NS,2026-06-24,6.0,0.815,3.5,5.4,6.0,5.39,6.0,6,0.1385,0.4545,0.0409,0.2372,0.705,39.56,17.94,1.48,-1,64.66,30.82,55.39,31.13,15.0,335.85,0.002,71.3,Hold,2026-06-24,,,,3
PERSISTENT.NS,2026-06-24,4.88,-0.815,8.0,5.25,3.72,6.36,4.96,5,-0.2464,0.003,-0.0333,-0.1878,-0.582,36.72,27.37,-0.55,0,47.6,13.41,41.42,26.35,34.0,6.09,0.162,6.0,Caution,2026-06-24,,,,2
SCI.NS,2026-06-24,7.57,0.646,7.0,5.48,7.61,7.3,7.02,6,0.5274,0.403,0.0648,0.5545,1.237,50.1,24.33,0.82,0,60.52,22.1,11.12,14.3,14.0,29.45,0.166,87.3,Strong Buy,2026-06-24,,,,5
WELSPUNLIV.NS,2026-06-24,5.5,1.0,1.5,5.43,5.5,4.97,5.5,5,0.2453,0.5019,0.2179,0.3347,0.721,42.22,20.62,2.8,-1,78.4,26.42,79.74,4.3,6.0,46.5,0.046,78.0,Hold,2026-06-24,,,,3
CREDITACC.NS,2026-06-24,5.86,0.738,6.5,3.9,6.0,4.99,4.11,3,0.123,0.2694,0.1334,0.3117,0.776,45.15,20.96,1.81,-1,66.27,23.78,30.18,10.51,9.98,302.87,-0.095,63.3,Hold,2026-06-24,,,,3
TITAN.NS,2026-06-24,6.0,0.677,7.0,5.15,6.0,6.0,6.0,5,0.0991,0.1088,0.0449,0.2324,0.987,31.1,19.56,0.33,0,55.6,12.78,75.51,37.13,26.0,195.0,0.284,52.7,Hold,2026-06-24,,,,3
NHPC.NS,2026-06-24,6.78,0.631,7.0,4.83,6.8,6.2,5.48,4,0.0396,0.0362,-0.017,-0.0131,-0.054,30.3,21.31,0.26,0,58.98,20.73,28.63,9.02,6.0,113.11,-0.54,32.7,Buy,2026-06-24,,,,4
JSWSTEEL.NS,2026-06-24,6.73,-0.092,6.0,6.37,6.38,7.61,7.77,6,0.1245,0.086,-0.0597,0.2277,0.98,20.06,12.37,-0.63,0,36.56,12.8,13.49,27.26,11.0,94.16,0.364,48.7,Buy,2026-06-24,,,,4
BHARATFORG.NS,2026-06-24,5.92,0.862,2.5,5.32,6.0,4.96,6.0,5,0.476,0.2423,0.095,0.672,2.302,30.09,15.6,2.14,-1,69.66,18.8,93.93,11.6,13.0,76.47,0.153,78.7,Hold,2026-06-24,,,,3
HEROMOTOCO.NS,2026-06-24,6.47,-0.754,10.0,6.01,5.38,8.07,7.07,5,-0.124,-0.0677,-0.035,0.1682,0.628,26.4,18.76,-1.06,0,43.85,11.92,17.09,28.03,36.0,3.57,-0.356,10.0,Buy,2026-06-24,,,,4
IDBI.NS,2026-06-24,3.46,0.169,4.5,3.52,4.46,3.5,3.04,3,-0.1323,0.296,0.1827,-0.0244,-0.052,53.65,21.99,2.57,-1,64.05,33.34,10.06,14.15,6.5,,-0.083,43.3,Avoid,2026-06-24,,,,1
CMPDI.NS,2026-06-24,5.34,0.292,6.0,4.66,5.58,5.27,4.61,5,,,0.0413,,,,,1.39,-1,63.17,37.7,30.12,28.36,38.0,0.06,14.868,27.3,Caution,2026-06-24,,,,2
ASHOKLEY.NS,2026-06-24,4.58,-0.385,6.5,4.19,4.08,4.7,3.4,2,-0.1101,-0.0573,-0.0371,0.3491,0.971,49.12,28.7,-0.26,0,51.53,17.67,26.21,21.64,14.0,344.74,0.307,12.0,Caution,2026-06-24,,,,2
LICI.NS,2026-06-24,8.06,0.508,9.5,5.73,7.87,8.12,7.65,6,0.0185,0.1509,0.052,-0.0553,-0.237,29.06,16.66,1.98,0,65.62,27.29,9.61,42.36,35.0,,-0.502,47.3,Strong Buy,2026-06-24,,,,5
SUNPHARMA.NS,2026-06-24,9.13,0.769,7.5,6.4,9.34,8.86,9.13,6,0.066,0.0691,0.0163,0.1367,0.7,24.39,15.41,1.21,0,67.32,18.12,39.2,14.72,21.0,5.52,0.338,42.0,Strong Buy,2026-06-24,,,,5
ULTRACEMCO.NS,2026-06-24,5.5,-0.692,5.5,6.38,4.81,7.07,7.15,7,-0.0088,0.0619,-0.0222,0.0039,0.017,24.44,14.64,-0.15,0,53.15,15.38,41.26,10.59,13.0,29.43,-0.125,24.0,Hold,2026-06-24,,,,3
ZEEL.NS,2026-06-24,6.38,0.985,4.0,5.3,6.5,5.43,6.4,7,0.2563,0.6149,0.2626,-0.114,-0.265,57.93,28.8,1.88,-1,66.68,38.25,40.81,2.33,3.0,2.26,-0.412,82.0,Buy,2026-06-24,,,,4
APARINDS.NS,2026-06-24,6.0,1.0,4.5,6.11,6.0,6.0,6.0,6,0.8787,0.6903,0.2412,1.1169,2.484,43.07,24.57,2.19,-1,75.69,43.37,68.54,19.74,31.0,17.72,0.741,96.0,Hold,2026-06-24,,,,3
SAIL.NS,2026-06-24,6.71,-0.215,5.0,7.2,6.61,7.45,8.16,8,0.318,0.1763,-0.1681,0.3615,1.026,41.07,20.03,-0.83,0,34.15,29.47,20.98,5.66,8.0,52.9,0.045,65.3,Buy,2026-06-24,,,,4
BANKBARODA.NS,2026-06-24,4.9,0.431,3.0,4.69,5.56,3.94,4.53,4,-0.0172,0.0682,0.0664,0.2341,0.88,30.5,17.81,1.63,0,59.67,17.04,7.29,12.74,5.63,,-0.064,30.7,Caution,2026-06-24,,,,2
TDPOWERSYS.NS,2026-06-24,6.0,0.415,8.0,6.07,6.0,6.0,6.0,5,0.6997,0.4684,-0.0515,1.458,3.062,54.89,32.54,0.72,0,52.17,22.85,82.54,24.72,33.0,1.69,1.731,90.7,Hold,2026-06-24,,,,3
NYKAA.NS,2026-06-24,5.5,0.831,4.5,5.95,5.5,5.5,5.5,7,0.2084,0.2768,0.1647,0.5553,1.904,28.61,14.62,2.85,-1,74.95,28.46,437.86,14.34,17.0,82.41,0.846,72.7,Hold,2026-06-24,,,,3
IOC.NS,2026-06-24,7.05,-0.077,6.5,6.48,6.62,8.01,8.07,6,-0.0948,0.0548,0.0164,0.125,0.485,31.18,17.75,1.18,0,58.06,15.46,4.79,20.97,19.0,58.45,-0.288,19.3,Buy,2026-06-24,,,,4
PATELENG.NS,2026-06-24,5.45,0.6,3.5,5.55,5.5,5.5,5.5,5,0.1029,0.4381,0.2493,-0.1379,-0.349,47.69,25.21,3.54,-1,76.19,27.37,12.19,6.55,14.0,27.38,-0.888,73.3,Caution,2026-06-24,,,,2
EICHERMOT.NS,2026-06-24,7.76,0.662,6.5,5.81,7.89,7.55,7.65,6,0.0385,0.102,0.0206,0.3883,1.495,32.73,17.84,1.58,0,61.5,15.95,37.71,23.77,31.0,2.05,0.773,39.3,Buy,2026-06-24,,,,4
CANBK.NS,2026-06-24,4.73,-0.292,4.5,4.96,4.68,4.8,4.77,3,-0.1055,0.0097,0.0021,0.2539,0.873,34.41,22.42,-0.01,0,49.12,11.96,5.99,15.94,6.52,,0.07,14.0,Caution,2026-06-24,,,,2
TCIEXP.NS,2026-06-24,4.95,0.492,6.0,4.47,5.5,5.04,4.35,4,0.0827,0.3028,0.2068,-0.1746,-0.479,50.33,23.95,3.9,-1,72.64,13.65,29.08,10.29,14.0,7.74,-0.928,64.7,Caution,2026-06-24,,,,2
TATACAP.NS,2026-06-24,4.98,0.277,5.0,4.24,5.15,4.28,3.83,5,0.0729,0.0836,0.1406,,,31.56,17.47,1.98,0,65.97,34.13,30.08,12.01,8.58,502.06,0.144,52.0,Caution,2026-06-24,,,,2
ZFCVINDIA.NS,2026-06-24,5.5,0.754,7.0,5.41,5.5,5.5,5.5,7,0.0412,0.2099,0.0734,0.2101,0.721,28.26,14.26,2.59,-1,66.63,29.48,58.71,14.98,20.0,,-0.201,54.0,Hold,2026-06-24,,,,3
ONGC.NS,2026-06-24,6.5,-0.631,7.5,7.4,5.51,8.3,7.86,7,0.049,-0.1046,-0.1242,0.0044,0.019,26.04,19.73,-2.08,1,24.59,41.93,7.29,12.7,14.0,42.55,-0.266,18.0,Buy,2026-06-24,,,,4
BPCL.NS,2026-06-24,7.13,-0.108,9.0,6.1,6.46,8.15,7.57,7,-0.1225,0.1185,0.0278,0.0729,0.249,35.71,18.82,1.42,0,60.09,15.06,5.22,28.47,26.0,54.33,0.044,20.7,Buy,2026-06-24,,,,4
CUMMINSIND.NS,2026-06-24,6.0,0.246,9.0,6.21,6.0,6.0,6.0,7,0.2347,0.2026,-0.0783,0.722,2.633,35.31,18.08,0.54,0,46.35,15.91,65.01,29.45,40.0,0.43,0.402,61.3,Hold,2026-06-24,,,,3
STEELCAS.NS,2026-06-24,6.62,0.938,4.0,5.33,7.49,5.48,6.45,5,0.5001,0.4065,0.0708,0.4565,0.995,42.14,23.23,1.36,0,63.72,23.93,35.76,24.1,32.0,,1.032,85.3,Buy,2026-06-24,,,,4
PFC.NS,2026-06-24,5.36,0.215,5.5,4.36,5.5,4.66,4.11,5,0.2956,0.0962,0.0083,0.1086,0.4,29.42,20.77,-0.04,0,53.42,11.96,5.57,20.47,9.71,586.02,-0.242,66.0,Caution,2026-06-24,,,,2
MAZDOCK.NS,2026-06-24,6.0,-0.123,10.0,4.9,5.23,6.55,5.06,5,-0.0173,0.1065,0.0154,-0.2297,-0.673,37.81,21.02,-0.08,0,51.83,13.99,39.0,28.77,36.0,4.48,0.139,32.0,Hold,2026-06-24,,,,3
NIFTYBEES.NS,2026-06-24,5.27,-0.046,5.0,5.0,5.38,5.08,5.15,0,,,,,,,,0.0,0,57.57,15.83,,,,,-0.351,20.0,Caution,2026-06-24,,,,2
IIFL.NS,2026-06-24,5.07,0.523,4.5,4.09,5.53,3.94,3.77,5,-0.0708,0.1519,0.0978,0.1145,0.289,43.78,29.97,1.64,0,58.94,25.38,13.55,12.29,10.8,446.24,-0.01,33.3,Caution,2026-06-24,,,,2
ABCAPITAL.NS,2026-06-24,5.32,0.8,5.0,3.53,6.0,4.14,3.79,3,0.1407,0.3056,0.0819,0.5168,1.564,39.72,21.03,2.28,-1,66.35,21.87,27.72,11.18,8.72,491.75,0.678,66.7,Caution,2026-06-24,,,,2
JIOFIN.NS,2026-06-24,2.31,-0.631,3.5,3.36,2.07,2.47,1.96,5,-0.2004,0.0265,-0.0166,-0.1869,-0.695,31.13,21.1,-0.11,0,50.01,16.42,99.53,1.21,2.0,16.29,-0.821,9.3,Avoid,2026-06-24,,,,1
SBILIFE.NS,2026-06-24,3.92,-0.785,2.5,5.94,3.68,5.09,5.95,5,-0.1247,-0.0372,-0.0519,-0.0225,-0.115,24.64,17.48,-1.09,0,43.29,18.84,71.71,13.7,15.0,,0.186,11.3,Avoid,2026-06-24,,,,1
UNIONBANK.NS,2026-06-24,6.41,0.554,4.5,5.19,7.0,5.51,6.03,4,0.1442,0.0058,0.0362,0.2598,0.812,37.24,25.32,0.38,0,58.52,14.25,6.87,15.71,6.3,,0.244,50.0,Buy,2026-06-24,,,,4
DLF.NS,2026-06-24,4.21,0.123,2.0,4.58,4.87,3.3,4.0,7,-0.1068,0.1865,0.0408,-0.2711,-0.979,33.8,20.11,1.2,0,56.71,20.87,34.69,10.03,6.0,0.67,-0.651,25.3,Avoid,2026-06-24,,,,1
GRASIM.NS,2026-06-24,6.55,0.585,5.5,5.22,6.82,6.02,6.06,5,0.1133,0.2269,-0.0133,0.1573,0.735,22.68,10.75,1.01,0,56.76,15.72,42.7,6.29,8.0,134.14,0.247,57.3,Buy,2026-06-24,,,,4
TATAPOWER.NS,2026-06-24,3.74,-0.092,1.0,4.89,4.13,3.47,4.25,4,0.0387,0.028,-0.0711,0.0139,0.067,22.9,14.7,-1.0,0,38.87,17.28,33.57,11.34,11.0,168.05,-0.42,26.7,Avoid,2026-06-24,,,,1
GLAND.NS,2026-06-24,6.5,1.0,8.0,6.71,6.5,6.5,6.5,8,0.3915,0.3928,0.0057,0.3753,1.223,44.18,17.6,1.3,-1,63.77,31.62,37.35,10.53,15.0,2.74,0.247,77.3,Buy,2026-06-24,,,,4
HINDZINC.NS,2026-06-24,6.33,-0.662,9.5,6.2,5.21,8.1,7.25,7,-0.0901,0.1103,-0.1648,0.2582,0.707,35.47,23.0,-1.17,1,33.9,24.61,16.55,76.94,70.0,39.03,-0.333,16.7,Buy,2026-06-24,,,,4
KPRMILL.NS,2026-06-25,5.26,0.785,4.88,6.86,5.67,4.72,5.45,6,0.2522,0.3927,0.2707,0.0611,0.144,45.27,16.61,2.34,-1,67.02,44.22,47.01,16.2,20.0,10.46,0.236,78.7,Hold,2026-06-25,,,,3
MTARTECH.NS,2026-06-25,1.35,0.554,4.65,6.34,1.46,1.18,1.38,6,2.277,1.2434,0.011,3.7442,6.452,83.66,43.35,1.05,-1,56.22,22.59,262.99,12.12,15.0,45.78,2.039,99.3,Avoid,2026-06-25,,,,1
DELHIVERY.NS,2026-06-25,1.3,0.569,1.93,6.73,1.5,1.13,1.51,5,0.1279,0.0801,0.011,0.2891,0.947,28.96,18.56,0.51,0,54.33,19.04,230.1,1.6,3.0,15.1,0.061,56.0,Avoid,2026-06-25,,,,1
ICIL.NS,2026-06-25,3.97,0.877,4.66,7.49,4.35,3.53,4.29,7,0.5714,0.6502,0.3678,0.5628,0.924,60.29,22.54,2.66,-1,73.79,45.82,66.83,5.47,8.0,56.99,0.04,95.3,Caution,2026-06-25,,,,2
PGIL.NS,2026-06-25,4.51,0.862,5.28,6.83,4.76,4.08,4.47,5,0.2679,0.4781,0.2766,0.4032,0.786,44.29,19.2,3.64,-1,79.72,49.33,34.44,20.9,19.0,65.57,1.092,81.3,Hold,2026-06-25,,,,3
PPLPHARMA.NS,2026-06-25,4.55,-0.277,3.98,6.22,4.43,5.13,5.41,5,-0.058,0.1887,-0.0376,-0.1363,-0.417,39.97,18.98,0.33,0,51.44,17.12,-67.89,-4.0,3.0,69.52,-0.096,33.3,Hold,2026-06-25,,,,3
PACEDIGITK.NS,2026-06-25,6.05,0.108,6.23,5.17,5.74,5.91,4.9,4,0.027,0.2787,-0.0174,,,53.91,29.84,1.39,0,57.79,16.13,13.24,17.75,21.0,43.56,-0.401,56.7,Buy,2026-06-25,,,,4
FIRSTCRY.NS,2026-06-25,2.73,-0.369,2.05,4.89,2.86,2.79,3.02,5,-0.2556,-0.0083,-0.0286,-0.3432,-0.746,34.46,18.75,-0.74,0,50.11,10.62,-76.88,-3.83,1.0,29.76,-1.029,7.3,Caution,2026-06-25,,,,2
HINDCOPPER.NS,2026-06-25,5.77,-0.292,8.65,7.37,5.08,6.84,6.3,8,0.2069,0.0226,-0.1152,0.967,1.762,38.86,23.06,-1.79,0,34.54,25.5,51.78,30.6,42.0,3.32,0.337,55.3,Buy,2026-06-25,,,,4
SIS.NS,2026-06-25,6.47,0.662,5.13,7.43,6.71,6.18,6.88,5,0.3337,0.5492,0.1026,0.2084,0.712,39.08,17.19,1.24,-1,62.56,56.5,45.03,5.56,14.0,70.3,-0.216,84.0,Buy,2026-06-25,,,,4
AETHER.NS,2026-06-25,2.28,0.877,3.43,5.36,2.65,1.68,2.05,6,0.5655,0.1438,0.2105,0.7341,1.957,38.98,20.43,2.96,-1,73.01,28.14,80.02,9.38,12.0,18.65,0.454,86.7,Avoid,2026-06-25,,,,1
BDL.NS,2026-06-25,1.23,0.138,3.02,3.89,1.4,0.91,0.95,6,-0.0406,0.1575,0.0672,-0.2886,-0.728,40.05,22.08,0.67,0,61.49,25.88,119.2,10.19,14.0,0.01,-0.279,40.7,Avoid,2026-06-25,,,,1
SANSTAR.NS,2026-06-25,5.54,0.831,7.01,7.41,5.67,5.21,5.48,7,0.3809,0.5208,0.085,0.4199,1.08,49.05,29.16,1.57,-1,62.6,39.49,66.16,5.09,29.0,2.87,-0.048,85.3,Hold,2026-06-25,,,,3
VBL.NS,2026-06-25,4.87,0.031,3.98,7.1,5.05,5.02,5.83,5,0.0561,0.2673,-0.0502,0.1028,0.357,31.16,14.24,0.2,0,42.68,18.09,53.89,19.7,20.0,12.71,-0.513,57.3,Hold,2026-06-25,,,,3
LAURUSLABS.NS,2026-06-25,3.82,0.785,5.04,7.69,4.04,3.58,4.08,6,0.3585,0.4181,0.0494,1.1802,4.069,27.34,12.97,1.33,-1,64.48,33.28,88.25,17.74,18.0,46.37,2.394,79.3,Caution,2026-06-25,,,,2
LENSKART.NS,2026-06-25,1.03,0.123,2.97,6.2,1.13,0.97,1.17,6,0.0925,0.0275,-0.0232,,,27.84,17.29,-0.08,0,50.86,14.92,176.09,6.65,8.0,34.98,1.012,45.3,Avoid,2026-06-25,,,,1
RPTECH.NS,2026-06-25,6.36,0.723,5.87,6.57,6.58,5.77,6.14,5,1.3032,1.1659,0.4847,1.6848,4.299,54.06,20.67,2.56,-1,81.71,52.54,18.98,14.94,17.0,48.65,1.114,98.7,Buy,2026-06-25,,,,4
JYOTICNC.NS,2026-06-25,3.23,0.215,4.21,3.54,3.48,2.61,2.3,4,-0.2116,-0.0196,0.1591,-0.3304,-0.775,53.92,39.85,0.84,0,65.26,32.97,51.52,18.22,21.0,42.61,-0.677,11.3,Caution,2026-06-25,,,,2
NMDC.NS,2026-06-25,7.65,-0.077,7.95,7.6,7.05,8.68,8.26,6,0.0735,0.0911,-0.0795,0.3051,1.094,30.77,18.92,-1.04,0,38.28,20.9,10.03,23.36,28.0,18.8,-0.086,44.7,Buy,2026-06-25,,,,4
BIOCON.NS,2026-06-25,1.23,0.554,1.21,6.0,1.46,0.99,1.31,6,0.0364,0.0961,-0.0371,0.1832,0.719,24.7,14.83,0.7,0,51.87,21.69,147.57,1.15,4.0,42.15,0.146,39.3,Avoid,2026-06-25,,,,1
SHAKTIPUMP.NS,2026-06-25,4.15,0.185,4.71,4.27,4.32,3.6,3.17,3,-0.2057,0.1707,0.1395,-0.3922,-0.835,43.84,25.68,1.74,0,64.85,25.18,27.69,17.97,24.0,29.62,-0.095,22.0,Hold,2026-06-25,,,,3
CIPLA.NS,2026-06-25,6.33,0.462,4.78,6.1,6.75,5.78,6.15,4,-0.0314,0.1681,0.025,-0.02,-0.094,27.81,11.62,1.42,0,66.36,21.3,29.98,11.74,15.0,1.78,-0.317,40.0,Buy,2026-06-25,,,,4
FEDERALBNK.NS,2026-06-25,7.34,0.846,4.82,6.93,7.99,6.54,7.61,4,0.2208,0.196,0.1217,0.5753,2.352,21.97,11.24,1.95,0,68.75,35.83,18.52,11.73,6.39,,1.203,70.7,Buy,2026-06-25,,,,4
YESBANK.NS,2026-06-25,5.5,0.862,2.08,6.07,6.53,4.18,5.57,5,0.144,0.3465,0.0927,0.251,0.926,32.17,13.86,1.57,-1,63.73,30.45,22.21,7.09,5.98,,-0.149,71.3,Hold,2026-06-25,,,,3
PERSISTENT.NS,2026-06-25,4.22,-0.677,6.6,5.66,3.37,5.4,4.07,5,-0.2512,-0.0177,-0.0504,-0.1987,-0.619,36.89,27.59,-0.93,0,43.92,13.57,40.76,26.35,34.0,6.09,0.131,6.0,Hold,2026-06-25,,,,3
RBLBANK.NS,2026-06-25,7.5,0.738,5.24,6.26,7.86,6.78,7.1,4,0.2222,0.2208,0.0655,0.5915,1.891,33.5,17.54,1.59,0,59.87,24.26,26.32,5.81,5.81,,0.419,69.3,Buy,2026-06-25,,,,4
TATACOMM.NS,2026-06-25,3.02,0.662,3.7,6.5,3.35,2.64,3.19,6,0.1206,0.3864,0.0221,0.2229,0.662,38.89,16.76,1.28,-1,59.74,30.97,54.56,31.13,15.0,335.85,-0.019,68.0,Caution,2026-06-25,,,,2
SCI.NS,2026-06-25,7.22,0.277,5.9,6.17,7.07,7.02,6.75,6,0.4576,0.3362,0.0275,0.4466,0.994,49.92,24.0,0.43,0,52.38,22.0,10.73,14.3,14.0,29.45,0.125,82.7,Buy,2026-06-25,,,,4
JSWSTEEL.NS,2026-06-25,7.21,-0.092,6.08,7.81,6.7,8.27,8.21,6,0.1224,0.0649,-0.0598,0.238,1.025,19.98,12.29,-0.72,0,36.52,14.21,13.49,27.26,11.0,94.16,0.378,50.7,Buy,2026-06-25,,,,4
WELSPUNLIV.NS,2026-06-25,2.58,0.831,1.73,6.5,2.99,2.19,2.98,5,0.2218,0.4754,0.1999,0.3293,0.709,39.37,15.15,2.49,-1,73.7,28.48,78.19,4.3,6.0,46.5,0.036,78.0,Caution,2026-06-25,,,,2
CREDITACC.NS,2026-06-25,4.42,0.723,6.17,4.35,4.55,3.62,3.02,3,0.1234,0.2479,0.135,0.298,0.742,45.09,20.9,1.77,0,66.46,24.63,30.16,10.51,9.98,302.87,-0.052,66.0,Hold,2026-06-25,,,,3
CMPDI.NS,2026-06-25,4.5,0.0,7.56,4.69,4.03,4.68,3.31,5,,,0.0027,,,54.47,28.82,1.08,-1,56.18,36.27,29.0,28.36,38.0,0.06,11.794,22.7,Hold,2026-06-25,,,,3
NHPC.NS,2026-06-25,6.56,0.631,5.81,5.05,6.77,5.77,5.13,4,0.0333,0.0285,-0.0159,-0.0456,-0.188,29.23,19.88,0.26,0,59.23,21.14,28.66,9.02,6.0,113.11,-0.539,34.7,Buy,2026-06-25,,,,4
IDBI.NS,2026-06-25,3.43,0.138,4.98,3.96,3.49,2.93,2.4,3,-0.1366,0.2867,0.1757,-0.031,-0.066,52.89,20.51,2.42,-1,62.95,35.44,10.0,14.15,6.5,,-0.08,46.7,Caution,2026-06-25,,,,2
SAIL.NS,2026-06-25,6.22,-0.231,4.18,8.32,6.21,6.96,8.09,8,0.2869,0.1258,-0.1712,0.366,1.039,40.58,20.05,-0.93,0,33.64,30.59,20.88,5.66,8.0,52.9,0.068,63.3,Buy,2026-06-25,,,,4
TDPOWERSYS.NS,2026-06-25,4.4,0.246,7.02,6.52,4.25,4.4,4.31,5,0.7147,0.4172,-0.0574,1.4301,3.003,54.95,32.56,0.65,0,51.39,21.78,82.14,24.72,33.0,1.69,1.71,92.0,Hold,2026-06-25,,,,3
NYKAA.NS,2026-06-25,1.47,0.831,4.75,7.25,1.61,1.32,1.55,7,0.1733,0.2345,0.1452,0.4806,1.646,28.52,14.48,2.39,-1,68.56,29.78,430.5,14.34,17.0,82.41,0.82,68.7,Avoid,2026-06-25,,,,1
IOC.NS,2026-06-25,7.45,0.031,7.4,7.67,7.02,8.46,8.04,6,-0.1076,0.024,-0.0003,0.0965,0.373,31.17,17.72,0.57,0,53.26,15.94,4.71,20.97,19.0,58.45,-0.297,18.0,Buy,2026-06-25,,,,4
PATELENG.NS,2026-06-25,3.74,0.492,3.34,6.0,4.21,3.11,3.78,5,0.1249,0.3685,0.2219,-0.1528,-0.387,46.3,22.96,3.01,-1,71.28,30.21,11.93,6.55,14.0,27.38,-0.913,74.0,Caution,2026-06-25,,,,2
TCIEXP.NS,2026-06-25,4.59,-0.015,5.07,4.51,4.43,4.42,3.56,4,-0.0646,0.1281,0.0455,-0.2793,-0.723,57.55,36.09,0.44,0,50.55,16.03,25.18,10.29,14.0,7.74,-1.06,31.3,Hold,2026-06-25,,,,3
ZFCVINDIA.NS,2026-06-25,5.53,0.769,5.44,7.34,5.73,5.36,5.73,7,0.0474,0.1548,0.0557,0.2048,0.702,28.52,14.66,1.98,0,60.96,32.47,57.51,14.98,20.0,,-0.196,54.0,Hold,2026-06-25,,,,3
STEELCAS.NS,2026-06-25,7.66,0.754,5.17,6.07,8.11,6.61,6.9,5,0.4377,0.36,0.0385,0.3836,0.836,42.27,24.03,0.85,0,55.82,26.05,34.77,24.1,32.0,,1.007,82.0,Buy,2026-06-25,,,,4
IIFL.NS,2026-06-25,2.58,0.277,5.49,4.13,2.59,2.28,1.77,5,-0.1035,0.0978,0.0655,0.0697,0.176,43.4,29.47,1.12,0,52.0,24.38,13.15,12.29,10.8,446.24,-0.019,23.3,Caution,2026-06-25,,,,2
UNIONBANK.NS,2026-06-25,7.28,0.569,5.28,6.19,7.58,6.68,6.76,4,0.1467,-0.0311,0.0355,0.2646,0.829,34.74,21.63,0.35,0,58.25,14.73,6.86,15.71,6.3,,0.258,51.3,Buy,2026-06-25,,,,4
ABCAPITAL.NS,2026-06-25,2.36,0.677,4.82,4.23,2.6,1.75,1.69,3,0.1269,0.2418,0.071,0.4768,1.443,38.53,19.09,2.08,-1,63.64,23.57,27.42,11.18,8.72,491.75,0.673,64.0,Avoid,2026-06-25,,,,1
SBILIFE.NS,2026-06-25,2.31,-0.554,2.6,6.27,2.29,2.78,3.14,5,-0.137,-0.0577,-0.0641,-0.0392,-0.201,23.85,16.35,-1.43,0,39.4,19.33,71.02,13.7,15.0,,0.137,10.0,Avoid,2026-06-25,,,,1
JIOFIN.NS,2026-06-25,0.97,-0.431,2.51,3.02,0.99,0.9,0.81,5,-0.1984,0.0088,-0.0142,-0.182,-0.683,30.16,19.74,-0.07,0,50.75,15.5,99.35,1.21,2.0,16.29,-0.832,9.3,Avoid,2026-06-25,,,,1
GLAND.NS,2026-06-25,7.88,0.785,6.79,7.64,7.97,7.66,8.0,8,0.3718,0.3533,0.0008,0.3557,1.161,44.01,17.32,1.21,-1,62.26,32.52,37.13,10.53,15.0,2.74,0.238,77.3,Buy,2026-06-25,,,,4
INDIGO.NS,2026-06-25,1.49,0.615,0.93,5.41,1.8,1.1,1.49,3,0.0592,0.313,0.1926,0.0128,0.039,41.75,21.55,3.43,-1,78.63,27.02,-87.95,7.12,7.0,866.46,0.235,68.7,Avoid,2026-06-25,,,,1
M&M.NS,2026-06-25,5.77,-0.154,5.33,6.35,5.45,6.46,6.03,5,-0.1222,0.0173,0.0194,0.0232,0.085,30.0,17.8,0.71,0,59.15,15.47,20.89,18.75,15.0,125.07,-0.036,18.7,Hold,2026-06-25,,,,3
ICICIBANK.NS,2026-06-25,5.16,0.631,3.61,6.08,5.81,4.36,5.19,3,0.018,0.1015,0.0902,-0.0154,-0.083,22.72,12.17,2.04,-1,71.21,28.44,18.57,16.36,7.2,,0.113,51.3,Caution,2026-06-25,,,,2
HDFCBANK.NS,2026-06-25,4.27,0.2,2.23,5.29,4.87,3.68,4.36,5,-0.1878,0.0347,0.067,-0.1579,-0.801,25.7,14.45,1.58,0,64.37,21.98,17.77,13.82,7.04,,-0.441,12.0,Caution,2026-06-25,,,,2
SBIN.NS,2026-06-25,6.47,0.6,4.76,5.61,7.05,5.49,5.86,2,0.095,0.0034,0.0802,0.3468,1.557,26.48,19.23,0.69,0,63.87,16.43,11.47,15.48,6.13,,0.321,53.3,Hold,2026-06-25,,,,3
RELIANCE.NS,2026-06-25,3.32,-0.554,2.46,5.94,3.3,3.88,4.28,5,-0.1569,-0.0629,-0.0195,-0.0874,-0.434,23.73,16.29,-0.52,0,49.63,16.06,22.1,9.14,10.0,36.65,-0.515,10.0,Avoid,2026-06-25,,,,1
SILVERBEES.NS,2026-06-25,4.08,-0.415,5.0,5.0,3.79,4.68,4.37,0,,,,,,,,0.0,0,30.85,19.68,,,,,1.069,20.0,Avoid,2026-06-25,,,,1
INFY.NS,2026-06-25,3.94,-0.585,6.26,4.54,3.12,4.75,3.02,8,-0.3624,-0.1684,-0.0829,-0.3182,-1.143,36.36,28.52,-1.78,0,36.1,18.93,13.74,31.44,40.0,9.83,-0.82,2.0,Avoid,2026-06-25,,,,1
BHARTIARTL.NS,2026-06-25,5.04,0.0,4.46,6.48,5.14,5.36,5.69,6,-0.1282,0.0086,-0.0008,-0.0362,-0.186,22.33,14.45,0.15,0,49.45,17.21,41.78,19.36,18.0,99.72,0.424,15.3,Caution,2026-06-25,,,,2
MARUTI.NS,2026-06-25,6.35,0.2,5.81,6.31,6.19,6.64,6.14,5,-0.1712,0.0813,0.0285,0.0941,0.401,25.88,15.16,1.67,0,60.48,13.51,29.47,14.43,19.0,0.1,0.052,17.3,Hold,2026-06-25,,,,3
RELAXO.NS,2026-06-25,3.12,0.615,3.38,6.99,3.48,2.8,3.55,6,0.0277,0.5998,0.3694,0.0252,0.061,55.8,24.6,3.24,-1,77.61,40.34,57.52,8.33,11.0,10.54,-1.04,80.0,Avoid,2026-06-25,,,,1
LT.NS,2026-06-25,6.05,0.708,3.67,5.95,6.85,4.93,5.81,3,0.049,0.1667,0.0417,0.188,0.755,27.3,12.38,1.72,0,65.45,21.91,36.01,16.95,15.0,97.64,0.122,57.3,Hold,2026-06-25,,,,3
RAMCOSYS.NS,2026-06-25,3.52,0.554,6.48,7.09,3.53,3.41,3.52,6,0.1838,0.8691,0.5389,0.8586,1.466,76.84,21.51,3.29,-1,83.39,46.16,63.83,12.49,19.0,12.1,0.69,90.0,Avoid,2026-06-25,,,,1
BAJFINANCE.NS,2026-06-25,3.17,0.369,4.8,4.23,3.39,2.53,2.26,4,-0.0307,0.1106,0.0529,0.0709,0.243,29.68,15.57,1.7,0,64.18,22.87,32.12,17.91,10.8,313.41,0.43,41.3,Avoid,2026-06-25,,,,1
HINDALCO.NS,2026-06-25,4.5,-0.323,3.24,6.24,4.58,4.87,5.57,2,0.1034,0.0973,-0.1709,0.4518,1.636,30.37,19.97,-1.55,0,30.56,28.11,15.84,10.29,14.0,72.6,0.43,46.7,Caution,2026-06-25,,,,2
OFSS.NS,2026-06-25,8.29,0.8,7.9,7.85,8.4,7.89,8.24,7,0.4441,0.7107,0.0655,0.2515,0.792,36.35,15.61,1.77,-1,74.55,24.55,36.27,32.61,45.0,0.41,0.114,89.3,Buy,2026-06-25,,,,4
MOTHERSON.NS,2026-06-25,6.31,0.8,3.78,7.35,7.03,5.57,6.94,5,0.2656,0.3452,0.0653,0.5419,1.563,40.35,18.91,1.72,-1,66.09,39.29,41.45,10.11,13.0,43.91,0.083,77.3,Hold,2026-06-25,,,,3
AXISBANK.NS,2026-06-25,5.12,0.692,1.69,4.85,6.24,3.43,4.47,3,0.1242,0.1269,0.0561,0.1353,0.578,25.48,12.78,1.48,0,66.97,22.72,16.31,13.15,6.24,,-0.099,63.3,Caution,2026-06-25,,,,2
BSE.NS,2026-06-25,5.46,-0.077,8.37,7.25,5.01,5.98,5.72,8,0.4145,0.3397,-0.0886,0.3952,0.99,36.72,19.0,0.22,0,44.07,19.9,64.28,36.0,58.0,0.0,2.1,81.3,Caution,2026-06-25,,,,2
TCS.NS,2026-06-25,4.88,-0.615,6.66,6.06,3.95,6.33,5.0,6,-0.3469,-0.107,-0.083,-0.3585,-1.441,34.0,26.92,-1.67,0,37.84,18.62,15.4,48.4,63.0,10.39,-1.287,3.3,Caution,2026-06-25,,,,2
VEDL.NS,2026-06-25,5.08,-0.615,6.8,6.22,4.18,6.56,5.3,8,-0.5259,-0.5848,-0.2291,-0.3491,-0.474,140.87,135.89,-0.87,1,27.16,35.87,15.24,20.4,16.0,48.04,-0.41,0.7,Caution,2026-06-25,,,,2
ASHOKLEY.NS,2026-06-25,3.27,0.123,5.04,5.24,3.25,3.19,2.86,2,-0.0817,-0.044,-0.0012,0.3904,1.081,48.35,26.39,0.33,0,57.56,17.24,27.14,21.64,14.0,344.74,0.36,18.0,Avoid,2026-06-25,,,,1
HSCL.NS,2026-06-25,6.18,0.738,5.44,6.19,6.47,5.45,5.66,4,0.4095,0.4728,0.1168,0.5406,1.574,41.18,23.26,1.2,-1,58.49,27.64,45.06,17.7,22.0,16.17,0.629,85.3,Hold,2026-06-25,,,,3
MSUMI.NS,2026-06-25,5.86,0.185,6.31,6.04,5.63,6.05,5.39,8,-0.0922,0.0864,0.0393,0.0504,0.158,35.44,21.37,1.38,0,64.92,24.64,43.89,32.39,39.0,10.79,-0.536,25.3,Hold,2026-06-25,,,,3
NATIONALUM.NS,2026-06-25,6.83,-0.262,7.79,7.0,6.11,8.02,7.3,6,0.1649,-0.0912,-0.233,0.8438,2.163,39.89,32.92,-2.93,1,28.36,31.46,9.94,29.42,40.0,0.28,0.815,33.3,Hold,2026-06-25,,,,3
SHRIRAMFIN.NS,2026-06-25,5.27,0.754,5.4,5.18,5.56,4.44,4.21,5,0.0773,0.0793,0.0712,0.576,1.634,40.34,21.34,1.43,0,66.22,19.79,19.36,16.38,11.5,276.21,0.752,56.7,Caution,2026-06-25,,,,2
RAMCOIND.NS,2026-06-25,4.05,0.492,5.26,6.45,4.18,3.82,3.99,5,0.0824,0.3298,0.1009,0.3572,0.897,47.23,23.05,3.52,-1,69.61,24.76,16.4,7.0,5.0,3.79,0.264,68.0,Avoid,2026-06-25,,,,1
TMCV.NS,2026-06-25,4.86,0.308,4.85,6.01,5.05,4.61,4.78,7,0.0251,0.0114,0.1379,,,43.68,22.91,1.34,0,68.24,28.1,52.48,26.05,36.0,44.09,1.24,46.0,Caution,2026-06-25,,,,2
BEL.NS,2026-06-25,5.36,-0.092,5.94,6.51,5.01,5.97,5.54,7,0.0239,-0.0151,-0.0284,-0.0262,-0.103,22.92,15.28,-1.31,0,42.36,24.65,49.24,27.56,37.0,0.27,0.316,30.0,Caution,2026-06-25,,,,2
AEGISLOG.NS,2026-06-25,5.54,0.815,5.72,7.39,5.77,5.1,5.61,8,0.5478,0.8646,0.5975,0.4639,1.136,52.09,19.07,2.83,-1,88.28,59.79,44.52,15.26,14.0,47.24,0.262,96.7,Hold,2026-06-25,,,,3
MCX.NS,2026-06-25,6.07,-0.123,9.29,7.24,5.52,6.77,6.37,6,0.3076,0.1487,-0.1035,0.714,1.923,34.03,22.59,-0.41,0,43.57,25.33,54.17,37.88,71.0,0.11,2.198,71.3,Hold,2026-06-25,,,,3
KAYNES.NS,2026-06-25,1.34,-0.538,1.77,2.66,1.35,1.31,1.19,3,-0.2115,-0.1219,0.0109,-0.4354,-0.843,60.13,49.63,-0.73,0,48.85,18.54,59.96,9.57,13.0,19.17,-0.324,8.0,Avoid,2026-06-25,,,,1
ONGC.NS,2026-06-25,6.34,-0.492,6.51,8.23,5.52,8.1,7.51,7,0.0131,-0.1373,-0.1494,-0.0225,-0.098,26.46,20.59,-2.3,1,20.87,43.54,7.08,12.7,14.0,42.55,-0.299,14.0,Hold,2026-06-25,,,,3
TVSMOTOR.NS,2026-06-25,3.39,0.492,4.69,6.35,3.63,3.18,3.45,5,-0.0283,0.011,0.0547,0.2892,1.094,31.05,19.46,0.5,0,61.49,13.28,56.08,31.62,17.0,306.09,0.582,29.3,Avoid,2026-06-25,,,,1
CHOLAFIN.NS,2026-06-25,1.94,0.677,4.75,4.12,2.13,1.43,1.35,5,0.0727,0.2208,0.1393,0.1375,0.423,40.88,20.2,2.5,-1,74.02,28.46,29.09,19.33,9.7,693.26,0.177,64.7,Avoid,2026-06-25,,,,1
GOLDBEES.NS,2026-06-25,4.27,-0.369,5.0,5.0,4.04,4.74,4.49,0,,,,,,,,0.0,0,29.81,24.61,,,,,1.267,24.0,Caution,2026-06-25,,,,2
NTPC.NS,2026-06-25,5.56,-0.462,5.3,6.54,4.99,6.68,6.31,5,0.0973,-0.0696,-0.1158,0.0864,0.463,20.61,15.36,-1.64,0,35.3,30.35,11.56,13.69,8.0,118.13,-0.237,31.3,Hold,2026-06-25,,,,3
KOTAKBANK.NS,2026-06-25,4.14,0.508,1.64,5.72,4.89,3.31,4.27,3,-0.0544,0.1021,0.0522,-0.0626,-0.297,20.92,12.67,2.14,-1,66.66,22.59,21.08,11.39,6.93,,0.038,35.3,Caution,2026-06-25,,,,2
HCLTECH.NS,2026-06-25,3.58,-0.708,7.19,3.92,2.59,4.45,2.34,8,-0.3274,-0.1879,-0.0554,-0.3261,-1.277,34.87,29.91,-1.13,0,36.26,19.11,17.93,23.36,31.0,6.93,-0.614,2.7,Avoid,2026-06-25,,,,1
PINELABS.NS,2026-06-25,0.52,-0.431,2.11,4.61,0.54,0.52,0.54,7,-0.3163,-0.0263,0.0976,,,55.31,38.15,-0.3,0,56.14,14.48,156.93,2.39,4.0,7.47,-1.252,6.0,Avoid,2026-06-25,,,,1
HEROMOTOCO.NS,2026-06-25,6.22,-0.585,8.11,7.32,5.25,8.03,7.03,5,-0.131,-0.0744,-0.0353,0.1914,0.715,26.22,18.49,-1.04,0,43.77,11.13,17.09,28.03,36.0,3.57,-0.352,10.7,Hold,2026-06-25,,,,3
BANDHANBNK.NS,2026-06-25,7.03,0.4,5.29,5.98,7.14,6.51,6.5,2,0.351,0.3151,-0.0198,0.1298,0.354,44.73,19.72,0.51,0,47.62,20.21,26.62,4.88,,,-0.156,79.3,Buy,2026-06-25,,,,4
TATASTEEL.NS,2026-06-25,6.56,-0.169,4.87,8.3,6.41,7.42,8.05,7,0.127,-0.0206,-0.1029,0.2635,0.976,21.66,15.57,-2.27,1,31.65,19.85,21.82,11.16,13.0,89.02,-0.018,44.0,Hold,2026-06-25,,,,3
MAXHEALTH.NS,2026-06-25,2.46,0.492,2.97,6.11,2.78,2.11,2.6,6,0.0448,0.1368,0.1308,-0.0551,-0.211,28.59,17.94,2.54,-1,72.33,24.31,76.37,14.33,15.0,32.37,0.187,58.0,Avoid,2026-06-25,,,,1
NETWEB.NS,2026-06-25,1.97,0.8,5.72,6.2,2.05,1.74,1.79,3,0.5295,0.5206,0.2141,1.8101,3.094,59.86,31.22,1.52,-1,59.4,29.5,135.34,32.83,38.0,39.02,0.59,90.7,Avoid,2026-06-25,,,,1
TATACHEM.NS,2026-06-25,2.41,-0.138,1.29,5.47,2.68,2.26,2.82,5,-0.0244,0.2119,-0.0218,-0.1633,-0.561,40.63,17.35,0.45,0,56.54,22.89,70.2,-7.68,3.0,36.08,-0.799,47.3,Avoid,2026-06-25,,,,1
GVT&D.NS,2026-06-25,3.77,0.646,8.19,6.93,3.76,3.6,3.6,6,0.6112,0.34,-0.0107,1.1743,2.748,48.24,30.11,1.0,0,52.16,25.22,105.06,55.26,76.0,0.89,1.679,87.3,Avoid,2026-06-25,,,,1
TMPV.NS,2026-06-25,3.42,-0.369,2.45,5.29,3.55,3.56,3.99,3,-0.0196,0.1201,-0.1118,-0.4695,-0.933,38.71,23.45,-0.16,0,41.23,18.77,1.51,-1.12,3.0,70.36,-1.076,30.7,Avoid,2026-06-25,,,,1
ETERNAL.NS,2026-06-25,0.99,0.123,2.96,6.13,1.08,0.95,1.12,6,-0.1027,0.0536,-0.0053,0.002,0.006,32.26,19.38,0.73,0,52.74,14.65,671.45,1.19,3.0,14.83,0.154,22.0,Avoid,2026-06-25,,,,1
ASIANPAINT.NS,2026-06-25,6.29,0.523,7.11,7.52,6.24,6.46,6.44,6,-0.0497,0.1753,-0.0014,0.1803,0.759,24.48,11.54,0.73,0,49.93,34.18,58.68,20.89,26.0,17.85,-0.415,40.7,Hold,2026-06-25,,,,3
CANBK.NS,2026-06-25,4.4,-0.338,4.85,5.58,4.13,4.92,4.49,3,-0.1133,-0.0244,-0.0071,0.2354,0.811,32.57,19.63,-0.3,0,46.96,11.72,5.93,15.94,6.52,,0.056,13.3,Caution,2026-06-25,,,,2
ADANIENT.NS,2026-06-25,4.14,0.785,1.75,4.28,5.13,2.45,3.21,2,0.3515,0.611,0.0223,0.2295,0.669,37.51,13.84,1.2,-1,62.15,44.72,41.24,13.66,6.0,119.56,-0.228,84.0,Caution,2026-06-25,,,,2
PIXTRANS.NS,2026-06-25,4.43,0.923,5.8,6.86,4.61,4.09,4.32,6,0.2372,0.241,0.1758,0.1622,0.551,35.58,16.99,3.77,-1,76.3,31.68,22.92,16.54,22.0,3.48,0.09,76.0,Caution,2026-06-25,,,,2
EICHERMOT.NS,2026-06-25,7.91,0.692,6.18,6.98,8.04,7.68,7.77,6,0.0404,0.0866,0.0241,0.3861,1.487,31.9,16.5,1.65,0,62.52,15.97,37.87,23.77,31.0,2.05,0.832,49.3,Hold,2026-06-25,,,,3
SAKSOFT.NS,2026-06-25,4.44,0.185,6.65,6.72,4.27,4.72,4.46,7,-0.2049,0.2992,0.1021,-0.148,-0.321,58.69,24.06,3.1,-1,69.41,14.59,15.75,19.06,26.0,5.61,-0.463,32.7,Caution,2026-06-25,,,,2
DIXON.NS,2026-06-25,3.9,0.0,4.42,4.96,4.0,3.61,3.43,5,-0.0638,0.1534,0.0219,-0.1752,-0.462,41.79,22.12,1.17,0,53.91,17.82,44.57,37.13,42.0,18.46,-0.124,37.3,Avoid,2026-06-25,,,,1
HFCL.NS,2026-06-25,2.38,0.908,3.12,5.53,2.78,1.75,2.22,4,2.2448,2.0312,0.2362,1.6341,3.573,60.51,26.22,1.68,-1,71.94,53.64,100.94,7.27,11.0,38.32,0.646,100.0,Avoid,2026-06-25,,,,1
MUTHOOTFIN.NS,2026-06-25,2.44,-0.338,7.88,4.28,2.03,2.7,1.66,5,-0.1988,-0.081,-0.0851,0.1728,0.482,38.55,25.59,-1.6,0,40.2,13.31,11.47,30.41,15.8,379.71,0.767,7.3,Avoid,2026-06-25,,,,1
IDEA.NS,2026-06-25,7.35,0.431,4.85,6.53,7.72,6.87,7.64,5,0.1707,0.5553,-0.0085,1.1466,2.309,38.79,14.63,0.83,0,50.4,33.54,4.38,-1.6,-2.0,,-0.304,78.0,Buy,2026-06-25,,,,4
SUZLON.NS,2026-06-25,7.6,0.677,7.27,5.19,7.68,6.68,5.87,6,0.0656,0.3518,-0.0068,-0.09,-0.278,38.46,18.5,0.82,0,54.58,16.5,24.74,40.64,35.0,5.87,-0.081,65.3,Buy,2026-06-25,,,,4
GROWW.NS,2026-06-25,5.48,0.123,9.31,6.15,5.1,5.64,5.0,6,0.2423,0.237,0.0664,,,47.54,25.29,0.27,0,54.72,18.25,58.94,28.72,37.0,3.03,1.662,74.7,Caution,2026-06-25,,,,2
SYRMA.NS,2026-06-25,3.24,0.738,4.59,6.71,3.54,2.81,3.37,6,0.9639,0.7615,0.367,1.8674,4.489,37.99,16.9,2.23,-1,83.15,59.15,84.99,14.14,17.0,13.04,1.353,98.7,Avoid,2026-06-25,,,,1
LODHA.NS,2026-06-25,3.98,0.2,3.63,4.25,4.34,3.19,3.12,6,-0.125,0.2911,0.0258,-0.3548,-1.041,40.44,23.3,1.15,0,59.43,18.92,27.68,15.71,17.0,42.24,-0.667,42.7,Avoid,2026-06-25,,,,1
POWERGRID.NS,2026-06-25,4.75,-0.092,4.07,5.87,4.85,4.8,5.01,6,0.0752,-0.0376,-0.0541,0.0101,0.051,20.09,14.35,-1.3,0,39.61,20.52,14.12,16.49,10.0,150.99,-0.453,36.0,Caution,2026-06-25,,,,2
IRFC.NS,2026-06-25,1.14,-0.677,3.94,3.1,0.97,1.29,0.89,4,-0.236,-0.0364,-0.0748,-0.3172,-1.105,30.89,19.77,-1.84,0,35.64,17.89,17.12,12.81,,773.35,-0.952,6.7,Avoid,2026-06-25,,,,1
ULTRACEMCO.NS,2026-06-25,5.08,-0.415,4.83,7.3,4.77,6.16,6.42,7,-0.0162,0.0254,-0.0171,0.0099,0.044,23.74,13.52,-0.04,0,54.99,15.11,41.36,10.59,13.0,29.43,-0.126,27.3,Caution,2026-06-25,,,,2
TRENT.NS,2026-06-25,1.8,0.215,4.79,5.36,1.87,1.65,1.65,5,-0.2312,0.3888,0.1372,-0.4737,-1.008,37.49,16.01,2.29,-1,69.92,27.3,100.04,27.13,28.0,36.03,-0.656,42.0,Avoid,2026-06-25,,,,1
POWERINDIA.NS,2026-06-25,1.65,0.0,6.91,6.76,1.54,1.74,1.69,7,0.8394,0.3231,-0.0955,0.8011,1.85,41.47,25.82,0.3,0,45.14,19.16,153.92,21.04,29.0,1.66,1.346,92.7,Avoid,2026-06-25,,,,1
MEESHO.NS,2026-06-25,5.54,-0.185,5.24,5.96,5.21,5.88,5.46,3,-0.0073,0.2453,-0.0081,,,57.55,28.38,0.55,0,59.79,20.48,-59.95,-46.56,-36.0,1.43,0.194,54.0,Hold,2026-06-25,,,,3
COFORGE.NS,2026-06-25,5.98,0.092,7.16,6.37,5.61,6.41,5.77,8,-0.1594,0.2836,0.0753,-0.179,-0.484,45.86,26.28,1.5,-1,61.86,20.5,34.01,18.6,24.0,7.52,0.347,38.0,Hold,2026-06-25,,,,3
APOLLO.NS,2026-06-25,1.9,0.446,4.79,4.76,2.05,1.49,1.49,4,0.4658,0.9447,-0.0801,0.7977,1.339,73.11,31.09,0.66,0,46.82,33.35,121.65,11.21,14.0,41.53,1.426,93.3,Avoid,2026-06-25,,,,1
NAUKRI.NS,2026-06-25,2.95,-0.246,4.14,4.36,2.88,2.95,2.49,7,-0.2816,-0.0192,-0.0266,-0.3353,-1.244,28.61,19.72,-0.3,0,47.32,14.92,43.86,4.57,5.0,0.64,-0.662,5.3,Avoid,2026-06-25,,,,1
HINDUNILVR.NS,2026-06-25,5.0,-0.554,5.36,7.55,4.43,6.33,6.17,8,-0.0462,0.0288,-0.0009,-0.027,-0.132,23.15,14.2,-0.1,0,52.82,18.99,47.98,21.6,28.0,3.02,-0.51,24.7,Caution,2026-06-25,,,,2
POLYCAB.NS,2026-06-25,6.49,0.4,5.97,6.82,6.47,6.39,6.52,5,0.2526,0.3403,-0.0091,0.5311,1.85,29.35,13.19,0.84,0,51.23,25.38,53.74,24.58,33.0,2.56,0.279,76.7,Hold,2026-06-25,,,,3
HINDZINC.NS,2026-06-25,6.36,-0.508,8.41,7.32,5.42,8.13,7.11,7,-0.1349,0.019,-0.2016,0.1974,0.536,36.54,24.53,-1.78,1,28.37,25.73,15.83,76.94,70.0,39.03,-0.396,9.3,Hold,2026-06-25,,,,3
ADANIPOWER.NS,2026-06-25,7.53,0.246,8.11,5.97,7.15,7.38,6.6,5,0.5888,0.4922,-0.0789,1.1308,2.645,39.09,20.24,0.6,0,53.3,16.25,34.63,20.91,17.0,82.33,0.447,88.7,Buy,2026-06-25,,,,4
PFC.NS,2026-06-25,2.7,0.123,5.12,4.84,2.68,2.45,2.12,5,0.2409,0.0724,-0.002,0.0924,0.345,28.12,19.05,-0.32,0,50.55,12.82,5.51,20.47,9.71,586.02,-0.245,66.0,Avoid,2026-06-25,,,,1
FORCEMOT.NS,2026-06-25,5.82,-0.092,7.02,5.78,5.29,6.4,5.23,6,-0.0034,-0.1436,-0.0742,0.286,0.545,49.8,31.94,-0.96,0,47.29,12.21,20.01,33.51,36.0,,0.699,16.0,Hold,2026-06-25,,,,3
WIPRO.NS,2026-06-25,3.89,-0.723,5.06,5.67,3.16,5.12,4.18,4,-0.3385,-0.0743,-0.1319,-0.3046,-1.222,29.58,23.96,-2.03,1,31.2,26.45,13.93,15.44,18.0,22.85,-0.725,4.0,Avoid,2026-06-25,,,,1
TECHM.NS,2026-06-25,5.06,-0.431,4.95,6.63,4.63,6.19,6.07,6,-0.12,0.0203,-0.0127,-0.1208,-0.454,33.47,23.85,-0.35,0,47.82,12.42,26.5,16.61,23.0,7.27,-0.124,16.7,Caution,2026-06-25,,,,2
CUPID.NS,2026-06-25,1.68,0.723,7.37,6.44,1.7,1.54,1.53,6,0.9468,1.2642,0.4167,8.8633,15.892,42.97,23.81,2.14,-1,86.95,36.89,231.15,27.3,33.0,12.51,4.342,99.3,Avoid,2026-06-25,,,,1
ADANIGREEN.NS,2026-06-25,1.16,0.785,4.17,4.75,1.32,0.83,0.9,4,0.5007,0.7874,0.0243,0.5889,1.406,44.68,18.23,1.12,-1,60.55,40.02,158.8,7.58,7.0,346.55,-0.298,92.0,Avoid,2026-06-25,,,,1
BAJAJ-AUTO.NS,2026-06-25,7.09,-0.062,7.25,6.71,6.52,7.85,7.23,4,0.097,0.1031,-0.0765,0.2046,0.932,23.97,13.04,-0.21,0,40.93,17.12,25.62,28.05,28.0,56.29,-0.137,52.7,Buy,2026-06-25,,,,4
BHEL.NS,2026-06-25,3.83,0.369,4.16,7.53,4.09,3.68,4.45,9,0.4285,0.5367,-0.0465,0.59,1.677,38.4,20.12,0.7,0,55.13,24.35,87.73,6.29,9.0,31.31,0.295,84.7,Avoid,2026-06-25,,,,1
SUNPHARMA.NS,2026-06-25,8.25,0.723,5.52,7.55,8.55,8.04,8.58,6,0.0678,0.0375,0.01,0.1315,0.674,24.03,14.89,1.01,0,62.56,19.29,38.97,14.72,21.0,5.52,0.3,48.0,Buy,2026-06-25,,,,4
ADANIPORTS.NS,2026-06-25,5.52,0.492,3.02,5.29,6.31,4.33,5.24,4,0.2075,0.3108,-0.0115,0.3312,1.23,27.8,13.24,0.72,0,51.46,16.31,30.85,15.59,14.0,64.05,0.173,73.3,Caution,2026-06-25,,,,2
PARAS.NS,2026-06-25,2.41,0.8,4.63,6.39,2.66,2.02,2.39,7,0.8231,0.9228,0.4572,0.4237,0.831,67.97,28.22,1.83,-1,63.43,45.42,112.67,13.14,17.0,3.73,-0.21,98.0,Avoid,2026-06-25,,,,1
OLAELEC.NS,2026-06-25,4.38,0.677,0.14,3.47,5.53,2.41,3.27,2,0.2029,0.7519,0.0652,-0.0353,-0.053,76.76,32.64,0.73,0,50.29,28.97,-10.05,-43.16,-20.0,82.45,-0.624,83.3,Caution,2026-06-25,,,,2
TATACONSUM.NS,2026-06-25,3.31,-0.092,2.23,7.4,3.56,3.56,4.45,7,-0.0377,0.0803,-0.0609,0.0284,0.129,26.05,13.11,-0.14,0,50.03,24.4,72.57,6.94,9.0,12.16,-0.171,26.7,Avoid,2026-06-25,,,,1
JINDALSTEL.NS,2026-06-25,5.45,-0.492,4.99,7.29,4.97,6.79,6.85,4,0.0463,-0.0731,-0.132,0.1657,0.59,24.84,17.31,-2.6,1,23.93,33.11,31.98,6.77,10.0,43.61,-0.223,22.7,Caution,2026-06-25,,,,2
ITC.NS,2026-06-25,4.86,-0.554,6.88,5.9,3.96,6.12,4.71,4,-0.2534,0.0074,-0.0067,-0.2652,-1.395,17.62,11.95,-0.42,0,50.76,18.53,17.55,29.34,39.0,3.29,-1.001,8.7,Caution,2026-06-25,,,,2
AUROPHARMA.NS,2026-06-25,6.26,0.8,2.79,7.64,7.1,5.56,7.32,7,0.2701,0.1892,0.0831,0.4227,1.617,25.7,16.41,2.0,-1,67.4,19.3,25.79,9.93,13.0,21.31,0.251,75.3,Hold,2026-06-25,,,,3
APOLLOHOSP.NS,2026-06-25,5.6,0.662,4.49,7.98,6.07,5.22,6.25,7,0.2163,0.1334,0.0386,0.2293,1.156,16.69,8.19,1.53,0,67.69,16.49,63.43,21.5,18.0,85.15,0.524,67.3,Hold,2026-06-25,,,,3
HONASA.NS,2026-06-25,5.19,0.815,5.75,7.08,5.4,4.77,5.12,5,0.565,0.4215,-0.0054,0.3893,1.256,31.3,12.59,1.32,-1,62.53,33.72,68.36,15.45,19.0,9.59,-0.244,88.0,Caution,2026-06-25,,,,2
SWIGGY.NS,2026-06-25,2.52,-0.692,4.61,4.2,2.06,3.02,2.08,3,-0.4056,-0.1298,-0.1105,-0.3811,-1.076,38.43,26.6,-1.65,0,38.76,16.44,-14.27,-29.12,-24.0,13.93,-0.879,1.3,Avoid,2026-06-25,,,,1
TITAN.NS,2026-06-25,4.07,0.585,5.35,6.31,4.22,3.78,3.84,5,0.0931,0.0624,0.0371,0.2278,0.967,31.1,19.56,0.11,0,53.14,11.94,75.19,37.13,26.0,195.0,0.272,54.7,Avoid,2026-06-25,,,,1
M&MFIN.NS,2026-06-25,2.71,0.492,5.66,4.51,2.76,2.37,1.92,5,-0.1493,0.0404,0.0765,0.2893,0.796,41.58,19.91,1.75,0,68.4,16.52,15.75,11.86,8.72,428.02,-0.014,19.3,Avoid,2026-06-25,,,,1
HAL.NS,2026-06-25,6.0,0.154,5.72,5.2,5.82,5.82,5.03,6,-0.0005,0.1906,-0.01,-0.121,-0.445,30.43,17.15,0.2,0,51.2,19.28,32.05,23.98,32.0,0.03,-0.482,50.0,Hold,2026-06-25,,,,3
DATAPATTNS.NS,2026-06-25,3.87,0.677,4.64,7.18,4.2,3.49,4.17,8,0.6956,0.4025,0.0888,0.4949,1.032,54.3,28.23,1.1,0,53.86,24.75,92.9,16.73,23.0,0.3,0.336,91.3,Avoid,2026-06-25,,,,1
ONWARDTEC.NS,2026-06-25,5.52,0.492,5.53,5.98,5.61,5.12,4.97,6,0.0535,0.2314,0.0585,-0.0291,-0.064,49.97,28.75,2.26,-1,67.62,13.7,14.59,18.55,23.0,15.72,-0.428,62.7,Caution,2026-06-25,,,,2
TATACAP.NS,2026-06-25,2.14,0.323,5.29,4.85,2.17,1.88,1.65,5,0.0571,0.1186,0.1716,,,30.25,14.49,2.42,-1,69.9,36.17,30.95,12.01,8.58,502.06,0.296,58.7,Avoid,2026-06-25,,,,1
INDUSTOWER.NS,2026-06-25,4.6,-0.415,4.09,6.49,4.41,5.49,5.73,7,-0.0502,-0.0802,-0.0979,-0.0208,-0.077,24.1,17.25,-1.98,0,30.25,17.94,14.52,19.81,19.0,53.29,0.017,12.7,Caution,2026-06-25,,,,2
KEI.NS,2026-06-25,5.38,0.4,4.34,6.81,5.71,5.13,5.96,4,0.1961,0.2555,-0.0327,0.4031,1.293,33.81,17.88,0.58,0,47.18,13.37,54.92,14.75,20.0,3.8,0.049,69.3,Caution,2026-06-25,,,,2
COALINDIA.NS,2026-06-25,7.84,-0.031,8.11,8.2,7.28,8.86,8.49,6,0.1018,-0.0187,-0.0597,0.1873,0.851,23.04,16.85,-1.68,0,34.38,15.03,8.63,28.12,35.0,11.63,-0.158,43.3,Buy,2026-06-25,,,,4
CGPOWER.NS,2026-06-25,2.73,0.615,5.86,6.52,2.79,2.55,2.61,4,0.417,0.3609,0.0078,0.3818,1.216,33.57,17.7,1.19,0,57.52,21.43,122.03,19.56,27.0,1.44,0.293,82.0,Avoid,2026-06-25,,,,1
KIRLOSENG.NS,2026-06-25,3.64,0.769,3.46,7.4,4.11,3.14,4.11,7,0.897,0.7842,0.3575,1.9535,4.248,59.18,21.88,2.88,-1,77.6,42.21,63.75,16.82,15.0,150.32,0.652,97.3,Avoid,2026-06-25,,,,1
TATSILV.NS,2026-06-25,4.71,-0.185,5.0,5.0,4.63,4.9,4.8,0,,,,,,,,0.0,0,31.77,23.2,,,,,1.056,38.7,Caution,2026-06-25,,,,2
PAYTM.NS,2026-06-25,1.0,-0.123,2.67,4.87,1.08,0.91,0.97,2,-0.1608,0.0553,-0.003,0.2732,0.758,39.98,21.2,0.35,0,55.68,14.36,130.94,3.56,5.0,1.07,1.328,14.7,Avoid,2026-06-25,,,,1
BANKBARODA.NS,2026-06-25,5.45,0.431,3.66,5.41,6.07,4.61,5.18,4,-0.0148,0.0568,0.0636,0.2323,0.874,28.64,14.74,1.53,0,58.74,16.79,7.28,12.74,5.63,,-0.069,39.3,Caution,2026-06-25,,,,2
IFCI.NS,2026-06-25,2.0,0.369,4.89,5.27,2.1,1.72,1.75,6,0.4537,0.4575,0.1261,0.249,0.492,71.12,33.63,1.01,-1,50.77,35.41,111.59,5.03,5.03,,0.09,86.7,Avoid,2026-06-25,,,,1
BPCL.NS,2026-06-25,7.19,0.031,7.87,7.18,6.66,8.18,7.53,7,-0.1392,0.0886,0.0085,0.0528,0.18,35.93,19.18,0.86,0,54.8,15.36,5.12,28.47,26.0,54.33,0.064,21.3,Hold,2026-06-25,,,,3
ZEEL.NS,2026-06-25,5.2,0.677,3.6,5.66,5.93,4.09,4.93,7,0.2123,0.466,0.2176,-0.2403,-0.558,58.33,29.4,1.5,-1,59.47,37.69,39.49,2.33,3.0,2.26,-0.432,80.7,Caution,2026-06-25,,,,2
NESTLEIND.NS,2026-06-25,4.59,0.092,6.15,8.08,4.4,4.97,5.04,8,0.1223,0.1649,-0.0174,0.2005,0.981,23.12,11.45,0.2,0,50.19,13.79,77.45,76.34,85.0,8.62,0.014,62.0,Caution,2026-06-25,,,,2
PAGEIND.NS,2026-06-25,5.72,0.862,5.52,7.14,5.97,5.33,5.74,7,0.1543,0.2779,0.0735,-0.0745,-0.311,25.48,14.42,1.95,0,66.54,33.28,59.98,52.5,64.0,18.42,-0.168,70.7,Hold,2026-06-25,,,,3
BHARATFORG.NS,2026-06-25,2.37,0.8,1.61,6.39,2.8,1.87,2.58,5,0.4749,0.2354,0.1066,0.688,2.361,29.32,14.4,2.27,-1,71.49,20.82,95.35,11.6,13.0,76.47,0.198,82.7,Avoid,2026-06-25,,,,1
LICI.NS,2026-06-25,7.88,0.523,9.0,6.63,7.75,7.84,7.38,6,0.013,0.1094,0.044,-0.0659,-0.283,26.83,12.86,1.76,0,62.65,29.18,9.32,42.36,35.0,,-0.502,48.7,Buy,2026-06-25,,,,4
HDFCSILVER.NS,2026-06-25,4.18,-0.415,5.0,5.0,3.93,4.71,4.43,0,,,,,,,,0.0,0,31.36,19.94,,,,,1.432,20.7,Caution,2026-06-25,,,,2
CUMMINSIND.NS,2026-06-25,5.43,0.246,6.65,7.38,5.23,5.72,5.73,7,0.2586,0.1906,-0.064,0.7545,2.75,34.78,17.12,0.77,0,50.53,15.56,66.38,29.45,40.0,0.43,0.45,70.0,Caution,2026-06-25,,,,2
JSWINFRA.NS,2026-06-25,3.19,0.785,3.54,4.51,3.75,2.13,2.45,5,0.155,0.2815,0.1837,0.0963,0.323,39.83,20.22,2.86,-1,72.35,28.87,45.32,13.95,14.0,59.0,-0.123,74.0,Avoid,2026-06-25,,,,1
WELCORP.NS,2026-06-25,8.03,0.8,6.05,6.78,8.3,7.29,7.68,4,0.7897,0.7415,0.0599,0.6512,1.88,34.86,16.73,1.2,-1,65.09,26.19,23.79,18.92,23.0,25.04,1.574,96.0,Buy,2026-06-25,,,,4
OIL.NS,2026-06-25,5.19,-0.462,6.13,6.03,4.47,6.28,5.19,5,0.0068,-0.137,-0.1664,-0.115,-0.368,38.57,30.9,-2.14,1,27.58,34.19,9.99,12.74,12.0,58.74,-0.276,11.3,Caution,2026-06-25,,,,2
BOSCHLTD.NS,2026-06-25,7.42,0.862,5.17,6.8,7.87,6.71,7.35,7,0.1184,0.3444,0.1222,0.2694,0.921,34.11,16.76,1.65,0,70.34,30.13,43.0,19.35,22.0,0.8,0.15,72.0,Buy,2026-06-25,,,,4
APARINDS.NS,2026-06-25,4.42,0.8,4.31,6.45,4.91,3.71,4.47,6,0.8019,0.6,0.1934,1.0535,2.334,41.19,21.65,1.76,-1,65.36,43.16,65.85,19.74,31.0,17.72,0.675,94.7,Caution,2026-06-25,,,,2
ROTO.NS,2026-06-25,2.4,0.554,2.61,5.37,2.79,1.85,2.32,6,0.0406,0.3732,0.2945,-0.203,-0.469,44.63,17.98,3.31,-1,74.14,33.97,56.77,10.71,15.0,13.23,-0.291,72.7,Avoid,2026-06-25,,,,1
SAMMAANCAP.NS,2026-06-25,2.93,0.354,1.6,3.89,3.58,1.82,2.28,1,0.2053,0.1561,-0.0203,0.376,0.842,39.39,22.19,0.75,0,49.33,27.36,-1.94,-35.01,4.92,273.03,-0.158,66.7,Avoid,2026-06-25,,,,1
GOLDIETF.NS,2026-06-25,4.24,-0.431,5.0,5.0,3.97,4.75,4.51,0,,,,,,,,0.0,0,30.09,13.43,,,,,1.268,34.0,Caution,2026-06-25,,,,2
LTF.NS,2026-06-25,3.04,0.738,4.82,4.74,3.36,2.33,2.3,4,-0.0047,0.1561,0.0614,0.5628,1.671,39.62,20.43,1.55,0,63.38,18.59,25.15,11.12,8.4,393.44,0.674,50.7,Avoid,2026-06-25,,,,1
LIQUIDBEES.NS,2026-06-25,5.5,0.246,5.0,5.0,5.78,5.11,5.21,0,,,,,,,,0.0,0,46.67,92.02,,,,,-3.416,28.7,Caution,2026-06-25,,,,2
GMRAIRPORT.NS,2026-06-25,1.26,0.862,3.58,5.99,1.45,1.01,1.23,7,0.0338,0.2041,0.1083,0.3324,1.122,31.28,16.78,1.95,0,63.73,25.35,834.15,11.6,12.0,,0.013,59.3,Avoid,2026-06-25,,,,1
TATAPOWER.NS,2026-06-25,3.04,-0.446,3.34,5.0,3.01,3.2,3.18,4,0.024,0.0017,-0.0809,-0.0042,-0.02,22.69,14.4,-1.24,0,35.9,17.88,33.22,11.34,11.0,168.05,-0.418,28.0,Avoid,2026-06-25,,,,1
LIQUIDPLUS.NS,2026-06-25,5.84,0.554,5.0,5.0,6.25,5.22,5.44,0,,,,,,,,0.0,0,100.0,48.62,,,,,-3.898,36.7,Hold,2026-06-25,,,,3
GRASIM.NS,2026-06-25,5.96,0.585,3.74,6.37,6.53,5.34,6.29,5,0.1049,0.1808,-0.0137,0.1521,0.711,21.82,9.24,0.98,0,56.51,15.35,42.72,6.29,8.0,134.14,0.244,60.7,Hold,2026-06-25,,,,3
TEJASNET.NS,2026-06-25,4.03,0.8,0.41,3.7,5.13,2.16,2.98,2,0.3718,0.4698,0.26,-0.1052,-0.186,59.79,28.85,1.81,-1,67.42,46.81,-12.13,-26.82,-15.0,142.52,-0.745,86.0,Avoid,2026-06-25,,,,1
DLF.NS,2026-06-25,3.94,0.123,3.74,4.1,4.27,3.15,2.93,7,-0.105,0.1628,0.0462,-0.2658,-0.962,32.81,18.7,1.33,0,57.7,21.23,34.91,10.03,6.0,0.67,-0.618,32.0,Avoid,2026-06-25,,,,1
UNITDSPR.NS,2026-06-25,5.04,0.492,5.01,7.05,5.23,4.96,5.28,6,-0.0351,0.0559,0.0633,-0.0144,-0.062,25.51,14.87,1.95,0,68.22,18.54,57.56,20.03,27.0,4.61,-0.067,34.7,Caution,2026-06-25,,,,2
INDHOTEL.NS,2026-06-25,4.41,0.369,3.71,6.88,4.77,4.22,5.03,9,-0.0196,0.1726,0.0841,-0.0449,-0.184,26.25,14.52,2.12,-1,67.84,23.03,49.16,16.43,17.0,18.99,-0.052,52.0,Caution,2026-06-25,,,,2
MANAPPURAM.NS,2026-06-25,3.57,0.769,5.04,4.53,3.79,2.85,2.58,4,0.0839,0.216,-0.0312,0.1865,0.583,35.52,20.81,0.83,0,54.3,14.6,27.18,6.97,8.26,360.19,0.656,60.0,Avoid,2026-06-25,,,,1
CARTRADE.NS,2026-06-25,4.12,0.554,5.44,6.26,4.24,3.78,3.87,6,-0.0353,0.5396,0.5651,0.654,1.156,58.4,26.25,2.43,-1,76.16,55.39,60.52,9.85,12.0,5.36,1.395,78.7,Caution,2026-06-25,,,,2
HINDPETRO.NS,2026-06-25,7.68,0.154,7.74,7.48,7.32,8.45,8.06,7,-0.1386,0.1897,0.0158,0.0791,0.228,42.34,20.74,1.55,0,59.76,13.94,4.83,30.93,22.0,85.37,0.228,26.0,Hold,2026-06-25,,,,3
AUBANK.NS,2026-06-25,7.32,0.692,5.59,5.56,7.63,6.41,6.14,5,0.0546,0.1356,0.0287,0.2995,1.02,32.27,15.35,0.9,0,55.86,22.27,29.54,12.4,12.4,,0.549,55.3,Buy,2026-06-25,,,,4
RRKABEL.NS,2026-06-25,5.34,0.8,4.99,6.81,5.75,4.71,5.43,4,0.6343,0.8524,0.2786,0.8898,2.461,45.74,15.93,1.87,-1,82.65,49.84,57.02,20.83,28.0,13.09,0.354,95.3,Caution,2026-06-25,,,,2
NIFTYBEES.NS,2026-06-25,5.27,0.154,5.0,5.0,5.48,5.03,5.06,0,,,,,,,,0.0,0,59.08,14.83,,,,,-0.37,23.3,Caution,2026-06-25,,,,2
MAZDOCK.NS,2026-06-25,5.53,-0.123,8.29,5.15,4.89,5.93,4.48,5,-0.0131,0.096,0.0071,-0.2557,-0.749,36.55,18.94,-0.32,0,49.28,13.59,38.59,28.77,36.0,4.48,0.127,40.0,Hold,2026-06-25,,,,3
RECLTD.NS,2026-06-25,2.96,0.708,4.89,4.3,3.24,2.25,2.12,5,0.0521,0.1128,0.0734,-0.0326,-0.124,29.42,17.29,0.89,0,60.25,18.79,5.9,19.96,9.71,607.46,-0.566,56.0,Avoid,2026-06-25,,,,1
SBICARD.NS,2026-06-25,2.63,-0.092,4.05,4.29,2.69,2.42,2.13,7,-0.2767,-0.1076,-0.0006,-0.344,-1.329,25.4,16.78,-0.31,0,54.27,20.66,27.42,14.69,,280.21,-0.541,4.7,Avoid,2026-06-25,,,,1
DRREDDY.NS,2026-06-25,6.65,0.8,3.93,6.13,7.5,5.55,6.49,4,0.0522,0.0383,0.0239,0.0312,0.137,27.93,13.62,1.62,0,69.78,18.98,26.27,11.83,14.0,20.33,-0.017,45.3,Hold,2026-06-25,,,,3
PIDILITIND.NS,2026-06-25,5.67,0.938,6.47,7.49,5.82,5.41,5.67,7,0.0923,0.1719,0.0785,0.0895,0.437,23.35,11.28,1.88,0,74.01,34.34,66.54,23.52,31.0,3.78,-0.252,64.0,Hold,2026-06-25,,,,3
AEQUS.NS,2026-06-25,3.95,0.2,2.25,4.96,4.53,3.02,3.71,3,0.6086,0.8898,0.202,,,77.78,36.32,1.53,-1,66.14,31.49,-122.43,-10.29,2.0,47.18,1.786,94.0,Avoid,2026-06-25,,,,1
EXIDEIND.NS,2026-06-25,6.65,0.585,2.73,7.26,7.5,6.04,7.79,8,0.0534,0.2691,-0.011,0.0358,0.128,37.81,16.42,1.04,0,55.25,18.05,38.71,6.17,9.0,11.31,-0.835,61.3,Hold,2026-06-25,,,,3
HDFCAMC.NS,2026-06-25,6.86,0.585,6.01,5.93,6.97,6.35,5.91,5,-0.0006,0.1347,-0.0032,0.0965,0.32,38.45,20.81,0.36,0,53.6,17.84,39.89,32.93,43.0,2.36,0.316,44.7,Buy,2026-06-25,,,,4
INDIGO.NS,2026-06-26,0.0,0.615,0.93,5.41,0.0,0.0,0.0,3,0.0592,0.313,0.1926,0.0128,0.039,41.75,21.55,3.43,-1,78.63,27.02,-87.72,7.12,7.0,866.46,0.239,68.7,Avoid,2026-06-26,,,,1
HDFCBANK.NS,2026-06-26,4.25,0.2,2.23,5.29,4.84,3.68,4.35,5,-0.1878,0.0347,0.067,-0.1579,-0.801,25.7,14.45,1.58,0,64.37,21.98,17.76,13.82,7.04,,-0.426,12.0,Hold,2026-06-26,,,,3
ICICIBANK.NS,2026-06-26,5.15,0.631,3.6,6.08,5.82,4.34,5.19,3,0.018,0.1015,0.0902,-0.0154,-0.083,22.72,12.17,2.04,-1,71.21,28.44,18.55,16.36,7.2,,0.065,51.3,Hold,2026-06-26,,,,3
M&M.NS,2026-06-26,5.53,-0.154,5.33,6.35,5.1,6.39,5.89,5,-0.1222,0.0173,0.0194,0.0232,0.085,30.0,17.8,0.71,0,59.15,15.47,20.94,18.75,15.0,125.07,0.002,18.7,Buy,2026-06-26,,,,4
SBIN.NS,2026-06-26,6.47,0.6,4.75,5.61,7.05,5.49,5.86,2,0.095,0.0034,0.0802,0.3468,1.557,26.48,19.23,0.69,0,63.87,16.43,11.47,15.48,6.13,,0.312,53.3,Buy,2026-06-26,,,,4
RELIANCE.NS,2026-06-26,3.32,-0.554,2.46,5.94,3.3,3.88,4.28,5,-0.1569,-0.0629,-0.0195,-0.0874,-0.434,23.73,16.29,-0.52,0,49.63,16.06,22.05,9.14,10.0,36.65,-0.613,10.0,Caution,2026-06-26,,,,2
INFY.NS,2026-06-26,3.92,-0.585,6.27,4.53,3.1,4.71,2.97,8,-0.3624,-0.1684,-0.0829,-0.3182,-1.143,36.36,28.52,-1.78,0,36.1,18.93,13.7,31.44,40.0,9.83,-0.819,2.0,Caution,2026-06-26,,,,2
SILVERBEES.NS,2026-06-26,4.07,-0.4,5.0,5.0,3.78,4.68,4.37,0,,,,,,,,0.0,0,30.85,21.12,,,,,1.101,19.3,Caution,2026-06-26,,,,2
BHARTIARTL.NS,2026-06-26,5.05,0.0,4.43,6.48,5.14,5.37,5.7,6,-0.1282,0.0086,-0.0008,-0.0362,-0.186,22.33,14.45,0.15,0,49.45,17.21,41.65,19.36,18.0,99.72,0.341,15.3,Hold,2026-06-26,,,,3
MARUTI.NS,2026-06-26,6.33,0.2,5.8,6.31,6.17,6.62,6.13,5,-0.1712,0.0813,0.0285,0.0941,0.401,25.88,15.16,1.67,0,60.48,13.51,29.43,14.43,19.0,0.1,0.036,17.3,Buy,2026-06-26,,,,4
RAMCOSYS.NS,2026-06-26,3.52,0.554,6.49,7.09,3.53,3.4,3.51,6,0.1838,0.8691,0.5389,0.8586,1.466,76.84,21.51,3.29,-1,83.39,46.16,64.18,12.49,19.0,12.1,0.717,90.0,Caution,2026-06-26,,,,2
LT.NS,2026-06-26,6.0,0.708,3.67,5.95,6.78,4.92,5.79,3,0.049,0.1667,0.0417,0.188,0.755,27.3,12.38,1.72,0,65.45,21.91,35.98,16.95,15.0,97.64,0.114,57.3,Buy,2026-06-26,,,,4
OFSS.NS,2026-06-26,8.25,0.8,7.91,7.85,8.34,7.87,8.21,7,0.4441,0.7107,0.0655,0.2515,0.792,36.35,15.61,1.77,-1,74.55,24.55,36.3,32.61,45.0,0.41,0.155,89.3,Buy,2026-06-26,,,,4
BAJFINANCE.NS,2026-06-26,3.13,0.369,4.79,4.23,3.35,2.49,2.24,4,-0.0307,0.1106,0.0529,0.0709,0.243,29.68,15.57,1.7,0,64.18,22.87,32.19,17.91,10.8,313.41,0.406,41.3,Caution,2026-06-26,,,,2
HINDALCO.NS,2026-06-26,4.51,-0.323,3.25,6.24,4.6,4.87,5.57,2,0.1034,0.0973,-0.1709,0.4518,1.636,30.37,19.97,-1.55,0,30.56,28.11,15.8,10.29,14.0,72.6,0.465,46.7,Hold,2026-06-26,,,,3
MOTHERSON.NS,2026-06-26,6.3,0.8,3.77,7.35,7.01,5.57,6.93,5,0.2656,0.3452,0.0653,0.5419,1.563,40.35,18.91,1.72,-1,66.09,39.29,41.49,10.11,13.0,43.91,0.077,77.3,Buy,2026-06-26,,,,4
AXISBANK.NS,2026-06-26,5.12,0.692,1.68,4.86,6.24,3.43,4.47,3,0.1242,0.1269,0.0561,0.1353,0.578,25.48,12.78,1.48,0,66.97,22.72,16.31,13.15,6.24,,-0.124,63.3,Hold,2026-06-26,,,,3
BSE.NS,2026-06-26,5.47,-0.077,8.38,7.25,5.02,5.99,5.73,8,0.4145,0.3397,-0.0886,0.3952,0.99,36.72,19.0,0.22,0,44.07,19.9,64.16,36.0,58.0,0.0,2.087,81.3,Hold,2026-06-26,,,,3
VEDL.NS,2026-06-26,5.07,-0.615,6.8,6.22,4.17,6.56,5.3,8,-0.5259,-0.5848,-0.2291,-0.3491,-0.474,140.87,135.89,-0.87,1,27.16,35.87,15.24,20.4,16.0,48.04,-0.39,0.7,Hold,2026-06-26,,,,3
TCS.NS,2026-06-26,4.89,-0.615,6.66,6.06,3.96,6.34,5.01,6,-0.3469,-0.107,-0.083,-0.3585,-1.441,34.0,26.92,-1.67,0,37.84,18.62,15.42,48.4,63.0,10.39,-1.295,3.3,Hold,2026-06-26,,,,3
ASHOKLEY.NS,2026-06-26,3.27,0.123,5.03,5.24,3.25,3.19,2.86,2,-0.0817,-0.044,-0.0012,0.3904,1.081,48.35,26.39,0.33,0,57.56,17.24,27.26,21.64,14.0,344.74,0.374,18.0,Caution,2026-06-26,,,,2
HSCL.NS,2026-06-26,6.18,0.738,5.45,6.19,6.47,5.45,5.65,4,0.4095,0.4728,0.1168,0.5406,1.574,41.18,23.26,1.2,-1,58.49,27.64,45.09,17.7,22.0,16.17,0.662,85.3,Buy,2026-06-26,,,,4
NATIONALUM.NS,2026-06-26,6.84,-0.262,7.81,7.0,6.13,8.02,7.3,6,0.1649,-0.0912,-0.233,0.8438,2.163,39.89,32.92,-2.93,1,28.36,31.46,9.96,29.42,40.0,0.28,0.831,33.3,Buy,2026-06-26,,,,4
SHRIRAMFIN.NS,2026-06-26,5.21,0.754,5.4,5.18,5.47,4.42,4.17,5,0.0773,0.0793,0.0712,0.576,1.634,40.34,21.34,1.43,0,66.22,19.79,19.36,16.38,11.5,276.21,0.753,56.7,Hold,2026-06-26,,,,3
BEL.NS,2026-06-26,5.33,-0.092,5.95,6.51,4.96,5.97,5.52,7,0.0239,-0.0151,-0.0284,-0.0262,-0.103,22.92,15.28,-1.31,0,42.36,24.65,49.16,27.56,37.0,0.27,0.335,30.0,Hold,2026-06-26,,,,3
TMCV.NS,2026-06-26,4.84,0.308,4.85,6.01,5.01,4.61,4.77,7,0.0251,0.0114,0.1379,,,43.68,22.91,1.34,0,68.24,28.1,52.36,26.05,36.0,44.09,1.24,46.0,Hold,2026-06-26,,,,3
KAYNES.NS,2026-06-26,1.36,-0.538,1.77,2.66,1.37,1.32,1.2,3,-0.2115,-0.1219,0.0109,-0.4354,-0.843,60.13,49.63,-0.73,0,48.85,18.54,59.81,9.57,13.0,19.17,-0.32,8.0,Avoid,2026-06-26,,,,1
AEGISLOG.NS,2026-06-26,5.54,0.815,5.7,7.39,5.77,5.1,5.61,8,0.5478,0.8646,0.5975,0.4639,1.136,52.09,19.07,2.83,-1,88.28,59.79,44.5,15.26,14.0,47.24,0.25,96.7,Buy,2026-06-26,,,,4
ONGC.NS,2026-06-26,6.38,-0.492,6.51,8.23,5.58,8.11,7.54,7,0.0131,-0.1373,-0.1494,-0.0225,-0.098,26.46,20.59,-2.3,1,20.87,43.54,7.08,12.7,14.0,42.55,-0.304,14.0,Buy,2026-06-26,,,,4
MCX.NS,2026-06-26,6.06,-0.123,9.3,7.24,5.5,6.75,6.35,6,0.3076,0.1487,-0.1035,0.714,1.923,34.03,22.59,-0.41,0,43.57,25.33,54.4,37.88,71.0,0.11,2.297,71.3,Buy,2026-06-26,,,,4
TVSMOTOR.NS,2026-06-26,3.4,0.492,4.71,6.35,3.64,3.17,3.45,5,-0.0283,0.011,0.0547,0.2892,1.094,31.05,19.46,0.5,0,61.49,13.28,56.31,31.62,17.0,306.09,0.62,29.3,Caution,2026-06-26,,,,2
CHOLAFIN.NS,2026-06-26,0.0,0.677,4.75,4.12,0.0,0.0,0.0,5,0.0727,0.2208,0.1393,0.1375,0.423,40.88,20.2,2.5,-1,74.02,28.46,29.08,19.33,9.7,693.26,0.179,64.7,Avoid,2026-06-26,,,,1
NTPC.NS,2026-06-26,5.56,-0.462,5.3,6.55,4.99,6.68,6.3,5,0.0973,-0.0696,-0.1158,0.0864,0.463,20.61,15.36,-1.64,0,35.3,30.35,11.58,13.69,8.0,118.13,-0.263,31.3,Buy,2026-06-26,,,,4
GOLDBEES.NS,2026-06-26,4.11,-0.462,5.0,5.0,3.82,4.69,4.4,0,,,,,,,,0.0,0,29.81,25.8,,,,,1.281,23.3,Hold,2026-06-26,,,,3
KOTAKBANK.NS,2026-06-26,4.14,0.508,1.64,5.72,4.89,3.31,4.27,3,-0.0544,0.1021,0.0522,-0.0626,-0.297,20.92,12.67,2.14,-1,66.66,22.59,21.13,11.39,6.93,,0.016,35.3,Hold,2026-06-26,,,,3
HCLTECH.NS,2026-06-26,3.58,-0.708,7.19,3.92,2.58,4.45,2.34,8,-0.3274,-0.1879,-0.0554,-0.3261,-1.277,34.87,29.91,-1.13,0,36.26,19.11,17.95,23.36,31.0,6.93,-0.609,2.7,Caution,2026-06-26,,,,2
TATASTEEL.NS,2026-06-26,6.56,-0.169,4.88,8.3,6.4,7.42,8.05,7,0.127,-0.0206,-0.1029,0.2635,0.976,21.66,15.57,-2.27,1,31.65,19.85,21.83,11.16,13.0,89.02,0.017,44.0,Buy,2026-06-26,,,,4
HEROMOTOCO.NS,2026-06-26,6.21,-0.585,8.12,7.32,5.25,8.01,7.03,5,-0.131,-0.0744,-0.0353,0.1914,0.715,26.22,18.49,-1.04,0,43.77,11.13,17.11,28.03,36.0,3.57,-0.332,10.7,Buy,2026-06-26,,,,4
NETWEB.NS,2026-06-26,1.93,0.8,5.71,6.2,2.0,1.7,1.74,3,0.5295,0.5206,0.2141,1.8101,3.094,59.86,31.22,1.52,-1,59.4,29.5,137.21,32.83,38.0,39.02,0.569,90.7,Avoid,2026-06-26,,,,1
BANDHANBNK.NS,2026-06-26,6.87,0.4,5.29,5.98,6.92,6.45,6.39,2,0.351,0.3151,-0.0198,0.1298,0.354,44.73,19.72,0.51,0,47.62,20.21,26.63,4.88,,,-0.169,79.3,Buy,2026-06-26,,,,4
GVT&D.NS,2026-06-26,3.74,0.646,8.2,6.93,3.73,3.58,3.58,6,0.6112,0.34,-0.0107,1.1743,2.748,48.24,30.11,1.0,0,52.16,25.22,105.41,55.26,76.0,0.89,1.756,87.3,Caution,2026-06-26,,,,2
TMPV.NS,2026-06-26,3.38,-0.369,2.44,5.29,3.48,3.55,3.96,3,-0.0196,0.1201,-0.1118,-0.4695,-0.933,38.71,23.45,-0.16,0,41.23,18.77,1.51,-1.12,3.0,70.36,-1.074,30.7,Caution,2026-06-26,,,,2
ETERNAL.NS,2026-06-26,0.0,0.123,2.97,6.13,0.0,0.0,0.0,6,-0.1027,0.0536,-0.0053,0.002,0.006,32.26,19.38,0.73,0,52.74,14.65,671.05,1.19,3.0,14.83,0.192,22.0,Avoid,2026-06-26,,,,1
ASIANPAINT.NS,2026-06-26,6.29,0.523,7.12,7.52,6.24,6.48,6.45,6,-0.0497,0.1753,-0.0014,0.1803,0.759,24.48,11.54,0.73,0,49.93,34.18,58.37,20.89,26.0,17.85,-0.419,40.7,Buy,2026-06-26,,,,4
CANBK.NS,2026-06-26,4.39,-0.338,4.85,5.58,4.12,4.91,4.46,3,-0.1133,-0.0244,-0.0071,0.2354,0.811,32.57,19.63,-0.3,0,46.96,11.72,5.95,15.94,6.52,,0.047,13.3,Hold,2026-06-26,,,,3
ADANIENT.NS,2026-06-26,4.13,0.785,1.75,4.28,5.12,2.44,3.2,2,0.3515,0.611,0.0223,0.2295,0.669,37.51,13.84,1.2,-1,62.15,44.72,41.35,13.66,6.0,119.56,-0.228,84.0,Hold,2026-06-26,,,,3
EICHERMOT.NS,2026-06-26,7.94,0.692,6.19,6.98,8.1,7.69,7.79,6,0.0404,0.0866,0.0241,0.3861,1.487,31.9,16.5,1.65,0,62.52,15.97,37.89,23.77,31.0,2.05,0.853,49.3,Buy,2026-06-26,,,,4
SAKSOFT.NS,2026-06-26,4.43,0.185,6.64,6.71,4.27,4.72,4.46,7,-0.2049,0.2992,0.1021,-0.148,-0.321,58.69,24.06,3.1,-1,69.41,14.59,15.72,19.06,26.0,5.61,-0.463,32.7,Hold,2026-06-26,,,,3
DIXON.NS,2026-06-26,3.82,0.0,4.42,4.95,3.88,3.58,3.38,5,-0.0638,0.1534,0.0219,-0.1752,-0.462,41.79,22.12,1.17,0,53.91,17.82,44.71,37.13,42.0,18.46,-0.093,37.3,Caution,2026-06-26,,,,2
HFCL.NS,2026-06-26,2.38,0.908,3.12,5.53,2.78,1.75,2.22,4,2.2448,2.0312,0.2362,1.6341,3.573,60.51,26.22,1.68,-1,71.94,53.64,100.94,7.27,11.0,38.32,0.645,100.0,Avoid,2026-06-26,,,,1
MUTHOOTFIN.NS,2026-06-26,2.43,-0.338,7.89,4.28,2.02,2.7,1.66,5,-0.1988,-0.081,-0.0851,0.1728,0.482,38.55,25.59,-1.6,0,40.2,13.31,11.46,30.41,15.8,379.71,0.774,7.3,Avoid,2026-06-26,,,,1
IDEA.NS,2026-06-26,7.34,0.431,4.85,6.53,7.72,6.84,7.64,5,0.1707,0.5553,-0.0085,1.1466,2.309,38.79,14.63,0.83,0,50.4,33.54,4.38,-1.6,-2.0,,-0.344,78.0,Buy,2026-06-26,,,,4
SUZLON.NS,2026-06-26,7.6,0.677,7.28,5.19,7.68,6.68,5.87,6,0.0656,0.3518,-0.0068,-0.09,-0.278,38.46,18.5,0.82,0,54.58,16.5,24.68,40.64,35.0,5.87,-0.06,65.3,Buy,2026-06-26,,,,4
SYRMA.NS,2026-06-26,3.25,0.738,4.57,6.71,3.56,2.81,3.37,6,0.9639,0.7615,0.367,1.8674,4.489,37.99,16.9,2.23,-1,83.15,59.15,85.22,14.14,17.0,13.04,1.318,98.7,Caution,2026-06-26,,,,2
GROWW.NS,2026-06-26,5.52,0.123,9.31,6.15,5.14,5.66,5.03,6,0.2423,0.237,0.0664,,,47.54,25.29,0.27,0,54.72,18.25,58.71,28.72,37.0,3.03,1.662,74.7,Hold,2026-06-26,,,,3
LODHA.NS,2026-06-26,4.08,0.2,3.63,4.25,4.49,3.22,3.18,6,-0.125,0.2911,0.0258,-0.3548,-1.041,40.44,23.3,1.15,0,59.43,18.92,27.77,15.71,17.0,42.24,-0.636,42.7,Caution,2026-06-26,,,,2
POWERGRID.NS,2026-06-26,4.73,-0.092,4.07,5.87,4.82,4.79,4.99,6,0.0752,-0.0376,-0.0541,0.0101,0.051,20.09,14.35,-1.3,0,39.61,20.52,14.15,16.49,10.0,150.99,-0.449,36.0,Hold,2026-06-26,,,,3
ULTRACEMCO.NS,2026-06-26,5.01,-0.415,4.82,7.3,4.68,6.13,6.38,7,-0.0162,0.0254,-0.0171,0.0099,0.044,23.74,13.52,-0.04,0,54.99,15.11,41.37,10.59,13.0,29.43,-0.187,27.3,Hold,2026-06-26,,,,3
TRENT.NS,2026-06-26,1.79,0.215,4.79,5.36,1.86,1.66,1.66,5,-0.2312,0.3888,0.1372,-0.4737,-1.008,37.49,16.01,2.29,-1,69.92,27.3,99.95,27.13,28.0,36.03,-0.66,42.0,Avoid,2026-06-26,,,,1
POWERINDIA.NS,2026-06-26,1.65,0.0,6.82,6.76,1.54,1.73,1.68,7,0.8394,0.3231,-0.0955,0.8011,1.85,41.47,25.82,0.3,0,45.14,19.16,153.96,21.04,29.0,1.66,1.187,92.7,Avoid,2026-06-26,,,,1
MEESHO.NS,2026-06-26,5.53,-0.185,5.24,5.95,5.21,5.88,5.46,3,-0.0073,0.2453,-0.0081,,,57.55,28.38,0.55,0,59.79,20.48,-59.95,-46.56,-36.0,1.43,0.194,54.0,Buy,2026-06-26,,,,4
COFORGE.NS,2026-06-26,6.0,0.092,7.16,6.37,5.64,6.41,5.78,8,-0.1594,0.2836,0.0753,-0.179,-0.484,45.86,26.28,1.5,-1,61.86,20.5,34.0,18.6,24.0,7.52,0.355,38.0,Buy,2026-06-26,,,,4
APOLLO.NS,2026-06-26,1.9,0.446,4.8,4.79,2.05,1.5,1.49,4,0.4658,0.9447,-0.0801,0.7977,1.339,73.11,31.09,0.66,0,46.82,33.35,121.97,11.21,14.0,41.53,1.459,93.3,Avoid,2026-06-26,,,,1
ADANIPOWER.NS,2026-06-26,7.52,0.246,8.12,5.97,7.12,7.39,6.58,5,0.5888,0.4922,-0.0789,1.1308,2.645,39.09,20.24,0.6,0,53.3,16.25,34.56,20.91,17.0,82.33,0.459,88.7,Buy,2026-06-26,,,,4
NAUKRI.NS,2026-06-26,2.95,-0.246,4.14,4.41,2.88,2.94,2.49,7,-0.2816,-0.0192,-0.0266,-0.3353,-1.244,28.61,19.72,-0.3,0,47.32,14.92,43.91,4.57,5.0,0.64,-0.684,5.3,Caution,2026-06-26,,,,2
HINDUNILVR.NS,2026-06-26,4.94,-0.554,5.36,7.55,4.36,6.31,6.13,8,-0.0462,0.0288,-0.0009,-0.027,-0.132,23.15,14.2,-0.1,0,52.82,18.99,48.14,21.6,28.0,3.02,-0.524,24.7,Hold,2026-06-26,,,,3
HINDZINC.NS,2026-06-26,6.36,-0.508,8.42,7.33,5.41,8.13,7.11,7,-0.1349,0.019,-0.2016,0.1974,0.536,36.54,24.53,-1.78,1,28.37,25.73,15.85,76.94,70.0,39.03,-0.37,9.3,Buy,2026-06-26,,,,4
POLYCAB.NS,2026-06-26,6.45,0.4,5.97,6.82,6.43,6.36,6.48,5,0.2526,0.3403,-0.0091,0.5311,1.85,29.35,13.19,0.84,0,51.23,25.38,53.9,24.58,33.0,2.56,0.291,76.7,Buy,2026-06-26,,,,4
PFC.NS,2026-06-26,0.69,0.123,5.12,4.84,0.69,0.63,0.54,5,0.2409,0.0724,-0.002,0.0924,0.345,28.12,19.05,-0.32,0,50.55,12.82,5.52,20.47,9.71,586.02,-0.233,66.0,Avoid,2026-06-26,,,,1
FORCEMOT.NS,2026-06-26,5.86,-0.092,7.02,5.77,5.35,6.41,5.25,6,-0.0034,-0.1436,-0.0742,0.286,0.545,49.8,31.94,-0.96,0,47.29,12.21,20.01,33.51,36.0,,0.709,16.0,Buy,2026-06-26,,,,4
WIPRO.NS,2026-06-26,3.94,-0.723,5.06,5.67,3.22,5.13,4.2,4,-0.3385,-0.0743,-0.1319,-0.3046,-1.222,29.58,23.96,-2.03,1,31.2,26.45,13.93,15.44,18.0,22.85,-0.72,4.0,Caution,2026-06-26,,,,2
TECHM.NS,2026-06-26,5.13,-0.431,4.94,6.62,4.74,6.19,6.09,6,-0.12,0.0203,-0.0127,-0.1208,-0.454,33.47,23.85,-0.35,0,47.82,12.42,26.57,16.61,23.0,7.27,-0.103,16.7,Hold,2026-06-26,,,,3
CUPID.NS,2026-06-26,0.56,0.723,7.37,6.44,0.56,0.51,0.51,6,0.9468,1.2642,0.4167,8.8633,15.892,42.97,23.81,2.14,-1,86.95,36.89,231.65,27.3,33.0,12.51,4.37,99.3,Avoid,2026-06-26,,,,1
ADANIGREEN.NS,2026-06-26,0.65,0.785,4.17,4.76,0.74,0.47,0.51,4,0.5007,0.7874,0.0243,0.5889,1.406,44.68,18.23,1.12,-1,60.55,40.02,158.78,7.58,7.0,346.55,-0.286,92.0,Avoid,2026-06-26,,,,1
BAJAJ-AUTO.NS,2026-06-26,7.15,-0.062,7.25,6.71,6.61,7.86,7.27,4,0.097,0.1031,-0.0765,0.2046,0.932,23.97,13.04,-0.21,0,40.93,17.12,25.59,28.05,28.0,56.29,-0.098,52.7,Buy,2026-06-26,,,,4
BHEL.NS,2026-06-26,3.84,0.369,4.16,7.53,4.09,3.69,4.46,9,0.4285,0.5367,-0.0465,0.59,1.677,38.4,20.12,0.7,0,55.13,24.35,87.59,6.29,9.0,31.31,0.286,84.7,Caution,2026-06-26,,,,2
SUNPHARMA.NS,2026-06-26,8.17,0.723,5.52,7.56,8.42,8.03,8.54,6,0.0678,0.0375,0.01,0.1315,0.674,24.03,14.89,1.01,0,62.56,19.29,38.89,14.72,21.0,5.52,0.271,48.0,Buy,2026-06-26,,,,4
ADANIPORTS.NS,2026-06-26,5.59,0.492,3.02,5.29,6.42,4.35,5.28,4,0.2075,0.3108,-0.0115,0.3312,1.23,27.8,13.24,0.72,0,51.46,16.31,30.85,15.59,14.0,64.05,0.159,73.3,Buy,2026-06-26,,,,4
PARAS.NS,2026-06-26,2.45,0.8,4.64,6.46,2.7,2.07,2.45,7,0.8231,0.9228,0.4572,0.4237,0.831,67.97,28.22,1.83,-1,63.43,45.42,112.2,13.14,17.0,3.73,-0.205,98.0,Avoid,2026-06-26,,,,1
JINDALSTEL.NS,2026-06-26,5.41,-0.492,5.0,7.29,4.92,6.78,6.83,4,0.0463,-0.0731,-0.132,0.1657,0.59,24.84,17.31,-2.6,1,23.93,33.11,32.0,6.77,10.0,43.61,-0.195,22.7,Hold,2026-06-26,,,,3
OLAELEC.NS,2026-06-26,4.38,0.677,0.14,3.47,5.53,2.41,3.27,2,0.2029,0.7519,0.0652,-0.0353,-0.053,76.76,32.64,0.73,0,50.29,28.97,-10.05,-43.16,-20.0,82.45,-0.624,83.3,Hold,2026-06-26,,,,3
TATACONSUM.NS,2026-06-26,3.31,-0.092,2.23,7.4,3.56,3.57,4.45,7,-0.0377,0.0803,-0.0609,0.0284,0.129,26.05,13.11,-0.14,0,50.03,24.4,72.49,6.94,9.0,12.16,-0.155,26.7,Caution,2026-06-26,,,,2
ITC.NS,2026-06-26,4.87,-0.554,6.88,5.9,3.96,6.13,4.71,4,-0.2534,0.0074,-0.0067,-0.2652,-1.395,17.62,11.95,-0.42,0,50.76,18.53,17.58,29.34,39.0,3.29,-1.005,8.7,Hold,2026-06-26,,,,3
AUROPHARMA.NS,2026-06-26,6.2,0.8,2.8,7.63,7.02,5.55,7.29,7,0.2701,0.1892,0.0831,0.4227,1.617,25.7,16.41,2.0,-1,67.4,19.3,25.76,9.93,13.0,21.31,0.286,75.3,Buy,2026-06-26,,,,4
APOLLOHOSP.NS,2026-06-26,5.43,0.662,4.52,7.98,5.83,5.16,6.15,7,0.2163,0.1334,0.0386,0.2293,1.156,16.69,8.19,1.53,0,67.69,16.49,63.64,21.5,18.0,85.15,0.601,67.3,Hold,2026-06-26,,,,3
SWIGGY.NS,2026-06-26,2.54,-0.692,4.61,4.2,2.09,3.02,2.09,3,-0.4056,-0.1298,-0.1105,-0.3811,-1.076,38.43,26.6,-1.65,0,38.76,16.44,-14.26,-29.12,-24.0,13.93,-0.879,1.3,Avoid,2026-06-26,,,,1
M&MFIN.NS,2026-06-26,2.24,0.492,5.64,4.51,2.2,2.06,1.6,5,-0.1493,0.0404,0.0765,0.2893,0.796,41.58,19.91,1.75,0,68.4,16.52,15.82,11.86,8.72,428.02,-0.024,20.0,Avoid,2026-06-26,,,,1
TITAN.NS,2026-06-26,4.08,0.585,5.36,6.31,4.23,3.78,3.85,5,0.0931,0.0624,0.0371,0.2278,0.967,31.1,19.56,0.11,0,53.14,11.94,75.17,37.13,26.0,195.0,0.295,54.7,Caution,2026-06-26,,,,2
HAL.NS,2026-06-26,6.04,0.154,5.72,5.2,5.85,5.85,5.05,6,-0.0005,0.1906,-0.01,-0.121,-0.445,30.43,17.15,0.2,0,51.2,19.28,32.02,23.98,32.0,0.03,-0.459,50.0,Buy,2026-06-26,,,,4
DATAPATTNS.NS,2026-06-26,3.9,0.677,4.64,7.18,4.23,3.51,4.19,8,0.6956,0.4025,0.0888,0.4949,1.032,54.3,28.23,1.1,0,53.86,24.75,92.54,16.73,23.0,0.3,0.331,91.3,Caution,2026-06-26,,,,2
INDUSTOWER.NS,2026-06-26,4.57,-0.415,4.08,6.49,4.37,5.48,5.72,7,-0.0502,-0.0802,-0.0979,-0.0208,-0.077,24.1,17.25,-1.98,0,30.25,17.94,14.55,19.81,19.0,53.29,-0.044,12.7,Hold,2026-06-26,,,,3
COALINDIA.NS,2026-06-26,7.84,-0.031,8.11,8.2,7.28,8.86,8.49,6,0.1018,-0.0187,-0.0597,0.1873,0.851,23.04,16.85,-1.68,0,34.38,15.03,8.63,28.12,35.0,11.63,-0.156,43.3,Buy,2026-06-26,,,,4
KEI.NS,2026-06-26,5.44,0.4,4.35,6.84,5.79,5.18,6.04,4,0.1961,0.2555,-0.0327,0.4031,1.293,33.81,17.88,0.58,0,47.18,13.37,54.87,14.75,20.0,3.8,0.075,69.3,Hold,2026-06-26,,,,3
CGPOWER.NS,2026-06-26,2.74,0.615,5.86,6.52,2.8,2.56,2.62,4,0.417,0.3609,0.0078,0.3818,1.216,33.57,17.7,1.19,0,57.52,21.43,121.85,19.56,27.0,1.44,0.31,82.0,Avoid,2026-06-26,,,,1
KIRLOSENG.NS,2026-06-26,3.65,0.769,3.45,7.4,4.13,3.16,4.12,7,0.897,0.7842,0.3575,1.9535,4.248,59.18,21.88,2.88,-1,77.6,42.21,63.46,16.82,15.0,150.32,0.628,97.3,Caution,2026-06-26,,,,2
PAYTM.NS,2026-06-26,0.99,-0.123,2.68,4.87,1.08,0.9,0.97,2,-0.1608,0.0553,-0.003,0.2732,0.758,39.98,21.2,0.35,0,55.68,14.36,131.31,3.56,5.0,1.07,1.347,14.7,Avoid,2026-06-26,,,,1
BANKBARODA.NS,2026-06-26,5.45,0.431,3.66,5.42,6.06,4.61,5.18,4,-0.0148,0.0568,0.0636,0.2323,0.874,28.64,14.74,1.53,0,58.74,16.79,7.28,12.74,5.63,,-0.071,39.3,Hold,2026-06-26,,,,3
BPCL.NS,2026-06-26,7.19,0.031,7.87,7.18,6.66,8.18,7.53,7,-0.1392,0.0886,0.0085,0.0528,0.18,35.93,19.18,0.86,0,54.8,15.36,5.12,28.47,26.0,54.33,0.052,21.3,Buy,2026-06-26,,,,4
IFCI.NS,2026-06-26,2.01,0.369,4.89,5.27,2.11,1.73,1.75,6,0.4537,0.4575,0.1261,0.249,0.492,71.12,33.63,1.01,-1,50.77,35.41,111.46,5.03,5.03,,0.076,86.7,Avoid,2026-06-26,,,,1
ZEEL.NS,2026-06-26,5.19,0.677,3.61,5.66,5.89,4.11,4.93,7,0.2123,0.466,0.2176,-0.2403,-0.558,58.33,29.4,1.5,-1,59.47,37.69,39.31,2.33,3.0,2.26,-0.479,80.7,Hold,2026-06-26,,,,3
PAGEIND.NS,2026-06-26,5.57,0.862,5.53,7.13,5.73,5.31,5.65,7,0.1543,0.2779,0.0735,-0.0745,-0.311,25.48,14.42,1.95,0,66.54,33.28,59.92,52.5,64.0,18.42,-0.121,70.7,Buy,2026-06-26,,,,4
BHARATFORG.NS,2026-06-26,2.37,0.8,1.63,6.39,2.8,1.87,2.58,5,0.4749,0.2354,0.1066,0.688,2.361,29.32,14.4,2.27,-1,71.49,20.82,95.21,11.6,13.0,76.47,0.243,82.7,Avoid,2026-06-26,,,,1
NESTLEIND.NS,2026-06-26,4.56,0.092,6.14,8.08,4.37,4.94,5.0,8,0.1223,0.1649,-0.0174,0.2005,0.981,23.12,11.45,0.2,0,50.19,13.79,77.93,76.34,85.0,8.62,-0.007,62.0,Hold,2026-06-26,,,,3
HDFCSILVER.NS,2026-06-26,4.18,-0.415,5.0,5.0,3.92,4.71,4.43,0,,,,,,,,0.0,0,31.36,19.94,,,,,1.432,20.7,Hold,2026-06-26,,,,3
CUMMINSIND.NS,2026-06-26,5.37,0.246,6.65,7.38,5.14,5.7,5.69,7,0.2586,0.1906,-0.064,0.7545,2.75,34.78,17.12,0.77,0,50.53,15.56,66.32,29.45,40.0,0.43,0.455,70.0,Hold,2026-06-26,,,,3
JSWINFRA.NS,2026-06-26,3.2,0.785,3.53,4.49,3.77,2.13,2.46,5,0.155,0.2815,0.1837,0.0963,0.323,39.83,20.22,2.86,-1,72.35,28.87,45.34,13.95,14.0,59.0,-0.16,74.0,Caution,2026-06-26,,,,2
WELCORP.NS,2026-06-26,8.02,0.8,6.01,6.78,8.3,7.28,7.68,4,0.7897,0.7415,0.0599,0.6512,1.88,34.86,16.73,1.2,-1,65.09,26.19,23.82,18.92,23.0,25.04,1.486,96.0,Buy,2026-06-26,,,,4
APARINDS.NS,2026-06-26,4.39,0.8,4.33,6.45,4.88,3.67,4.42,6,0.8019,0.6,0.1934,1.0535,2.334,41.19,21.65,1.76,-1,65.36,43.16,65.95,19.74,31.0,17.72,0.695,94.7,Hold,2026-06-26,,,,3
SAMMAANCAP.NS,2026-06-26,2.94,0.354,1.6,3.88,3.59,1.82,2.28,1,0.2053,0.1561,-0.0203,0.376,0.842,39.39,22.19,0.75,0,49.33,27.36,-1.94,-35.01,4.92,273.03,-0.135,66.7,Caution,2026-06-26,,,,2
LTF.NS,2026-06-26,3.04,0.738,4.85,4.74,3.34,2.33,2.29,4,-0.0047,0.1561,0.0614,0.5628,1.671,39.62,20.43,1.55,0,63.38,18.59,25.16,11.12,8.4,393.44,0.717,50.7,Caution,2026-06-26,,,,2
LIQUIDBEES.NS,2026-06-26,5.5,0.246,5.0,5.0,5.78,5.11,5.21,0,,,,,,,,0.0,0,46.67,91.07,,,,,-3.415,28.7,Hold,2026-06-26,,,,3
TATAPOWER.NS,2026-06-26,3.21,-0.446,3.34,5.0,3.17,3.44,3.51,4,0.024,0.0017,-0.0809,-0.0042,-0.02,22.69,14.4,-1.24,0,35.9,17.88,33.18,11.34,11.0,168.05,-0.425,28.0,Caution,2026-06-26,,,,2
GMRAIRPORT.NS,2026-06-26,0.0,0.862,3.57,5.99,0.0,0.0,0.0,7,0.0338,0.2041,0.1083,0.3324,1.122,31.28,16.78,1.95,0,63.73,25.35,834.85,11.6,12.0,,-0.046,59.3,Avoid,2026-06-26,,,,1
LIQUIDPLUS.NS,2026-06-26,6.01,0.477,5.0,5.0,6.49,5.27,5.53,0,,,,,,,,0.0,0,100.0,49.57,,,,,-3.955,36.7,Buy,2026-06-26,,,,4
GRASIM.NS,2026-06-26,6.05,0.585,3.73,6.37,6.68,5.35,6.34,5,0.1049,0.1808,-0.0137,0.1521,0.711,21.82,9.24,0.98,0,56.51,15.35,42.78,6.29,8.0,134.14,0.211,60.7,Buy,2026-06-26,,,,4
DLF.NS,2026-06-26,3.93,0.123,3.74,4.1,4.24,3.16,2.92,7,-0.105,0.1628,0.0462,-0.2658,-0.962,32.81,18.7,1.33,0,57.7,21.23,34.89,10.03,6.0,0.67,-0.62,32.0,Caution,2026-06-26,,,,2
TEJASNET.NS,2026-06-26,4.03,0.8,0.41,3.7,5.13,2.16,2.98,2,0.3718,0.4698,0.26,-0.1052,-0.186,59.79,28.85,1.81,-1,67.42,46.81,-12.12,-26.82,-15.0,142.52,-0.738,86.0,Caution,2026-06-26,,,,2
INDHOTEL.NS,2026-06-26,4.42,0.369,3.71,6.88,4.79,4.22,5.03,9,-0.0196,0.1726,0.0841,-0.0449,-0.184,26.25,14.52,2.12,-1,67.84,23.03,49.35,16.43,17.0,18.99,-0.024,52.0,Hold,2026-06-26,,,,3
MANAPPURAM.NS,2026-06-26,3.65,0.769,5.03,4.53,3.91,2.89,2.65,4,0.0839,0.216,-0.0312,0.1865,0.583,35.52,20.81,0.83,0,54.3,14.6,27.19,6.97,8.26,360.19,0.628,60.0,Caution,2026-06-26,,,,2
CARTRADE.NS,2026-06-26,4.14,0.554,5.49,6.26,4.25,3.8,3.89,6,-0.0353,0.5396,0.5651,0.654,1.156,58.4,26.25,2.43,-1,76.16,55.39,60.1,9.85,12.0,5.36,1.481,78.7,Hold,2026-06-26,,,,3
HINDPETRO.NS,2026-06-26,7.63,0.154,7.74,7.48,7.25,8.44,8.03,7,-0.1386,0.1897,0.0158,0.0791,0.228,42.34,20.74,1.55,0,59.76,13.94,4.82,30.93,22.0,85.37,0.234,26.0,Buy,2026-06-26,,,,4
AUBANK.NS,2026-06-26,7.26,0.692,5.58,5.59,7.53,6.42,6.13,5,0.0546,0.1356,0.0287,0.2995,1.02,32.27,15.35,0.9,0,55.86,22.27,29.64,12.4,12.4,,0.52,55.3,Buy,2026-06-26,,,,4
NIFTYBEES.NS,2026-06-26,5.22,0.123,5.0,5.0,5.4,5.02,5.04,0,,,,,,,,0.0,0,59.08,13.9,,,,,-0.393,24.0,Hold,2026-06-26,,,,3
RRKABEL.NS,2026-06-26,5.32,0.8,4.98,6.81,5.73,4.68,5.39,4,0.6343,0.8524,0.2786,0.8898,2.461,45.74,15.93,1.87,-1,82.65,49.84,57.17,20.83,28.0,13.09,0.356,95.3,Hold,2026-06-26,,,,3
MAZDOCK.NS,2026-06-26,5.53,-0.123,8.29,5.15,4.87,5.93,4.48,5,-0.0131,0.096,0.0071,-0.2557,-0.749,36.55,18.94,-0.32,0,49.28,13.59,38.47,28.77,36.0,4.48,0.096,40.0,Buy,2026-06-26,,,,4
RECLTD.NS,2026-06-26,0.5,0.708,4.89,4.29,0.55,0.38,0.36,5,0.0521,0.1128,0.0734,-0.0326,-0.124,29.42,17.29,0.89,0,60.25,18.79,5.9,19.96,9.71,607.46,-0.551,56.0,Avoid,2026-06-26,,,,1
DRREDDY.NS,2026-06-26,6.67,0.8,3.93,6.13,7.52,5.58,6.52,4,0.0522,0.0383,0.0239,0.0312,0.137,27.93,13.62,1.62,0,69.78,18.98,26.23,11.83,14.0,20.33,-0.013,45.3,Buy,2026-06-26,,,,4
EXIDEIND.NS,2026-06-26,6.64,0.585,2.73,7.26,7.48,6.03,7.78,8,0.0534,0.2691,-0.011,0.0358,0.128,37.81,16.42,1.04,0,55.25,18.05,38.77,6.17,9.0,11.31,-0.807,61.3,Buy,2026-06-26,,,,4
AEQUS.NS,2026-06-26,3.95,0.2,2.25,4.96,4.53,3.02,3.71,3,0.6086,0.8898,0.202,,,77.78,36.32,1.53,-1,66.14,31.49,-121.78,-10.29,2.0,47.18,1.786,94.0,Caution,2026-06-26,,,,2
HDFCAMC.NS,2026-06-26,6.84,0.585,6.02,5.93,6.93,6.35,5.89,5,-0.0006,0.1347,-0.0032,0.0965,0.32,38.45,20.81,0.36,0,53.6,17.84,39.89,32.93,43.0,2.36,0.351,44.7,Buy,2026-06-26,,,,4
RELAXO.NS,2026-06-29,3.46,0.538,3.36,6.96,3.85,3.14,3.95,6,0.0076,0.5296,0.1772,-0.0041,-0.01,54.83,22.87,2.85,-1,73.56,42.3,56.49,8.33,11.0,10.54,-1.062,73.3,Caution,2026-06-29,,,,2
MSUMI.NS,2026-06-29,5.6,0.062,6.31,5.98,5.29,5.91,5.11,8,-0.1064,0.0675,0.0382,0.0259,0.081,35.03,21.74,0.82,0,59.71,24.81,43.0,32.39,39.0,10.79,-0.538,22.7,Buy,2026-06-29,,,,4
RAMCOIND.NS,2026-06-29,4.99,0.554,5.24,6.42,5.18,4.64,4.88,5,0.0381,0.397,0.1409,0.3246,0.815,46.5,23.53,2.87,-1,65.28,27.09,16.04,7.0,5.0,3.79,0.225,68.7,Hold,2026-06-29,,,,3
TMCV.NS,2026-06-29,4.77,0.215,4.79,6.04,4.94,4.57,4.74,7,0.0512,0.0049,0.1323,,,43.84,23.15,1.03,0,63.93,29.08,51.48,26.05,36.0,44.09,1.132,45.3,Hold,2026-06-29,,,,3
PINELABS.NS,2026-06-29,0.52,-0.446,2.11,4.62,0.54,0.53,0.55,7,-0.3221,-0.0135,0.1016,,,55.33,38.17,-0.35,0,55.09,14.53,156.0,2.39,4.0,7.47,-1.26,6.0,Avoid,2026-06-29,,,,1
BANDHANBNK.NS,2026-06-29,7.03,0.462,5.29,6.02,7.13,6.52,6.51,2,0.3875,0.3634,-0.0253,0.1369,0.374,44.0,19.72,0.55,0,48.87,18.92,26.73,4.88,,,-0.163,81.3,Buy,2026-06-29,,,,4
TATACHEM.NS,2026-06-29,2.2,-0.338,1.28,5.44,2.37,2.2,2.68,5,-0.0325,0.2234,-0.023,-0.1885,-0.646,40.32,17.96,0.04,0,48.77,24.3,68.6,-7.68,3.0,36.08,-0.845,42.0,Avoid,2026-06-29,,,,1
PIXTRANS.NS,2026-06-29,4.07,0.923,5.82,6.89,4.23,3.74,3.96,6,0.2847,0.2838,0.1978,0.1867,0.629,36.18,16.97,4.05,-1,79.96,34.67,23.89,16.54,22.0,3.48,0.256,80.0,Caution,2026-06-29,,,,2
IRFC.NS,2026-06-29,0.0,-0.646,3.95,3.15,0.0,0.0,0.0,4,-0.2465,-0.0202,-0.0711,-0.334,-1.166,28.93,19.95,-2.09,1,33.64,18.69,16.9,12.81,,773.35,-0.943,6.7,Avoid,2026-06-29,,,,1
ULTRACEMCO.NS,2026-06-29,4.91,-0.462,4.81,7.24,4.52,6.08,6.25,7,-0.032,0.0307,-0.0082,-0.0103,-0.046,23.81,13.62,-0.34,0,51.27,14.2,41.14,10.59,13.0,29.43,-0.357,26.0,Hold,2026-06-29,,,,3
NAUKRI.NS,2026-06-29,3.08,-0.215,4.14,4.42,3.05,3.02,2.61,7,-0.2737,-0.0009,-0.0045,-0.3378,-1.253,28.47,19.72,0.04,0,50.42,14.13,44.31,4.57,5.0,0.64,-0.707,8.0,Caution,2026-06-29,,,,2
HINDZINC.NS,2026-06-29,6.36,-0.523,8.42,7.31,5.42,8.13,7.11,7,-0.1493,0.0428,-0.1753,0.2001,0.544,35.44,24.53,-1.69,1,30.39,26.77,15.91,76.94,70.0,39.03,-0.375,9.3,Buy,2026-06-29,,,,4
FORCEMOT.NS,2026-06-29,5.21,-0.431,7.03,5.83,4.42,6.23,4.88,6,-0.0188,-0.1171,-0.0747,0.3164,0.602,47.84,32.21,-1.17,0,43.9,11.37,19.56,33.51,36.0,,0.707,16.7,Hold,2026-06-29,,,,3
JINDALSTEL.NS,2026-06-29,5.67,-0.4,5.0,7.3,5.24,6.92,7.05,4,0.0714,-0.054,-0.1134,0.1604,0.572,24.5,17.31,-2.3,1,28.23,34.46,32.25,6.77,10.0,43.61,-0.197,28.7,Buy,2026-06-29,,,,4
TATACONSUM.NS,2026-06-29,3.29,-0.123,2.22,7.33,3.52,3.57,4.43,7,-0.047,0.0717,-0.0544,0.0145,0.066,26.25,13.46,-0.52,0,44.93,22.97,71.33,6.94,9.0,12.16,-0.204,24.7,Caution,2026-06-29,,,,2
OLAELEC.NS,2026-06-29,3.55,0.446,0.14,3.38,4.35,2.18,2.79,2,0.1352,0.6535,-0.0328,-0.0794,-0.12,72.95,33.65,0.34,0,44.33,27.21,-9.65,-43.16,-20.0,82.45,-0.645,79.3,Caution,2026-06-29,,,,2
SWIGGY.NS,2026-06-29,2.61,-0.646,4.61,4.2,2.2,3.05,2.14,3,-0.4068,-0.1164,-0.0799,-0.3933,-1.11,38.27,26.76,-1.81,0,36.62,16.5,-14.06,-29.12,-24.0,13.93,-0.891,1.3,Avoid,2026-06-29,,,,1
TITAN.NS,2026-06-29,4.22,0.677,5.34,6.32,4.41,3.87,3.99,5,0.098,0.0781,0.0534,0.221,0.938,30.58,19.56,0.09,0,53.21,11.15,75.16,37.13,26.0,195.0,0.247,54.0,Hold,2026-06-29,,,,3
ONWARDTEC.NS,2026-06-29,4.84,0.492,5.51,5.89,4.92,4.49,4.31,6,0.0578,0.209,0.092,-0.0553,-0.122,47.76,25.28,2.61,-1,69.6,16.72,14.83,18.55,23.0,15.72,-0.471,60.0,Hold,2026-06-29,,,,3
INDUSTOWER.NS,2026-06-29,4.56,-0.323,4.06,6.41,4.44,5.32,5.56,7,-0.0743,-0.0795,-0.1123,-0.0546,-0.204,23.95,17.27,-1.96,0,29.64,19.52,14.5,19.81,19.0,53.29,-0.207,11.3,Hold,2026-06-29,,,,3
TATACAP.NS,2026-06-29,1.34,0.246,5.28,4.86,1.34,1.2,1.04,5,0.0511,0.1268,0.1796,,,30.33,14.57,2.13,-1,67.45,37.36,30.53,12.01,8.58,502.06,0.249,58.7,Avoid,2026-06-29,,,,1
KIRLOSENG.NS,2026-06-29,4.09,0.785,3.43,7.4,4.62,3.53,4.62,7,0.8865,0.8146,0.2682,1.9066,4.142,59.32,22.12,2.55,-1,74.23,43.66,62.6,16.82,15.0,150.32,0.585,98.7,Hold,2026-06-29,,,,3
TATSILV.NS,2026-06-29,4.58,-0.231,5.0,5.0,4.46,4.84,4.69,0,,,,,,,,0.0,0,33.24,25.17,,,,,1.098,30.7,Hold,2026-06-29,,,,3
ZEEL.NS,2026-06-29,5.31,0.677,3.61,5.64,6.05,4.19,5.05,7,0.1725,0.4608,0.1562,-0.2345,-0.568,58.11,30.18,1.16,-1,53.82,36.13,38.11,2.33,3.0,2.26,-0.495,78.7,Hold,2026-06-29,,,,3
PAGEIND.NS,2026-06-29,5.71,0.754,5.53,7.08,5.88,5.46,5.78,7,0.1165,0.2522,0.0657,-0.081,-0.339,25.54,14.47,1.85,0,64.11,34.22,59.3,52.5,64.0,18.42,-0.104,66.7,Buy,2026-06-29,,,,4
LICI.NS,2026-06-29,6.71,0.554,9.02,6.69,6.61,6.65,6.32,6,0.0328,0.1518,0.072,-0.055,-0.235,26.5,12.86,2.18,-1,66.43,30.45,9.49,42.36,35.0,,-0.449,52.0,Buy,2026-06-29,,,,4
HDFCSILVER.NS,2026-06-29,4.76,-0.092,5.0,5.0,4.76,4.88,4.76,0,,,,,,,,0.0,0,33.51,22.61,,,,,1.448,20.0,Hold,2026-06-29,,,,3
JSWINFRA.NS,2026-06-29,3.65,0.785,3.54,4.41,4.27,2.48,2.83,5,0.1178,0.2935,0.1744,0.0526,0.176,39.92,20.76,2.32,-1,66.28,29.91,44.22,13.95,14.0,59.0,-0.311,71.3,Caution,2026-06-29,,,,2
OIL.NS,2026-06-29,5.27,-0.477,6.12,6.13,4.52,6.38,5.33,5,0.0224,-0.1386,-0.1353,-0.0512,-0.164,38.68,30.89,-1.88,1,31.47,35.25,10.11,12.74,12.0,58.74,-0.287,17.3,Hold,2026-06-29,,,,3
ROTO.NS,2026-06-29,3.06,0.538,2.67,5.21,3.57,2.32,2.89,6,0.0099,0.3769,0.2686,-0.242,-0.556,45.17,20.07,2.47,-1,64.79,35.59,54.27,10.71,15.0,13.23,-0.521,69.3,Caution,2026-06-29,,,,2
GOLDIETF.NS,2026-06-29,4.89,-0.092,5.0,5.0,4.9,4.94,4.88,0,,,,,,,,0.0,0,36.44,12.59,,,,,1.334,34.0,Hold,2026-06-29,,,,3
LIQUIDBEES.NS,2026-06-29,6.09,0.554,5.0,5.0,6.63,5.28,5.56,0,,,,,,,,0.0,0,53.78,90.18,,,,,-3.681,30.0,Buy,2026-06-29,,,,4
TATAPOWER.NS,2026-06-29,3.07,-0.415,3.33,4.97,3.06,3.16,3.14,4,0.0246,0.0087,-0.0754,-0.0236,-0.114,22.72,14.45,-1.39,0,34.34,18.75,32.99,11.34,11.0,168.05,-0.45,29.3,Caution,2026-06-29,,,,2
LIQUIDPLUS.NS,2026-06-29,5.99,0.477,5.0,5.0,6.47,5.26,5.51,0,,,,,,,,0.0,0,100.0,50.32,,,,,-3.979,34.7,Buy,2026-06-29,,,,4
UNITDSPR.NS,2026-06-29,5.14,0.077,5.01,6.97,5.09,5.49,5.65,6,-0.0521,0.0703,0.0567,-0.0604,-0.262,25.95,16.17,0.99,0,57.03,18.34,55.56,20.03,27.0,4.61,-0.11,32.0,Hold,2026-06-29,,,,3
TEJASNET.NS,2026-06-29,3.98,0.677,0.41,3.66,5.03,2.18,2.97,2,0.3338,0.4687,0.1585,-0.1401,-0.248,58.04,29.58,1.48,-1,60.38,45.68,-11.73,-26.82,-15.0,142.52,-0.772,84.0,Caution,2026-06-29,,,,2
DLF.NS,2026-06-29,3.94,0.123,3.74,4.1,4.24,3.19,2.96,7,-0.1143,0.1768,0.0421,-0.2702,-0.977,32.88,18.8,1.11,0,55.2,20.87,34.45,10.03,6.0,0.67,-0.633,31.3,Caution,2026-06-29,,,,2
MANAPPURAM.NS,2026-06-29,3.37,0.646,4.97,4.5,3.63,2.67,2.49,4,0.0097,0.2485,-0.0272,0.1832,0.572,35.48,20.85,0.72,0,52.69,14.03,26.98,6.97,8.26,360.19,0.491,51.3,Caution,2026-06-29,,,,2
CARTRADE.NS,2026-06-29,4.48,0.538,5.52,6.26,4.59,4.14,4.22,6,-0.0473,0.5268,0.5312,0.6445,1.139,57.42,26.4,2.17,-1,72.89,57.31,59.35,9.85,12.0,5.36,1.493,77.3,Hold,2026-06-29,,,,3
NIFTYBEES.NS,2026-06-29,5.23,0.123,5.0,5.0,5.42,5.03,5.05,0,,,,,,,,0.0,0,56.0,13.28,,,,,-0.458,25.3,Hold,2026-06-29,,,,3
RRKABEL.NS,2026-06-29,5.15,0.754,4.99,6.82,5.49,4.62,5.27,4,0.6784,0.9141,0.2237,0.8753,2.421,45.56,15.93,1.86,-1,83.38,51.09,57.59,20.83,28.0,13.09,0.372,94.7,Hold,2026-06-29,,,,3
PIDILITIND.NS,2026-06-29,5.06,0.938,6.48,7.55,5.19,4.83,5.07,7,0.1139,0.2255,0.0867,0.0808,0.394,23.21,11.28,1.97,-1,76.16,35.99,67.22,23.52,31.0,3.78,-0.213,66.0,Hold,2026-06-29,,,,3
SBICARD.NS,2026-06-29,2.37,-0.215,4.06,4.26,2.34,2.28,1.89,7,-0.2938,-0.0941,-0.0222,-0.3761,-1.45,25.82,17.42,-0.76,0,48.39,19.64,26.81,14.69,,280.21,-0.559,4.7,Avoid,2026-06-29,,,,1
AEQUS.NS,2026-06-29,4.02,0.292,2.29,4.97,4.66,3.0,3.72,3,0.6829,0.9096,0.2268,,,77.84,36.32,1.72,-1,68.47,32.79,-124.99,-10.29,2.0,47.18,1.944,95.3,Caution,2026-06-29,,,,2
EXIDEIND.NS,2026-06-29,6.58,0.554,2.73,7.24,7.39,6.01,7.74,8,0.0556,0.2882,0.0027,0.013,0.046,37.12,16.46,0.94,0,53.81,18.26,38.51,6.17,9.0,11.31,-0.82,61.3,Buy,2026-06-29,,,,4
MCX.NS,2026-06-29,6.45,0.231,9.3,6.75,6.12,6.78,6.55,6,0.3462,0.2153,-0.0135,0.7804,2.101,33.88,22.59,-0.1,0,50.82,23.69,55.94,37.88,71.0,0.11,2.315,74.7,Hold,2026-06-29,,,,3
HDFCBANK.NS,2026-06-29,4.22,0.123,2.42,5.29,4.77,3.59,4.23,5,-0.1856,0.0739,0.0907,-0.1605,-0.815,25.56,14.45,1.64,0,65.2,22.5,17.82,13.82,7.04,,-0.424,17.3,Caution,2026-06-29,,,,2
PERSISTENT.NS,2026-06-29,4.27,-0.615,6.58,5.54,3.41,5.65,4.29,5,-0.3209,-0.1227,-0.1725,-0.2889,-0.85,42.8,35.91,-3.0,1,28.89,15.64,36.09,26.35,34.0,6.09,-0.227,2.0,Caution,2026-06-29,,,,2
RAMCOSYS.NS,2026-06-29,3.64,0.477,6.23,6.63,3.64,3.53,3.68,6,0.35,1.1554,0.7431,0.9783,1.64,79.3,21.51,3.78,-1,87.42,48.01,71.2,12.49,19.0,12.1,0.793,94.7,Avoid,2026-06-29,,,,1
BHARTIARTL.NS,2026-06-29,4.62,-0.338,4.29,6.29,4.48,5.26,5.51,6,-0.1331,-0.0015,0.0066,-0.0399,-0.205,22.36,14.49,-0.11,0,47.56,16.51,41.45,19.36,18.0,99.72,0.34,14.7,Caution,2026-06-29,,,,2
BAJFINANCE.NS,2026-06-29,3.22,0.446,4.73,3.84,3.45,2.63,2.28,4,-0.0293,0.1638,0.0813,0.0715,0.246,29.49,15.57,1.75,0,64.54,24.18,32.21,17.91,10.8,313.41,0.376,38.7,Avoid,2026-06-29,,,,1
GVT&D.NS,2026-06-29,3.6,0.4,8.2,6.65,3.5,3.64,3.57,6,0.5669,0.3231,-0.0373,1.0355,2.422,47.83,30.31,0.78,0,49.77,23.5,103.45,55.26,76.0,0.89,1.666,84.0,Avoid,2026-06-29,,,,1
BHEL.NS,2026-06-29,3.96,0.523,4.11,7.08,4.3,3.55,4.38,9,0.4872,0.6235,-0.0072,0.595,1.688,38.43,20.12,0.89,0,60.21,24.42,90.14,6.29,9.0,31.31,0.295,88.7,Avoid,2026-06-29,,,,1
ICICIBANK.NS,2026-06-29,5.79,0.523,3.78,5.76,6.45,4.87,5.65,3,0.0204,0.1247,0.1044,-0.0181,-0.098,22.71,12.17,1.96,0,71.22,29.7,18.55,16.36,7.2,,0.082,47.3,Hold,2026-06-29,,,,3
LAURUSLABS.NS,2026-06-29,3.92,0.923,4.49,7.4,4.26,3.46,4.16,6,0.3844,0.4887,0.1015,1.2448,4.277,26.7,12.97,1.64,-1,70.58,34.75,91.59,17.74,18.0,46.37,2.479,82.7,Avoid,2026-06-29,,,,1
MARUTI.NS,2026-06-29,6.14,0.092,5.93,5.96,5.92,6.59,5.98,5,-0.197,0.0826,0.0217,0.075,0.318,26.25,15.96,0.52,0,51.64,13.93,28.7,14.43,19.0,0.1,-0.003,12.0,Hold,2026-06-29,,,,3
RELIANCE.NS,2026-06-29,3.6,-0.554,2.34,5.87,3.62,4.05,4.63,5,-0.1612,-0.0305,-0.0107,-0.0955,-0.473,23.54,16.5,-0.87,0,44.77,16.11,21.79,9.14,10.0,36.65,-0.713,8.0,Avoid,2026-06-29,,,,1
NTPC.NS,2026-06-29,6.04,-0.031,5.77,6.01,5.7,6.62,6.1,5,0.1124,-0.052,-0.0796,0.1077,0.576,20.51,15.0,-1.4,0,39.97,30.6,11.69,13.69,8.0,118.13,-0.267,30.0,Hold,2026-06-29,,,,3
SBIN.NS,2026-06-29,6.19,0.554,4.99,5.0,6.58,5.35,5.22,2,0.0886,0.0346,0.0743,0.3261,1.464,25.37,19.31,0.47,0,59.44,15.91,11.37,15.48,6.13,,0.302,48.0,Hold,2026-06-29,,,,3
EICHERMOT.NS,2026-06-29,7.49,0.523,6.28,6.28,7.54,7.42,7.24,6,0.0155,0.0902,0.0347,0.3363,1.29,31.52,17.14,0.92,0,52.62,14.97,37.02,23.77,31.0,2.05,0.853,34.7,Hold,2026-06-29,,,,3
ADANIPOWER.NS,2026-06-29,7.35,0.215,8.3,5.76,6.92,7.46,6.62,5,0.586,0.4751,-0.0671,1.076,2.516,38.47,20.34,0.48,0,50.9,15.25,34.25,20.91,17.0,82.33,0.451,88.0,Buy,2026-06-29,,,,4
AXISBANK.NS,2026-06-29,4.68,0.708,1.87,4.16,5.75,2.92,3.71,3,0.1064,0.1258,0.0546,0.112,0.477,25.22,13.14,1.05,0,59.0,22.77,16.07,13.15,6.24,,-0.115,55.3,Caution,2026-06-29,,,,2
VEDL.NS,2026-06-29,5.36,-0.569,6.34,6.38,4.55,6.96,6.04,8,-0.5163,-0.5618,-0.193,-0.3271,-0.443,140.96,135.89,-0.79,1,33.44,35.83,15.86,20.4,16.0,48.04,-0.398,0.7,Caution,2026-06-29,,,,2
HEROMOTOCO.NS,2026-06-29,5.93,-0.708,8.19,6.85,4.87,7.94,6.84,5,-0.1388,-0.064,-0.0182,0.1605,0.6,26.31,18.81,-1.53,0,38.12,11.26,16.78,28.03,36.0,3.57,-0.416,7.3,Hold,2026-06-29,,,,3
BSE.NS,2026-06-29,5.37,-0.123,8.38,6.74,4.88,5.97,5.66,8,0.4452,0.3886,-0.069,0.3857,0.969,34.4,19.01,0.16,0,43.43,18.87,63.91,36.0,58.0,0.0,2.062,80.0,Caution,2026-06-29,,,,2
BHARATFORG.NS,2026-06-29,2.41,0.785,1.81,5.85,2.85,1.8,2.45,5,0.4884,0.2584,0.1092,0.685,2.349,29.32,14.38,2.42,-1,73.46,23.47,96.36,11.6,13.0,76.47,0.283,81.3,Avoid,2026-06-29,,,,1
INDIGO.NS,2026-06-29,0.0,0.492,0.86,4.9,0.0,0.0,0.0,3,0.0307,0.2376,0.2066,-0.0261,-0.079,41.25,20.72,2.76,-1,70.76,29.51,-85.55,7.12,7.0,866.46,0.195,60.0,Avoid,2026-06-29,,,,1
INFY.NS,2026-06-29,3.7,-0.631,6.15,4.68,2.91,4.82,3.27,8,-0.3633,-0.1658,-0.0877,-0.3201,-1.154,36.06,28.53,-1.76,0,35.54,19.75,13.62,31.44,40.0,9.83,-0.879,1.3,Avoid,2026-06-29,,,,1
IDEA.NS,2026-06-29,6.96,0.523,4.58,6.21,7.42,6.21,7.02,5,0.2005,0.6232,0.0315,1.1035,2.22,38.95,14.63,0.96,-1,55.79,31.8,4.5,-1.6,-2.0,,-0.304,78.7,Buy,2026-06-29,,,,4
KOTAKBANK.NS,2026-06-29,4.02,-0.031,1.79,5.44,4.51,3.55,4.32,3,-0.0861,0.0802,0.0294,-0.1097,-0.513,22.13,14.36,1.0,0,51.24,21.43,20.4,11.39,6.93,,-0.078,22.7,Caution,2026-06-29,,,,2
POWERINDIA.NS,2026-06-29,1.67,0.338,6.65,6.52,1.64,1.66,1.67,7,0.8988,0.4169,-0.0903,0.8117,1.871,41.35,25.82,0.57,0,50.43,19.2,158.42,21.04,29.0,1.66,1.191,92.0,Avoid,2026-06-29,,,,1
TVSMOTOR.NS,2026-06-29,2.49,-0.338,4.7,5.72,2.34,2.8,2.64,5,-0.0536,0.0069,0.0301,0.2227,0.837,31.55,20.51,-0.29,0,51.53,13.66,54.4,31.62,17.0,306.09,0.569,22.0,Avoid,2026-06-29,,,,1
NETWEB.NS,2026-06-29,2.35,0.4,5.63,6.05,2.37,2.24,2.26,3,0.3951,0.4008,-0.0462,1.516,2.551,63.76,37.22,0.59,0,46.9,27.71,123.44,32.83,38.0,39.02,0.415,79.3,Avoid,2026-06-29,,,,1
MUTHOOTFIN.NS,2026-06-29,2.16,-0.338,7.69,3.89,1.77,2.56,1.53,5,-0.1992,-0.0684,-0.0962,0.1874,0.523,38.02,25.59,-1.57,0,39.97,13.71,11.45,30.41,15.8,379.71,0.761,6.0,Avoid,2026-06-29,,,,1
NATIONALUM.NS,2026-06-29,6.87,-0.2,7.74,6.61,6.21,7.98,7.32,6,0.1971,-0.0589,-0.1815,0.9135,2.33,40.4,32.92,-2.18,1,36.61,32.31,10.39,29.42,40.0,0.28,0.871,36.0,Hold,2026-06-29,,,,3
SAKSOFT.NS,2026-06-29,4.31,0.492,6.08,6.74,4.34,4.24,4.39,7,-0.0975,0.5732,0.2827,-0.0544,-0.113,60.9,24.06,5.24,-1,79.73,18.18,18.03,19.06,26.0,5.61,-0.357,67.3,Caution,2026-06-29,,,,2
ASIANPAINT.NS,2026-06-29,6.26,0.708,6.81,6.98,6.29,6.3,6.32,6,-0.0379,0.2141,0.0031,0.1797,0.757,23.94,11.54,0.79,0,51.9,32.87,58.74,20.89,26.0,17.85,-0.458,37.3,Hold,2026-06-29,,,,3
DRREDDY.NS,2026-06-29,5.84,0.8,4.18,5.76,6.52,4.82,5.5,4,0.0868,0.0733,0.0554,0.0352,0.154,27.03,11.44,2.11,-1,74.22,21.55,26.74,11.83,14.0,20.33,-0.079,48.7,Hold,2026-06-29,,,,3
POLYCAB.NS,2026-06-29,6.42,0.708,5.89,6.21,6.65,5.87,6.06,5,0.2876,0.3903,0.0367,0.5489,1.93,29.62,13.19,1.1,0,57.93,24.39,55.16,24.58,33.0,2.56,0.455,76.7,Hold,2026-06-29,,,,3
ATHERENERG.NS,2026-06-29,5.72,0.923,4.3,5.25,6.44,4.36,4.88,3,0.5016,0.3609,0.1241,2.3862,4.852,47.91,24.04,2.16,-1,66.16,38.65,-121.91,-33.74,-20.0,25.82,4.287,85.3,Hold,2026-06-29,,,,3
SHRIRAMFIN.NS,2026-06-29,4.59,0.677,5.42,4.48,4.85,3.85,3.45,5,0.0605,0.1426,0.0903,0.5437,1.543,39.87,21.34,1.41,0,66.37,20.66,19.4,16.38,11.5,276.21,0.8,52.7,Caution,2026-06-29,,,,2
TATASTEEL.NS,2026-06-29,6.79,-0.123,4.77,7.6,6.64,7.45,8.01,7,0.1376,0.0013,-0.0699,0.2499,0.925,21.48,15.57,-2.12,1,33.59,20.93,21.94,11.16,13.0,89.02,0.01,40.7,Hold,2026-06-29,,,,3
CGPOWER.NS,2026-06-29,2.54,0.708,5.66,5.94,2.65,2.26,2.32,4,0.4501,0.4316,0.0423,0.4043,1.287,32.95,17.7,1.34,0,60.45,20.78,123.71,19.56,27.0,1.44,0.252,83.3,Avoid,2026-06-29,,,,1
M&M.NS,2026-06-29,5.08,-0.462,5.47,6.08,4.5,6.18,5.55,5,-0.1495,0.017,0.0156,-0.0102,-0.037,30.15,18.7,-0.26,0,50.66,14.64,20.33,18.75,15.0,125.07,-0.066,14.0,Caution,2026-06-29,,,,2
ADANIENSOL.NS,2026-06-29,2.53,0.4,3.38,4.47,2.9,1.85,2.11,5,0.4915,0.5548,-0.0178,0.7449,1.973,44.86,21.62,0.71,0,51.58,22.53,80.13,9.66,10.0,194.5,0.344,86.7,Avoid,2026-06-29,,,,1
LT.NS,2026-06-29,5.78,0.646,3.62,5.36,6.57,4.54,5.23,3,0.0376,0.1801,0.0218,0.1667,0.671,26.93,12.63,1.36,0,59.15,22.53,35.66,16.95,15.0,97.64,0.136,49.3,Hold,2026-06-29,,,,3
CANBK.NS,2026-06-29,4.02,-0.462,5.04,5.05,3.55,4.75,3.9,3,-0.1313,-0.0034,-0.006,0.1754,0.602,32.38,20.23,-0.96,0,41.84,12.21,5.79,15.94,6.52,,0.01,12.7,Caution,2026-06-29,,,,2
MOTHERSON.NS,2026-06-29,7.03,0.738,4.36,6.73,7.67,6.16,7.35,5,0.2635,0.3765,0.0331,0.4958,1.431,40.27,18.98,1.59,-1,63.72,39.9,41.14,10.11,13.0,43.91,0.043,75.3,Buy,2026-06-29,,,,4
BEL.NS,2026-06-29,5.49,0.092,5.91,6.24,5.29,5.88,5.58,7,0.0334,0.0169,0.0021,-0.01,-0.039,21.07,15.28,-1.0,0,45.91,24.04,49.53,27.56,37.0,0.27,0.354,29.3,Caution,2026-06-29,,,,2
AUBANK.NS,2026-06-29,6.74,0.708,5.78,4.95,7.04,5.87,5.34,5,0.0579,0.1673,0.0465,0.2885,0.983,31.48,15.36,0.82,0,54.98,22.76,29.4,12.4,12.4,,0.573,52.0,Hold,2026-06-29,,,,3
APOLLO.NS,2026-06-29,1.77,0.769,4.66,4.6,1.96,1.33,1.37,4,0.5481,1.1487,-0.0045,0.9958,1.686,72.62,31.09,0.94,-1,53.49,31.22,129.25,11.21,14.0,41.53,1.587,94.0,Avoid,2026-06-29,,,,1
CUMMINSIND.NS,2026-06-29,5.24,0.108,6.6,6.84,5.0,5.61,5.58,7,0.2602,0.1965,-0.0577,0.6967,2.533,34.8,17.5,0.45,0,46.05,15.53,65.05,29.45,40.0,0.43,0.43,66.7,Caution,2026-06-29,,,,2
ASHOKLEY.NS,2026-06-29,2.58,-0.092,4.92,4.57,2.5,2.62,2.16,2,-0.0871,-0.0187,0.0296,0.3384,0.935,48.06,25.88,-0.04,0,53.44,16.84,26.63,21.64,14.0,344.74,0.348,19.3,Avoid,2026-06-29,,,,1
TORNTPHARM.NS,2026-06-29,3.97,0.8,3.92,5.68,4.49,3.14,3.69,4,0.2255,0.0941,0.056,0.4772,2.316,22.72,14.32,1.93,0,66.42,16.16,72.63,16.99,15.0,85.45,1.114,62.7,Avoid,2026-06-29,,,,1
COFORGE.NS,2026-06-29,6.85,0.077,6.72,6.25,6.51,7.42,6.88,8,-0.1397,0.3029,0.049,-0.1935,-0.523,45.45,26.28,1.44,0,61.54,20.68,33.98,18.6,24.0,7.52,0.298,32.7,Hold,2026-06-29,,,,3
HSCL.NS,2026-06-29,6.62,0.738,5.16,5.62,7.04,5.65,5.84,4,0.4007,0.524,0.1139,0.5371,1.564,41.24,23.27,1.13,0,57.69,26.86,44.88,17.7,22.0,16.17,0.643,84.7,Hold,2026-06-29,,,,3
SAIL.NS,2026-06-29,6.85,-0.092,4.21,7.69,6.94,7.12,8.32,8,0.329,0.1964,-0.1426,0.3571,1.012,40.5,20.05,-0.65,0,40.43,30.41,21.47,5.66,8.0,52.9,0.088,69.3,Hold,2026-06-29,,,,3
COALINDIA.NS,2026-06-29,7.89,0.031,8.07,7.59,7.39,8.84,8.47,6,0.1202,-0.0004,-0.0285,0.2126,0.963,23.48,16.84,-0.93,0,43.47,15.48,8.82,28.12,35.0,11.63,-0.136,39.3,Buy,2026-06-29,,,,4
HINDALCO.NS,2026-06-29,4.3,-0.2,2.92,5.6,4.53,4.18,4.76,2,0.1149,0.112,-0.1446,0.4504,1.633,30.11,19.97,-1.43,0,33.91,29.02,16.0,10.29,14.0,72.6,0.444,43.3,Caution,2026-06-29,,,,2
ETERNAL.NS,2026-06-29,0.0,0.154,3.27,5.88,0.0,0.0,0.0,6,-0.0893,0.1125,0.0352,0.017,0.05,31.76,19.38,1.21,0,56.45,14.73,682.63,1.19,3.0,14.83,0.168,24.7,Avoid,2026-06-29,,,,1
ONGC.NS,2026-06-29,6.63,-0.369,6.35,7.88,5.97,8.1,7.69,7,0.0248,-0.1699,-0.1181,0.0115,0.05,26.32,20.59,-2.12,1,22.61,45.19,7.11,12.7,14.0,42.55,-0.332,15.3,Hold,2026-06-29,,,,3
PAYTM.NS,2026-06-29,0.92,-0.138,2.65,4.34,1.0,0.79,0.84,2,-0.1446,0.1232,0.0128,0.2611,0.725,39.26,21.2,0.52,0,57.11,13.98,132.53,3.56,5.0,1.07,1.356,20.0,Avoid,2026-06-29,,,,1
WAAREEENER.NS,2026-06-29,5.31,-0.431,7.35,5.81,4.53,6.55,5.3,5,-0.063,-0.0668,-0.0811,-0.0281,-0.069,32.31,27.27,-1.71,0,31.65,11.55,22.41,31.57,39.0,21.4,0.145,13.3,Caution,2026-06-29,,,,2
ZYDUSWELL.NS,2026-06-29,1.82,0.923,2.76,4.83,2.18,1.24,1.56,6,0.3355,0.2765,0.1231,0.4316,1.128,47.4,17.83,4.03,-1,69.52,33.45,91.55,3.43,5.0,54.97,0.52,77.3,Avoid,2026-06-29,,,,1
TRENT.NS,2026-06-29,2.06,0.2,5.45,5.52,2.05,2.04,1.87,5,-0.2393,0.4398,0.1588,-0.4613,-0.985,35.12,16.01,2.44,-1,71.68,29.12,101.32,27.13,28.0,36.03,-0.675,35.3,Avoid,2026-06-29,,,,1
KEI.NS,2026-06-29,5.33,0.646,4.09,6.16,5.87,4.56,5.43,4,0.2381,0.322,0.035,0.4216,1.362,34.15,17.88,1.05,0,54.2,12.83,56.86,14.75,20.0,3.8,0.106,72.7,Caution,2026-06-29,,,,2
NYKAA.NS,2026-06-29,0.04,0.877,4.36,6.6,0.04,0.03,0.04,7,0.171,0.2604,0.1515,0.5227,1.801,28.31,14.48,2.35,-1,68.95,30.96,437.75,14.34,17.0,82.41,0.825,68.0,Avoid,2026-06-29,,,,1
HFCL.NS,2026-06-29,2.66,0.815,3.07,5.52,3.09,1.94,2.47,4,2.2835,1.9809,0.1722,1.5252,3.33,60.2,26.51,1.54,-1,68.36,52.7,99.03,7.27,11.0,38.32,0.629,100.0,Avoid,2026-06-29,,,,1
INDIANB.NS,2026-06-29,4.49,-0.215,3.89,5.65,4.56,4.62,4.87,4,0.0706,-0.0455,-0.0011,0.3349,1.076,29.03,18.97,-0.84,0,41.41,22.1,9.37,15.44,6.32,,0.59,28.0,Caution,2026-06-29,,,,2
LTF.NS,2026-06-29,2.8,0.677,4.72,4.05,3.08,2.18,2.01,4,-0.0037,0.2006,0.0434,0.5102,1.516,39.52,20.43,1.55,0,63.41,19.88,25.19,11.12,8.4,393.44,0.635,46.7,Avoid,2026-06-29,,,,1
CHOLAFIN.NS,2026-06-29,0.0,0.554,4.79,3.56,0.0,0.0,0.0,5,0.0457,0.2526,0.1537,0.1111,0.342,41.02,20.4,2.15,-1,69.29,29.89,28.66,19.33,9.7,693.26,0.151,60.7,Avoid,2026-06-29,,,,1
ADANIGREEN.NS,2026-06-29,0.77,0.708,4.6,4.31,0.85,0.58,0.58,4,0.4803,0.8048,0.0184,0.5218,1.245,44.01,18.5,0.98,0,56.45,38.59,156.35,7.58,7.0,346.55,-0.303,90.0,Avoid,2026-06-29,,,,1
GROWW.NS,2026-06-29,5.01,0.215,9.35,5.49,4.71,5.09,4.27,6,0.2401,0.2504,0.0975,,,45.25,25.29,0.47,0,57.82,17.43,59.68,28.72,37.0,3.03,1.743,72.0,Caution,2026-06-29,,,,2
GMRAIRPORT.NS,2026-06-29,0.0,0.892,3.44,5.42,0.0,0.0,0.0,7,0.0615,0.2282,0.0902,0.3151,1.063,29.57,16.78,2.07,-1,65.6,26.38,841.69,11.6,12.0,,-0.017,57.3,Avoid,2026-06-29,,,,1
UPL.NS,2026-06-29,4.83,-0.615,3.54,7.12,4.63,5.89,6.58,7,-0.2644,-0.0461,-0.1185,-0.1099,-0.344,28.11,20.15,-3.03,1,26.34,24.18,25.47,5.61,10.0,57.13,-0.214,4.7,Caution,2026-06-29,,,,2
SOLARINDS.NS,2026-06-29,3.49,0.338,7.03,6.1,3.41,3.45,3.31,6,0.4187,0.4332,-0.0246,0.0441,0.14,31.12,19.06,0.74,0,52.23,23.26,96.34,31.33,37.0,23.27,0.788,80.7,Avoid,2026-06-29,,,,1
MFSL.NS,2026-06-29,0.0,-0.585,2.06,5.58,0.0,0.0,0.0,3,-0.0459,0.0285,-0.0433,-0.0104,-0.041,31.51,18.68,-0.47,0,45.11,13.71,661.78,1.63,3.0,12.67,0.784,20.7,Avoid,2026-06-29,,,,1
MEESHO.NS,2026-06-29,5.94,0.185,5.29,5.5,5.92,5.77,5.41,3,-0.0144,0.3334,0.0595,,,57.31,28.38,1.02,0,65.49,21.95,-62.45,-46.56,-36.0,1.43,0.339,56.0,Hold,2026-06-29,,,,3
ACUTAAS.NS,2026-06-29,3.44,0.923,8.01,6.46,3.5,3.18,3.23,6,1.1582,0.402,0.1391,2.2673,5.337,45.85,27.77,2.12,-1,74.44,45.18,102.01,23.52,32.0,2.08,2.759,98.0,Avoid,2026-06-29,,,,1
AUROPHARMA.NS,2026-06-29,7.4,0.738,2.92,6.96,8.34,6.32,8.25,7,0.2705,0.1775,0.0849,0.4125,1.579,25.17,16.45,1.8,0,65.39,20.7,25.65,9.93,13.0,21.31,0.254,70.7,Hold,2026-06-29,,,,3
FORTIS.NS,2026-06-29,4.24,0.277,4.06,6.53,4.49,4.07,4.75,7,0.0528,0.1674,0.0236,0.2432,0.935,23.0,12.45,0.28,0,45.44,14.41,68.67,11.01,13.0,34.15,1.224,50.0,Caution,2026-06-29,,,,2
BOSCHLTD.NS,2026-06-29,7.37,0.831,5.3,6.15,7.82,6.55,6.92,7,0.0986,0.3124,0.089,0.2803,0.957,33.58,15.89,1.48,0,63.25,30.76,42.33,19.35,22.0,0.8,0.097,64.7,Buy,2026-06-29,,,,4
NHPC.NS,2026-06-29,6.18,0.492,6.21,4.73,6.24,5.69,4.83,4,0.0673,0.065,0.0342,-0.0223,-0.092,29.39,19.88,0.87,0,64.76,22.28,29.45,9.02,6.0,113.11,-0.499,42.0,Hold,2026-06-29,,,,3
SBILIFE.NS,2026-06-29,2.42,-0.523,2.53,6.08,2.43,2.74,3.14,5,-0.1321,-0.0447,-0.0408,-0.0462,-0.236,23.83,16.35,-1.25,0,41.98,19.87,71.36,13.7,15.0,,0.088,8.7,Avoid,2026-06-29,,,,1
ABB.NS,2026-06-29,3.81,0.646,8.57,6.18,3.77,3.7,3.51,5,0.3724,0.1723,-0.0172,0.1944,0.677,35.41,24.24,0.55,0,54.93,14.85,97.07,29.9,30.0,1.08,-0.472,74.0,Avoid,2026-06-29,,,,1
TCS.NS,2026-06-29,5.1,-0.615,6.59,6.21,4.22,6.73,5.67,6,-0.3477,-0.1102,-0.0713,-0.3569,-1.436,33.69,26.92,-1.58,0,38.29,19.21,15.43,48.4,63.0,10.39,-1.35,3.3,Caution,2026-06-29,,,,2
CIPLA.NS,2026-06-29,6.4,0.492,4.66,5.77,6.82,5.8,6.1,4,-0.0191,0.1815,0.0476,-0.0126,-0.059,27.31,10.61,1.56,0,68.86,23.04,30.32,11.74,15.0,1.78,-0.263,40.0,Hold,2026-06-29,,,,3
MARICO.NS,2026-06-29,6.21,0.8,5.72,6.69,6.49,5.78,6.15,5,0.1432,0.1313,0.0222,0.2059,1.156,16.81,9.58,1.25,0,63.08,20.62,61.63,41.39,47.0,12.39,0.521,56.7,Hold,2026-06-29,,,,3
AEGISLOG.NS,2026-06-29,6.26,0.785,5.48,6.85,6.55,5.7,6.34,8,0.5986,0.9185,0.5687,0.5104,1.248,52.21,19.07,2.82,-1,89.4,61.91,45.95,15.26,14.0,47.24,0.247,96.7,Hold,2026-06-29,,,,3
HCLTECH.NS,2026-06-29,3.47,-0.631,6.85,4.07,2.58,4.56,2.65,8,-0.3243,-0.1766,-0.0688,-0.3205,-1.259,34.79,29.91,-1.08,0,36.83,19.53,17.98,23.36,31.0,6.93,-0.637,2.7,Avoid,2026-06-29,,,,1
CUPID.NS,2026-06-29,0.56,0.754,7.21,6.44,0.57,0.52,0.53,6,0.9941,1.2256,0.4598,8.8217,15.81,42.64,23.81,2.24,-1,88.6,37.35,238.48,27.3,33.0,12.51,4.615,99.3,Avoid,2026-06-29,,,,1
BAJAJHCARE.NS,2026-06-29,2.67,0.185,2.09,4.68,3.06,2.14,2.49,5,-0.1725,0.1728,0.1669,-0.3313,-0.761,54.63,29.31,2.07,-1,69.12,19.99,52.48,4.27,11.0,46.73,-0.119,25.3,Avoid,2026-06-29,,,,1
SILVERBEES.NS,2026-06-29,4.63,-0.092,5.0,5.0,4.6,4.83,4.66,0,,,,,,,,0.0,0,32.47,21.95,,,,,1.111,11.3,Caution,2026-06-29,,,,2
APARINDS.NS,2026-06-29,4.71,0.769,4.15,6.14,5.26,3.84,4.65,6,0.8396,0.507,0.2186,1.0415,2.308,41.06,21.54,1.69,-1,64.82,42.18,65.64,19.74,31.0,17.72,0.68,93.3,Caution,2026-06-29,,,,2
OFSS.NS,2026-06-29,8.96,0.846,7.85,7.17,9.12,8.48,8.86,7,0.4374,0.6102,0.0914,0.2405,0.76,36.43,15.72,1.64,-1,71.78,25.94,36.03,32.61,45.0,0.41,0.026,87.3,Buy,2026-06-29,,,,4
ASTRAL.NS,2026-06-29,2.93,-0.369,3.56,6.17,2.93,3.25,3.55,5,-0.0205,-0.1551,-0.1332,-0.0861,-0.286,33.24,27.11,-4.02,1,28.72,15.58,68.67,13.8,20.0,6.17,-1.085,9.3,Avoid,2026-06-29,,,,1
BAJAJ-AUTO.NS,2026-06-29,6.32,-0.092,7.56,5.96,5.76,7.08,6.16,4,0.0649,0.0971,-0.0793,0.1658,0.752,24.36,13.77,-0.73,0,35.31,18.33,25.02,28.05,28.0,56.35,-0.154,36.7,Hold,2026-06-29,,,,3
ANANDRATHI.NS,2026-06-29,3.73,0.923,7.3,6.87,3.81,3.52,3.66,5,0.3013,0.3141,0.1526,0.9182,3.33,21.7,10.18,3.19,-1,78.67,27.19,84.34,46.74,59.0,8.25,1.301,78.0,Avoid,2026-06-29,,,,1
LIQUID1.NS,2026-06-29,5.51,0.415,5.0,5.0,5.81,5.11,5.21,0,,,,,,,,0.0,0,100.0,60.97,,,,,-3.901,26.7,Caution,2026-06-29,,,,2
ADANIENT.NS,2026-06-29,4.48,0.738,1.64,3.61,5.63,2.5,3.33,2,0.3334,0.6258,0.009,0.1829,0.532,37.3,14.75,0.97,0,54.92,42.48,40.3,13.66,6.0,119.56,-0.265,82.0,Caution,2026-06-29,,,,2
FEDERALBNK.NS,2026-06-29,7.66,0.815,4.75,6.28,8.24,6.74,7.56,4,0.238,0.2033,0.1215,0.5582,2.282,21.2,11.24,1.89,0,68.75,36.21,18.55,11.73,6.39,,1.183,70.0,Buy,2026-06-29,,,,4
LUPIN.NS,2026-06-29,8.0,0.8,7.92,7.18,8.12,7.77,7.9,5,0.1435,0.0319,0.0624,0.2556,1.266,21.43,14.74,2.27,-1,67.36,16.7,20.69,26.91,30.0,29.39,0.658,54.0,Buy,2026-06-29,,,,4
POWERGRID.NS,2026-06-29,4.87,-0.031,4.42,5.46,4.94,4.82,4.76,6,0.0799,-0.0313,-0.0148,0.0338,0.171,20.05,14.17,-1.1,0,43.35,20.01,14.24,16.49,10.0,150.99,-0.45,31.3,Caution,2026-06-29,,,,2
MAXHEALTH.NS,2026-06-29,2.81,0.615,3.1,5.82,3.2,2.28,2.81,6,0.0633,0.1793,0.1915,-0.0393,-0.15,28.88,17.93,2.87,-1,75.71,26.68,78.12,14.33,15.0,32.37,0.111,59.3,Avoid,2026-06-29,,,,1
NESTLEIND.NS,2026-06-29,4.36,-0.123,6.26,7.41,4.08,4.87,4.87,8,0.1072,0.1627,-0.0241,0.1841,0.899,23.29,11.66,-0.02,0,46.14,13.8,76.69,76.34,85.0,8.62,-0.073,54.7,Caution,2026-06-29,,,,2
THERMAX.NS,2026-06-29,3.87,0.923,2.72,6.37,4.47,3.04,4.06,4,0.7482,0.6031,0.0286,0.4796,1.394,48.14,19.63,1.65,-1,67.34,48.86,80.41,13.69,15.0,42.17,-0.206,92.7,Avoid,2026-06-29,,,,1
YESBANK.NS,2026-06-29,5.6,0.892,2.04,5.44,6.72,3.91,5.22,5,0.1568,0.3847,0.0838,0.2564,0.946,31.48,13.86,1.63,-1,65.3,30.67,22.4,7.09,5.98,,-0.137,71.3,Caution,2026-06-29,,,,2
MAHABANK.NS,2026-06-29,6.68,0.938,7.31,5.27,6.87,5.8,5.32,4,0.6893,0.4781,0.202,0.7742,2.295,35.05,16.45,2.22,-1,74.16,26.55,10.29,22.66,6.03,,0.521,91.3,Hold,2026-06-29,,,,3
ABCAPITAL.NS,2026-06-29,1.65,0.708,4.54,3.53,1.84,1.2,1.12,3,0.1091,0.2602,0.0606,0.4208,1.273,38.17,19.31,1.77,0,60.01,24.43,27.08,11.18,8.72,491.75,0.627,62.0,Avoid,2026-06-29,,,,1
IDFCFIRSTB.NS,2026-06-29,3.93,0.523,0.84,4.3,4.85,2.5,3.29,4,-0.0717,0.2639,0.0965,0.0894,0.287,28.53,13.23,1.66,0,63.4,40.88,41.6,5.98,5.98,,-0.27,44.7,Avoid,2026-06-29,,,,1
DIXON.NS,2026-06-29,3.89,0.0,4.36,4.83,3.96,3.71,3.5,5,-0.0652,0.1783,0.0244,-0.1858,-0.492,40.34,22.4,0.81,0,50.17,16.84,43.87,37.13,42.0,18.46,-0.225,30.7,Avoid,2026-06-29,,,,1
POLICYBZR.NS,2026-06-29,1.56,-0.308,4.11,5.58,1.54,1.67,1.68,6,-0.152,0.1123,-0.0466,-0.1463,-0.456,30.93,20.28,-0.06,0,50.02,18.78,111.63,9.74,10.0,4.92,-0.075,18.0,Avoid,2026-06-29,,,,1
RBLBANK.NS,2026-06-29,6.98,0.585,5.17,5.61,7.3,6.23,6.24,4,0.1891,0.2305,0.0545,0.5418,1.733,32.96,17.99,1.21,0,53.85,23.31,25.8,5.81,5.81,,0.319,66.0,Buy,2026-06-29,,,,4
HDFCAMC.NS,2026-06-29,5.53,0.123,6.06,5.43,5.33,5.64,4.87,5,0.0028,0.1511,-0.004,0.0521,0.173,37.07,21.08,-0.03,0,49.61,16.97,39.19,32.93,43.0,2.36,0.29,38.0,Caution,2026-06-29,,,,2
WIPRO.NS,2026-06-29,3.88,-0.738,4.71,5.79,3.29,5.09,4.55,4,-0.3285,-0.0841,-0.1409,-0.3073,-1.233,29.3,23.96,-1.9,0,32.23,27.19,13.96,15.44,18.0,22.85,-0.82,4.0,Avoid,2026-06-29,,,,1
HEXT.NS,2026-06-29,5.24,0.092,5.06,5.63,5.11,5.56,5.11,5,-0.2834,0.1946,0.0224,-0.3617,-0.917,35.57,21.36,1.16,0,58.83,19.07,23.01,22.27,30.0,10.52,-0.759,10.0,Caution,2026-06-29,,,,2
TMPV.NS,2026-06-29,3.06,-0.569,2.58,5.36,3.03,3.36,3.64,3,-0.0314,0.1475,-0.1167,-0.4835,-0.96,38.86,23.93,-0.56,0,37.58,18.63,1.47,-1.12,3.0,70.36,-1.129,26.0,Avoid,2026-06-29,,,,1
HINDPETRO.NS,2026-06-29,7.5,0.092,7.66,7.0,7.11,8.37,7.93,7,-0.1723,0.1429,-0.0108,-0.0056,-0.016,43.64,22.96,0.5,0,49.0,13.21,4.59,30.93,22.0,85.37,0.164,18.7,Hold,2026-06-29,,,,3
LODHA.NS,2026-06-29,3.79,0.077,3.91,4.26,3.99,3.36,3.18,6,-0.1301,0.3418,0.0015,-0.359,-1.053,40.52,23.37,1.03,0,57.31,20.01,27.47,15.71,17.0,42.24,-0.712,34.0,Avoid,2026-06-29,,,,1
VIKRAN.NS,2026-06-29,4.04,0.2,3.07,4.43,4.58,3.2,3.47,4,-0.2277,0.33,0.049,,,58.58,28.55,0.97,0,56.79,15.51,18.38,10.76,17.0,24.32,-0.627,24.0,Caution,2026-06-29,,,,2
GRASIM.NS,2026-06-29,5.59,0.585,3.67,5.7,6.24,4.65,5.43,5,0.0896,0.172,-0.0135,0.1117,0.521,22.03,9.73,0.7,0,48.43,14.6,42.1,6.29,8.0,134.14,0.014,53.3,Caution,2026-06-29,,,,2
SUZLON.NS,2026-06-29,6.69,0.554,7.16,4.73,6.71,6.07,5.1,6,0.0734,0.4015,0.0039,-0.1115,-0.345,37.85,18.5,0.82,0,54.85,15.77,24.77,40.64,35.0,5.87,-0.062,63.3,Hold,2026-06-29,,,,3
HAL.NS,2026-06-29,5.37,0.123,5.62,4.97,5.19,5.38,4.58,6,-0.0096,0.2102,0.0091,-0.1009,-0.372,28.75,17.19,0.04,0,49.4,18.32,31.86,23.98,32.0,0.03,-0.497,42.7,Caution,2026-06-29,,,,2
RECLTD.NS,2026-06-29,0.48,0.708,4.87,4.02,0.52,0.37,0.34,5,0.0514,0.146,0.0809,-0.0349,-0.133,27.3,17.29,0.89,0,60.44,19.86,5.9,19.96,9.71,607.46,-0.653,50.7,Avoid,2026-06-29,,,,1
M&MFIN.NS,2026-06-29,1.84,-0.046,5.57,3.96,1.71,1.9,1.33,5,-0.1906,0.0445,0.0387,0.2016,0.551,42.43,21.54,0.82,0,58.44,17.27,15.12,11.86,8.72,428.02,-0.08,10.7,Avoid,2026-06-29,,,,1
NMDC.NS,2026-06-29,7.73,0.031,8.14,6.89,7.19,8.61,8.13,6,0.0813,0.1069,-0.0289,0.2851,1.022,30.41,18.92,-1.0,0,40.18,22.14,10.09,23.36,28.0,18.8,-0.034,46.0,Buy,2026-06-29,,,,4
BANKBARODA.NS,2026-06-29,4.78,0.308,3.88,4.84,5.27,4.03,4.26,4,-0.0307,0.0819,0.0489,0.1842,0.69,28.92,15.46,0.87,0,51.47,15.62,7.11,12.74,5.63,,-0.105,27.3,Caution,2026-06-29,,,,2
BPCL.NS,2026-06-29,6.59,-0.246,7.77,6.8,5.86,8.0,7.23,7,-0.1547,0.064,0.0091,0.0038,0.013,36.48,20.07,0.02,0,47.95,14.5,4.97,28.47,26.0,54.33,-0.04,16.7,Hold,2026-06-29,,,,3
DATAPATTNS.NS,2026-06-29,3.83,0.554,4.45,6.66,4.1,3.45,4.07,8,0.6735,0.4184,0.1061,0.5285,1.102,54.27,28.27,1.0,0,52.72,23.28,91.89,16.73,23.0,0.3,0.3,89.3,Avoid,2026-06-29,,,,1
KAYNES.NS,2026-06-29,1.23,-0.585,1.61,2.79,1.25,1.21,1.16,3,-0.235,-0.1279,0.0054,-0.4566,-0.882,60.16,50.14,-0.94,1,43.69,17.23,57.79,9.57,13.0,19.17,-0.343,5.3,Avoid,2026-06-29,,,,1
TECHM.NS,2026-06-29,5.19,-0.431,4.55,6.52,4.84,6.2,6.31,6,-0.1212,0.0303,-0.0338,-0.1203,-0.453,33.35,23.85,-0.44,0,47.33,12.08,26.46,16.61,23.0,7.27,-0.188,16.0,Caution,2026-06-29,,,,2
PFC.NS,2026-06-29,0.57,-0.092,5.07,4.24,0.54,0.56,0.44,5,0.2263,0.0718,-0.0097,0.0644,0.24,26.79,19.44,-0.79,0,45.68,12.39,5.41,20.47,9.71,586.02,-0.326,61.3,Avoid,2026-06-29,,,,1
PARAS.NS,2026-06-29,2.8,0.8,4.46,5.87,3.09,2.28,2.64,7,0.7632,0.8901,0.4437,0.4373,0.858,67.7,29.46,1.51,-1,58.32,43.94,107.73,13.14,17.0,3.73,-0.248,98.7,Avoid,2026-06-29,,,,1
IFCI.NS,2026-06-29,1.97,0.369,4.95,4.62,2.06,1.67,1.57,6,0.4543,0.5116,0.1262,0.2527,0.5,69.17,33.63,0.99,-1,50.98,33.17,111.86,5.03,5.03,,0.11,86.0,Avoid,2026-06-29,,,,1
THANGAMAYL.NS,2026-06-29,6.84,0.815,8.02,6.69,6.94,6.39,6.57,7,0.7898,0.7124,0.3972,2.1672,4.057,54.5,28.1,2.01,-1,73.22,46.23,51.99,27.93,25.0,64.49,1.517,96.0,Hold,2026-06-29,,,,3
MAZDOCK.NS,2026-06-29,5.12,-0.246,8.11,5.37,4.42,5.97,4.53,5,-0.0338,0.1313,-0.0039,-0.2497,-0.734,26.91,19.06,-0.57,0,46.22,12.69,38.21,28.77,36.0,4.48,0.0,28.7,Caution,2026-06-29,,,,2
WELCORP.NS,2026-06-29,8.18,0.923,5.15,6.43,8.7,7.17,8.0,4,0.8632,0.8484,0.0972,0.6642,1.917,35.29,16.73,1.52,-1,70.77,28.14,24.66,18.92,23.0,25.04,1.581,97.3,Buy,2026-06-29,,,,4
GOLDBEES.NS,2026-06-29,4.78,-0.092,5.0,5.0,4.79,4.89,4.78,0,,,,,,,,0.0,0,34.88,24.94,,,,,1.317,21.3,Caution,2026-06-29,,,,2
APOLLOHOSP.NS,2026-06-29,5.61,0.785,4.52,7.31,6.02,5.17,6.06,7,0.2084,0.1465,0.0585,0.2386,1.204,16.3,7.57,1.64,0,70.35,17.82,64.16,21.5,18.0,85.15,0.624,64.0,Caution,2026-06-29,,,,2
DIVISLAB.NS,2026-06-29,4.36,0.185,5.23,6.53,4.27,4.68,4.72,6,0.0125,0.0903,-0.0164,-0.0073,-0.033,19.72,11.83,0.07,0,43.09,21.92,67.83,16.19,22.0,0.04,0.546,32.0,Caution,2026-06-29,,,,2
DMART.NS,2026-06-29,3.21,0.831,3.57,6.0,3.65,2.58,3.16,5,0.1465,0.1163,0.0746,0.025,0.102,25.02,16.13,0.23,0,59.92,25.12,95.72,12.94,17.0,9.91,-0.386,58.7,Avoid,2026-06-29,,,,1
SUNPHARMA.NS,2026-06-29,8.03,0.723,5.51,7.03,8.32,7.76,8.29,6,0.0863,0.0453,0.042,0.1393,0.714,23.78,14.51,1.14,0,65.3,20.65,39.16,14.72,21.0,5.52,0.293,45.3,Buy,2026-06-29,,,,4
AJANTPHARM.NS,2026-06-29,6.89,0.785,6.79,6.38,7.04,6.44,6.53,4,0.2684,0.2052,0.1555,0.3342,1.271,31.32,15.63,2.36,-1,70.41,21.39,40.0,25.39,35.0,5.75,0.545,73.3,Buy,2026-06-29,,,,4
GLENMARK.NS,2026-06-29,6.62,0.031,7.87,6.99,6.2,7.43,7.03,7,0.0824,0.0074,-0.0388,0.3023,0.989,29.11,20.6,-0.73,0,47.0,24.95,45.31,14.07,40.0,5.65,0.851,33.3,Hold,2026-06-29,,,,3
SAMMAANCAP.NS,2026-06-29,2.84,0.369,1.4,3.19,3.51,1.7,2.15,1,0.1853,0.13,-0.0529,0.3446,0.774,39.26,22.0,0.58,0,46.99,25.47,-1.91,-35.01,4.92,273.03,-0.144,58.0,Avoid,2026-06-29,,,,1
HINDUNILVR.NS,2026-06-29,4.96,-0.554,5.07,7.27,4.47,6.13,6.13,8,-0.0478,0.0476,0.0091,-0.0322,-0.157,23.27,14.37,-0.43,0,48.43,18.5,47.57,21.6,28.0,3.02,-0.609,23.3,Caution,2026-06-29,,,,2
INDUSINDBK.NS,2026-06-29,3.9,0.523,4.39,6.25,4.19,3.56,4.02,5,0.0812,0.1569,0.0028,0.1021,0.362,31.89,18.21,0.56,0,50.56,18.07,80.37,1.36,5.68,,-0.75,51.3,Avoid,2026-06-29,,,,1
ADANIPORTS.NS,2026-06-29,5.08,0.508,2.84,4.64,5.95,3.62,4.35,4,0.1936,0.3332,-0.0116,0.2836,1.052,25.97,13.44,0.55,0,47.75,15.81,30.52,15.59,14.0,64.05,0.131,68.7,Caution,2026-06-29,,,,2
HONASA.NS,2026-06-29,4.81,0.923,5.73,6.5,5.04,4.33,4.66,5,0.6396,0.4969,0.0985,0.4703,1.485,33.49,12.59,2.03,-1,73.79,33.88,72.71,15.45,19.0,9.59,-0.135,90.7,Caution,2026-06-29,,,,2
LICHSGFIN.NS,2026-06-29,0.07,0.338,4.17,4.22,0.07,0.05,0.05,6,0.0395,0.1081,0.0518,-0.0536,-0.215,29.31,18.47,0.79,0,57.0,13.58,5.5,14.41,8.59,642.52,-0.807,44.0,Avoid,2026-06-29,,,,1
INDHOTEL.NS,2026-06-29,5.78,0.4,4.3,6.57,6.16,5.47,6.25,9,-0.0404,0.2019,0.0855,-0.0678,-0.277,26.3,15.03,1.65,0,60.03,22.75,48.33,16.43,17.0,18.99,0.043,41.3,Hold,2026-06-29,,,,3
SYRMA.NS,2026-06-29,4.05,0.769,4.22,6.52,4.45,3.45,4.2,6,0.8646,0.6723,0.257,1.5973,3.808,39.72,19.78,1.73,-1,67.32,58.29,81.2,14.14,17.0,13.04,1.267,95.3,Caution,2026-06-29,,,,2
ITC.NS,2026-06-29,5.05,-0.554,6.74,5.98,4.19,6.51,5.35,4,-0.2502,0.0133,0.0132,-0.2642,-1.391,17.41,11.95,-0.35,0,52.09,18.23,17.62,29.34,39.0,3.29,-1.029,6.7,Caution,2026-06-29,,,,2
RADICO.NS,2026-06-29,4.33,0.923,5.13,7.29,4.59,3.95,4.48,7,0.1866,0.4684,0.1018,0.4647,1.432,31.52,14.58,1.65,-1,73.75,38.42,85.79,24.2,24.0,20.94,1.251,76.0,Caution,2026-06-29,,,,2
JSWENERGY.NS,2026-06-29,3.56,0.646,3.15,3.82,4.23,2.31,2.6,4,0.2145,0.2134,-0.0114,0.1651,0.567,33.34,21.85,1.13,0,58.68,12.33,46.05,8.82,8.0,229.16,-0.514,65.3,Avoid,2026-06-29,,,,1
MCX.NS,2026-06-30,5.91,-0.092,9.29,6.65,5.37,6.61,6.15,6,0.2971,0.1488,-0.0144,0.6111,1.657,33.24,23.13,-0.52,0,45.09,22.15,54.38,37.88,71.0,0.11,2.234,67.3,Hold,2026-06-30,,,,3
HDFCBANK.NS,2026-06-30,4.19,0.077,2.42,5.31,4.7,3.62,4.23,5,-0.1821,0.0928,0.0841,-0.1868,-0.95,24.93,14.45,1.48,0,64.63,24.36,17.8,13.82,7.04,,-0.427,14.7,Caution,2026-06-30,,,,2
PERSISTENT.NS,2026-06-30,4.38,-0.554,6.59,5.55,3.56,5.67,4.35,5,-0.3029,-0.1431,-0.2091,-0.281,-0.827,41.95,35.91,-2.65,1,29.56,18.0,36.34,26.35,34.0,6.09,-0.218,4.0,Caution,2026-06-30,,,,2
RAMCOSYS.NS,2026-06-30,3.74,0.554,6.27,6.7,3.76,3.59,3.76,6,0.4345,1.3016,0.8134,1.0517,1.767,79.33,21.51,3.5,-1,89.18,51.14,74.78,12.49,19.0,12.1,0.858,97.3,Avoid,2026-06-30,,,,1
BHARTIARTL.NS,2026-06-30,5.17,0.0,4.3,6.28,5.28,5.4,5.8,6,-0.1204,0.039,0.0229,-0.0499,-0.257,22.37,14.49,0.14,0,49.9,15.64,41.74,19.36,18.0,99.72,0.355,16.0,Caution,2026-06-30,,,,2
BAJFINANCE.NS,2026-06-30,2.93,0.631,4.72,3.84,3.19,2.28,2.05,4,0.013,0.2369,0.1462,0.0625,0.214,29.46,15.57,2.51,-1,70.57,28.32,32.9,17.91,10.8,313.41,0.436,52.7,Avoid,2026-06-30,,,,1
GVT&D.NS,2026-06-30,3.61,0.431,8.21,6.66,3.5,3.66,3.6,6,0.6082,0.3015,0.0341,1.1108,2.617,47.43,29.85,0.7,0,49.22,21.77,102.83,55.26,76.0,0.89,1.655,84.7,Avoid,2026-06-30,,,,1
ICICIBANK.NS,2026-06-30,6.04,0.523,3.79,5.74,6.73,5.12,5.92,3,0.0237,0.134,0.1211,-0.037,-0.2,22.72,12.31,1.57,0,65.91,31.53,18.39,16.36,7.2,,0.054,42.7,Hold,2026-06-30,,,,3
BHEL.NS,2026-06-30,4.07,0.631,4.11,7.08,4.44,3.58,4.43,9,0.4821,0.6443,0.0082,0.5692,1.618,38.0,19.79,0.89,0,60.71,25.02,90.22,6.29,9.0,31.31,0.295,88.0,Caution,2026-06-30,,,,2
MARUTI.NS,2026-06-30,4.93,0.185,5.88,5.91,4.82,5.13,4.73,5,-0.1467,0.1284,0.0839,0.1221,0.507,28.21,15.96,2.86,-1,63.86,13.13,30.24,14.43,19.0,0.1,0.116,20.0,Caution,2026-06-30,,,,2
LAURUSLABS.NS,2026-06-30,3.88,0.923,4.5,7.41,4.21,3.43,4.12,6,0.4046,0.4622,0.0975,1.2344,4.239,26.69,12.97,1.67,-1,72.78,36.86,91.96,17.74,18.0,46.37,2.502,80.7,Avoid,2026-06-30,,,,1
RELIANCE.NS,2026-06-30,3.54,-0.554,2.34,5.86,3.55,4.01,4.57,5,-0.159,-0.0506,-0.0112,-0.1272,-0.632,22.35,14.75,-1.01,0,42.45,15.84,21.67,9.14,10.0,36.65,-0.725,7.3,Avoid,2026-06-30,,,,1
NTPC.NS,2026-06-30,6.17,0.0,5.76,5.97,5.88,6.63,6.14,5,0.104,-0.0219,-0.0293,0.0858,0.459,19.97,14.73,-1.32,0,40.96,28.74,11.71,13.69,8.0,118.13,-0.264,34.0,Hold,2026-06-30,,,,3
SBIN.NS,2026-06-30,6.25,0.677,4.97,4.99,6.74,5.26,5.12,2,0.0833,0.0271,0.0734,0.3116,1.398,25.29,19.4,0.25,0,54.78,14.52,11.26,15.48,6.13,,0.277,39.3,Hold,2026-06-30,,,,3
EICHERMOT.NS,2026-06-30,5.75,-0.369,6.21,6.22,5.11,6.88,6.15,6,-0.0342,0.074,-0.0038,0.285,1.076,32.62,18.99,-0.58,0,38.99,15.87,35.28,23.77,31.0,2.05,0.724,25.3,Hold,2026-06-30,,,,3
AXISBANK.NS,2026-06-30,4.04,0.4,1.87,4.16,4.84,2.74,3.34,3,0.0923,0.1279,0.0756,0.0919,0.392,24.07,13.24,0.76,0,54.42,22.83,15.92,13.15,6.24,,-0.134,50.7,Avoid,2026-06-30,,,,1
ADANIPOWER.NS,2026-06-30,7.12,0.123,8.29,5.72,6.61,7.37,6.46,5,0.5933,0.4243,-0.0515,0.9352,2.188,38.52,20.55,0.26,0,47.1,14.63,33.75,20.91,17.0,82.33,0.428,86.7,Buy,2026-06-30,,,,4
VEDL.NS,2026-06-30,5.29,-0.6,6.34,6.36,4.46,6.9,5.96,8,-0.5187,-0.5854,-0.1583,-0.3503,-0.475,140.87,135.92,-0.75,1,32.77,35.4,15.66,20.4,16.0,48.04,-0.408,0.7,Caution,2026-06-30,,,,2
HEROMOTOCO.NS,2026-06-30,5.95,-0.692,8.22,6.87,4.89,7.93,6.83,5,-0.1219,-0.064,-0.0166,0.1598,0.598,25.66,18.3,-1.57,0,36.49,12.06,16.71,28.03,36.0,3.57,-0.423,8.7,Hold,2026-06-30,,,,3
BHARATFORG.NS,2026-06-30,2.61,0.831,1.8,5.86,3.08,1.94,2.64,5,0.4867,0.2851,0.1268,0.6913,2.369,29.13,14.25,2.09,-1,67.94,26.71,94.96,11.6,13.0,76.47,0.257,79.3,Avoid,2026-06-30,,,,1
BSE.NS,2026-06-30,5.49,-0.015,8.37,6.74,5.08,5.99,5.72,8,0.4708,0.348,-0.0169,0.3791,0.953,33.29,18.97,0.09,0,43.82,17.12,64.2,36.0,58.0,0.0,2.057,78.7,Caution,2026-06-30,,,,2
INFY.NS,2026-06-30,3.56,-0.692,6.2,4.67,2.72,4.75,3.16,8,-0.3786,-0.1988,-0.1957,-0.3579,-1.285,36.31,29.42,-2.09,1,31.04,21.77,13.26,31.44,40.0,9.83,-0.93,1.3,Avoid,2026-06-30,,,,1
IDEA.NS,2026-06-30,7.31,0.738,4.58,6.21,7.96,6.27,7.17,5,0.209,0.6736,0.0212,0.9972,2.02,38.8,14.56,0.92,-1,56.6,28.76,4.5,-1.6,-2.0,,-0.302,77.3,Buy,2026-06-30,,,,4
INDIGO.NS,2026-06-30,0.0,0.523,0.86,4.95,0.0,0.0,0.0,3,0.058,0.3613,0.202,-0.0464,-0.141,39.66,20.72,2.51,-1,71.51,31.16,-87.06,7.12,7.0,866.46,0.212,64.7,Avoid,2026-06-30,,,,1
POWERINDIA.NS,2026-06-30,1.65,0.308,6.64,6.48,1.62,1.64,1.65,7,0.8989,0.3932,-0.0053,0.7967,1.84,41.21,25.7,0.51,0,50.49,16.72,158.48,21.04,29.0,1.66,1.184,92.7,Avoid,2026-06-30,,,,1
KOTAKBANK.NS,2026-06-30,3.75,-0.154,1.79,5.43,4.13,3.47,4.16,3,-0.0914,0.1017,0.0348,-0.1091,-0.513,22.18,14.46,0.63,0,47.34,21.02,20.24,11.39,6.93,,-0.099,21.3,Avoid,2026-06-30,,,,1
TVSMOTOR.NS,2026-06-30,2.62,-0.185,4.7,5.71,2.52,2.85,2.72,5,-0.0444,0.0288,0.0347,0.1906,0.718,31.48,20.41,-0.27,0,51.81,13.9,54.4,31.62,17.0,306.09,0.57,22.7,Avoid,2026-06-30,,,,1
NETWEB.NS,2026-06-30,2.28,0.431,5.63,6.1,2.29,2.18,2.2,3,0.474,0.4434,-0.0511,1.48,2.494,63.74,37.22,0.67,0,48.27,26.72,125.78,32.83,38.0,39.02,0.434,80.0,Avoid,2026-06-30,,,,1
MUTHOOTFIN.NS,2026-06-30,2.08,-0.431,7.68,3.87,1.65,2.54,1.48,5,-0.2039,-0.0435,-0.0767,0.1743,0.487,37.75,25.18,-1.66,0,38.7,14.09,11.36,30.41,15.8,379.71,0.744,6.0,Avoid,2026-06-30,,,,1
NATIONALUM.NS,2026-06-30,6.62,-0.231,7.71,6.59,5.96,7.85,7.08,6,0.1484,-0.1456,-0.2182,0.8335,2.123,40.42,33.24,-2.17,1,34.81,32.72,10.15,29.42,40.0,0.28,0.827,20.7,Hold,2026-06-30,,,,3
SAKSOFT.NS,2026-06-30,3.98,0.369,5.9,6.9,3.97,3.94,4.14,7,0.0433,0.8845,0.4547,0.0198,0.04,65.48,24.06,5.62,-1,85.07,22.14,20.31,19.06,26.0,5.61,-0.238,82.7,Avoid,2026-06-30,,,,1
ASIANPAINT.NS,2026-06-30,6.05,0.523,6.82,6.97,5.99,6.27,6.21,6,-0.0421,0.1944,-0.0008,0.1629,0.686,23.31,10.42,0.61,0,48.08,32.55,58.35,20.89,26.0,17.85,-0.475,33.3,Hold,2026-06-30,,,,3
DRREDDY.NS,2026-06-30,6.71,0.815,4.18,5.76,7.5,5.53,6.31,4,0.0698,0.1219,0.0652,0.0335,0.147,27.21,11.77,1.58,0,66.26,25.18,26.38,11.83,14.0,20.33,-0.113,46.0,Hold,2026-06-30,,,,3
ATHERENERG.NS,2026-06-30,5.19,0.923,4.3,5.25,5.85,3.94,4.44,3,0.5903,0.4792,0.1873,2.3945,4.882,48.49,23.93,2.9,-1,72.26,40.34,-128.3,-33.74,-20.0,25.82,4.528,89.3,Caution,2026-06-30,,,,2
POLYCAB.NS,2026-06-30,6.45,0.708,5.9,6.25,6.68,5.9,6.13,5,0.3356,0.4452,0.05,0.5472,1.925,29.39,13.12,1.3,0,62.69,23.75,56.19,24.58,33.0,2.56,0.486,78.0,Hold,2026-06-30,,,,3
SHRIRAMFIN.NS,2026-06-30,4.55,0.677,5.41,4.5,4.79,3.83,3.43,5,0.0853,0.195,0.1339,0.5601,1.591,39.81,21.24,1.56,0,68.08,21.47,19.56,16.38,11.5,276.21,0.816,57.3,Caution,2026-06-30,,,,2
TATASTEEL.NS,2026-06-30,6.65,-0.138,4.76,7.57,6.5,7.37,7.85,7,0.114,-0.0137,-0.0886,0.1956,0.725,21.43,15.65,-2.27,1,31.9,22.0,21.77,11.16,13.0,89.02,-0.007,31.3,Hold,2026-06-30,,,,3
CGPOWER.NS,2026-06-30,2.5,0.615,5.66,5.95,2.59,2.26,2.31,4,0.4547,0.4536,0.0646,0.4104,1.306,32.99,17.72,1.27,0,59.18,20.32,122.86,19.56,27.0,1.44,0.245,82.0,Avoid,2026-06-30,,,,1
M&M.NS,2026-06-30,5.03,-0.462,5.47,6.06,4.46,6.15,5.49,5,-0.1457,0.0123,0.0235,-0.038,-0.14,30.16,18.72,-0.57,0,47.96,14.89,20.17,18.75,15.0,125.07,-0.081,12.0,Caution,2026-06-30,,,,2
ADANIENSOL.NS,2026-06-30,2.62,0.492,3.38,4.49,3.03,1.87,2.15,5,0.4924,0.5591,-0.0256,0.7247,1.921,43.65,21.38,0.71,0,52.16,20.64,80.27,9.66,10.0,194.5,0.347,85.3,Avoid,2026-06-30,,,,1
LT.NS,2026-06-30,5.78,0.677,3.62,5.35,6.59,4.54,5.21,3,0.0359,0.1598,0.0356,0.1433,0.577,26.29,12.67,1.18,0,56.07,22.64,35.4,16.95,15.0,97.64,0.123,41.3,Hold,2026-06-30,,,,3
CANBK.NS,2026-06-30,4.06,-0.446,5.04,5.05,3.61,4.76,3.92,3,-0.1409,0.0185,0.0045,0.1674,0.577,31.9,20.24,-1.07,0,40.92,13.2,5.77,15.94,6.52,,0.004,12.7,Caution,2026-06-30,,,,2
MOTHERSON.NS,2026-06-30,7.64,0.708,4.38,6.71,8.3,6.75,8.0,5,0.2418,0.3762,0.0222,0.4435,1.281,40.42,19.21,1.31,0,58.39,38.17,40.47,10.11,13.0,43.91,0.017,74.0,Buy,2026-06-30,,,,4
BEL.NS,2026-06-30,5.29,-0.031,5.9,6.24,5.0,5.82,5.44,7,0.0516,-0.0165,0.0097,0.0108,0.043,20.83,15.28,-0.93,0,46.34,21.36,49.79,27.56,37.0,0.27,0.353,29.3,Caution,2026-06-30,,,,2
AUBANK.NS,2026-06-30,6.72,0.738,5.79,4.94,7.04,5.81,5.26,5,0.0511,0.1853,0.0621,0.2667,0.909,31.27,15.28,1.02,0,56.45,24.21,29.6,12.4,12.4,,0.584,49.3,Hold,2026-06-30,,,,3
APOLLO.NS,2026-06-30,1.66,0.831,4.6,4.63,1.85,1.24,1.3,4,0.6175,1.1696,-0.028,1.1605,1.971,72.92,31.09,1.15,-1,58.56,29.75,135.27,11.21,14.0,41.53,1.652,94.0,Avoid,2026-06-30,,,,1
CUMMINSIND.NS,2026-06-30,5.32,0.215,6.62,6.85,5.14,5.56,5.58,7,0.308,0.2576,-0.0037,0.7291,2.648,34.98,17.5,0.79,0,51.49,15.49,66.32,29.45,40.0,0.43,0.47,72.0,Caution,2026-06-30,,,,2
ASHOKLEY.NS,2026-06-30,2.63,-0.077,4.93,4.55,2.56,2.64,2.19,2,-0.0831,0.0757,0.0761,0.2974,0.824,47.94,25.87,-0.04,0,53.54,14.69,26.64,21.64,14.0,344.74,0.35,24.0,Avoid,2026-06-30,,,,1
TORNTPHARM.NS,2026-06-30,4.06,0.785,3.91,5.68,4.6,3.23,3.8,4,0.2286,0.126,0.07,0.4464,2.169,21.8,13.02,1.66,0,62.83,18.13,72.4,16.99,15.0,85.45,1.085,62.0,Caution,2026-06-30,,,,2
COFORGE.NS,2026-06-30,6.6,-0.031,6.71,6.26,6.17,7.35,6.73,8,-0.1272,0.2702,-0.0354,-0.2183,-0.591,44.6,26.52,1.11,0,55.79,21.5,33.43,18.6,24.0,7.52,0.268,26.0,Hold,2026-06-30,,,,3
HSCL.NS,2026-06-30,6.34,0.615,5.15,5.62,6.68,5.51,5.65,4,0.4103,0.522,0.1188,0.5149,1.504,41.25,23.27,1.14,0,58.57,24.46,45.28,17.7,22.0,16.17,0.65,83.3,Hold,2026-06-30,,,,3
COALINDIA.NS,2026-06-30,7.72,0.0,8.08,7.59,7.19,8.78,8.34,6,0.1103,-0.023,-0.0701,0.1922,0.869,23.14,17.05,-1.3,0,40.15,14.98,8.7,28.12,35.0,11.63,-0.165,30.7,Buy,2026-06-30,,,,4
SAIL.NS,2026-06-30,6.69,-0.123,4.2,7.65,6.75,7.05,8.16,8,0.2938,0.1134,-0.1572,0.3147,0.896,40.01,20.13,-0.87,0,39.09,30.36,21.24,5.66,8.0,52.9,0.072,59.3,Hold,2026-06-30,,,,3
HINDALCO.NS,2026-06-30,4.06,-0.262,2.93,5.57,4.25,4.03,4.54,2,0.1059,0.0575,-0.1655,0.3953,1.434,29.97,20.02,-1.64,0,32.91,29.13,15.88,10.29,14.0,72.6,0.426,32.7,Caution,2026-06-30,,,,2
ETERNAL.NS,2026-06-30,0.0,0.2,3.28,5.87,0.0,0.0,0.0,6,-0.0645,0.1187,0.0552,-0.0022,-0.006,31.65,18.93,1.81,0,61.04,15.62,678.46,1.19,3.0,14.83,0.197,26.7,Avoid,2026-06-30,,,,1
ONGC.NS,2026-06-30,6.57,-0.385,6.35,7.86,5.91,8.07,7.63,7,0.0239,-0.1845,-0.1138,0.0118,0.052,26.16,20.23,-1.87,1,24.45,45.55,7.13,12.7,14.0,42.55,-0.326,11.3,Hold,2026-06-30,,,,3
PAYTM.NS,2026-06-30,0.93,-0.062,2.65,4.32,1.03,0.78,0.84,2,-0.128,0.1448,0.0659,0.2465,0.685,39.01,21.2,0.69,0,58.78,13.62,134.29,3.56,5.0,1.07,1.364,22.0,Avoid,2026-06-30,,,,1
WAAREEENER.NS,2026-06-30,5.45,-0.385,7.36,5.81,4.7,6.62,5.42,5,-0.0112,-0.046,-0.0493,0.0006,0.002,32.58,27.24,-1.28,0,39.49,12.62,22.89,31.57,39.0,21.4,0.173,17.3,Caution,2026-06-30,,,,2
ZYDUSWELL.NS,2026-06-30,1.81,0.923,2.76,4.97,2.15,1.24,1.57,6,0.356,0.3205,0.1559,0.4258,1.116,36.48,17.83,4.08,-1,71.49,34.16,92.66,3.43,5.0,54.97,0.537,76.7,Avoid,2026-06-30,,,,1
TRENT.NS,2026-06-30,2.05,0.185,5.45,5.52,2.03,2.02,1.86,5,-0.2329,0.4962,0.1861,-0.4632,-0.989,35.12,16.01,2.49,-1,72.68,30.82,101.75,27.13,28.0,36.03,-0.668,40.7,Avoid,2026-06-30,,,,1
KEI.NS,2026-06-30,5.32,0.646,4.09,6.16,5.86,4.57,5.42,4,0.2369,0.3126,0.0315,0.4396,1.424,33.68,17.39,0.99,0,53.58,13.18,56.56,14.75,20.0,3.8,0.098,69.3,Caution,2026-06-30,,,,2
NYKAA.NS,2026-06-30,0.03,0.954,4.36,6.63,0.03,0.03,0.03,7,0.2009,0.2954,0.1532,0.5028,1.74,28.07,14.48,2.67,-1,73.7,34.38,450.51,14.34,17.0,82.41,0.883,70.7,Avoid,2026-06-30,,,,1
HFCL.NS,2026-06-30,2.68,0.846,3.06,5.52,3.14,1.94,2.48,4,2.2822,1.9371,0.1206,1.4355,3.148,60.05,26.42,1.49,-1,68.94,50.61,99.93,7.27,11.0,38.32,0.64,100.0,Avoid,2026-06-30,,,,1
LTF.NS,2026-06-30,2.42,0.754,4.7,4.06,2.68,1.82,1.73,4,0.0465,0.2833,0.1479,0.523,1.552,38.04,20.11,2.48,-1,69.86,23.6,26.18,11.12,8.4,393.44,0.706,58.0,Avoid,2026-06-30,,,,1
INDIANB.NS,2026-06-30,4.62,-0.138,3.9,5.66,4.75,4.63,4.91,4,0.0632,-0.0608,0.0103,0.3115,1.001,27.76,18.48,-0.76,0,41.88,20.36,9.39,15.44,6.32,,0.592,27.3,Caution,2026-06-30,,,,2
CHOLAFIN.NS,2026-06-30,0.0,0.6,4.78,3.57,0.0,0.0,0.0,5,0.0549,0.3212,0.1989,0.1138,0.35,40.87,20.24,2.25,-1,70.56,31.21,28.91,19.33,9.7,693.26,0.165,60.7,Avoid,2026-06-30,,,,1
ADANIGREEN.NS,2026-06-30,0.79,0.738,4.6,4.32,0.87,0.58,0.59,4,0.4894,0.7515,0.0295,0.5042,1.205,41.94,18.55,0.9,0,54.31,36.88,155.11,7.58,7.0,346.55,-0.309,88.7,Avoid,2026-06-30,,,,1
GROWW.NS,2026-06-30,4.81,0.077,9.33,5.48,4.42,5.04,4.15,6,0.2465,0.2508,0.059,,,44.98,25.3,0.35,0,56.83,20.32,59.26,28.72,37.0,3.03,1.696,68.7,Caution,2026-06-30,,,,2
GMRAIRPORT.NS,2026-06-30,0.0,0.938,3.45,5.43,0.0,0.0,0.0,7,0.0994,0.2553,0.1423,0.3207,1.082,29.48,16.75,2.42,-1,70.51,28.88,862.23,11.6,12.0,,0.025,60.0,Avoid,2026-06-30,,,,1
UPL.NS,2026-06-30,4.75,-0.662,3.54,7.13,4.52,5.86,6.54,7,-0.2591,-0.0392,-0.1098,-0.0944,-0.296,27.63,20.14,-2.7,1,28.06,26.41,25.57,5.61,10.0,57.13,-0.206,4.7,Caution,2026-06-30,,,,2
SOLARINDS.NS,2026-06-30,3.66,0.708,7.02,6.15,3.72,3.38,3.37,6,0.4975,0.5482,0.0271,0.0942,0.294,32.25,19.06,1.26,0,61.02,22.48,101.0,31.33,37.0,23.27,0.881,87.3,Avoid,2026-06-30,,,,1
ACUTAAS.NS,2026-06-30,3.55,0.877,8.02,6.49,3.59,3.31,3.36,6,1.1346,0.512,0.1609,2.1924,5.159,39.98,19.91,1.91,-1,71.5,46.19,100.83,23.52,32.0,2.08,2.716,96.7,Avoid,2026-06-30,,,,1
MFSL.NS,2026-06-30,0.0,-0.677,2.04,5.57,0.0,0.0,0.0,3,-0.0401,0.0722,-0.0071,-0.0308,-0.122,31.2,18.72,-0.98,0,42.56,13.47,660.0,1.63,3.0,12.67,0.754,24.7,Avoid,2026-06-30,,,,1
MEESHO.NS,2026-06-30,5.75,0.092,5.28,5.51,5.65,5.71,5.29,3,0.0007,0.3056,0.0846,,,57.19,28.42,0.87,0,63.46,24.9,-61.86,-46.56,-36.0,1.43,0.3,54.0,Hold,2026-06-30,,,,3
FORTIS.NS,2026-06-30,4.33,0.369,4.05,6.54,4.62,4.07,4.79,7,0.0828,0.2037,0.0296,0.2117,0.817,22.47,12.35,0.37,0,48.44,13.76,69.44,11.01,13.0,34.15,1.236,53.3,Caution,2026-06-30,,,,2
AUROPHARMA.NS,2026-06-30,6.68,0.8,2.93,6.95,7.55,5.66,7.37,7,0.3088,0.1763,0.1046,0.4146,1.583,25.36,16.4,2.16,-1,69.5,23.33,26.16,9.93,13.0,21.31,0.294,71.3,Hold,2026-06-30,,,,3
TCS.NS,2026-06-30,4.99,-0.677,6.65,6.19,4.06,6.67,5.55,6,-0.3552,-0.145,-0.1698,-0.3865,-1.548,33.89,27.69,-1.88,1,32.7,20.9,14.94,48.4,63.0,10.39,-1.395,2.0,Caution,2026-06-30,,,,2
NHPC.NS,2026-06-30,6.16,0.462,6.21,4.71,6.19,5.66,4.8,4,0.0783,0.0788,0.1251,-0.0244,-0.101,29.34,19.88,0.76,0,64.03,24.1,29.36,9.02,6.0,113.11,-0.503,48.0,Hold,2026-06-30,,,,3
BOSCHLTD.NS,2026-06-30,7.44,0.862,5.3,6.25,7.88,6.66,7.1,7,0.1024,0.3473,0.087,0.2839,0.972,31.17,15.89,1.55,0,63.36,31.35,42.39,19.35,22.0,0.8,0.097,63.3,Buy,2026-06-30,,,,4
ABB.NS,2026-06-30,3.74,0.523,8.57,6.17,3.65,3.71,3.48,5,0.3621,0.1882,0.0005,0.1855,0.645,35.51,24.4,0.25,0,50.99,14.62,95.76,29.9,30.0,1.08,-0.492,72.7,Avoid,2026-06-30,,,,1
SBILIFE.NS,2026-06-30,2.6,-0.338,2.54,6.1,2.7,2.79,3.24,5,-0.1202,-0.0139,-0.02,-0.0498,-0.255,22.62,16.24,-1.04,0,44.84,18.17,71.83,13.7,15.0,,0.101,10.7,Avoid,2026-06-30,,,,1
CIPLA.NS,2026-06-30,6.58,0.615,4.65,5.77,7.07,5.84,6.19,4,-0.0099,0.2368,0.0724,-0.0125,-0.058,27.29,10.6,1.63,0,71.05,25.99,30.54,11.74,15.0,1.78,-0.246,44.0,Hold,2026-06-30,,,,3
MARICO.NS,2026-06-30,6.01,0.723,5.71,6.65,6.25,5.69,5.98,5,0.1104,0.1232,0.0312,0.1629,0.917,15.97,9.17,1.07,0,60.77,23.09,61.44,41.39,47.0,12.39,0.506,50.0,Hold,2026-06-30,,,,3
AEGISLOG.NS,2026-06-30,6.49,0.708,5.48,6.88,6.76,5.96,6.6,8,0.6287,0.9456,0.5303,0.4865,1.19,51.82,18.46,2.48,-1,89.44,61.64,45.86,15.26,14.0,47.24,0.246,95.3,Hold,2026-06-30,,,,3
HCLTECH.NS,2026-06-30,3.38,-0.677,6.86,4.07,2.46,4.53,2.6,8,-0.3253,-0.1935,-0.1381,-0.3517,-1.378,34.23,30.45,-1.3,0,31.1,20.64,17.46,23.36,31.0,6.93,-0.684,2.7,Avoid,2026-06-30,,,,1
CUPID.NS,2026-06-30,0.55,0.708,7.19,6.44,0.56,0.51,0.52,6,0.9516,1.1871,0.4798,8.1356,14.715,42.73,23.81,2.11,-1,89.13,38.02,240.42,27.3,33.0,12.51,4.619,99.3,Avoid,2026-06-30,,,,1
BAJAJHCARE.NS,2026-06-30,2.69,0.123,2.1,4.68,3.06,2.2,2.56,5,-0.1632,0.2115,0.1954,-0.3366,-0.773,54.64,29.31,1.91,-1,68.42,22.12,52.14,4.27,11.0,46.73,-0.123,28.7,Avoid,2026-06-30,,,,1
SILVERBEES.NS,2026-06-30,4.6,-0.092,5.0,5.0,4.56,4.82,4.65,0,,,,,,,,0.0,0,37.66,22.07,,,,,1.149,13.3,Caution,2026-06-30,,,,2
ASTRAL.NS,2026-06-30,2.95,-0.369,3.56,6.14,2.94,3.27,3.56,5,-0.0265,-0.1495,-0.1252,-0.1203,-0.398,33.3,27.16,-3.94,1,25.7,19.57,66.88,13.8,20.0,6.17,-1.115,9.3,Avoid,2026-06-30,,,,1
APARINDS.NS,2026-06-30,4.75,0.677,4.13,6.13,5.26,3.93,4.72,6,0.8197,0.5884,0.2261,0.9532,2.11,41.42,21.87,1.48,-1,60.52,41.27,64.59,19.74,31.0,17.72,0.651,93.3,Caution,2026-06-30,,,,2
OFSS.NS,2026-06-30,9.16,0.831,7.86,7.2,9.31,8.68,9.06,7,0.4412,0.6104,0.0417,0.2404,0.759,36.59,15.83,1.48,-1,68.65,26.52,35.64,32.61,45.0,0.41,0.01,86.0,Buy,2026-06-30,,,,4
ADANIENT.NS,2026-06-30,4.24,0.831,1.64,3.64,5.34,2.33,3.13,2,0.3786,0.6485,0.0233,0.1744,0.507,36.92,14.72,1.13,-1,59.68,39.79,41.32,13.66,6.0,119.56,-0.233,84.0,Caution,2026-06-30,,,,2
BAJAJ-AUTO.NS,2026-06-30,6.56,0.015,7.57,5.97,6.1,7.15,6.31,4,0.0843,0.1076,-0.055,0.1684,0.764,23.82,13.4,-0.71,0,38.83,20.84,25.29,28.05,28.0,56.35,-0.136,38.7,Hold,2026-06-30,,,,3
ANANDRATHI.NS,2026-06-30,3.92,0.815,7.29,6.9,4.01,3.7,3.84,5,0.3058,0.305,0.1288,0.9177,3.328,21.12,10.26,2.92,-1,75.51,28.46,83.51,46.74,59.0,8.25,1.283,76.0,Avoid,2026-06-30,,,,1
LIQUID1.NS,2026-06-30,5.68,0.508,5.0,5.0,6.05,5.16,5.31,0,,,,,,,,0.0,0,100.0,60.64,,,,,-3.922,28.0,Caution,2026-06-30,,,,2
FEDERALBNK.NS,2026-06-30,7.0,0.938,4.75,6.31,7.56,6.09,6.88,4,0.2597,0.2724,0.1452,0.5782,2.36,21.3,11.13,2.21,-1,73.17,37.19,18.89,11.73,6.39,,1.23,74.7,Buy,2026-06-30,,,,4
LUPIN.NS,2026-06-30,7.98,0.8,7.93,7.2,8.1,7.75,7.88,5,0.1618,0.0633,0.0752,0.262,1.297,21.43,14.74,2.29,-1,69.0,20.33,20.79,26.91,30.0,29.39,0.665,55.3,Buy,2026-06-30,,,,4
POWERGRID.NS,2026-06-30,4.91,-0.031,4.42,5.44,4.97,4.85,4.79,6,0.111,-0.0222,0.0147,0.0074,0.037,19.59,14.03,-1.06,0,43.71,17.52,14.23,16.49,10.0,150.99,-0.45,36.0,Caution,2026-06-30,,,,2
NESTLEIND.NS,2026-06-30,4.59,0.123,6.26,7.4,4.44,4.9,4.97,8,0.1037,0.19,0.0046,0.167,0.816,23.05,11.66,0.13,0,51.16,13.78,77.34,76.34,85.0,8.62,-0.038,54.7,Caution,2026-06-30,,,,2
MAXHEALTH.NS,2026-06-30,2.94,0.523,3.09,5.78,3.32,2.44,2.98,6,0.0511,0.1735,0.2033,-0.0875,-0.334,28.96,18.04,2.3,-1,68.69,28.87,76.72,14.33,15.0,32.37,0.079,56.0,Avoid,2026-06-30,,,,1
YESBANK.NS,2026-06-30,5.67,0.646,2.06,5.35,6.75,4.04,5.27,5,0.132,0.3501,0.0591,0.2042,0.747,32.55,15.72,1.11,0,54.24,29.95,21.59,7.09,5.98,,-0.196,66.0,Caution,2026-06-30,,,,2
THERMAX.NS,2026-06-30,3.85,0.923,2.72,6.38,4.44,3.03,4.05,4,0.7195,0.5823,0.0334,0.4975,1.447,47.91,19.4,1.7,-1,68.23,49.8,80.54,13.69,15.0,42.17,-0.197,92.0,Avoid,2026-06-30,,,,1
ABCAPITAL.NS,2026-06-30,1.53,0.892,4.53,3.53,1.73,1.08,1.04,3,0.1304,0.294,0.1157,0.416,1.261,37.17,19.05,2.11,-1,62.72,26.23,27.49,11.18,8.72,491.75,0.658,64.0,Avoid,2026-06-30,,,,1
MAHABANK.NS,2026-06-30,7.02,0.831,7.27,5.27,7.22,6.09,5.59,4,0.6314,0.4309,0.1765,0.7505,2.221,34.62,16.98,1.82,-1,65.69,28.58,10.03,22.66,6.03,,0.472,90.0,Buy,2026-06-30,,,,4
RBLBANK.NS,2026-06-30,7.12,0.615,5.18,5.68,7.47,6.33,6.4,4,0.2132,0.2234,0.0724,0.5601,1.791,31.1,17.98,1.38,0,57.03,22.21,26.21,5.81,5.81,,0.341,66.7,Buy,2026-06-30,,,,4
IDFCFIRSTB.NS,2026-06-30,3.51,0.462,0.82,4.33,4.31,2.28,3.01,4,-0.0597,0.3209,0.1104,0.1092,0.35,28.57,13.23,1.86,-1,66.91,41.99,42.28,5.98,5.98,,-0.243,48.7,Avoid,2026-06-30,,,,1
DIXON.NS,2026-06-30,3.94,0.0,4.31,4.87,4.05,3.71,3.54,5,-0.0331,0.2323,0.0399,-0.1581,-0.419,39.69,21.39,0.98,0,52.15,16.28,44.29,37.13,42.0,18.46,-0.213,37.3,Avoid,2026-06-30,,,,1
POLICYBZR.NS,2026-06-30,1.53,-0.308,4.1,5.59,1.51,1.65,1.66,6,-0.1501,0.1406,-0.0256,-0.1285,-0.401,30.9,20.26,-0.04,0,50.91,17.62,112.71,9.74,10.0,4.92,-0.071,16.7,Avoid,2026-06-30,,,,1
WIPRO.NS,2026-06-30,3.92,-0.723,4.71,5.78,3.32,5.13,4.59,4,-0.3385,-0.1087,-0.188,-0.3363,-1.346,29.37,24.69,-2.15,1,27.3,28.42,13.57,15.44,18.0,22.85,-0.862,3.3,Avoid,2026-06-30,,,,1
HDFCAMC.NS,2026-06-30,6.46,0.585,6.05,5.44,6.6,5.94,5.46,5,0.0242,0.2233,0.0409,0.0648,0.215,37.21,21.08,0.34,0,53.63,16.16,39.92,32.93,43.0,2.36,0.323,47.3,Hold,2026-06-30,,,,3
HEXT.NS,2026-06-30,5.13,0.031,5.05,5.63,4.95,5.51,5.02,5,-0.2991,0.2343,0.0013,-0.369,-0.937,35.33,21.44,0.98,0,56.28,18.56,22.79,22.27,30.0,10.52,-0.772,10.0,Caution,2026-06-30,,,,2
TMPV.NS,2026-06-30,3.45,-0.385,2.58,5.36,3.56,3.52,3.92,3,-0.0097,0.1722,-0.0899,-0.4799,-0.952,38.98,23.93,-0.35,0,42.47,18.12,1.5,-1.12,3.0,70.36,-1.113,30.0,Avoid,2026-06-30,,,,1
HINDPETRO.NS,2026-06-30,7.31,0.0,7.67,6.98,6.85,8.32,7.82,7,-0.1681,0.1755,0.0279,-0.0269,-0.077,43.19,22.2,0.73,0,50.83,12.83,4.65,30.93,22.0,85.37,0.183,18.0,Hold,2026-06-30,,,,3
LODHA.NS,2026-06-30,4.1,0.2,3.91,4.27,4.4,3.48,3.37,6,-0.1102,0.411,0.0697,-0.342,-1.002,40.53,23.37,1.36,0,60.34,21.24,27.86,15.71,17.0,42.24,-0.694,44.7,Caution,2026-06-30,,,,2
GRASIM.NS,2026-06-30,5.75,0.646,3.67,5.69,6.49,4.68,5.51,5,0.0906,0.1956,0.0008,0.0791,0.372,21.59,9.46,0.76,0,51.31,14.24,42.47,6.29,8.0,134.14,0.028,52.0,Hold,2026-06-30,,,,3
VIKRAN.NS,2026-06-30,4.01,0.185,3.07,4.43,4.53,3.21,3.44,4,-0.2619,0.3718,0.0687,,,57.06,28.55,1.53,0,60.64,17.32,18.82,10.76,17.0,24.32,-0.584,23.3,Avoid,2026-06-30,,,,1
SUZLON.NS,2026-06-30,6.95,0.646,7.16,4.73,7.06,6.18,5.3,6,0.117,0.4324,0.0803,-0.0872,-0.27,37.96,18.42,1.26,0,61.31,16.13,25.5,40.64,35.0,5.87,-0.024,68.0,Buy,2026-06-30,,,,4
HAL.NS,2026-06-30,6.05,0.462,5.6,4.99,6.13,5.61,5.01,6,0.0019,0.2564,0.0299,-0.0752,-0.278,28.77,17.19,0.18,0,52.09,17.07,32.13,23.98,32.0,0.03,-0.485,45.3,Hold,2026-06-30,,,,3
RECLTD.NS,2026-06-30,0.43,0.4,4.86,4.0,0.45,0.36,0.31,5,0.0445,0.1295,0.1192,-0.0498,-0.189,27.26,17.3,0.76,0,59.22,22.25,5.88,19.96,9.71,607.46,-0.656,46.7,Avoid,2026-06-30,,,,1
M&MFIN.NS,2026-06-30,1.89,0.015,5.58,3.96,1.78,1.91,1.37,5,-0.1827,0.0901,0.0731,0.2031,0.557,42.15,21.11,0.77,0,58.0,15.78,15.15,11.86,8.72,428.02,-0.078,14.0,Avoid,2026-06-30,,,,1
NMDC.NS,2026-06-30,7.51,-0.031,8.13,6.97,6.93,8.53,7.96,6,0.0855,0.0894,-0.1065,0.2612,0.939,29.2,18.93,-1.31,0,39.52,22.93,10.05,23.36,28.0,18.8,-0.04,35.3,Buy,2026-06-30,,,,4
BANKBARODA.NS,2026-06-30,4.81,0.308,3.89,4.88,5.31,4.02,4.25,4,-0.0222,0.1158,0.058,0.1749,0.657,27.68,15.33,0.76,0,50.53,14.77,7.1,12.74,5.63,,-0.109,32.0,Caution,2026-06-30,,,,2
DATAPATTNS.NS,2026-06-30,3.81,0.554,4.45,6.7,4.08,3.42,4.05,8,0.6812,0.4831,0.1724,0.618,1.292,54.05,28.06,1.04,0,53.63,21.93,93.2,16.73,23.0,0.3,0.307,91.3,Avoid,2026-06-30,,,,1
BPCL.NS,2026-06-30,6.8,-0.092,7.77,6.8,6.17,8.05,7.33,7,-0.1472,0.0802,0.0226,0.0119,0.04,36.42,19.94,0.24,0,50.02,13.69,5.02,28.47,26.0,54.33,-0.024,15.3,Hold,2026-06-30,,,,3
KAYNES.NS,2026-06-30,1.26,-0.585,1.61,2.78,1.3,1.23,1.18,3,-0.2312,-0.0897,0.007,-0.4663,-0.901,60.19,50.18,-0.97,1,42.48,16.29,57.27,9.57,13.0,19.17,-0.351,5.3,Avoid,2026-06-30,,,,1
TECHM.NS,2026-06-30,4.68,-0.692,4.57,6.53,4.15,6.0,5.94,6,-0.1288,0.0001,-0.1061,-0.1449,-0.545,33.15,24.21,-1.13,0,42.81,10.97,25.92,16.61,23.0,7.27,-0.228,8.0,Caution,2026-06-30,,,,2
PFC.NS,2026-06-30,0.56,-0.092,5.07,4.21,0.54,0.55,0.44,5,0.2285,0.0669,0.0272,0.0475,0.177,26.66,19.44,-0.89,0,45.26,12.31,5.41,20.47,9.71,586.02,-0.326,58.7,Avoid,2026-06-30,,,,1
PARAS.NS,2026-06-30,2.33,0.8,4.34,6.03,2.58,1.9,2.24,7,0.8456,1.1654,0.5826,0.6199,1.205,69.49,29.44,1.96,-1,64.71,43.11,118.48,13.14,17.0,3.73,-0.184,98.7,Avoid,2026-06-30,,,,1
IFCI.NS,2026-06-30,2.19,0.369,4.97,4.6,2.29,1.86,1.74,6,0.4557,0.437,0.0452,0.1865,0.369,69.6,34.18,0.71,0,47.85,29.11,108.52,5.03,5.03,,0.079,81.3,Avoid,2026-06-30,,,,1
THANGAMAYL.NS,2026-06-30,6.09,0.8,8.07,6.73,6.16,5.71,5.89,7,0.9943,0.8011,0.3937,2.4189,4.473,55.98,28.1,2.48,-1,80.1,48.85,56.43,27.93,25.0,64.49,1.655,98.0,Hold,2026-06-30,,,,3
MAZDOCK.NS,2026-06-30,5.61,0.0,8.11,5.41,5.09,6.11,4.84,5,-0.0146,0.2089,0.0303,-0.2132,-0.626,26.72,18.46,-0.18,0,52.4,12.25,38.94,28.77,36.0,4.48,0.023,38.0,Caution,2026-06-30,,,,2
GOLDBEES.NS,2026-06-30,4.23,-0.385,5.0,5.0,4.0,4.72,4.45,0,,,,,,,,0.0,0,34.05,24.42,,,,,1.303,18.7,Caution,2026-06-30,,,,2
WELCORP.NS,2026-06-30,8.05,0.892,5.16,6.43,8.55,7.07,7.86,4,0.8466,0.8446,0.1011,0.6371,1.848,35.21,16.73,1.63,-1,72.61,31.03,24.84,18.92,23.0,25.04,1.599,94.7,Buy,2026-06-30,,,,4
APOLLOHOSP.NS,2026-06-30,5.62,0.815,4.52,7.32,6.04,5.15,6.04,7,0.2149,0.1702,0.0707,0.2361,1.191,16.3,7.57,1.67,0,71.44,19.27,64.3,21.5,18.0,85.15,0.632,62.7,Caution,2026-06-30,,,,2
DIVISLAB.NS,2026-06-30,4.45,0.262,5.23,6.54,4.39,4.69,4.76,6,0.0236,0.1063,0.007,0.0034,0.015,19.53,11.62,0.06,0,44.06,21.35,67.79,16.19,22.0,0.04,0.551,34.7,Caution,2026-06-30,,,,2
DMART.NS,2026-06-30,3.17,0.8,3.57,6.01,3.61,2.56,3.12,5,0.1565,0.0257,0.0798,0.0151,0.062,22.97,16.13,0.39,0,61.72,26.28,95.75,12.94,17.0,9.91,-0.377,51.3,Avoid,2026-06-30,,,,1
AJANTPHARM.NS,2026-06-30,6.92,0.923,6.78,6.4,7.11,6.41,6.54,4,0.2764,0.2151,0.1753,0.3388,1.289,30.96,15.1,2.41,-1,72.63,25.39,40.45,25.39,35.0,5.75,0.565,73.3,Buy,2026-06-30,,,,4
SUNPHARMA.NS,2026-06-30,7.97,0.708,5.51,7.04,8.23,7.75,8.25,6,0.0917,0.0775,0.0406,0.1263,0.647,23.41,13.98,0.91,0,60.29,23.97,38.96,14.72,21.0,5.52,0.272,43.3,Buy,2026-06-30,,,,4
GLENMARK.NS,2026-06-30,6.78,0.138,7.88,6.97,6.43,7.45,7.11,7,0.0963,0.0341,0.0014,0.2869,0.938,29.12,20.58,-0.59,0,49.56,23.61,45.62,14.07,40.0,5.65,0.867,36.7,Hold,2026-06-30,,,,3
HINDUNILVR.NS,2026-06-30,4.93,-0.585,5.07,7.23,4.42,6.15,6.12,8,-0.067,0.0363,0.022,-0.0545,-0.265,23.44,14.71,-0.94,0,42.26,17.38,46.88,21.6,28.0,3.02,-0.645,19.3,Caution,2026-06-30,,,,2
SAMMAANCAP.NS,2026-06-30,2.78,0.338,1.41,3.1,3.42,1.68,2.12,1,0.2412,0.1612,-0.021,0.2099,0.47,39.85,22.0,0.95,0,53.54,24.91,-1.98,-35.01,4.92,273.03,-0.104,61.3,Avoid,2026-06-30,,,,1
INDUSINDBK.NS,2026-06-30,4.13,0.708,4.39,6.28,4.49,3.64,4.17,5,0.0892,0.2302,0.0272,0.1156,0.41,31.82,18.12,0.76,0,53.06,18.25,80.79,1.36,5.68,,-0.739,56.7,Caution,2026-06-30,,,,2
HONASA.NS,2026-06-30,4.57,0.923,5.73,6.51,4.78,4.11,4.44,5,0.6639,0.5353,0.1367,0.4721,1.487,33.51,12.38,2.24,-1,76.78,34.77,74.82,15.45,19.0,9.59,-0.105,90.7,Caution,2026-06-30,,,,2
ADANIPORTS.NS,2026-06-30,5.47,0.708,2.85,4.63,6.51,3.7,4.54,4,0.2499,0.3121,0.0018,0.2718,1.01,26.08,13.39,0.78,0,54.04,14.49,31.07,15.59,14.0,64.05,0.165,70.0,Caution,2026-06-30,,,,2
LICHSGFIN.NS,2026-06-30,0.07,0.431,4.16,4.22,0.08,0.06,0.06,6,0.0455,0.1388,0.049,-0.0592,-0.238,29.32,18.47,0.97,0,58.6,14.32,5.54,14.41,8.59,642.52,-0.798,42.0,Avoid,2026-06-30,,,,1
INDHOTEL.NS,2026-06-30,5.73,0.462,4.3,6.57,6.14,5.37,6.14,9,-0.0337,0.2254,0.0839,-0.0814,-0.334,26.02,15.0,1.81,0,62.05,22.62,48.77,16.43,17.0,18.99,0.06,40.0,Caution,2026-06-30,,,,2
SYRMA.NS,2026-06-30,4.05,0.8,4.23,6.57,4.46,3.44,4.2,6,0.9585,0.7506,0.1967,1.5936,3.821,39.75,19.77,1.75,-1,68.97,57.82,82.28,14.14,17.0,13.04,1.298,96.0,Caution,2026-06-30,,,,2
ITC.NS,2026-06-30,4.98,-0.585,6.74,5.96,4.12,6.46,5.27,4,-0.2525,0.0105,0.0131,-0.284,-1.493,17.55,12.24,-0.87,0,44.71,17.34,17.38,29.34,39.0,3.29,-1.058,6.7,Caution,2026-06-30,,,,2
RADICO.NS,2026-06-30,4.11,0.923,5.12,7.31,4.36,3.75,4.25,7,0.1937,0.47,0.1313,0.4687,1.443,30.86,13.83,1.86,-1,76.81,41.37,87.74,24.2,24.0,20.94,1.285,75.3,Caution,2026-06-30,,,,2
JSWENERGY.NS,2026-06-30,3.66,0.708,3.13,3.8,4.37,2.35,2.66,4,0.2419,0.2086,-0.0058,0.1319,0.453,33.27,21.88,0.99,0,57.22,14.16,45.85,8.82,8.0,229.16,-0.52,65.3,Avoid,2026-06-30,,,,1
GLAND.NS,2026-07-01,8.23,0.877,6.49,7.08,8.42,7.75,8.26,8,0.494,0.4599,0.1043,0.3883,1.248,45.21,17.36,1.6,-1,70.07,38.83,39.52,10.53,15.0,2.74,0.359,86.5,Strong Buy,2026-07-01,,,,5
RRKABEL.NS,2026-07-01,5.9,0.677,4.68,6.53,6.29,5.26,6.07,4,0.666,0.7904,0.1075,0.7687,2.111,46.8,18.15,1.34,-1,65.23,49.86,54.64,20.83,28.0,13.09,0.284,95.9,Buy,2026-07-01,,,,4
ITC.NS,2026-07-01,5.05,-0.554,6.44,5.99,4.25,6.45,5.4,4,-0.24,0.0183,0.048,-0.2728,-1.433,17.53,12.24,-0.42,0,51.41,16.27,17.59,29.34,39.0,3.29,-1.029,8.8,Hold,2026-07-01,,,,3
KEC.NS,2026-07-01,3.14,-0.185,3.17,4.05,3.28,2.88,2.64,2,-0.2884,-0.0152,0.047,-0.4208,-1.153,42.25,31.29,-0.4,0,50.11,21.97,22.93,10.52,14.0,87.31,-0.704,6.8,Caution,2026-07-01,,,,2
AUROPHARMA.NS,2026-07-01,7.39,0.708,2.79,7.0,8.32,6.36,8.28,7,0.2937,0.1641,0.0779,0.3875,1.478,25.58,16.67,1.68,0,62.59,24.71,25.74,9.93,13.0,21.31,0.258,66.9,Buy,2026-07-01,,,,4
TEJASNET.NS,2026-07-01,4.23,0.677,0.41,3.14,5.35,2.31,3.12,2,0.3448,0.4481,0.0665,-0.155,-0.274,57.94,29.44,1.36,-1,60.16,44.17,-11.83,-26.82,-15.0,142.52,-0.767,79.7,Caution,2026-07-01,,,,2
COCHINSHIP.NS,2026-07-01,1.95,-0.415,2.85,4.03,1.95,1.91,1.76,3,-0.066,0.1445,0.0335,-0.2596,-0.7,39.02,25.29,-0.3,0,53.62,15.65,55.13,12.52,16.0,28.47,-0.54,29.7,Avoid,2026-07-01,,,,1
APOLLOHOSP.NS,2026-07-01,5.66,0.723,4.53,7.37,6.04,5.27,6.15,7,0.2181,0.1797,0.0654,0.2168,1.093,16.4,7.71,1.46,0,65.37,20.11,63.63,21.5,18.0,85.15,0.609,62.2,Hold,2026-07-01,,,,3
CGCL.NS,2026-07-01,3.56,0.908,5.74,4.27,3.78,2.87,2.52,4,0.2556,0.3637,0.1264,0.3341,1.053,30.09,13.74,2.18,-1,72.75,52.03,22.39,16.5,11.7,334.73,-0.076,75.0,Caution,2026-07-01,,,,2
BAJAJ-AUTO.NS,2026-07-01,6.59,-0.031,7.79,6.02,6.03,7.32,6.39,4,0.0753,0.1395,-0.0406,0.1831,0.83,23.84,13.4,-0.45,0,44.11,21.32,25.58,28.05,28.0,56.35,-0.111,39.9,Buy,2026-07-01,,,,4
CIPLA.NS,2026-07-01,6.45,0.538,4.45,5.8,6.94,5.75,6.21,4,-0.0148,0.2331,0.0692,-0.0213,-0.1,27.35,10.67,1.48,0,67.43,27.52,30.3,11.74,15.0,1.78,-0.26,41.2,Buy,2026-07-01,,,,4
NACLIND.NS,2026-07-01,0.0,0.631,3.42,5.82,0.0,0.0,0.0,5,0.3793,0.6902,0.4132,0.1227,0.204,63.49,28.14,3.15,-1,71.69,28.69,1010.86,0.82,8.0,45.68,1.092,91.2,Avoid,2026-07-01,,,,1
MAZDOCK.NS,2026-07-01,5.98,0.215,8.06,5.45,5.64,6.21,5.11,5,0.033,0.1197,0.0385,-0.1961,-0.578,26.54,18.46,0.12,0,57.03,15.08,39.52,28.77,36.0,4.48,0.04,38.5,Buy,2026-07-01,,,,4
ULTRACEMCO.NS,2026-07-01,5.42,-0.4,4.86,6.96,5.0,6.45,6.57,7,-0.0213,0.0787,0.032,-0.056,-0.25,23.3,13.74,-0.25,0,53.45,12.64,41.22,10.59,13.0,29.43,-0.343,31.8,Hold,2026-07-01,,,,3
INDHOTEL.NS,2026-07-01,5.76,0.462,4.49,6.64,6.11,5.44,6.11,9,-0.0104,0.2389,0.1,-0.0565,-0.232,26.0,15.0,1.92,0,63.76,22.07,49.09,16.43,17.0,18.99,0.072,45.9,Buy,2026-07-01,,,,4
INDIANB.NS,2026-07-01,4.71,-0.138,3.65,5.74,4.82,4.77,5.08,4,0.0364,-0.0356,-0.0112,0.3376,1.088,27.75,18.48,-0.64,0,43.75,19.46,9.45,15.44,6.32,,0.601,26.4,Hold,2026-07-01,,,,3
CUMMINSIND.NS,2026-07-01,5.27,0.185,6.58,6.88,5.07,5.55,5.55,7,0.2923,0.2287,-0.0079,0.7067,2.566,34.95,17.5,0.78,0,51.64,15.08,66.26,29.45,40.0,0.43,0.47,68.2,Hold,2026-07-01,,,,3
GUFICBIO.NS,2026-07-01,4.69,0.846,4.98,5.65,5.04,3.98,4.15,5,0.1826,0.3664,0.0895,0.1298,0.373,43.96,22.14,1.89,-1,64.1,44.15,61.71,10.14,12.0,60.87,-0.026,69.6,Hold,2026-07-01,,,,3
HAL.NS,2026-07-01,6.38,0.646,5.5,5.03,6.65,5.66,5.18,6,0.0222,0.208,0.0364,-0.0687,-0.255,28.67,17.19,0.43,0,55.62,16.32,32.52,23.98,32.0,0.03,-0.467,43.2,Buy,2026-07-01,,,,4
LUPIN.NS,2026-07-01,8.92,0.723,7.74,7.24,9.0,8.81,8.89,5,0.1524,0.0541,0.0603,0.2466,1.22,21.48,14.85,1.77,0,63.72,22.42,20.61,26.91,30.0,29.39,0.642,49.3,Strong Buy,2026-07-01,,,,5
DRREDDY.NS,2026-07-01,6.73,0.8,3.92,5.8,7.54,5.59,6.43,4,0.0585,0.1007,0.0606,0.0364,0.16,27.07,11.49,1.16,0,59.68,26.13,26.05,11.83,14.0,20.33,-0.144,40.5,Buy,2026-07-01,,,,4
MARICO.NS,2026-07-01,6.12,0.892,5.91,6.71,6.37,5.74,6.02,5,0.1514,0.1178,0.049,0.1747,0.993,16.29,9.17,1.54,0,66.88,25.07,62.44,41.39,47.0,12.39,0.553,53.4,Buy,2026-07-01,,,,4
SMSPHARMA.NS,2026-07-01,6.81,0.677,5.12,5.49,7.18,5.94,5.9,4,0.3192,0.0412,0.1471,0.6533,1.381,43.29,29.97,0.7,0,64.72,21.37,36.71,14.31,13.0,46.45,0.458,64.9,Strong Buy,2026-07-01,,,,5
ARVIND.NS,2026-07-01,7.43,0.754,3.14,7.07,8.29,6.3,8.15,6,0.7911,0.5342,0.1552,0.5974,1.556,44.54,17.03,1.76,-1,66.16,48.67,35.49,10.66,14.0,40.07,0.409,95.3,Buy,2026-07-01,,,,4
ICICIGI.NS,2026-07-01,5.29,-0.431,5.01,6.18,4.8,6.29,5.89,5,-0.0976,0.0445,0.0097,-0.1225,-0.572,24.42,15.98,-0.8,0,44.78,14.58,31.83,17.85,22.0,0.06,-0.31,20.9,Hold,2026-07-01,,,,3
NYKAA.NS,2026-07-01,0.04,0.862,4.62,6.65,0.04,0.03,0.04,7,0.1711,0.2548,0.1457,0.4707,1.629,27.79,14.07,2.39,-1,70.8,36.03,434.72,14.34,17.0,82.41,0.866,63.5,Avoid,2026-07-01,,,,1
KALYANKJIL.NS,2026-07-01,5.38,0.031,6.88,5.05,4.99,5.8,4.52,5,-0.2092,-0.0337,0.0795,-0.2985,-0.732,45.57,30.92,-0.11,0,55.08,13.75,29.24,24.31,21.0,96.97,-0.423,9.5,Hold,2026-07-01,,,,3
POLICYBZR.NS,2026-07-01,1.96,0.385,3.95,5.65,2.12,1.75,1.89,6,-0.1179,0.1752,0.0243,-0.0846,-0.262,31.06,20.26,0.51,0,58.87,17.27,116.55,9.74,10.0,4.92,-0.026,23.6,Avoid,2026-07-01,,,,1
PFC.NS,2026-07-01,0.61,0.092,4.91,4.27,0.61,0.57,0.47,5,0.255,0.0709,0.034,0.0601,0.224,26.81,19.44,-0.57,0,49.95,12.31,5.49,20.47,9.71,586.02,-0.304,60.1,Avoid,2026-07-01,,,,1
KEI.NS,2026-07-01,5.27,0.523,3.97,6.18,5.67,4.75,5.49,4,0.2071,0.2963,0.0049,0.3899,1.255,34.23,18.67,0.41,0,46.28,12.51,54.62,14.75,20.0,3.8,0.05,64.2,Hold,2026-07-01,,,,3
LTM.NS,2026-07-01,4.69,-0.569,6.56,5.69,3.89,6.02,4.76,4,-0.4083,-0.1649,-0.1249,-0.3183,-1.069,36.34,29.79,-2.05,1,29.74,17.56,20.97,21.29,30.0,9.58,-0.823,2.7,Hold,2026-07-01,,,,3
FORCEMOT.NS,2026-07-01,4.59,-0.431,6.96,5.1,3.82,5.64,4.1,6,-0.0767,-0.1327,0.0469,0.2664,0.507,47.28,30.31,-0.88,0,47.62,9.98,19.92,33.51,36.0,,0.725,13.5,Hold,2026-07-01,,,,3
VIJAYA.NS,2026-07-01,4.85,0.923,4.9,6.83,5.17,4.33,4.92,6,0.3213,0.5271,0.0707,0.3745,1.145,42.12,23.87,1.22,0,58.83,33.96,81.69,19.7,21.0,44.15,0.634,81.8,Hold,2026-07-01,,,,3
MAXHEALTH.NS,2026-07-01,2.97,0.523,2.94,5.83,3.35,2.47,3.02,6,0.0712,0.1888,0.2015,-0.0989,-0.38,28.77,17.82,2.39,-1,70.22,30.91,77.07,14.33,15.0,32.37,0.095,56.8,Caution,2026-07-01,,,,2
IVALUE.NS,2026-07-01,6.14,0.154,4.12,6.12,6.4,5.9,6.55,6,0.0333,0.2478,0.1802,,,42.75,27.62,1.46,0,61.55,36.0,15.28,19.12,25.0,12.22,-0.225,55.4,Buy,2026-07-01,,,,4
RADICO.NS,2026-07-01,4.08,0.908,4.87,7.41,4.35,3.7,4.26,7,0.2163,0.5068,0.141,0.4807,1.48,30.34,13.16,1.89,-1,77.09,43.02,87.87,24.2,24.0,20.94,1.287,77.0,Caution,2026-07-01,,,,2
AXISCADES.NS,2026-07-01,1.25,-0.2,2.04,3.7,1.39,0.99,1.05,2,0.2629,0.0241,-0.0086,0.1695,0.341,46.48,31.93,-1.66,1,35.61,18.93,98.94,10.37,15.0,52.83,1.175,57.4,Avoid,2026-07-01,,,,1
GRASIM.NS,2026-07-01,5.92,0.677,3.69,5.76,6.62,4.89,5.68,5,0.1051,0.2248,0.0125,0.1016,0.478,21.69,9.46,0.98,0,57.43,13.43,42.93,6.29,8.0,134.14,0.059,54.1,Buy,2026-07-01,,,,4
IOC.NS,2026-07-01,6.76,-0.338,7.6,7.24,6.01,8.24,7.58,6,-0.1236,0.0425,0.0178,0.0127,0.049,31.83,18.8,-0.57,0,46.18,13.44,4.57,20.97,19.0,58.45,-0.385,19.6,Buy,2026-07-01,,,,4
HINDZINC.NS,2026-07-01,6.22,-0.477,8.49,6.7,5.31,7.9,6.82,7,-0.146,0.0353,-0.1411,0.1836,0.498,35.06,24.52,-1.68,1,33.86,26.54,16.02,76.94,70.0,39.03,-0.369,10.1,Hold,2026-07-01,,,,3
JAGSNPHARM.NS,2026-07-01,6.84,0.846,6.05,6.62,7.11,6.31,6.64,6,0.2328,0.2775,0.1778,0.0924,0.252,32.39,17.81,2.72,-1,71.99,30.79,37.7,16.7,23.0,2.96,0.543,71.6,Strong Buy,2026-07-01,,,,5
ABB.NS,2026-07-01,3.73,0.431,8.53,6.2,3.6,3.78,3.54,5,0.3486,0.1488,-0.0292,0.1607,0.558,35.63,24.55,-0.06,0,47.44,13.88,94.87,29.9,30.0,1.08,-0.512,67.6,Caution,2026-07-01,,,,2
BDL.NS,2026-07-01,1.21,0.123,2.87,3.97,1.36,0.93,0.96,6,-0.0486,0.1631,0.1239,-0.2675,-0.677,34.93,22.43,0.72,0,60.95,24.67,120.02,10.19,14.0,0.01,-0.319,36.5,Avoid,2026-07-01,,,,1
SBILIFE.NS,2026-07-01,2.63,-0.369,2.3,6.15,2.71,2.82,3.32,5,-0.1013,0.0095,0.0038,-0.0309,-0.158,22.82,16.24,-0.64,0,50.82,17.02,72.98,13.7,15.0,,0.135,18.9,Avoid,2026-07-01,,,,1
GRSE.NS,2026-07-01,5.67,0.338,6.82,5.19,5.55,5.48,4.7,6,0.1375,0.2143,0.05,-0.0906,-0.194,43.97,26.8,0.04,0,51.77,13.16,45.45,31.79,43.0,1.42,0.06,58.1,Hold,2026-07-01,,,,3
RITES.NS,2026-07-01,5.87,0.492,7.0,5.67,5.72,5.88,5.31,7,-0.009,0.2225,0.1672,-0.1409,-0.439,39.75,17.18,2.56,-1,72.43,24.15,27.27,16.4,22.0,0.24,-0.54,49.7,Buy,2026-07-01,,,,4
HDFCBANK.NS,2026-07-01,4.67,0.231,2.33,5.34,5.28,3.97,4.68,5,-0.1832,0.0778,0.0739,-0.1947,-0.996,24.94,14.46,1.35,0,63.37,25.16,17.76,13.82,7.04,,-0.433,14.5,Hold,2026-07-01,,,,3
MARUTI.NS,2026-07-01,4.79,0.185,6.44,5.96,4.59,5.13,4.69,5,-0.1353,0.1397,0.1036,0.151,0.625,28.42,15.96,3.45,-1,67.5,14.05,30.81,14.43,19.0,0.1,0.163,25.5,Hold,2026-07-01,,,,3
ETERNAL.NS,2026-07-01,0.0,0.492,3.39,5.91,0.0,0.0,0.0,6,0.0094,0.2071,0.1324,0.0681,0.199,33.56,18.93,3.41,-1,70.31,17.56,699.25,1.19,3.0,14.83,0.279,48.3,Avoid,2026-07-01,,,,1
ICICIBANK.NS,2026-07-01,6.34,0.554,3.71,5.78,7.01,5.5,6.35,3,0.0278,0.1349,0.111,-0.0491,-0.266,22.64,12.31,1.6,0,66.9,31.85,18.44,16.36,7.2,,0.063,41.4,Buy,2026-07-01,,,,4
MCX.NS,2026-07-01,6.29,0.215,9.3,6.66,5.96,6.65,6.39,6,0.3601,0.2124,0.0453,0.6786,1.83,34.32,23.12,0.03,0,54.64,21.78,56.74,37.88,71.0,0.11,2.333,70.3,Buy,2026-07-01,,,,4
KPITTECH.NS,2026-07-01,2.62,-0.738,4.07,4.6,2.15,3.41,2.72,3,-0.519,-0.1998,-0.2799,-0.5568,-1.496,47.43,42.5,-5.35,1,16.66,25.26,23.93,19.73,26.0,23.62,-1.244,1.4,Avoid,2026-07-01,,,,1
SAKSOFT.NS,2026-07-01,5.77,0.554,5.9,6.81,5.87,5.6,5.91,7,-0.0081,0.5715,0.3413,-0.0297,-0.059,66.78,26.72,3.88,-1,74.45,28.09,19.13,19.06,26.0,5.61,-0.294,68.3,Buy,2026-07-01,,,,4
INFY.NS,2026-07-01,3.9,-0.6,6.2,4.7,3.09,5.04,3.46,8,-0.3792,-0.2262,-0.1767,-0.3644,-1.307,35.86,29.58,-2.2,1,29.39,23.29,13.06,31.44,40.0,9.83,-0.953,2.1,Caution,2026-07-01,,,,2
HSCL.NS,2026-07-01,5.87,0.4,4.95,5.47,6.07,5.32,5.35,4,0.3213,0.4424,0.0723,0.2797,0.808,42.85,25.39,0.63,0,48.17,23.14,43.01,17.7,22.0,16.17,0.56,75.2,Buy,2026-07-01,,,,4
OLAELEC.NS,2026-07-01,3.71,0.646,0.22,2.86,4.64,2.12,2.79,2,0.2307,0.5886,0.0293,0.0448,0.067,72.15,33.28,1.49,-1,60.37,24.54,-10.82,-43.16,-20.0,82.45,-0.578,74.5,Caution,2026-07-01,,,,2
RPOWER.NS,2026-07-01,2.45,-0.369,1.89,3.94,2.64,2.2,2.27,5,-0.1928,0.2001,0.0033,-0.6073,-1.207,48.33,25.78,-0.1,0,55.28,14.37,-33.13,-2.08,6.0,92.35,-0.175,19.3,Avoid,2026-07-01,,,,1
ADANIENT.NS,2026-07-01,4.31,0.8,2.32,3.68,5.31,2.49,3.11,2,0.4201,0.7146,0.075,0.1885,0.546,37.13,14.56,1.42,-1,65.88,39.27,42.79,13.66,6.0,119.56,-0.187,88.3,Hold,2026-07-01,,,,3
TCS.NS,2026-07-01,5.31,-0.615,6.69,6.22,4.37,7.06,5.98,6,-0.3698,-0.18,-0.1156,-0.4012,-1.6,33.6,28.13,-2.1,1,29.29,22.47,14.57,48.4,63.0,10.39,-1.429,3.4,Hold,2026-07-01,,,,3
DELHIVERY.NS,2026-07-01,0.29,0.8,1.87,6.02,0.33,0.22,0.3,5,0.253,0.1769,0.1593,0.3194,1.03,31.73,18.41,3.32,-1,70.03,20.87,256.41,1.6,3.0,15.1,0.195,64.8,Avoid,2026-07-01,,,,1
RELIANCE.NS,2026-07-01,4.31,-0.554,4.05,5.9,4.02,5.16,5.19,5,-0.1466,-0.027,0.0006,-0.1294,-0.645,22.46,14.75,-0.71,0,47.47,15.88,21.93,9.14,10.0,36.65,-0.7,10.3,Hold,2026-07-01,,,,3
BSE.NS,2026-07-01,5.48,-0.031,8.34,6.81,5.06,6.0,5.77,8,0.5281,0.3832,-0.0055,0.421,1.057,33.29,18.85,0.31,0,49.63,16.45,65.41,36.0,58.0,0.0,2.094,81.4,Hold,2026-07-01,,,,3
ADANIPOWER.NS,2026-07-01,7.72,0.338,8.24,5.7,7.43,7.67,6.99,5,0.5683,0.4181,-0.0243,0.9411,2.208,38.54,20.55,0.4,0,50.68,14.09,34.27,20.91,17.0,82.33,0.447,83.4,Strong Buy,2026-07-01,,,,5
M&M.NS,2026-07-01,5.63,-0.246,5.9,6.09,5.04,6.77,6.11,5,-0.1449,0.0393,0.0395,-0.015,-0.055,30.4,18.7,0.08,0,53.39,14.44,20.56,18.75,15.0,125.07,-0.045,15.9,Hold,2026-07-01,,,,3
KOTAKBANK.NS,2026-07-01,4.14,-0.092,1.71,5.48,4.57,3.82,4.69,3,-0.0699,0.1186,0.051,-0.0921,-0.431,22.51,14.46,1.33,0,54.69,19.64,20.66,11.39,6.93,,-0.049,29.7,Caution,2026-07-01,,,,2
BHARTIARTL.NS,2026-07-01,5.16,0.062,2.95,6.32,5.51,5.13,6.09,6,-0.109,0.0454,0.0257,-0.0693,-0.36,22.06,14.49,0.59,0,54.05,14.21,42.09,19.36,18.0,99.72,0.381,20.0,Hold,2026-07-01,,,,3
ADANIPORTS.NS,2026-07-01,5.63,0.677,3.04,4.67,6.58,4.0,4.74,4,0.2702,0.3473,0.0289,0.2887,1.075,26.22,13.36,1.1,0,60.03,14.92,31.71,15.59,14.0,64.05,0.203,69.7,Hold,2026-07-01,,,,3
MEESHO.NS,2026-07-01,6.14,0.138,5.26,5.54,6.04,6.14,5.8,3,0.0147,0.2883,0.0769,,,57.23,28.48,0.6,0,58.94,25.92,-60.54,-46.56,-36.0,1.43,0.232,52.4,Buy,2026-07-01,,,,4
RHIM.NS,2026-07-01,2.32,-0.246,2.12,5.4,2.46,2.29,2.62,7,-0.1371,0.0647,0.0272,-0.1845,-0.464,45.21,31.39,-0.17,0,53.05,13.24,72.8,-10.13,7.0,12.6,-0.765,17.9,Avoid,2026-07-01,,,,1
ZEEL.NS,2026-07-01,5.21,0.708,2.08,5.3,6.15,3.8,4.92,7,0.2077,0.4611,0.1461,-0.2339,-0.564,58.97,30.72,1.12,-1,53.91,31.32,38.41,2.33,3.0,2.26,-0.487,71.7,Hold,2026-07-01,,,,3
BAJFINANCE.NS,2026-07-01,2.77,0.6,4.32,3.89,3.1,2.06,1.96,4,0.0322,0.235,0.1646,0.0783,0.269,29.49,15.57,2.67,-1,72.35,30.6,33.23,17.91,10.8,313.41,0.457,55.9,Avoid,2026-07-01,,,,1
ASHOKLEY.NS,2026-07-01,3.02,0.123,5.04,4.6,2.98,2.93,2.44,2,-0.0758,0.1122,0.113,0.3311,0.915,48.22,25.87,0.43,0,58.62,14.54,27.47,21.64,14.0,344.74,0.401,31.7,Caution,2026-07-01,,,,2
COFORGE.NS,2026-07-01,6.41,-0.154,6.62,6.23,5.87,7.43,6.69,8,-0.1698,0.1296,-0.0353,-0.2734,-0.729,46.73,29.66,0.17,0,40.71,20.51,31.28,18.6,24.0,7.52,0.162,15.2,Buy,2026-07-01,,,,4
ATHERENERG.NS,2026-07-01,5.54,0.862,4.3,5.27,6.19,4.32,4.84,3,0.5445,0.4832,0.106,2.3987,4.893,47.98,23.18,2.66,-1,70.05,42.27,-127.01,-33.74,-20.0,25.82,4.454,87.6,Hold,2026-07-01,,,,3
SBIN.NS,2026-07-01,6.57,0.738,4.9,5.03,7.11,5.53,5.51,2,0.0954,0.047,0.0793,0.3239,1.448,25.6,19.39,0.68,0,61.55,13.68,11.49,15.48,6.13,,0.326,42.8,Buy,2026-07-01,,,,4
IDEA.NS,2026-07-01,7.61,0.8,4.43,6.25,8.31,6.55,7.64,5,0.2139,0.7063,-0.0141,0.9837,1.993,38.49,14.24,0.97,-1,59.24,28.1,4.56,-1.6,-2.0,,-0.291,75.9,Strong Buy,2026-07-01,,,,5
PAISALO.NS,2026-07-01,4.57,0.8,5.65,4.67,4.81,3.76,3.52,4,0.9771,0.981,0.3138,1.2362,2.752,55.43,20.17,2.86,-1,83.32,55.43,27.04,14.26,12.3,243.15,-0.22,97.9,Hold,2026-07-01,,,,3
TATAELXSI.NS,2026-07-01,5.11,-0.615,5.88,6.15,4.35,6.59,5.81,6,-0.2967,-0.1389,-0.1598,-0.4244,-1.402,31.39,26.04,-3.41,1,22.09,21.41,35.62,21.3,60.0,5.34,-1.032,5.5,Hold,2026-07-01,,,,3
WIPRO.NS,2026-07-01,4.12,-0.692,4.63,5.89,3.57,5.35,4.99,4,-0.3381,-0.1271,-0.1664,-0.3286,-1.315,28.17,24.69,-2.05,1,27.07,29.31,13.55,15.44,18.0,22.85,-0.865,4.1,Caution,2026-07-01,,,,2
GENUSPOWER.NS,2026-07-01,5.57,-0.185,6.81,5.23,4.93,6.2,4.97,5,0.0546,0.3187,-0.0174,-0.17,-0.419,46.54,26.06,-0.16,0,44.12,27.16,14.46,29.0,24.0,103.82,-0.192,55.2,Buy,2026-07-01,,,,4
LT.NS,2026-07-01,5.8,0.554,3.76,5.37,6.45,4.85,5.37,3,0.0199,0.1438,0.0353,0.1232,0.496,26.44,12.92,0.73,0,50.37,21.42,35.03,16.95,15.0,97.64,0.095,39.3,Buy,2026-07-01,,,,4
SILVERBEES.NS,2026-07-01,4.61,-0.123,5.0,5.0,4.55,4.83,4.66,0,,,,,,,,0.0,0,36.72,22.19,,,,,1.134,16.6,Hold,2026-07-01,,,,3
TARIL.NS,2026-07-01,4.71,0.508,5.19,4.53,4.88,4.04,3.6,5,0.2661,0.3144,0.1514,-0.2686,-0.445,49.78,28.53,2.28,-1,65.16,22.4,40.7,19.33,23.0,29.59,-0.164,71.0,Hold,2026-07-01,,,,3
GROWW.NS,2026-07-01,5.07,0.169,9.34,5.55,4.74,5.26,4.54,6,0.2835,0.2455,0.0868,,,44.93,25.18,0.6,0,60.23,21.37,60.56,28.72,37.0,3.03,1.777,66.2,Hold,2026-07-01,,,,3
HINDUNILVR.NS,2026-07-01,5.5,-0.338,5.53,7.27,5.06,6.52,6.46,8,-0.0376,0.0673,0.0543,-0.037,-0.178,24.09,14.71,-0.09,0,53.91,16.74,48.14,21.6,28.0,3.02,-0.57,30.3,Hold,2026-07-01,,,,3
HINDALCO.NS,2026-07-01,4.33,-0.231,2.72,5.57,4.52,4.37,4.94,2,0.0628,0.0256,-0.1749,0.3574,1.299,29.6,20.35,-1.93,1,30.13,29.46,15.62,10.29,14.0,72.6,0.388,27.6,Hold,2026-07-01,,,,3
TMCV.NS,2026-07-01,5.22,0.277,5.4,5.68,5.18,5.19,4.99,7,0.0651,0.1242,0.1668,,,43.79,22.92,1.18,0,65.65,28.77,52.3,26.05,36.0,44.09,1.201,50.3,Hold,2026-07-01,,,,3
TITAN.NS,2026-07-01,4.0,0.754,5.37,5.74,4.21,3.62,3.66,5,0.1068,0.0736,0.0758,0.2034,0.867,30.25,19.56,0.72,0,59.88,12.69,76.83,37.13,26.0,195.0,0.303,46.9,Caution,2026-07-01,,,,2
TECHM.NS,2026-07-01,4.84,-0.677,4.53,6.52,4.32,6.17,6.15,6,-0.1511,-0.055,-0.0748,-0.1629,-0.609,33.53,25.0,-2.05,1,37.26,11.69,25.12,16.61,23.0,7.27,-0.286,9.0,Hold,2026-07-01,,,,3
RAMCOSYS.NS,2026-07-01,4.28,0.508,6.19,6.66,4.28,4.15,4.34,6,0.3794,1.1786,0.775,0.9273,1.554,79.67,23.71,2.83,-1,79.11,52.47,71.52,12.49,19.0,12.1,0.789,95.9,Hold,2026-07-01,,,,3
PAYTM.NS,2026-07-01,0.99,0.492,2.7,4.38,1.17,0.71,0.81,2,-0.0702,0.1965,0.1327,0.3093,0.852,40.46,21.2,2.24,-1,68.07,14.91,140.62,3.56,5.0,1.07,1.459,37.9,Avoid,2026-07-01,,,,1
SHRIRAMFIN.NS,2026-07-01,4.46,0.677,5.01,4.5,4.73,3.71,3.37,5,0.0969,0.1638,0.1496,0.5063,1.439,39.02,21.24,1.62,0,69.14,22.49,19.68,16.38,11.5,276.21,0.825,57.2,Hold,2026-07-01,,,,3
NETWEB.NS,2026-07-01,2.44,0.431,5.62,6.09,2.45,2.36,2.41,3,0.4573,0.4288,-0.042,1.4943,2.517,63.79,37.25,0.59,0,47.54,25.16,124.15,32.83,38.0,39.02,0.426,79.3,Avoid,2026-07-01,,,,1
AXISBANK.NS,2026-07-01,4.53,0.615,1.78,4.21,5.52,2.92,3.7,3,0.0985,0.1426,0.0904,0.1182,0.504,24.28,13.24,1.21,0,60.52,22.19,16.2,13.15,6.24,,-0.096,53.8,Hold,2026-07-01,,,,3
JTEKTINDIA.NS,2026-07-01,3.34,0.615,3.62,5.21,3.76,2.66,3.05,4,0.0909,0.2125,0.2106,0.0765,0.173,41.31,20.41,3.25,-1,74.72,25.2,53.7,7.45,16.0,28.65,-0.578,60.7,Caution,2026-07-01,,,,2
VEDL.NS,2026-07-01,5.35,-0.662,6.12,6.37,4.5,7.07,6.22,8,-0.5374,-0.5993,-0.1604,-0.3736,-0.507,140.62,135.97,-0.75,1,31.25,35.03,15.36,20.4,16.0,48.04,-0.421,0.7,Hold,2026-07-01,,,,3
SIGNPOST.NS,2026-07-01,7.89,0.8,7.63,6.13,7.97,7.43,7.32,5,0.3806,0.3841,0.1145,0.6419,1.235,57.59,31.94,1.92,-1,66.41,20.79,23.31,27.3,25.0,69.75,-0.05,77.2,Strong Buy,2026-07-01,,,,5
CARTRADE.NS,2026-07-01,4.62,0.6,6.07,5.74,4.71,4.28,4.2,6,0.0162,0.6592,0.4342,0.7549,1.333,57.14,25.42,2.24,-1,77.67,58.36,62.94,9.85,12.0,5.36,1.584,73.1,Hold,2026-07-01,,,,3
TMPV.NS,2026-07-01,3.42,-0.523,2.63,5.38,3.38,3.75,4.05,3,-0.0306,0.1562,-0.1192,-0.4895,-0.971,39.1,24.06,-0.64,0,40.28,18.02,1.48,-1.12,3.0,70.36,-1.121,28.3,Caution,2026-07-01,,,,2
PERSISTENT.NS,2026-07-01,4.7,-0.538,6.53,5.57,3.88,6.05,4.78,5,-0.2971,-0.1717,-0.1505,-0.275,-0.81,41.8,35.91,-2.47,1,29.75,19.56,36.39,26.35,34.0,6.09,-0.217,4.8,Hold,2026-07-01,,,,3
POWERINDIA.NS,2026-07-01,1.69,0.123,6.89,6.46,1.6,1.76,1.73,7,0.8912,0.3524,-0.0267,0.718,1.656,41.52,26.0,0.25,0,46.8,16.07,155.68,21.04,29.0,1.66,1.149,91.7,Avoid,2026-07-01,,,,1
EICHERMOT.NS,2026-07-01,6.32,-0.246,6.42,6.26,5.69,7.41,6.79,6,-0.0074,0.0736,0.0013,0.2777,1.049,32.6,18.92,-0.46,0,41.09,17.24,35.54,23.77,31.0,2.05,0.743,32.4,Buy,2026-07-01,,,,4
BHEL.NS,2026-07-01,4.11,0.585,4.21,7.1,4.43,3.69,4.47,9,0.4638,0.6684,0.0188,0.5707,1.623,37.74,19.79,0.88,0,60.6,25.79,89.99,6.29,9.0,31.31,0.294,86.9,Caution,2026-07-01,,,,2
AEGISLOG.NS,2026-07-01,6.27,0.769,5.59,6.96,6.52,5.74,6.35,8,0.7617,1.1293,0.6498,0.5323,1.285,52.79,18.18,2.76,-1,91.79,62.17,49.03,15.26,14.0,47.24,0.329,98.6,Buy,2026-07-01,,,,4
HCLTECH.NS,2026-07-01,3.53,-0.615,6.75,4.08,2.64,4.62,2.69,8,-0.3427,-0.2483,-0.1228,-0.3742,-1.454,34.18,31.29,-1.63,1,25.76,22.21,16.87,23.36,31.0,6.93,-0.742,2.8,Caution,2026-07-01,,,,2
SAMMAANCAP.NS,2026-07-01,2.82,0.338,0.99,3.18,3.46,1.74,2.17,1,0.2502,0.1997,-0.0092,0.253,0.601,39.75,21.78,1.07,0,56.55,23.61,-2.01,-35.01,4.92,273.03,-0.086,62.8,Avoid,2026-07-01,,,,1
DMART.NS,2026-07-01,3.34,0.769,3.86,6.05,3.72,2.85,3.35,5,0.1532,-0.0077,0.0384,0.0035,0.014,22.78,15.85,0.11,0,56.59,25.57,95.01,12.94,17.0,9.91,-0.398,44.1,Caution,2026-07-01,,,,2
HEROMOTOCO.NS,2026-07-01,6.18,-0.646,8.29,6.91,5.14,8.13,7.08,5,-0.1369,-0.0352,-0.0012,0.1582,0.592,25.65,18.18,-1.27,0,40.96,12.59,16.86,28.03,36.0,3.57,-0.407,11.0,Hold,2026-07-01,,,,3
ADANIGREEN.NS,2026-07-01,0.76,0.8,4.39,4.34,0.86,0.55,0.57,4,0.5242,0.7932,0.0753,0.5114,1.22,42.14,18.55,1.17,0,60.18,36.15,158.25,7.58,7.0,346.55,-0.282,89.7,Avoid,2026-07-01,,,,1
LENSKART.NS,2026-07-01,0.79,0.246,2.62,5.91,0.87,0.72,0.89,6,0.1514,0.094,0.0279,,,26.78,15.87,1.01,0,64.16,15.06,184.22,6.65,8.0,34.98,1.237,53.1,Avoid,2026-07-01,,,,1
HDFCLIFE.NS,2026-07-01,2.95,-0.338,2.96,5.84,3.01,3.18,3.53,4,-0.2302,0.0104,-0.0042,-0.2912,-1.365,24.99,15.87,-1.21,0,41.25,14.06,64.26,11.28,10.0,27.55,-0.385,8.3,Caution,2026-07-01,,,,2
APARINDS.NS,2026-07-01,4.74,-0.031,4.75,6.04,4.7,4.76,5.08,6,0.7049,0.4935,0.1001,0.6933,1.517,44.4,26.14,0.83,0,47.67,38.35,60.01,19.74,31.0,17.72,0.543,90.3,Hold,2026-07-01,,,,3
NESTLEIND.NS,2026-07-01,4.87,0.492,6.38,7.44,4.86,4.92,5.08,8,0.1472,0.2203,0.0448,0.194,0.936,23.97,11.66,0.81,0,62.04,15.43,80.19,76.34,85.0,8.62,0.056,60.0,Hold,2026-07-01,,,,3
PARAS.NS,2026-07-01,2.51,0.677,4.89,6.01,2.68,2.19,2.43,7,0.8676,1.0005,0.4969,0.5855,1.14,69.63,29.49,1.82,-1,63.6,42.35,116.6,13.14,17.0,3.73,-0.19,97.2,Avoid,2026-07-01,,,,1
TATASTEEL.NS,2026-07-01,6.21,-0.338,4.69,7.58,5.94,7.16,7.61,7,0.075,-0.0265,-0.1081,0.1706,0.634,21.53,15.96,-2.56,1,28.67,22.91,21.41,11.16,13.0,89.02,-0.037,29.0,Buy,2026-07-01,,,,4
DABUR.NS,2026-07-01,5.12,-0.246,3.99,6.56,5.09,5.64,6.16,5,-0.1027,0.0659,0.0644,-0.0715,-0.307,27.76,17.55,0.2,0,60.21,12.01,41.8,16.24,20.0,10.91,-0.905,23.4,Hold,2026-07-01,,,,3
PAGEIND.NS,2026-07-01,4.49,0.862,5.96,6.72,4.62,4.25,4.49,7,0.2048,0.3422,0.1609,-0.084,-0.341,26.28,14.68,3.31,-1,74.94,35.82,63.5,52.5,64.0,18.42,0.047,69.0,Hold,2026-07-01,,,,3
TATAPOWER.NS,2026-07-01,3.12,-0.369,3.62,4.57,3.07,3.2,2.98,4,0.0092,-0.0188,-0.0825,-0.076,-0.366,23.12,15.41,-1.97,0,27.11,22.22,32.03,11.34,11.0,168.05,-0.504,24.1,Caution,2026-07-01,,,,2
BEL.NS,2026-07-01,5.8,0.123,5.98,6.28,5.61,6.21,6.01,7,0.0629,-0.0127,0.0237,0.0108,0.043,20.96,15.28,-0.62,0,50.19,20.11,50.27,27.56,37.0,0.27,0.374,35.2,Buy,2026-07-01,,,,4
DATAPATTNS.NS,2026-07-01,3.93,0.554,4.66,6.76,4.17,3.57,4.18,8,0.7551,0.4838,0.1361,0.6102,1.284,53.8,28.06,1.08,0,54.69,20.07,93.24,16.73,23.0,0.3,0.314,93.1,Caution,2026-07-01,,,,2
CANBK.NS,2026-07-01,4.21,-0.4,4.96,5.1,3.79,4.89,4.11,3,-0.1531,0.0268,-0.0107,0.1754,0.604,31.88,20.18,-0.91,0,42.8,13.85,5.81,15.94,6.52,,0.014,11.7,Caution,2026-07-01,,,,2
INDIGO.NS,2026-07-01,0.0,0.538,0.93,4.98,0.0,0.0,0.0,3,0.0616,0.2914,0.1966,-0.0498,-0.152,39.35,20.72,2.44,-1,72.26,31.91,-87.45,7.12,7.0,866.46,0.222,61.4,Avoid,2026-07-01,,,,1
DIXON.NS,2026-07-01,3.92,0.0,4.13,4.91,3.97,3.79,3.69,5,0.0161,0.2052,0.0649,-0.1735,-0.461,39.64,21.39,1.01,0,52.7,14.91,44.38,37.13,42.0,18.46,-0.21,44.8,Caution,2026-07-01,,,,2
SUZLON.NS,2026-07-01,6.97,0.554,7.92,4.75,6.9,6.46,5.37,6,0.1221,0.4308,0.0726,-0.1332,-0.412,38.06,18.52,1.14,0,58.39,16.69,25.26,40.64,35.0,5.87,-0.037,64.1,Strong Buy,2026-07-01,,,,5
JINDALSTEL.NS,2026-07-01,5.27,-0.492,4.52,6.66,4.88,6.38,6.55,4,0.0387,-0.0955,-0.1451,0.0795,0.282,25.18,18.39,-2.7,1,22.14,37.51,31.1,6.77,10.0,43.61,-0.266,18.6,Hold,2026-07-01,,,,3
OFSS.NS,2026-07-01,9.14,0.862,7.83,7.23,9.27,8.7,9.04,7,0.4652,0.598,0.0866,0.2621,0.828,36.42,15.83,1.54,-1,69.83,27.06,36.0,32.61,45.0,0.41,0.023,85.5,Strong Buy,2026-07-01,,,,5
CGPOWER.NS,2026-07-01,2.5,0.662,5.93,6.0,2.57,2.29,2.35,4,0.5266,0.4359,0.077,0.4559,1.448,33.24,17.72,1.58,0,64.42,20.06,126.65,19.56,27.0,1.44,0.284,84.1,Avoid,2026-07-01,,,,1
POLYCAB.NS,2026-07-01,6.51,0.585,6.18,6.24,6.61,6.22,6.33,5,0.3018,0.419,0.0197,0.5047,1.768,29.78,14.07,0.97,0,54.42,23.83,54.78,24.58,33.0,2.56,0.438,72.4,Buy,2026-07-01,,,,4
GOLDBEES.NS,2026-07-01,4.27,-0.385,5.0,5.0,4.04,4.74,4.5,0,,,,,,,,0.0,0,33.11,23.93,,,,,1.288,24.8,Caution,2026-07-01,,,,2
IFCI.NS,2026-07-01,2.27,0.431,4.93,4.71,2.38,1.94,1.86,6,0.5184,0.4605,-0.0476,0.1876,0.371,69.64,34.17,0.85,0,50.31,27.08,111.0,5.03,5.03,,0.101,82.8,Avoid,2026-07-01,,,,1
HFCL.NS,2026-07-01,2.73,0.723,3.06,5.52,3.13,2.09,2.62,4,2.34,1.9572,0.0636,1.4424,3.163,60.06,26.43,1.43,-1,68.18,49.55,99.57,7.27,11.0,38.32,0.634,100.0,Avoid,2026-07-01,,,,1
LIQUIDBEES.NS,2026-07-01,6.0,0.523,5.0,5.0,6.51,5.25,5.49,0,,,,,,,,0.0,0,53.78,88.59,,,,,-3.699,26.2,Buy,2026-07-01,,,,4
MOTHERSON.NS,2026-07-01,7.9,0.708,4.86,6.74,8.44,7.18,8.18,5,0.2356,0.3811,0.013,0.44,1.271,40.46,19.22,1.24,0,57.17,37.22,40.3,10.11,13.0,43.91,0.01,66.9,Strong Buy,2026-07-01,,,,5
ADANIENSOL.NS,2026-07-01,2.72,0.615,3.17,4.48,3.16,1.9,2.19,5,0.4855,0.6158,0.019,0.7216,1.912,43.65,21.35,0.94,0,56.91,20.26,81.62,9.66,10.0,194.5,0.373,86.2,Avoid,2026-07-01,,,,1
CUPID.NS,2026-07-01,0.56,0.708,7.67,6.45,0.56,0.52,0.53,6,0.8996,1.209,0.4898,8.0364,14.535,41.99,23.26,2.14,-1,90.03,38.9,241.72,27.3,33.0,12.51,4.669,99.3,Avoid,2026-07-01,,,,1
BAJAJFINSV.NS,2026-07-01,2.97,0.215,3.08,3.76,3.35,2.27,2.24,3,-0.1122,0.0966,0.0373,-0.1198,-0.536,24.37,13.52,0.67,0,58.44,21.58,29.44,14.6,11.0,256.36,0.013,22.8,Caution,2026-07-01,,,,2
SAIL.NS,2026-07-01,6.51,-0.169,4.16,7.64,6.51,7.03,7.96,8,0.1932,0.0845,-0.1746,0.2937,0.839,40.53,21.05,-1.32,1,34.22,30.52,20.6,5.66,8.0,52.9,0.025,46.2,Buy,2026-07-01,,,,4
DLF.NS,2026-07-01,3.35,0.215,3.75,4.12,3.65,2.75,2.68,7,-0.0469,0.2421,0.1155,-0.2274,-0.811,33.73,18.82,2.63,-1,65.3,20.97,36.32,10.03,6.0,0.67,-0.554,40.0,Caution,2026-07-01,,,,2
DIVGIITTS.NS,2026-07-01,5.08,0.862,6.24,6.87,5.24,4.71,5.04,7,0.6316,0.5634,0.2308,0.6896,1.699,50.77,19.29,2.92,-1,77.6,32.38,64.52,7.62,10.0,0.28,0.381,91.0,Hold,2026-07-01,,,,3
HDFCAMC.NS,2026-07-01,6.92,0.769,6.05,5.47,7.2,6.21,5.91,5,0.0599,0.1988,0.0861,0.1058,0.349,37.69,21.08,1.17,0,60.39,15.89,41.23,32.93,43.0,2.36,0.389,51.0,Strong Buy,2026-07-01,,,,5
LAURUSLABS.NS,2026-07-01,4.0,0.846,4.51,7.38,4.34,3.55,4.24,6,0.369,0.4333,0.071,1.1317,3.882,27.04,13.37,1.45,-1,66.46,38.41,91.11,17.74,18.0,46.37,2.449,77.9,Caution,2026-07-01,,,,2
INDUSTOWER.NS,2026-07-01,4.93,-0.308,3.88,6.19,4.8,5.61,5.93,7,-0.0787,-0.0847,-0.094,-0.0566,-0.213,23.98,17.35,-1.94,0,28.24,23.61,14.34,19.81,19.0,53.29,-0.223,9.7,Hold,2026-07-01,,,,3
APOLLO.NS,2026-07-01,1.7,0.738,4.74,4.62,1.87,1.31,1.34,4,0.6119,1.1247,0.0277,1.1744,1.994,72.99,31.17,1.04,-1,56.51,29.42,133.39,11.21,14.0,41.53,1.624,94.5,Avoid,2026-07-01,,,,1
CDSL.NS,2026-07-01,4.31,0.277,5.02,5.47,4.37,4.18,3.95,7,-0.0708,0.1232,0.0937,-0.237,-0.748,30.85,17.88,1.05,0,60.58,25.14,61.12,23.91,32.0,0.11,-0.025,33.8,Hold,2026-07-01,,,,3
WABAG.NS,2026-07-01,7.36,0.892,4.89,6.28,7.91,6.38,7.31,7,0.6383,0.6802,0.3369,0.4029,1.119,42.19,21.78,2.23,-1,74.46,43.35,30.05,15.67,21.0,8.87,0.462,93.8,Strong Buy,2026-07-01,,,,5
KAYNES.NS,2026-07-01,1.28,-0.523,1.51,2.8,1.32,1.25,1.19,3,-0.1986,-0.1091,-0.0194,-0.4628,-0.894,59.29,50.18,-0.87,0,43.94,16.17,58.03,9.57,13.0,19.17,-0.342,7.6,Avoid,2026-07-01,,,,1
ASIANPAINT.NS,2026-07-01,6.29,0.738,6.55,7.02,6.34,6.28,6.37,6,-0.0066,0.2632,0.0291,0.1635,0.683,23.96,10.42,1.25,0,60.42,33.1,60.27,20.89,26.0,17.85,-0.408,43.4,Buy,2026-07-01,,,,4
THANGAMAYL.NS,2026-07-01,6.95,0.754,8.09,6.71,6.99,6.61,6.75,7,0.8554,0.6777,0.2399,2.215,4.056,58.19,31.62,1.8,-1,65.06,50.67,52.5,27.93,25.0,64.49,1.512,95.2,Strong Buy,2026-07-01,,,,5
BHARATSE.NS,2026-07-01,5.53,0.738,6.26,7.13,5.56,5.43,5.69,8,0.2944,0.4238,0.2207,1.2032,2.015,55.1,27.3,4.36,-1,75.72,15.96,33.12,19.91,20.0,47.94,1.884,76.6,Hold,2026-07-01,,,,3
LODHA.NS,2026-07-01,3.53,0.185,3.63,4.33,3.83,2.9,2.91,6,-0.0611,0.4256,0.1286,-0.3,-0.873,41.0,23.37,2.37,-1,66.8,23.55,28.94,15.71,17.0,42.24,-0.653,56.6,Caution,2026-07-01,,,,2
ONGC.NS,2026-07-01,6.57,-0.431,6.56,7.92,5.81,8.18,7.63,7,0.0249,-0.1818,-0.1224,0.0201,0.088,25.84,20.23,-1.78,1,24.64,45.84,7.14,12.7,14.0,42.55,-0.326,13.1,Hold,2026-07-01,,,,3
IKS.NS,2026-07-01,7.07,0.923,7.17,5.73,7.22,6.53,6.2,4,0.0401,0.352,0.0778,0.1272,0.391,36.39,20.4,1.97,0,68.25,34.55,42.54,31.44,36.9,26.87,-0.294,58.6,Strong Buy,2026-07-01,,,,5
RECLTD.NS,2026-07-01,0.44,0.523,4.73,4.04,0.47,0.35,0.32,5,0.0764,0.1395,0.1365,-0.0318,-0.12,27.44,17.3,1.14,0,63.59,23.56,5.99,19.96,9.71,607.46,-0.634,51.7,Avoid,2026-07-01,,,,1
BIOCON.NS,2026-07-01,1.2,0.569,0.87,5.5,1.41,0.94,1.25,6,0.0712,0.1862,0.0139,0.1816,0.714,21.48,9.75,0.67,0,54.11,22.1,149.36,1.15,4.0,42.15,0.061,49.0,Avoid,2026-07-01,,,,1
HEXT.NS,2026-07-01,4.83,0.185,4.97,5.62,4.77,5.01,4.77,5,-0.2518,0.2999,0.0036,-0.3305,-0.825,37.96,21.44,2.18,-1,68.26,19.5,24.41,22.27,30.0,10.52,-0.658,20.7,Hold,2026-07-01,,,,3
TVSMOTOR.NS,2026-07-01,2.86,-0.092,4.74,5.78,2.79,3.07,3.02,5,-0.019,0.0199,0.0377,0.1971,0.746,31.0,20.41,-0.04,0,54.33,14.12,54.87,31.62,17.0,306.09,0.591,26.9,Caution,2026-07-01,,,,2
CMPDI.NS,2026-07-01,5.88,0.154,6.81,5.23,5.46,6.03,5.12,5,,0.7034,0.1617,,,55.06,28.2,1.52,-1,63.96,30.53,30.97,28.36,38.0,0.06,13.722,84.8,Buy,2026-07-01,,,,4
LIQUIDCASE.NS,2026-07-01,6.19,0.631,5.0,5.0,6.76,5.31,5.61,0,,,,,,,,0.0,0,100.0,99.91,,,,,-3.188,31.0,Buy,2026-07-01,,,,4
BEML.NS,2026-07-01,1.4,-0.154,1.92,4.8,1.54,1.24,1.44,4,-0.001,0.2331,0.0403,-0.1725,-0.445,35.23,22.66,0.59,0,58.44,13.65,108.03,4.86,8.0,10.57,-0.366,42.1,Avoid,2026-07-01,,,,1
JSWINFRA.NS,2026-07-01,3.79,0.831,3.65,3.9,4.42,2.57,2.73,5,0.1559,0.3739,0.2262,0.0494,0.165,39.28,19.74,2.44,-1,68.82,32.68,45.39,13.95,14.0,59.0,-0.275,67.6,Caution,2026-07-01,,,,2
SOLARINDS.NS,2026-07-01,3.83,0.785,6.91,6.16,3.89,3.58,3.59,6,0.4963,0.4531,0.0122,0.0954,0.298,32.27,19.08,1.19,0,59.88,22.07,100.55,31.33,37.0,23.27,0.87,82.1,Caution,2026-07-01,,,,2
SWIGGY.NS,2026-07-01,3.06,-0.615,4.89,4.38,2.51,3.83,2.74,3,-0.3732,-0.103,-0.0195,-0.3931,-1.109,37.86,26.46,-1.0,0,46.37,15.86,-14.64,-29.12,-24.0,13.93,-0.852,6.2,Caution,2026-07-01,,,,2
NTPC.NS,2026-07-01,6.39,0.0,5.57,6.02,6.12,6.88,6.56,5,0.1099,-0.0049,-0.0243,0.0859,0.462,19.92,14.73,-1.24,0,42.53,27.4,11.75,13.69,8.0,118.13,-0.257,37.2,Buy,2026-07-01,,,,4
MUTHOOTFIN.NS,2026-07-01,2.11,-0.415,7.34,3.9,1.68,2.58,1.5,5,-0.2133,-0.0972,-0.1064,0.1379,0.384,37.41,25.8,-1.98,1,34.59,15.07,11.05,30.41,15.8,379.71,0.686,6.9,Avoid,2026-07-01,,,,1
MOREPENLAB.NS,2026-07-01,4.54,0.738,3.79,5.09,5.13,3.46,4.0,4,0.5488,0.6578,0.3806,0.003,0.007,51.97,23.38,3.46,-1,80.39,38.46,36.23,7.86,8.0,16.67,-0.039,92.4,Hold,2026-07-01,,,,3
NIACL.NS,2026-07-01,6.84,0.492,4.87,5.95,7.2,6.21,6.74,5,0.1963,0.4859,0.2441,0.0059,0.013,65.79,25.34,1.31,-1,57.34,28.88,21.39,3.42,4.0,,-0.434,73.8,Buy,2026-07-01,,,,4
GOCOLORS.NS,2026-07-01,4.35,0.092,3.97,4.88,4.59,3.95,3.98,6,-0.2042,0.5096,0.1195,-0.5752,-1.173,72.5,37.73,1.19,-1,54.55,27.81,28.61,8.53,23.0,77.14,-1.143,40.7,Hold,2026-07-01,,,,3
BRITANNIA.NS,2026-07-01,4.74,-0.462,5.16,6.77,4.27,5.84,5.66,6,-0.129,-0.0387,0.0283,-0.0853,-0.42,20.45,16.45,-0.62,0,51.74,19.86,50.12,53.31,56.0,26.88,-0.353,12.4,Hold,2026-07-01,,,,3
TATACONSUM.NS,2026-07-01,3.28,-0.385,2.54,6.91,3.34,3.64,4.35,7,-0.0669,0.0558,-0.0464,-0.0215,-0.097,27.03,15.16,-1.13,0,40.54,24.27,69.93,6.94,9.0,12.16,-0.25,21.4,Caution,2026-07-01,,,,2
UNIONBANK.NS,2026-07-01,7.12,0.615,5.16,5.62,7.45,6.48,6.48,4,0.1532,0.0168,0.0491,0.213,0.673,33.52,21.61,0.35,0,57.39,13.24,6.87,15.71,6.3,,0.321,47.6,Buy,2026-07-01,,,,4
GMRAIRPORT.NS,2026-07-01,0.0,0.908,3.6,5.48,0.0,0.0,0.0,7,0.1037,0.2775,0.1493,0.3394,1.145,29.5,16.74,2.54,-1,72.73,30.61,873.31,11.6,12.0,,0.048,62.1,Avoid,2026-07-01,,,,1
BHARATFORG.NS,2026-07-01,3.11,0.8,2.34,5.87,3.59,2.42,3.17,5,0.4603,0.2838,0.089,0.6487,2.223,29.43,14.65,1.73,0,61.26,27.93,93.68,11.6,13.0,76.47,0.225,78.6,Caution,2026-07-01,,,,2
ANGELONE.NS,2026-07-01,7.0,0.646,6.77,4.61,7.09,6.15,5.24,2,0.4737,0.4133,0.0169,0.1882,0.457,46.6,21.25,0.82,0,53.3,16.8,34.56,15.53,15.0,129.31,0.221,80.7,Strong Buy,2026-07-01,,,,5
POWERGRID.NS,2026-07-01,5.18,0.0,4.29,5.48,5.28,5.1,5.24,6,0.1169,-0.0083,0.0088,-0.0077,-0.039,19.62,14.03,-0.95,0,45.92,16.51,14.28,16.49,10.0,150.99,-0.441,38.6,Hold,2026-07-01,,,,3
BANKBARODA.NS,2026-07-01,4.42,0.0,3.8,4.92,4.59,4.16,4.18,4,-0.0429,0.1237,0.0431,0.162,0.608,27.64,15.29,0.66,0,49.64,14.17,7.08,12.74,5.63,,-0.114,34.5,Hold,2026-07-01,,,,3
SUNPHARMA.NS,2026-07-01,8.24,0.862,5.49,7.09,8.58,7.9,8.46,6,0.0919,0.1019,0.0434,0.1167,0.598,23.27,13.98,0.93,0,61.29,25.58,38.98,14.72,21.0,5.52,0.277,45.5,Strong Buy,2026-07-01,,,,5
VBL.NS,2026-07-01,5.09,0.062,4.21,6.57,5.21,5.13,5.77,5,0.0669,0.2803,-0.0332,0.1207,0.419,30.06,14.24,0.3,0,49.33,17.02,54.92,19.7,20.0,12.71,-0.508,54.5,Hold,2026-07-01,,,,3
YESBANK.NS,2026-07-01,6.07,0.738,2.0,5.39,7.21,4.39,5.74,5,0.1502,0.3755,0.072,0.218,0.797,32.61,15.72,1.28,0,57.66,28.98,21.95,7.09,5.98,,-0.17,63.4,Hold,2026-07-01,,,,3
SGFIN.NS,2026-07-01,5.32,0.862,7.28,4.05,5.4,4.5,3.6,4,0.6683,0.4595,0.1425,,,48.48,20.87,2.37,-1,72.84,35.97,29.46,10.32,,185.19,1.677,89.0,Hold,2026-07-01,,,,3
WAAREEENER.NS,2026-07-01,5.18,-0.646,7.33,5.84,4.19,6.76,5.44,5,-0.0344,-0.0629,-0.067,-0.0231,-0.057,32.92,27.66,-1.65,0,34.34,14.02,22.35,31.57,39.0,21.4,0.139,17.2,Hold,2026-07-01,,,,3
TRENT.NS,2026-07-01,2.21,0.185,5.54,5.66,2.17,2.24,2.1,5,-0.2169,0.3921,0.1609,-0.4526,-0.966,31.54,16.0,2.31,-1,73.21,34.85,102.28,27.13,28.0,36.03,-0.665,35.9,Avoid,2026-07-01,,,,1
LTF.NS,2026-07-01,2.42,0.877,4.33,4.11,2.74,1.76,1.77,4,0.0343,0.3144,0.1674,0.5561,1.654,38.02,20.1,2.54,-1,70.78,25.58,26.34,11.12,8.4,393.44,0.717,59.3,Avoid,2026-07-01,,,,1
PNB.NS,2026-07-01,4.6,0.031,2.96,5.4,4.97,4.26,4.76,4,-0.0957,0.0592,0.046,0.0407,0.149,26.7,15.62,0.53,0,54.68,19.28,6.72,12.98,6.13,,-0.35,22.1,Hold,2026-07-01,,,,3
GVT&D.NS,2026-07-01,3.67,0.431,8.26,6.68,3.55,3.74,3.68,6,0.5568,0.2809,-0.0139,1.0998,2.594,47.38,29.79,0.56,0,47.71,20.79,102.08,55.26,76.0,0.89,1.631,80.0,Caution,2026-07-01,,,,2
NMDC.NS,2026-07-01,7.43,-0.108,7.93,6.99,6.81,8.56,7.99,6,0.0414,0.0797,-0.1222,0.2599,0.936,29.28,19.04,-1.68,0,37.17,23.35,9.95,23.36,28.0,18.8,-0.057,33.1,Strong Buy,2026-07-01,,,,5
INDUSINDBK.NS,2026-07-01,4.28,0.815,4.38,6.29,4.68,3.76,4.36,5,0.1208,0.2112,0.048,0.0996,0.353,31.95,18.12,1.25,0,58.0,18.6,82.81,1.36,5.68,,-0.717,57.9,Caution,2026-07-01,,,,2
DIVISLAB.NS,2026-07-01,4.64,0.231,5.2,6.58,4.58,4.88,4.96,6,0.0243,0.1082,-0.0047,-0.0062,-0.028,19.51,11.6,-0.11,0,42.17,20.01,67.68,16.19,22.0,0.04,0.537,36.6,Hold,2026-07-01,,,,3
NATIONALUM.NS,2026-07-01,6.66,-0.231,7.6,6.6,5.98,7.96,7.14,6,0.0756,-0.163,-0.234,0.8329,2.124,40.41,33.37,-2.2,1,33.36,32.56,10.0,29.42,40.0,0.28,0.8,13.8,Buy,2026-07-01,,,,4
KIRLOSENG.NS,2026-07-01,5.61,0.8,3.41,7.29,6.28,4.73,6.13,7,0.9185,0.6917,0.239,1.7149,3.712,59.89,23.03,1.84,-1,65.2,45.48,60.01,16.82,15.0,150.32,0.517,96.6,Hold,2026-07-01,,,,3
FEDERALBNK.NS,2026-07-01,7.12,0.908,4.67,6.37,7.72,6.28,7.21,4,0.2384,0.248,0.1008,0.5999,2.449,20.85,11.13,2.13,-1,74.39,40.01,18.95,11.73,6.39,,1.237,65.5,Strong Buy,2026-07-01,,,,5
RITES.NS,2026-07-02,7.2,0.554,6.99,5.64,7.07,7.19,6.48,7,-0.0659,0.1764,0.1234,-0.171,-0.53,39.58,18.66,1.52,0,62.49,26.72,26.37,16.4,22.0,0.24,-0.589,39.3,Strong Buy,2026-07-02,,,,5
RPOWER.NS,2026-07-02,2.43,-0.308,1.89,3.92,2.65,2.11,2.15,5,-0.2396,0.1373,-0.0325,-0.623,-1.242,47.26,26.27,-0.6,0,51.1,15.47,-32.32,-2.08,6.0,92.35,-0.188,9.7,Avoid,2026-07-02,,,,1
GENUSPOWER.NS,2026-07-02,5.49,-0.215,6.8,5.24,4.83,6.16,4.92,5,0.0393,0.3168,-0.0022,-0.1531,-0.377,44.49,26.06,0.1,0,47.24,25.75,14.73,29.0,24.0,103.82,-0.227,53.8,Hold,2026-07-02,,,,3
TARIL.NS,2026-07-02,4.78,0.477,5.18,4.53,4.96,4.11,3.67,5,0.2524,0.3017,0.1256,-0.2695,-0.447,49.0,28.55,2.11,-1,64.03,23.38,40.64,19.33,23.0,29.59,-0.21,70.3,Hold,2026-07-02,,,,3
JTEKTINDIA.NS,2026-07-02,3.41,0.554,3.61,5.2,3.81,2.77,3.15,4,0.0755,0.2013,0.2255,0.0467,0.105,40.38,20.43,2.88,-1,74.39,27.43,53.34,7.45,16.0,28.65,-0.566,62.1,Caution,2026-07-02,,,,2
SIGNPOST.NS,2026-07-02,8.5,0.677,7.62,6.04,8.5,8.15,7.87,5,0.3643,0.2879,0.1008,0.5021,0.964,58.01,32.48,1.43,0,61.86,22.97,22.63,27.3,25.0,69.75,-0.07,73.8,Strong Buy,2026-07-02,,,,5
CARTRADE.NS,2026-07-02,4.77,0.554,6.1,5.64,4.84,4.43,4.29,6,-0.0298,0.5764,0.4331,0.6123,1.08,56.48,25.95,1.94,-1,71.23,58.85,61.3,9.85,12.0,5.36,1.529,71.7,Hold,2026-07-02,,,,3
SAMMAANCAP.NS,2026-07-02,2.79,0.308,0.99,3.18,3.42,1.73,2.15,1,0.1943,0.1801,-0.0501,0.2217,0.527,38.6,21.95,0.89,0,53.54,23.33,-1.98,-35.01,4.92,273.03,-0.089,60.7,Avoid,2026-07-02,,,,1
HDFCLIFE.NS,2026-07-02,2.8,-0.431,2.96,5.85,2.81,3.1,3.42,4,-0.2353,-0.0121,-0.0006,-0.2959,-1.388,24.27,15.87,-1.1,0,42.27,13.97,64.41,11.28,10.0,27.55,-0.341,8.3,Caution,2026-07-02,,,,2
DABUR.NS,2026-07-02,5.26,-0.154,3.98,6.59,5.29,5.67,6.24,5,-0.1124,0.0805,0.0526,-0.0647,-0.278,27.06,17.55,0.32,0,61.52,13.9,41.89,16.24,20.0,10.91,-0.87,21.4,Hold,2026-07-02,,,,3
PAGEIND.NS,2026-07-02,4.86,0.785,5.94,6.69,4.99,4.64,4.88,7,0.1902,0.2683,0.1043,-0.1069,-0.441,26.6,15.07,2.7,-1,68.82,37.07,62.64,52.5,64.0,18.42,0.023,65.5,Hold,2026-07-02,,,,3
JINDALSTEL.NS,2026-07-02,5.46,-0.4,4.53,6.72,5.13,6.51,6.71,4,-0.0095,-0.0795,-0.1281,0.1106,0.396,23.07,18.39,-2.2,1,28.12,35.9,31.51,6.77,10.0,43.61,-0.217,14.5,Hold,2026-07-02,,,,3
MOTHERSON.NS,2026-07-02,8.06,0.738,4.85,6.8,8.6,7.31,8.33,5,0.2344,0.3633,0.0227,0.4343,1.255,36.52,19.22,1.22,0,57.3,36.34,40.33,10.11,13.0,43.91,-0.036,69.0,Strong Buy,2026-07-02,,,,5
DIVGIITTS.NS,2026-07-02,5.31,0.831,6.22,6.85,5.47,4.92,5.26,7,0.617,0.5475,0.2474,0.6755,1.664,50.81,19.33,2.64,-1,75.63,34.49,64.06,7.62,10.0,0.28,0.314,91.7,Hold,2026-07-02,,,,3
HDFCAMC.NS,2026-07-02,6.9,0.723,6.04,5.55,7.14,6.26,5.99,5,0.0553,0.1816,0.1177,0.0863,0.285,33.6,20.77,1.32,0,61.71,15.27,41.53,32.93,43.0,2.36,0.405,51.7,Strong Buy,2026-07-02,,,,5
INDUSTOWER.NS,2026-07-02,4.67,-0.477,3.88,6.22,4.45,5.54,5.81,7,-0.0836,-0.0981,-0.1085,-0.0887,-0.333,22.33,17.56,-2.19,1,25.5,25.3,14.16,19.81,19.0,53.29,-0.22,9.0,Hold,2026-07-02,,,,3
RECLTD.NS,2026-07-02,0.43,0.415,4.74,4.08,0.45,0.36,0.32,5,0.0587,0.1284,0.1026,-0.0319,-0.121,26.26,17.3,1.07,0,63.02,24.78,5.98,19.96,9.71,607.46,-0.609,48.3,Avoid,2026-07-02,,,,1
BIOCON.NS,2026-07-02,1.26,0.677,0.87,5.52,1.5,0.94,1.26,6,0.064,0.1806,0.0073,0.1798,0.707,20.83,9.75,0.67,0,55.18,22.64,149.5,1.15,4.0,42.15,0.069,46.9,Avoid,2026-07-02,,,,1
HEXT.NS,2026-07-02,4.82,0.185,4.96,5.6,4.8,4.95,4.71,5,-0.2581,0.2567,0.0501,-0.3447,-0.861,37.8,21.44,2.19,-1,69.99,21.78,24.61,22.27,30.0,10.52,-0.648,17.2,Hold,2026-07-02,,,,3
CMPDI.NS,2026-07-02,6.16,0.292,6.82,5.26,5.84,6.14,5.31,5,,0.7567,0.1545,,,54.87,28.2,1.54,-1,64.72,30.61,31.18,28.36,38.0,0.06,13.73,88.3,Buy,2026-07-02,,,,4
BEML.NS,2026-07-02,1.62,0.185,1.91,4.82,1.86,1.29,1.56,4,0.0066,0.2384,0.0762,-0.1597,-0.412,34.45,22.66,1.15,0,62.86,13.36,109.95,4.86,8.0,10.57,-0.33,49.7,Avoid,2026-07-02,,,,1
SOLARINDS.NS,2026-07-02,3.83,0.769,6.83,6.15,3.9,3.57,3.58,6,0.5132,0.4234,0.0044,0.0813,0.254,32.28,19.08,1.2,0,60.34,21.42,100.26,31.33,37.0,23.27,0.716,82.8,Caution,2026-07-02,,,,2
JSWINFRA.NS,2026-07-02,4.0,0.8,3.64,3.99,4.67,2.71,2.9,5,0.1534,0.3766,0.2041,0.0518,0.173,35.49,19.82,2.18,-1,66.28,33.43,45.05,13.95,14.0,59.0,-0.274,68.3,Caution,2026-07-02,,,,2
NIACL.NS,2026-07-02,6.74,0.492,4.86,5.95,7.07,6.12,6.59,5,0.2045,0.5144,0.2373,-0.0161,-0.036,65.2,25.34,1.61,-1,59.99,28.88,21.9,3.42,4.0,,-0.397,74.5,Buy,2026-07-02,,,,4
MOREPENLAB.NS,2026-07-02,5.22,0.785,3.82,5.02,5.92,3.95,4.56,4,0.4558,0.5558,0.3307,-0.0279,-0.062,52.47,25.21,2.66,-1,70.22,40.45,34.56,7.86,8.0,16.67,-0.073,89.0,Hold,2026-07-02,,,,3
GOCOLORS.NS,2026-07-02,4.62,0.123,4.02,4.89,4.88,4.23,4.19,6,-0.222,0.3499,-0.0443,-0.59,-1.204,73.17,38.74,0.82,0,49.73,28.08,27.33,8.53,23.0,77.14,-1.155,23.4,Hold,2026-07-02,,,,3
BHARATFORG.NS,2026-07-02,2.83,0.862,2.35,5.96,3.28,2.18,2.88,5,0.479,0.2863,0.1091,0.6503,2.225,26.66,14.65,2.05,-1,65.42,29.06,95.25,11.6,13.0,76.47,0.284,78.6,Caution,2026-07-02,,,,2
POWERGRID.NS,2026-07-02,5.04,0.0,4.29,5.47,5.14,4.94,5.01,6,0.1014,-0.0235,0.0126,-0.0076,-0.039,19.62,14.02,-0.88,0,47.08,15.46,14.34,16.49,10.0,150.99,-0.444,40.0,Hold,2026-07-02,,,,3
YESBANK.NS,2026-07-02,5.91,0.677,2.01,5.42,7.01,4.3,5.6,5,0.1227,0.3361,0.065,0.1922,0.702,31.45,15.96,1.08,0,54.07,28.09,21.65,7.09,5.98,,-0.178,64.8,Hold,2026-07-02,,,,3
SGFIN.NS,2026-07-02,5.42,0.862,7.28,4.03,5.55,4.51,3.63,4,0.6021,0.4765,0.1422,,,48.47,20.87,2.36,-1,72.97,38.06,29.54,10.32,,185.19,1.676,89.7,Hold,2026-07-02,,,,3
WAAREEENER.NS,2026-07-02,5.09,-0.646,7.33,5.81,4.11,6.67,5.31,5,-0.0298,-0.0665,-0.0625,-0.0822,-0.202,32.79,27.66,-1.58,0,34.59,15.31,22.34,31.57,39.0,21.4,0.14,15.2,Hold,2026-07-02,,,,3
LTF.NS,2026-07-02,2.39,0.908,4.34,4.15,2.71,1.75,1.75,4,0.0081,0.2468,0.182,0.546,1.626,34.36,20.1,2.56,-1,71.99,27.42,26.54,11.12,8.4,393.44,0.763,54.5,Avoid,2026-07-02,,,,1
PNB.NS,2026-07-02,4.47,0.0,2.96,5.45,4.81,4.17,4.63,4,-0.1097,0.033,0.0412,-0.0044,-0.016,23.44,15.67,0.36,0,52.24,18.59,6.63,12.98,6.13,,-0.334,18.6,Hold,2026-07-02,,,,3
NMDC.NS,2026-07-02,7.6,-0.031,7.94,6.98,7.05,8.6,8.08,6,0.0601,0.0512,-0.0964,0.2772,0.998,29.3,19.04,-1.27,0,42.61,23.06,10.1,23.36,28.0,18.8,0.016,35.2,Strong Buy,2026-07-02,,,,5
INDUSINDBK.NS,2026-07-02,4.24,0.785,4.38,6.36,4.61,3.77,4.34,5,0.0935,0.202,0.0463,0.0836,0.298,29.23,18.12,1.28,0,58.5,19.2,82.84,1.36,5.68,,-0.694,56.6,Caution,2026-07-02,,,,2
KIRLOSENG.NS,2026-07-02,5.75,0.8,3.41,7.3,6.44,4.85,6.29,7,0.8994,0.6389,0.1905,1.7154,3.713,59.44,23.1,1.7,-1,63.56,45.11,59.37,16.82,15.0,150.32,0.523,95.9,Hold,2026-07-02,,,,3
HDFCBANK.NS,2026-07-02,4.52,0.215,2.17,5.45,5.19,3.74,4.57,5,-0.1838,0.0494,0.0727,-0.1895,-0.971,22.02,14.46,1.36,0,63.19,26.09,17.76,13.82,7.04,,-0.472,18.5,Hold,2026-07-02,,,,3
RELIANCE.NS,2026-07-02,3.62,-0.585,2.22,5.96,3.63,4.1,4.75,5,-0.1661,0.0037,0.0045,-0.1238,-0.618,21.39,14.76,-0.79,0,46.09,15.84,21.86,9.14,10.0,36.65,-0.715,16.4,Caution,2026-07-02,,,,2
ICICIBANK.NS,2026-07-02,6.0,0.569,3.58,5.88,6.76,4.97,5.97,3,0.0425,0.1369,0.1185,-0.0242,-0.131,20.36,12.31,1.91,0,70.88,32.68,18.72,16.36,7.2,,0.159,54.1,Buy,2026-07-02,,,,4
RHIM.NS,2026-07-02,2.58,0.185,2.22,5.46,2.9,2.22,2.67,7,-0.0919,0.1077,0.0051,-0.1608,-0.403,45.76,31.39,0.77,0,58.97,14.77,75.8,-10.13,7.0,12.6,-0.712,29.5,Avoid,2026-07-02,,,,1
ZENSARTECH.NS,2026-07-02,5.81,-0.338,7.26,6.12,5.09,7.1,6.03,6,-0.3335,-0.1544,-0.0295,-0.436,-1.349,39.26,27.15,-0.72,0,52.08,24.76,13.87,23.5,24.0,1.68,-0.713,5.5,Hold,2026-07-02,,,,3
INFY.NS,2026-07-02,3.79,-0.585,6.14,4.7,3.0,4.87,3.28,8,-0.3417,-0.1859,-0.1148,-0.3259,-1.144,37.93,29.58,-1.44,0,41.7,23.52,13.79,31.44,40.0,9.83,-0.888,2.7,Caution,2026-07-02,,,,2
SBIN.NS,2026-07-02,6.34,0.754,4.72,5.08,7.05,5.07,5.38,2,0.09,0.0366,0.0739,0.305,1.365,24.86,19.39,0.77,0,62.78,13.48,11.54,15.48,6.13,,0.385,47.9,Buy,2026-07-02,,,,4
BSE.NS,2026-07-02,5.43,-0.123,8.39,6.89,4.95,6.07,5.77,8,0.4568,0.2858,-0.0493,0.3843,0.963,30.91,19.69,-0.11,0,42.97,15.29,63.55,36.0,58.0,0.0,2.108,76.7,Hold,2026-07-02,,,,3
ETERNAL.NS,2026-07-02,0.0,0.415,3.25,6.01,0.0,0.0,0.0,6,0.0059,0.2046,0.0997,0.0589,0.172,32.11,18.93,3.08,-1,70.31,19.68,717.18,1.19,3.0,14.83,0.241,53.4,Avoid,2026-07-02,,,,1
TCS.NS,2026-07-02,5.22,-0.569,6.59,6.21,4.33,6.86,5.8,6,-0.3343,-0.1527,-0.0772,-0.3791,-1.488,34.88,28.13,-1.48,0,40.89,23.34,15.21,48.4,63.0,10.39,-1.367,4.1,Hold,2026-07-02,,,,3
ADANIENT.NS,2026-07-02,4.11,0.785,1.36,3.82,5.2,2.23,3.02,2,0.4194,0.6712,0.0693,0.2136,0.62,33.48,14.56,1.49,-1,67.57,39.5,43.2,13.66,6.0,119.56,-0.16,87.7,Caution,2026-07-02,,,,2
LT.NS,2026-07-02,5.75,0.523,3.96,5.52,6.39,4.79,5.36,3,0.0038,0.0996,0.0298,0.117,0.47,21.55,13.02,0.41,0,47.01,20.42,34.68,16.95,15.0,97.64,0.016,43.8,Hold,2026-07-02,,,,3
MCX.NS,2026-07-02,6.26,0.169,9.29,6.68,5.92,6.65,6.35,6,0.3125,0.1468,0.0103,0.6404,1.726,34.25,23.28,-0.19,0,51.63,21.91,56.08,37.88,71.0,0.11,2.316,70.5,Buy,2026-07-02,,,,4
BHARTIARTL.NS,2026-07-02,5.61,0.185,4.5,6.37,5.8,5.67,6.2,6,-0.1095,0.0459,0.0308,-0.0592,-0.308,21.79,14.49,0.69,0,54.89,13.77,42.29,19.36,18.0,99.72,0.458,25.3,Hold,2026-07-02,,,,3
EXIDEIND.NS,2026-07-02,6.15,0.8,2.93,6.84,7.02,5.11,6.76,8,0.1637,0.4107,0.0449,0.0928,0.32,38.7,16.47,2.13,-1,69.35,21.7,41.81,6.17,9.0,11.31,-0.67,72.6,Hold,2026-07-02,,,,3
PERSISTENT.NS,2026-07-02,4.34,-0.569,6.6,5.61,3.5,5.64,4.31,5,-0.2671,-0.1373,-0.1056,-0.237,-0.688,43.63,35.91,-1.49,0,41.57,19.83,38.47,26.35,34.0,6.09,-0.139,7.5,Hold,2026-07-02,,,,3
BAJFINANCE.NS,2026-07-02,2.79,0.585,4.35,4.05,3.14,2.05,2.0,4,0.0384,0.2043,0.1718,0.0941,0.323,25.98,15.57,2.56,-1,72.96,32.32,33.34,17.91,10.8,313.41,0.499,58.9,Avoid,2026-07-02,,,,1
M&M.NS,2026-07-02,6.19,0.169,5.39,6.25,5.96,6.74,6.54,5,-0.1348,0.0621,0.064,0.0163,0.059,27.53,18.7,0.96,0,59.31,13.6,20.87,18.75,15.0,125.07,0.008,24.7,Buy,2026-07-02,,,,4
APOLLO.NS,2026-07-02,1.54,0.831,4.77,4.64,1.72,1.14,1.19,4,0.616,1.1993,0.0485,1.2869,2.18,72.96,31.17,1.33,-1,61.58,29.62,139.98,11.21,14.0,41.53,1.707,95.9,Avoid,2026-07-02,,,,1
COFORGE.NS,2026-07-02,6.85,0.031,6.92,6.28,6.44,7.52,6.9,8,-0.1309,0.1817,0.0038,-0.2456,-0.649,47.44,29.66,0.84,0,51.33,19.6,32.88,18.6,24.0,7.52,0.202,31.5,Strong Buy,2026-07-02,,,,5
WIPRO.NS,2026-07-02,3.94,-0.708,4.87,5.9,3.37,5.15,4.69,4,-0.322,-0.118,-0.1484,-0.3157,-1.259,28.65,24.65,-1.65,0,35.77,29.37,13.85,15.44,18.0,22.85,-0.861,4.8,Caution,2026-07-02,,,,2
FORCEMOT.NS,2026-07-02,5.02,-0.246,6.88,5.13,4.4,5.79,4.43,6,-0.0583,-0.0857,0.0417,0.2073,0.393,43.22,30.31,-0.16,0,56.79,10.2,21.06,33.51,36.0,,0.758,21.2,Hold,2026-07-02,,,,3
SONATSOFTW.NS,2026-07-02,6.25,-0.031,5.88,6.36,5.82,7.16,6.69,6,-0.2361,0.1782,0.0336,-0.3179,-0.7,61.14,28.87,0.23,0,48.32,29.86,16.34,25.72,31.0,37.96,-0.849,19.2,Buy,2026-07-02,,,,4
BANKBARODA.NS,2026-07-02,3.08,-0.585,3.74,4.96,2.89,3.48,3.31,4,-0.092,0.0343,-0.0097,0.0799,0.296,25.3,17.54,-0.58,0,38.52,15.18,6.78,12.74,5.63,,-0.144,24.0,Avoid,2026-07-02,,,,1
DELHIVERY.NS,2026-07-02,0.29,0.923,1.76,6.11,0.34,0.22,0.3,5,0.2611,0.1684,0.1619,0.3305,1.066,30.65,18.41,3.1,-1,71.2,25.81,257.22,1.6,3.0,15.1,0.208,71.9,Avoid,2026-07-02,,,,1
DIXON.NS,2026-07-02,3.98,0.092,4.24,4.96,4.2,3.57,3.66,5,0.0224,0.2363,0.077,-0.1738,-0.46,38.92,21.39,1.72,0,59.78,15.28,45.99,37.13,42.0,18.46,-0.174,56.2,Caution,2026-07-02,,,,2
PCJEWELLER.NS,2026-07-02,5.1,0.185,6.0,4.51,4.95,4.87,3.78,6,0.0336,0.1643,0.0683,-0.2005,-0.404,41.75,24.53,1.79,0,69.24,14.95,11.87,9.95,10.0,14.27,0.614,51.4,Hold,2026-07-02,,,,3
SHRIRAMFIN.NS,2026-07-02,4.12,0.785,5.05,4.56,4.45,3.3,3.08,5,0.0891,0.1964,0.1684,0.5401,1.543,39.15,21.24,1.93,-1,72.23,23.75,20.04,16.38,11.5,276.21,0.928,64.4,Caution,2026-07-02,,,,2
TVSMOTOR.NS,2026-07-02,3.36,0.492,4.75,5.91,3.6,3.04,3.27,5,-0.0216,0.0399,0.0786,0.2473,0.927,28.86,20.38,0.89,0,62.76,12.21,57.03,31.62,17.0,306.09,0.688,38.4,Caution,2026-07-02,,,,2
HFCL.NS,2026-07-02,2.62,0.646,3.15,5.52,3.03,1.95,2.47,4,2.018,1.8072,0.0381,1.3675,2.988,60.97,27.4,1.22,-1,60.98,47.57,96.5,7.27,11.0,38.32,0.605,100.0,Avoid,2026-07-02,,,,1
EICHERMOT.NS,2026-07-02,7.21,0.154,6.21,6.45,6.97,7.66,7.42,6,-0.0085,0.0992,0.0197,0.2983,1.125,28.43,18.92,0.07,0,46.15,17.49,36.14,23.77,31.0,2.05,0.786,41.8,Buy,2026-07-02,,,,4
PARAS.NS,2026-07-02,2.28,0.738,4.95,6.1,2.46,1.94,2.19,7,0.9635,1.0886,0.5035,0.6837,1.326,69.82,29.48,1.99,-1,67.36,41.07,122.27,13.14,17.0,3.73,-0.154,98.6,Avoid,2026-07-02,,,,1
OLAELEC.NS,2026-07-02,3.79,0.615,0.22,2.91,4.77,2.13,2.84,2,0.2558,0.5591,0.0506,0.0544,0.081,71.63,33.28,1.6,-1,61.67,24.09,-10.94,-43.16,-20.0,82.45,-0.572,78.1,Caution,2026-07-02,,,,2
ADANIPORTS.NS,2026-07-02,5.93,0.8,3.18,4.76,7.01,4.09,5.0,4,0.2867,0.3634,0.056,0.3041,1.13,24.48,13.36,1.39,0,64.6,15.47,32.35,15.59,14.0,64.05,0.238,76.0,Hold,2026-07-02,,,,3
AEGISLOG.NS,2026-07-02,5.77,0.769,5.04,7.06,6.11,5.17,5.94,8,0.8785,1.2129,0.749,0.7059,1.697,53.19,18.18,2.89,-1,93.16,63.0,51.64,15.26,14.0,47.24,0.4,99.3,Hold,2026-07-02,,,,3
HINDUNILVR.NS,2026-07-02,5.82,-0.138,5.62,7.32,5.53,6.55,6.64,8,-0.0358,0.0711,0.0739,-0.0192,-0.092,24.01,14.71,0.28,0,58.0,16.76,48.94,21.6,28.0,3.02,-0.519,39.0,Buy,2026-07-02,,,,4
RAMCOSYS.NS,2026-07-02,4.47,0.569,6.27,6.69,4.49,4.3,4.49,6,0.4033,1.0699,0.6708,0.9508,1.594,79.55,23.71,2.62,-1,79.18,53.14,71.55,12.49,19.0,12.1,0.729,95.2,Hold,2026-07-02,,,,3
SILVERBEES.NS,2026-07-02,4.71,-0.123,5.0,5.0,4.67,4.88,4.75,0,,,,,,,,0.0,0,41.92,21.54,,,,,1.167,26.0,Hold,2026-07-02,,,,3
KPITTECH.NS,2026-07-02,2.71,-0.662,4.52,4.63,2.27,3.41,2.63,3,-0.5223,-0.1958,-0.2771,-0.5529,-1.485,47.22,42.5,-4.32,1,17.06,28.59,23.97,19.73,26.0,23.62,-1.243,1.4,Avoid,2026-07-02,,,,1
AXISBANK.NS,2026-07-02,4.37,0.615,1.63,4.32,5.37,2.72,3.45,3,0.0734,0.0942,0.0872,0.1372,0.585,20.22,13.28,1.06,0,58.29,21.6,16.13,13.15,6.24,,-0.091,52.7,Hold,2026-07-02,,,,3
CANBK.NS,2026-07-02,4.16,-0.323,4.8,5.27,3.92,4.59,4.13,3,-0.1555,0.0024,-0.0173,0.1455,0.501,27.86,20.18,-0.8,0,43.71,13.79,5.83,15.94,6.52,,0.051,17.1,Hold,2026-07-02,,,,3
ZEEL.NS,2026-07-02,5.86,0.692,3.24,5.34,6.78,4.39,5.37,7,0.1912,0.4534,0.0262,-0.2519,-0.608,57.56,30.8,0.99,0,52.29,29.65,38.0,2.33,3.0,2.26,-0.499,74.0,Hold,2026-07-02,,,,3
TATASTEEL.NS,2026-07-02,7.0,-0.092,5.15,7.65,6.77,7.76,8.06,7,0.0636,-0.0233,-0.0904,0.1989,0.739,20.74,15.96,-2.1,1,34.81,23.75,21.7,11.16,13.0,89.02,-0.016,34.9,Strong Buy,2026-07-02,,,,5
HSCL.NS,2026-07-02,6.11,0.492,5.8,5.55,6.18,5.63,5.35,4,0.3601,0.4697,0.0322,0.2815,0.868,42.81,25.39,0.86,0,52.76,21.91,44.06,17.7,22.0,16.17,0.585,79.5,Buy,2026-07-02,,,,4
INDIGO.NS,2026-07-02,0.0,0.538,0.99,5.03,0.0,0.0,0.0,3,0.0849,0.2982,0.2074,-0.0624,-0.19,39.24,20.62,2.41,-1,73.37,32.82,-87.68,7.12,7.0,866.46,0.225,69.9,Avoid,2026-07-02,,,,1
DMART.NS,2026-07-02,2.82,0.308,3.84,6.02,3.06,2.56,2.95,5,0.107,-0.08,0.0115,-0.0424,-0.172,23.32,16.62,-0.67,0,45.51,24.34,92.12,12.94,17.0,9.91,-0.468,42.5,Avoid,2026-07-02,,,,1
KOTAKBANK.NS,2026-07-02,4.0,-0.123,1.59,5.56,4.42,3.64,4.48,3,-0.093,0.1075,0.0467,-0.0761,-0.356,20.42,14.47,1.19,0,53.56,18.83,20.6,11.39,6.93,,-0.004,32.2,Caution,2026-07-02,,,,2
ADFFOODS.NS,2026-07-02,8.1,0.877,6.05,6.4,8.39,7.36,7.79,7,0.563,0.782,0.0923,0.1543,0.33,51.57,19.54,1.5,-1,64.6,44.63,38.72,16.89,23.0,9.63,0.204,92.5,Strong Buy,2026-07-02,,,,5
SONACOMS.NS,2026-07-02,4.02,0.8,3.86,6.63,4.5,3.38,4.23,7,0.39,0.3039,0.1049,0.389,1.239,31.97,18.02,3.3,-1,76.74,24.65,64.43,10.69,14.0,7.21,-0.192,78.8,Caution,2026-07-02,,,,2
CGPOWER.NS,2026-07-02,2.52,0.585,6.04,6.06,2.56,2.34,2.35,4,0.4841,0.3959,0.0229,0.4095,1.298,32.47,18.08,1.3,0,58.82,20.41,124.44,19.56,27.0,1.45,0.258,83.6,Avoid,2026-07-02,,,,1
GVT&D.NS,2026-07-02,3.77,0.4,8.26,6.71,3.66,3.81,3.75,6,0.5396,0.2954,-0.0518,1.0463,2.466,47.52,29.94,0.34,0,45.45,20.35,100.56,55.26,76.0,0.89,1.57,80.8,Caution,2026-07-02,,,,2
BHEL.NS,2026-07-02,4.06,0.492,4.25,7.08,4.38,3.67,4.48,9,0.3983,0.6363,0.0328,0.5126,1.452,37.6,20.66,0.57,0,52.11,25.14,87.57,6.29,9.0,31.31,0.274,86.3,Caution,2026-07-02,,,,2
BHARATSE.NS,2026-07-02,4.91,0.677,5.82,7.17,5.01,4.7,5.1,8,0.3984,0.5138,0.2808,1.3081,2.172,54.96,27.3,4.92,-1,80.91,19.55,35.83,19.91,20.0,47.94,2.101,87.0,Hold,2026-07-02,,,,3
LIQUIDBEES.NS,2026-07-02,6.06,0.523,5.0,5.0,6.58,5.28,5.55,0,,,,,,,,0.0,0,53.78,87.3,,,,,-3.697,32.9,Buy,2026-07-02,,,,4
NETWEB.NS,2026-07-02,2.55,0.554,5.67,6.11,2.61,2.39,2.45,3,0.4257,0.3749,-0.1012,1.4064,2.369,63.87,37.39,0.41,0,45.74,24.05,121.47,32.83,38.0,39.02,0.402,77.4,Avoid,2026-07-02,,,,1
ADANIPOWER.NS,2026-07-02,6.97,0.031,8.28,5.72,6.39,7.33,6.36,5,0.5704,0.3754,-0.0238,0.9168,2.15,38.14,20.66,0.23,0,48.06,13.59,33.92,20.91,17.0,82.33,0.446,85.6,Strong Buy,2026-07-02,,,,5
MARUTI.NS,2026-07-02,4.88,0.138,5.49,6.1,4.79,5.09,4.92,5,-0.1407,0.1308,0.0983,0.1696,0.702,25.46,15.97,3.01,-1,66.3,14.9,30.76,14.43,19.0,0.1,0.168,30.1,Hold,2026-07-02,,,,3
ASIANPAINT.NS,2026-07-02,6.51,0.754,7.31,7.12,6.56,6.43,6.52,6,-0.0004,0.2674,0.0401,0.1843,0.775,22.5,10.42,1.47,0,63.66,34.08,60.87,20.89,26.0,17.85,-0.383,54.8,Buy,2026-07-02,,,,4
ASHOKLEY.NS,2026-07-02,3.38,0.385,5.11,4.7,3.48,3.04,2.71,2,-0.065,0.1102,0.1405,0.3445,0.951,40.55,25.87,0.71,0,61.01,14.41,27.87,21.64,14.0,344.74,0.462,41.1,Caution,2026-07-02,,,,2
BEL.NS,2026-07-02,5.69,0.123,6.0,6.3,5.51,6.02,5.78,7,0.0431,-0.0283,0.0126,-0.0088,-0.035,20.79,15.29,-0.68,0,49.17,19.02,50.13,27.56,37.0,0.27,0.378,37.0,Hold,2026-07-02,,,,3
TECHM.NS,2026-07-02,5.76,-0.154,4.75,6.52,5.65,6.37,6.73,6,-0.0824,0.0072,-0.0184,-0.1096,-0.396,36.56,24.81,0.25,0,52.51,10.95,26.21,16.61,23.0,7.27,-0.15,22.6,Hold,2026-07-02,,,,3
PAISALO.NS,2026-07-02,4.54,0.8,5.63,4.7,4.82,3.68,3.49,4,0.9829,0.9917,0.2989,1.2869,2.864,55.38,20.17,2.81,-1,84.18,56.95,27.45,14.26,12.3,243.15,-0.197,97.3,Hold,2026-07-02,,,,3
POWERINDIA.NS,2026-07-02,1.66,-0.092,6.95,6.49,1.54,1.8,1.75,7,0.8446,0.3502,-0.0753,0.6886,1.59,41.24,26.16,0.04,0,44.32,15.63,151.71,21.04,29.0,1.66,1.078,91.8,Avoid,2026-07-02,,,,1
TMCV.NS,2026-07-02,4.63,0.277,5.02,5.79,4.69,4.46,4.47,7,0.0721,0.1384,0.1924,,,39.39,22.92,1.51,-1,68.72,29.38,53.46,26.05,36.0,44.09,1.317,59.6,Hold,2026-07-02,,,,3
IDEA.NS,2026-07-02,8.26,0.738,4.97,6.33,8.87,7.23,8.17,5,0.3457,0.653,-0.0301,0.9489,1.922,36.83,14.41,0.87,0,55.98,27.49,4.51,-1.6,-2.0,,-0.271,82.9,Strong Buy,2026-07-02,,,,5
LAURUSLABS.NS,2026-07-02,3.75,0.923,4.26,7.4,4.13,3.26,4.03,6,0.3804,0.4454,0.0706,1.1119,3.823,27.03,13.37,1.64,-1,70.44,39.6,93.0,17.74,18.0,46.37,2.468,80.1,Caution,2026-07-02,,,,2
BAJAJ-AUTO.NS,2026-07-02,6.8,0.0,7.55,6.09,6.29,7.43,6.63,4,0.0699,0.1178,-0.0487,0.1934,0.876,22.81,13.4,-0.46,0,44.72,21.12,25.61,28.05,28.0,56.35,-0.079,46.6,Strong Buy,2026-07-02,,,,5
HCLTECH.NS,2026-07-02,3.54,-0.569,7.03,4.09,2.67,4.56,2.57,8,-0.3182,-0.217,-0.0772,-0.3496,-1.339,35.35,31.29,-1.18,0,38.94,23.39,17.58,23.36,31.0,6.93,-0.68,3.4,Caution,2026-07-02,,,,2
ADANIENSOL.NS,2026-07-02,2.71,0.708,3.29,4.54,3.19,1.82,2.15,5,0.5155,0.5705,0.0243,0.7657,2.028,40.43,21.35,1.23,0,61.75,20.6,83.88,9.66,10.0,194.5,0.371,89.0,Avoid,2026-07-02,,,,1
DATAPATTNS.NS,2026-07-02,3.83,0.615,4.8,6.8,4.09,3.44,4.04,8,0.7729,0.4846,0.1107,0.6102,1.283,53.87,28.06,1.36,0,58.71,19.75,95.99,16.73,23.0,0.3,0.328,93.2,Caution,2026-07-02,,,,2
LODHA.NS,2026-07-02,3.56,0.308,4.31,4.44,3.82,2.91,2.74,6,-0.0519,0.4167,0.1411,-0.2707,-0.788,37.55,23.37,2.64,-1,68.83,25.24,29.4,15.71,17.0,42.24,-0.619,61.0,Caution,2026-07-02,,,,2
OFSS.NS,2026-07-02,9.04,0.877,7.86,7.29,9.16,8.57,8.93,7,0.4701,0.6105,0.0879,0.2771,0.875,36.37,15.82,1.63,-1,71.44,27.85,36.38,32.61,45.0,0.41,0.034,89.7,Strong Buy,2026-07-02,,,,5
APARINDS.NS,2026-07-02,4.46,0.154,4.77,6.13,4.58,4.24,4.7,6,0.8012,0.5359,0.1155,0.8002,1.768,44.66,26.14,1.09,-1,52.64,36.38,62.32,19.74,31.0,17.72,0.592,93.8,Hold,2026-07-02,,,,3
SAIL.NS,2026-07-02,6.59,-0.138,4.53,7.63,6.57,7.08,7.95,8,0.1438,0.0479,-0.1479,0.2897,0.828,40.26,21.06,-1.35,1,34.08,30.7,20.55,5.66,8.0,52.9,0.048,45.9,Buy,2026-07-02,,,,4
CUPID.NS,2026-07-02,0.55,0.708,7.64,6.46,0.56,0.52,0.53,6,0.8535,1.1689,0.4431,7.9314,14.348,40.89,23.3,2.0,-1,87.07,39.47,243.11,27.3,33.0,12.51,4.643,97.9,Avoid,2026-07-02,,,,1
HEROMOTOCO.NS,2026-07-02,6.32,-0.585,8.19,7.02,5.34,8.16,7.2,5,-0.1402,-0.0463,-0.0031,0.1888,0.706,23.73,18.18,-1.03,0,44.31,13.09,16.98,28.03,36.0,3.57,-0.383,15.8,Hold,2026-07-02,,,,3
ITC.NS,2026-07-02,5.07,-0.585,6.97,6.04,4.13,6.64,5.4,4,-0.2456,0.01,0.0342,-0.2699,-1.419,17.31,12.24,-0.46,0,50.62,15.27,17.55,29.34,39.0,3.29,-1.013,11.6,Hold,2026-07-02,,,,3
ADANIGREEN.NS,2026-07-02,0.71,0.785,4.42,4.44,0.81,0.5,0.52,4,0.5321,0.6884,0.0927,0.5164,1.233,36.17,18.55,1.29,0,62.62,35.79,160.83,7.58,7.0,346.55,-0.267,91.1,Avoid,2026-07-02,,,,1
TITAN.NS,2026-07-02,3.94,0.815,5.38,5.89,4.2,3.48,3.57,5,0.106,0.0553,0.0591,0.218,0.927,27.71,19.56,1.25,0,64.52,13.77,78.37,37.13,26.0,195.0,0.372,52.1,Caution,2026-07-02,,,,2
TMPV.NS,2026-07-02,3.15,-0.615,2.57,5.49,3.08,3.53,3.86,3,-0.0504,0.1347,-0.1273,-0.493,-0.978,35.2,24.09,-0.76,0,39.36,18.04,1.48,-1.12,3.0,70.36,-1.111,30.8,Avoid,2026-07-02,,,,1
TRENT.NS,2026-07-02,2.11,0.169,5.43,5.67,2.09,2.12,2.0,5,-0.2235,0.3001,0.171,-0.4656,-0.994,31.35,16.0,2.32,-1,74.46,36.77,102.91,27.13,28.0,36.03,-0.661,36.3,Avoid,2026-07-02,,,,1
MUTHOOTFIN.NS,2026-07-02,2.09,-0.4,7.45,4.03,1.66,2.53,1.46,5,-0.2196,-0.0958,-0.0694,0.1337,0.372,33.29,25.62,-1.69,0,37.44,16.34,11.18,30.41,15.8,379.71,0.699,10.3,Avoid,2026-07-02,,,,1
DLF.NS,2026-07-02,3.64,0.508,4.18,4.26,4.12,2.7,2.71,7,-0.0425,0.2438,0.1391,-0.2086,-0.743,30.6,18.82,2.83,-1,67.61,22.01,36.89,10.03,6.0,0.67,-0.542,50.7,Caution,2026-07-02,,,,2
GROWW.NS,2026-07-02,5.09,0.169,9.33,5.64,4.76,5.24,4.51,6,0.3196,0.2217,0.0837,,,41.5,25.18,0.65,0,61.04,22.67,60.43,28.72,37.0,3.03,1.789,74.7,Hold,2026-07-02,,,,3
HINDALCO.NS,2026-07-02,4.18,-0.231,3.14,5.61,4.39,4.12,4.65,2,0.0705,0.0235,-0.1567,0.38,1.381,29.67,20.34,-1.75,0,33.53,29.65,15.76,10.29,14.0,72.6,0.394,35.6,Hold,2026-07-02,,,,3
IOC.NS,2026-07-02,7.46,0.0,7.2,7.39,7.01,8.47,8.07,6,-0.1385,0.0565,0.0192,0.0275,0.106,28.88,18.8,-0.08,0,49.85,13.32,4.63,20.97,19.0,58.45,-0.369,20.5,Buy,2026-07-02,,,,4
PHOENIXLTD.NS,2026-07-02,4.51,0.862,4.92,6.16,4.89,3.9,4.38,6,0.0868,0.3195,0.1638,0.2386,0.884,29.19,14.44,3.04,-1,74.83,30.65,57.63,11.06,13.0,37.21,-0.005,69.2,Hold,2026-07-02,,,,3
TATAPOWER.NS,2026-07-02,3.25,-0.292,3.83,4.63,3.28,3.19,3.03,4,-0.0023,-0.0133,-0.0781,-0.0659,-0.317,22.79,15.41,-1.87,0,28.48,23.92,32.14,11.34,11.0,168.05,-0.488,28.8,Caution,2026-07-02,,,,2
SAKSOFT.NS,2026-07-02,6.98,0.508,6.31,6.76,6.99,6.92,7.05,7,-0.0946,0.4122,0.2653,-0.0988,-0.196,67.6,31.09,2.51,-1,63.02,30.15,17.63,19.06,26.0,5.61,-0.358,61.6,Strong Buy,2026-07-02,,,,5
ONGC.NS,2026-07-02,6.75,-0.308,6.13,7.94,6.17,8.09,7.78,7,0.0047,-0.1628,-0.1181,0.0185,0.081,25.89,20.21,-1.66,1,26.79,46.39,7.17,12.7,14.0,42.55,-0.331,17.8,Buy,2026-07-02,,,,4
BAJAJFINSV.NS,2026-07-02,2.73,0.185,3.09,3.86,3.14,2.0,2.11,3,-0.0895,0.1106,0.0863,-0.0967,-0.428,22.13,13.52,1.9,0,66.68,22.73,30.45,14.6,11.0,256.36,0.085,34.2,Avoid,2026-07-02,,,,1
WABAG.NS,2026-07-02,6.94,0.954,4.92,6.35,7.51,5.95,6.86,7,0.6806,0.7389,0.4035,0.4823,1.327,41.94,21.78,2.51,-1,78.55,44.29,31.58,15.67,21.0,8.87,0.533,94.5,Strong Buy,2026-07-02,,,,5
TATATECH.NS,2026-07-02,4.07,0.231,3.15,5.6,4.47,3.51,4.16,5,0.1249,0.3314,-0.0334,0.0174,0.06,38.06,22.52,0.7,0,49.26,32.04,52.89,14.57,21.0,23.91,-0.742,66.4,Caution,2026-07-02,,,,2
UNIONBANK.NS,2026-07-02,7.37,0.754,5.03,5.79,7.91,6.39,6.67,4,0.1673,0.0308,0.0777,0.2081,0.655,29.65,21.61,0.88,0,64.71,14.08,6.85,15.71,6.3,,0.384,57.5,Buy,2026-07-02,,,,4
VEDL.NS,2026-07-02,5.49,-0.615,7.01,6.39,4.57,7.23,6.16,8,-0.5356,-0.5999,-0.1569,-0.3684,-0.5,140.57,135.97,-0.72,1,31.61,34.68,15.39,20.4,16.0,48.04,-0.409,0.7,Hold,2026-07-02,,,,3
LIQUIDCASE.NS,2026-07-02,6.26,0.631,5.0,5.0,6.84,5.34,5.68,0,,,,,,,,0.0,0,100.0,99.92,,,,,-3.207,37.7,Buy,2026-07-02,,,,4
AWL.NS,2026-07-02,5.59,-0.646,5.55,6.89,4.87,7.17,6.8,6,-0.2207,0.028,-0.023,-0.2886,-1.033,29.11,17.21,-0.96,0,42.99,19.69,22.85,10.52,18.0,10.62,-0.907,13.0,Hold,2026-07-02,,,,3
MEESHO.NS,2026-07-02,6.19,0.154,5.27,5.64,6.15,6.05,5.85,3,0.0595,0.2692,0.1549,,,56.98,28.48,0.73,0,60.71,26.86,-61.2,-46.56,-36.0,1.43,0.268,65.1,Buy,2026-07-02,,,,4
IFCI.NS,2026-07-02,2.17,0.431,4.88,4.73,2.31,1.8,1.79,6,0.452,0.4514,-0.0631,0.1786,0.353,69.06,34.17,0.84,0,50.63,25.45,111.32,5.03,5.03,,0.121,81.5,Avoid,2026-07-02,,,,1
SUZLON.NS,2026-07-02,6.99,0.554,7.92,4.82,6.91,6.44,5.35,6,0.0949,0.3866,0.0369,-0.1484,-0.463,36.22,18.67,0.94,0,54.91,16.57,24.97,40.64,35.0,5.87,-0.055,68.5,Strong Buy,2026-07-02,,,,5
PRESTIGE.NS,2026-07-02,3.44,0.615,4.93,5.33,3.67,2.94,3.01,7,0.0666,0.4532,0.2441,0.0064,0.02,36.52,19.97,3.16,-1,76.17,28.65,60.46,8.0,10.0,105.49,-0.302,73.3,Caution,2026-07-02,,,,2
POLYCAB.NS,2026-07-02,6.57,0.615,6.23,6.31,6.68,6.22,6.3,5,0.2706,0.3737,-0.0038,0.4777,1.672,28.27,14.17,0.84,0,52.08,23.33,54.5,24.58,33.0,2.56,0.453,75.3,Buy,2026-07-02,,,,4
PAYTM.NS,2026-07-02,0.94,0.477,2.7,4.48,1.11,0.65,0.76,2,-0.0658,0.1791,0.1463,0.3132,0.863,36.96,21.2,2.33,-1,69.24,16.44,141.92,3.56,5.0,1.07,1.432,45.2,Avoid,2026-07-02,,,,1
TBOTEK.NS,2026-07-02,2.97,0.631,4.35,4.45,3.34,2.21,2.24,3,-0.0755,0.3963,0.2784,0.0964,0.243,39.53,18.51,2.33,-1,71.41,42.29,66.86,17.79,18.0,48.76,-0.373,63.7,Avoid,2026-07-02,,,,1
SAGILITY.NS,2026-07-02,6.35,-0.154,5.81,6.57,5.95,7.3,6.96,9,-0.207,-0.0276,0.0282,0.002,0.005,26.0,18.17,-0.04,0,57.08,15.03,20.83,10.28,13.0,11.5,0.407,13.7,Buy,2026-07-02,,,,4
SUNPHARMA.NS,2026-07-02,8.26,0.862,5.36,7.14,8.66,7.78,8.54,6,0.095,0.1041,0.0511,0.1275,0.654,23.26,13.97,0.96,0,62.6,27.07,39.17,14.72,21.0,5.52,0.277,55.5,Strong Buy,2026-07-02,,,,5
ATHERENERG.NS,2026-07-02,5.31,0.877,4.3,5.26,6.0,4.02,4.59,3,0.5144,0.4564,0.1567,2.4397,4.978,47.98,23.18,2.74,-1,71.23,44.07,-128.0,-33.74,-20.0,25.82,4.5,88.4,Hold,2026-07-02,,,,3
VBL.NS,2026-07-02,4.88,-0.062,4.25,6.67,4.98,5.0,5.72,5,0.0448,0.2763,-0.0336,0.1196,0.414,28.38,14.38,0.09,0,46.12,15.89,54.38,19.7,20.0,12.71,-0.496,56.8,Hold,2026-07-02,,,,3
THANGAMAYL.NS,2026-07-02,6.47,0.923,8.03,6.73,6.55,6.07,6.23,7,0.9601,0.6828,0.144,2.414,4.399,58.75,31.62,2.14,-1,70.01,51.73,55.91,27.93,25.0,64.49,1.592,96.6,Buy,2026-07-02,,,,4
SWIGGY.NS,2026-07-02,3.2,-0.369,4.89,4.44,2.88,3.56,2.62,3,-0.3553,-0.0839,-0.0183,-0.3781,-1.066,37.31,26.46,-0.84,0,48.33,14.88,-14.76,-29.12,-24.0,13.93,-0.843,6.8,Caution,2026-07-02,,,,2
MAPMYINDIA.NS,2026-07-02,3.57,-0.246,4.01,4.96,3.59,3.63,3.46,5,-0.4665,0.0588,0.1207,-0.482,-1.27,51.07,30.99,0.18,0,58.25,17.68,37.4,15.8,22.0,0.78,-1.132,8.2,Caution,2026-07-02,,,,2
INDIANB.NS,2026-07-02,4.14,-0.431,3.67,5.8,4.08,4.54,4.87,4,-0.0057,-0.0749,-0.0057,0.2938,0.947,25.03,18.54,-0.75,0,41.78,19.31,9.38,15.44,6.32,,0.614,27.4,Hold,2026-07-02,,,,3
ANGELONE.NS,2026-07-02,7.05,0.708,6.72,4.68,7.23,6.03,5.21,2,0.5006,0.4068,0.025,0.2034,0.494,43.46,21.25,1.11,0,56.77,16.65,35.18,15.53,15.0,129.31,0.362,84.9,Strong Buy,2026-07-02,,,,5
AMBUJACEM.NS,2026-07-02,5.53,-0.338,5.79,6.11,5.02,6.56,5.94,5,-0.2252,0.0024,0.0111,-0.2535,-0.954,27.91,19.26,-0.45,0,51.89,9.85,22.51,8.3,6.0,1.21,-1.018,12.3,Hold,2026-07-02,,,,3
PATANJALI.NS,2026-07-02,3.91,-0.585,4.76,5.64,3.49,4.79,4.38,3,-0.2392,-0.1202,-0.0323,-0.2426,-1.096,19.36,15.53,-1.53,0,33.33,35.64,24.83,14.83,12.0,21.3,-0.822,8.9,Caution,2026-07-02,,,,2
CONTROLPR.NS,2026-07-02,4.8,0.492,5.0,5.65,4.97,4.43,4.52,7,0.0376,0.2853,0.1476,-0.0847,-0.222,40.71,19.98,3.16,-1,73.03,18.98,26.1,10.1,16.0,1.51,-0.393,63.0,Hold,2026-07-02,,,,3
TATACONSUM.NS,2026-07-02,3.27,-0.338,2.48,6.96,3.39,3.53,4.33,7,-0.0633,0.0582,-0.0366,0.0161,0.072,27.17,15.16,-0.81,0,45.68,23.94,70.97,6.94,9.0,12.16,-0.238,28.1,Caution,2026-07-02,,,,2
NATIONALUM.NS,2026-07-02,6.67,-0.231,7.73,6.57,5.98,7.92,7.1,6,0.0757,-0.1813,-0.1975,0.8021,2.047,40.08,32.9,-2.15,1,32.66,32.5,9.94,29.42,40.0,0.28,0.774,19.9,Buy,2026-07-02,,,,4
GMRAIRPORT.NS,2026-07-02,0.0,0.846,3.73,5.56,0.0,0.0,0.0,7,0.0711,0.2258,0.0961,0.3122,1.052,27.87,17.03,2.09,-1,66.26,31.6,931.58,11.6,12.0,,0.053,60.3,Avoid,2026-07-02,,,,1
CDSL.NS,2026-07-02,4.26,0.308,4.98,5.62,4.41,3.99,3.97,7,-0.0643,0.1207,0.11,-0.2409,-0.759,27.55,17.88,1.32,0,63.54,25.47,61.82,23.91,32.0,0.11,0.021,40.4,Hold,2026-07-02,,,,3
FEDERALBNK.NS,2026-07-02,7.49,0.831,4.56,6.4,8.17,6.55,7.68,4,0.2392,0.2192,0.103,0.5625,2.298,19.87,11.13,2.0,0,73.56,41.26,18.96,11.73,6.39,,1.277,71.2,Strong Buy,2026-07-02,,,,5
IKS.NS,2026-07-02,6.18,0.923,6.76,5.82,6.36,5.6,5.4,4,0.1012,0.3419,0.0868,0.1352,0.414,35.64,20.4,2.29,-1,71.91,34.87,43.44,31.44,36.9,26.87,-0.262,67.8,Buy,2026-07-02,,,,4
NTPC.NS,2026-07-02,6.21,0.0,5.65,6.07,5.91,6.67,6.32,5,0.0953,-0.0214,-0.0222,0.098,0.527,19.68,14.73,-1.19,0,42.99,26.45,11.76,13.69,8.0,118.13,-0.259,43.2,Buy,2026-07-02,,,,4
HINDPETRO.NS,2026-07-02,7.61,0.062,7.69,7.1,7.16,8.53,8.07,7,-0.1994,0.218,0.0324,-0.0542,-0.157,38.47,22.24,1.06,0,53.49,11.96,4.71,30.93,22.0,85.37,0.218,26.7,Buy,2026-07-02,,,,4
GOLDBEES.NS,2026-07-02,4.83,-0.123,5.0,5.0,4.81,4.92,4.84,0,,,,,,,,0.0,0,40.8,22.54,,,,,1.333,33.6,Hold,2026-07-02,,,,3
DIVISLAB.NS,2026-07-02,4.87,0.554,5.14,6.64,4.98,4.82,5.1,6,0.0506,0.141,0.013,0.0082,0.037,19.89,11.6,0.4,0,51.37,19.11,68.98,16.19,22.0,0.04,0.603,47.3,Hold,2026-07-02,,,,3
BPCL.NS,2026-07-02,7.5,0.062,7.78,6.95,7.04,8.44,7.89,7,-0.1687,0.1139,0.0518,-0.0036,-0.012,33.35,19.92,0.87,0,55.18,13.25,5.13,28.47,26.0,54.33,0.018,23.3,Buy,2026-07-02,,,,4
NAUKRI.NS,2026-07-02,3.36,0.185,4.17,4.52,3.57,2.99,2.81,7,-0.2289,0.032,0.0171,-0.3061,-1.127,28.78,19.81,1.11,0,59.63,13.96,45.91,4.57,5.0,0.64,-0.616,15.1,Caution,2026-07-02,,,,2
OBEROIRLTY.NS,2026-07-02,5.59,0.923,7.38,5.64,5.68,5.11,4.72,7,0.1357,0.239,0.1427,-0.0234,-0.089,26.35,15.83,3.52,-1,76.45,28.31,27.05,14.91,17.0,15.77,-0.137,67.1,Hold,2026-07-02,,,,3
INDHOTEL.NS,2026-07-02,5.75,0.462,4.23,6.75,6.21,5.33,6.32,9,-0.0202,0.2158,0.0943,-0.0479,-0.197,23.17,15.0,1.9,0,64.46,21.86,49.16,16.43,17.0,18.99,0.111,48.6,Hold,2026-07-02,,,,3
CHOLAFIN.NS,2026-07-02,0.0,0.6,4.6,3.74,0.0,0.0,0.0,5,0.0515,0.2837,0.2036,0.0999,0.308,35.58,20.31,1.94,-1,68.33,33.79,28.92,19.33,9.7,693.26,0.204,65.8,Avoid,2026-07-02,,,,1
ORIENTTECH.NS,2026-07-02,0.15,-0.338,2.49,4.68,0.16,0.15,0.16,5,-0.2665,0.0374,-0.0068,-0.1619,-0.264,45.39,28.07,-0.49,0,53.84,15.54,263.55,1.37,9.0,18.58,-0.14,11.0,Avoid,2026-07-02,,,,1
COALINDIA.NS,2026-07-02,7.88,0.0,8.01,7.7,7.34,8.89,8.5,6,0.1145,-0.0449,-0.0888,0.1985,0.896,22.46,16.06,-1.22,0,41.51,14.74,8.7,28.12,35.0,11.63,-0.186,39.7,Strong Buy,2026-07-02,,,,5
LENSKART.NS,2026-07-02,0.8,0.215,2.25,5.96,0.89,0.7,0.89,6,0.1768,0.0544,0.0338,,,26.72,15.87,0.97,0,64.03,14.18,181.64,6.65,8.0,34.98,1.228,58.2,Avoid,2026-07-02,,,,1
KAYNES.NS,2026-07-02,1.28,-0.554,1.65,2.8,1.29,1.28,1.19,3,-0.2129,-0.1478,-0.01,-0.4818,-0.932,58.56,50.18,-0.83,0,44.35,15.67,57.92,9.57,13.0,19.17,-0.338,9.6,Avoid,2026-07-02,,,,1
BSOFT.NS,2026-07-02,5.16,-0.477,6.59,6.05,4.39,6.56,5.45,5,-0.3494,-0.2271,-0.1329,-0.3395,-0.921,36.09,29.67,-1.84,1,29.23,20.77,15.24,13.66,22.0,3.42,-1.188,2.1,Hold,2026-07-02,,,,3
GREAVESCOT.NS,2026-07-02,4.69,0.846,3.5,5.94,5.37,3.64,4.58,5,0.2052,0.7026,0.2627,0.1436,0.347,43.55,22.18,2.65,-1,75.85,39.72,50.78,10.1,10.0,12.33,0.455,84.2,Hold,2026-07-02,,,,3
SIKA.NS,2026-07-02,3.84,0.215,5.85,5.33,3.74,3.7,3.34,8,,,0.3886,,,,,0.0,0,73.87,35.82,73.0,26.08,35.0,,4.048,82.2,Caution,2026-07-02,,,,2
NESTLEIND.NS,2026-07-02,4.91,0.462,6.33,7.46,4.9,4.96,5.12,8,0.1289,0.1893,0.0458,0.1845,0.892,23.93,11.61,0.68,0,59.79,17.03,79.59,76.34,85.0,8.62,0.067,62.3,Hold,2026-07-02,,,,3
TATAELXSI.NS,2026-07-02,5.21,-0.538,6.15,6.17,4.44,6.65,5.74,6,-0.2869,-0.1253,-0.13,-0.4078,-1.344,31.57,26.04,-2.7,1,29.15,24.08,36.41,21.3,60.0,5.34,-1.004,6.2,Hold,2026-07-02,,,,3
BANKINDIA.NS,2026-07-02,6.11,0.4,5.44,5.14,6.24,5.67,5.21,4,0.0406,0.0465,0.0377,0.2626,0.837,27.72,17.01,0.96,0,54.3,12.78,6.1,12.06,5.93,,0.264,44.5,Buy,2026-07-02,,,,4
MPHASIS.NS,2026-07-02,4.2,-0.369,3.89,5.74,4.14,4.61,4.76,3,-0.1955,0.0046,-0.0304,-0.1951,-0.687,31.68,22.18,-0.3,0,48.95,19.67,23.0,18.29,23.0,24.38,-0.314,14.4,Hold,2026-07-02,,,,3
THERMAX.NS,2026-07-02,4.42,0.769,2.99,6.36,5.08,3.52,4.67,4,0.6381,0.5065,0.0124,0.4804,1.389,48.36,20.4,1.19,0,56.7,50.08,76.85,13.69,15.0,42.17,-0.223,90.4,Hold,2026-07-02,,,,3
BRITANNIA.NS,2026-07-02,5.32,0.0,5.13,6.82,5.16,5.89,5.98,6,-0.1063,-0.0125,0.0612,-0.0604,-0.297,20.94,16.45,-0.14,0,59.05,19.71,51.06,53.31,56.0,26.88,-0.266,21.9,Hold,2026-07-02,,,,3
CEATLTD.NS,2026-07-02,6.86,0.492,5.86,6.52,6.91,6.82,6.94,5,-0.0018,0.137,0.1782,0.0428,0.111,36.56,24.75,2.06,-1,71.46,15.88,22.04,14.79,19.0,64.74,0.33,50.0,Buy,2026-07-02,,,,4
IDFCFIRSTB.NS,2026-07-02,3.78,0.431,0.71,4.53,4.61,2.48,3.23,4,-0.0711,0.3019,0.102,0.0953,0.306,24.43,13.3,1.76,0,65.6,42.06,42.3,5.98,5.98,,-0.196,49.3,Caution,2026-07-02,,,,2
POLICYBZR.NS,2026-07-03,1.63,-0.338,3.96,5.56,1.6,1.77,1.81,6,-0.1284,0.0901,0.0372,-0.1276,-0.391,32.68,23.04,-0.6,0,44.62,19.4,109.97,9.74,10.0,4.92,-0.053,20.7,Avoid,2026-07-03,,,,1
ZENSARTECH.NS,2026-07-03,6.86,0.215,7.1,6.05,6.57,7.43,6.65,6,-0.2613,-0.058,0.0645,-0.3758,-1.105,44.9,27.15,0.38,0,65.44,25.31,15.31,23.5,24.0,1.68,-0.583,6.2,Buy,2026-07-03,,,,4
POWERINDIA.NS,2026-07-03,1.96,-0.092,6.66,6.44,1.81,2.13,2.08,7,0.6795,0.2401,-0.1581,0.6096,1.382,43.56,30.98,-1.1,1,33.38,16.86,139.24,21.04,29.0,1.66,0.874,86.9,Avoid,2026-07-03,,,,1
CGPOWER.NS,2026-07-03,2.64,0.415,5.8,5.87,2.64,2.52,2.49,4,0.4023,0.2863,-0.0483,0.3096,0.958,35.8,22.99,0.29,0,43.06,20.09,116.22,19.56,27.0,1.45,0.142,77.9,Avoid,2026-07-03,,,,1
HDFCBANK.NS,2026-07-03,4.65,0.246,2.17,5.43,5.34,3.88,4.76,5,-0.1784,0.0548,0.09,-0.1886,-0.966,21.55,13.7,1.56,0,65.41,27.05,17.88,13.82,7.04,,-0.512,17.2,Hold,2026-07-03,,,,3
ICICIBANK.NS,2026-07-03,5.66,0.6,3.58,5.87,6.36,4.75,5.79,3,0.0549,0.1332,0.1183,-0.0068,-0.037,19.86,11.5,2.02,-1,72.87,33.79,18.88,16.36,7.2,,0.156,51.0,Hold,2026-07-03,,,,3
GVT&D.NS,2026-07-03,3.74,-0.092,8.29,6.66,3.41,4.16,3.94,6,0.3909,0.1983,-0.1313,0.8766,2.021,50.2,34.89,-0.84,0,35.09,21.17,91.26,55.26,76.0,0.89,1.319,73.8,Caution,2026-07-03,,,,2
APOLLO.NS,2026-07-03,1.57,0.815,4.63,4.66,1.74,1.21,1.27,4,0.6306,1.2728,0.0681,1.3487,2.284,69.71,31.17,1.45,-1,63.88,30.54,142.42,11.21,14.0,41.53,1.75,96.6,Avoid,2026-07-03,,,,1
HCLTECH.NS,2026-07-03,4.14,-0.338,6.93,4.03,3.44,4.92,3.1,8,-0.2847,-0.1948,-0.0136,-0.3087,-1.154,37.47,31.29,-0.54,0,51.74,21.94,18.57,23.36,31.0,6.93,-0.579,4.8,Hold,2026-07-03,,,,3
LIQUIDBEES.NS,2026-07-03,6.01,0.523,5.0,5.0,6.52,5.26,5.5,0,,,,,,,,0.0,0,53.78,86.11,,,,,-3.697,27.6,Buy,2026-07-03,,,,4
SUMICHEM.NS,2026-07-03,6.0,0.738,4.76,5.87,6.41,5.33,5.73,5,0.0699,0.2773,0.0641,-0.0282,-0.079,49.14,25.84,1.95,0,65.61,19.25,46.08,17.24,23.0,1.86,-0.146,59.3,Buy,2026-07-03,,,,4
INFY.NS,2026-07-03,3.91,-0.615,6.24,4.66,3.07,5.12,3.56,8,-0.3436,-0.2012,-0.1066,-0.324,-1.137,37.95,29.5,-1.33,0,42.92,22.96,13.88,31.44,40.0,9.83,-0.885,2.1,Caution,2026-07-03,,,,2
BSE.NS,2026-07-03,5.59,-0.077,8.4,6.87,5.13,6.17,5.94,8,0.4523,0.2934,-0.0163,0.3753,0.94,30.46,19.71,-0.22,0,41.96,14.68,63.4,36.0,58.0,0.0,2.123,80.7,Hold,2026-07-03,,,,3
BHEL.NS,2026-07-03,3.58,-0.123,4.16,6.99,3.62,3.69,4.3,9,0.3162,0.5127,-0.0087,0.4525,1.27,38.37,22.68,0.04,0,42.35,23.6,83.76,6.29,9.0,31.31,0.13,80.0,Caution,2026-07-03,,,,2
MCX.NS,2026-07-03,6.05,-0.092,9.28,6.59,5.52,6.76,6.33,6,0.2804,0.107,0.0068,0.5588,1.498,34.89,24.5,-0.75,0,44.25,20.44,53.77,37.88,71.0,0.11,2.176,68.3,Buy,2026-07-03,,,,4
ETERNAL.NS,2026-07-03,0.0,0.477,3.11,6.0,0.0,0.0,0.0,6,-0.0076,0.2142,0.0981,0.0791,0.231,31.66,18.3,3.01,-1,71.33,21.77,722.18,1.19,3.0,14.83,0.256,49.0,Avoid,2026-07-03,,,,1
SBIN.NS,2026-07-03,6.48,0.677,4.7,5.05,7.05,5.47,5.64,2,0.0751,0.0275,0.0637,0.2907,1.303,24.64,19.12,0.51,0,57.33,12.6,11.41,15.48,6.13,,0.314,44.8,Buy,2026-07-03,,,,4
PCJEWELLER.NS,2026-07-03,5.13,0.492,6.07,4.51,5.18,4.63,3.96,6,0.1075,0.2218,0.122,-0.2119,-0.426,42.37,23.97,2.6,-1,74.08,17.88,12.41,9.95,10.0,14.27,0.663,62.8,Hold,2026-07-03,,,,3
RELIANCE.NS,2026-07-03,4.33,-0.554,4.06,5.92,4.05,5.17,5.25,5,-0.1686,0.0042,0.0101,-0.1395,-0.697,21.23,14.51,-0.77,0,46.28,15.81,21.84,9.14,10.0,36.65,-0.696,10.3,Hold,2026-07-03,,,,3
BANKBARODA.NS,2026-07-03,3.07,-0.677,3.8,4.88,2.77,3.71,3.44,4,-0.1343,0.0087,-0.0436,0.0518,0.192,26.04,18.61,-1.41,0,32.92,16.78,6.57,12.74,5.63,,-0.219,12.4,Caution,2026-07-03,,,,2
BAJFINANCE.NS,2026-07-03,2.94,0.615,4.5,4.04,3.23,2.28,2.21,4,0.0664,0.2136,0.1668,0.1079,0.37,25.88,15.34,2.69,-1,75.15,34.2,33.76,17.91,10.8,313.41,0.498,58.6,Caution,2026-07-03,,,,2
BHARTIARTL.NS,2026-07-03,5.23,0.169,3.14,6.33,5.64,5.09,6.1,6,-0.0948,0.0438,0.0624,-0.0461,-0.239,22.12,14.49,1.54,0,61.59,14.21,42.99,19.36,18.0,99.72,0.508,22.8,Hold,2026-07-03,,,,3
ADANIENT.NS,2026-07-03,4.27,0.923,2.31,3.84,5.29,2.47,3.18,2,0.4219,0.7074,0.0542,0.2257,0.655,33.43,14.56,1.56,-1,69.24,38.94,43.57,13.66,6.0,119.56,-0.161,90.3,Hold,2026-07-03,,,,3
KAYNES.NS,2026-07-03,1.49,-0.338,1.64,2.82,1.59,1.32,1.28,3,-0.1546,-0.1112,0.0679,-0.4571,-0.881,59.7,50.08,-0.47,0,54.28,15.59,61.36,9.57,13.0,19.17,-0.294,9.0,Avoid,2026-07-03,,,,1
TCS.NS,2026-07-03,5.29,-0.615,6.7,6.18,4.34,7.05,5.94,6,-0.3306,-0.1645,-0.0479,-0.3656,-1.433,34.89,28.13,-1.28,0,43.84,23.31,15.38,48.4,63.0,10.39,-1.327,3.4,Hold,2026-07-03,,,,3
IKIO.NS,2026-07-03,3.8,0.369,5.12,5.49,3.88,3.5,3.47,7,0.1358,0.6363,0.3166,-0.0947,-0.196,61.49,23.16,4.34,-1,80.05,18.11,41.65,7.09,9.0,11.44,-0.517,82.8,Caution,2026-07-03,,,,2
LODHA.NS,2026-07-03,3.47,0.615,3.74,4.41,3.9,2.66,2.86,6,-0.0147,0.4729,0.1817,-0.2379,-0.686,38.67,23.37,3.58,-1,74.89,27.5,30.9,15.71,17.0,42.24,-0.564,67.6,Caution,2026-07-03,,,,2
DMART.NS,2026-07-03,2.22,-0.446,3.59,5.91,2.19,2.47,2.72,5,0.0749,-0.1056,-0.0361,-0.1029,-0.411,24.99,19.11,-1.68,0,35.36,23.9,87.52,12.94,17.0,9.91,-0.551,26.9,Avoid,2026-07-03,,,,1
M&M.NS,2026-07-03,6.62,0.108,5.68,6.21,6.41,7.16,6.84,5,-0.1571,0.0545,0.0427,0.0062,0.023,27.5,18.66,0.53,0,55.58,12.91,20.62,18.75,15.0,125.07,-0.023,17.9,Buy,2026-07-03,,,,4
LIQUIDCASE.NS,2026-07-03,6.33,0.692,5.0,5.0,6.96,5.36,5.71,0,,,,,,,,0.0,0,100.0,99.92,,,,,-3.136,33.8,Buy,2026-07-03,,,,4
PERSISTENT.NS,2026-07-03,4.48,-0.585,6.58,5.58,3.65,5.84,4.6,5,-0.252,-0.1306,-0.0706,-0.2196,-0.636,43.72,35.91,-1.09,0,45.58,19.17,39.32,26.35,34.0,6.09,-0.136,5.5,Hold,2026-07-03,,,,3
SILVERBEES.NS,2026-07-03,4.98,0.0,5.0,5.0,5.05,4.95,4.91,0,,,,,,,,0.0,0,46.71,20.36,,,,,1.177,26.2,Hold,2026-07-03,,,,3
MUTHOOTFIN.NS,2026-07-03,2.35,-0.215,7.64,3.99,2.0,2.7,1.69,5,-0.1975,-0.0496,-0.0311,0.1661,0.461,34.17,25.57,-1.15,0,46.03,15.86,11.58,30.41,15.8,379.71,0.773,6.9,Avoid,2026-07-03,,,,1
ENRIN.NS,2026-07-03,3.5,-0.092,5.34,6.53,3.36,3.76,3.86,8,0.2945,0.2482,-0.1004,0.1061,0.292,46.27,27.04,-0.45,0,36.53,22.6,88.91,0.0,68.0,4.48,0.358,69.0,Caution,2026-07-03,,,,2
LT.NS,2026-07-03,5.7,0.431,3.72,5.49,6.32,4.88,5.54,3,-0.018,0.092,0.0186,0.1089,0.438,20.83,11.87,0.09,0,43.89,19.49,34.44,16.95,15.0,97.64,0.006,35.2,Hold,2026-07-03,,,,3
AEGISLOG.NS,2026-07-03,6.06,0.769,5.51,7.07,6.28,5.59,6.21,8,0.847,1.2541,0.7204,0.7222,1.752,53.06,18.11,2.69,-1,93.22,63.82,51.69,15.26,14.0,47.24,0.383,99.3,Buy,2026-07-03,,,,4
PPLPHARMA.NS,2026-07-03,5.78,0.185,3.9,6.02,5.99,5.71,6.43,5,0.0357,0.2475,0.055,-0.14,-0.426,39.87,18.94,1.01,0,61.82,18.85,-71.52,-4.0,3.0,69.52,-0.031,54.5,Hold,2026-07-03,,,,3
COFORGE.NS,2026-07-03,7.11,0.092,6.92,6.25,6.73,7.79,7.2,8,-0.1137,0.1897,0.0199,-0.2332,-0.616,47.49,29.65,1.02,0,54.08,18.36,33.4,18.6,24.0,7.52,0.218,28.3,Strong Buy,2026-07-03,,,,5
CUPID.NS,2026-07-03,0.5,0.815,7.11,6.46,0.51,0.46,0.48,6,0.8941,1.303,0.4503,8.0819,14.605,41.13,23.3,2.13,-1,89.06,40.41,251.7,27.3,33.0,12.51,4.816,98.6,Avoid,2026-07-03,,,,1
KOTAKBANK.NS,2026-07-03,4.13,-0.123,1.59,5.52,4.54,3.87,4.73,3,-0.1055,0.0931,0.0511,-0.0905,-0.425,19.93,13.84,0.93,0,51.04,17.67,20.44,11.39,6.93,,-0.075,24.1,Caution,2026-07-03,,,,2
MARUTI.NS,2026-07-03,4.9,0.154,4.9,6.06,4.9,5.08,5.13,5,-0.1402,0.1225,0.1008,0.1671,0.694,25.46,15.97,2.83,-1,66.54,15.77,30.81,14.43,19.0,0.1,0.155,24.8,Hold,2026-07-03,,,,3
UNIONBANK.NS,2026-07-03,6.02,0.092,5.08,5.6,5.94,6.12,5.86,4,0.0932,-0.0232,0.0053,0.1225,0.379,32.42,25.32,-0.38,0,44.15,14.18,6.41,15.71,6.3,,0.238,40.7,Buy,2026-07-03,,,,4
TATASTEEL.NS,2026-07-03,6.8,-0.123,4.82,7.6,6.62,7.52,7.97,7,0.065,-0.0223,-0.0631,0.2103,0.781,20.86,15.96,-1.74,0,39.59,23.24,21.94,11.16,13.0,89.02,-0.015,33.1,Strong Buy,2026-07-03,,,,5
WIPRO.NS,2026-07-03,4.33,-0.585,4.83,5.85,3.75,5.53,4.96,4,-0.3244,-0.1399,-0.1124,-0.3038,-1.21,28.8,24.65,-1.42,0,39.92,28.63,14.02,15.44,18.0,22.85,-0.845,2.8,Hold,2026-07-03,,,,3
GOLDBEES.NS,2026-07-03,5.14,0.031,5.0,5.0,5.24,5.02,5.04,0,,,,,,,,0.0,0,48.32,21.3,,,,,1.377,37.2,Hold,2026-07-03,,,,3
LAURUSLABS.NS,2026-07-03,3.85,0.923,4.59,7.39,4.15,3.41,4.06,6,0.3903,0.46,0.066,1.0711,3.701,27.02,13.37,1.68,-1,71.92,41.05,93.47,17.74,18.0,46.37,2.5,84.1,Caution,2026-07-03,,,,2
BEL.NS,2026-07-03,5.8,0.123,5.95,6.27,5.62,6.18,5.99,7,0.0556,-0.0228,0.0241,-0.0265,-0.105,20.59,15.29,-0.46,0,51.81,18.74,50.37,27.56,37.0,0.27,0.339,35.9,Buy,2026-07-03,,,,4
TRENT.NS,2026-07-03,2.27,0.169,5.02,5.78,2.27,2.22,2.24,5,0.1678,0.3127,0.2059,-0.4555,-0.975,31.12,15.75,2.31,-1,75.47,38.81,103.81,27.13,28.0,36.03,-0.648,72.4,Avoid,2026-07-03,,,,1
HSCL.NS,2026-07-03,6.35,0.492,5.29,5.62,6.5,5.84,5.91,4,0.4041,0.4944,-0.0064,0.3553,1.095,42.91,25.32,1.12,0,57.07,20.8,45.26,17.7,22.0,16.17,0.612,84.8,Buy,2026-07-03,,,,4
AXISBANK.NS,2026-07-03,4.18,0.431,1.63,4.3,4.97,2.95,3.65,3,0.0531,0.0736,0.0549,0.1448,0.619,20.33,13.45,0.61,0,51.44,20.15,15.89,13.15,6.24,,-0.173,46.2,Hold,2026-07-03,,,,3
CANBK.NS,2026-07-03,4.38,-0.338,4.8,5.25,4.05,4.97,4.36,3,-0.1482,0.0145,-0.0326,0.1383,0.479,27.82,20.09,-0.66,0,45.15,14.1,5.85,15.94,6.52,,0.047,11.0,Hold,2026-07-03,,,,3
MARICO.NS,2026-07-03,6.25,0.815,5.78,6.7,6.49,5.91,6.21,5,0.1027,0.1132,0.0344,0.1807,1.023,16.83,9.95,1.04,0,57.11,29.42,61.61,41.39,47.0,12.39,0.572,51.7,Buy,2026-07-03,,,,4
DLF.NS,2026-07-03,3.42,0.477,3.62,4.24,3.91,2.55,2.79,7,-0.0224,0.2655,0.17,-0.1928,-0.683,30.72,18.49,3.27,-1,71.42,23.6,37.89,10.03,6.0,0.67,-0.521,53.8,Caution,2026-07-03,,,,2
ADANIENSOL.NS,2026-07-03,2.77,0.692,3.17,4.57,3.25,1.92,2.34,5,0.4992,0.5907,-0.0065,0.7983,2.115,40.43,21.35,1.34,0,63.24,21.08,84.66,9.66,10.0,194.5,0.367,89.0,Caution,2026-07-03,,,,2
IDEA.NS,2026-07-03,8.03,0.677,4.43,6.29,8.71,7.03,8.24,5,0.2284,0.6512,-0.0468,0.9128,1.848,36.99,14.67,0.74,0,51.58,26.33,4.44,-1.6,-2.0,,-0.307,79.3,Strong Buy,2026-07-03,,,,5
ADANIPOWER.NS,2026-07-03,7.1,0.031,8.23,5.7,6.54,7.49,6.66,5,0.4909,0.3577,-0.0465,0.8751,2.051,38.2,20.81,0.0,0,45.06,13.83,33.5,20.91,17.0,82.33,0.419,83.4,Strong Buy,2026-07-03,,,,5
CUMMINSIND.NS,2026-07-03,5.07,-0.108,6.63,6.88,4.66,5.73,5.6,7,0.2309,0.1809,-0.0529,0.659,2.39,34.41,17.96,0.04,0,43.01,17.89,64.18,29.45,40.0,0.43,0.417,65.5,Hold,2026-07-03,,,,3
TMPV.NS,2026-07-03,3.18,-0.615,2.47,5.46,3.14,3.58,3.99,3,-0.056,0.1239,-0.1278,-0.4926,-0.978,35.21,24.09,-0.88,0,38.42,18.35,1.47,-1.12,3.0,70.36,-1.111,23.4,Caution,2026-07-03,,,,2
DIXON.NS,2026-07-03,3.96,0.062,4.13,4.91,4.11,3.7,3.77,5,0.0302,0.2313,0.0896,-0.1532,-0.407,38.92,21.39,1.81,0,61.03,15.94,46.18,37.13,42.0,18.46,-0.179,53.1,Caution,2026-07-03,,,,2
OLAELEC.NS,2026-07-03,3.7,0.615,0.14,2.88,4.63,2.12,2.79,2,0.1855,0.5428,-0.0089,0.0585,0.088,59.66,33.6,1.27,-1,57.41,23.62,-10.69,-43.16,-20.0,82.45,-0.585,75.9,Caution,2026-07-03,,,,2
DELHIVERY.NS,2026-07-03,0.32,0.862,1.18,6.1,0.38,0.25,0.34,5,0.2667,0.1481,0.1397,0.3217,1.038,30.38,18.42,2.75,-1,69.94,28.01,255.0,1.6,3.0,15.1,0.196,71.0,Avoid,2026-07-03,,,,1
NATIONALUM.NS,2026-07-03,6.78,-0.246,7.7,6.55,6.07,8.06,7.3,6,0.1243,-0.1516,-0.1216,0.9094,2.307,40.76,32.9,-1.59,1,41.25,31.59,10.4,29.42,40.0,0.28,0.841,25.5,Buy,2026-07-03,,,,4
APARINDS.NS,2026-07-03,4.62,-0.031,4.2,6.06,4.72,4.5,5.12,6,0.7021,0.3962,0.0213,0.6275,1.379,46.26,29.01,0.46,0,43.43,34.76,58.3,19.74,31.0,17.72,0.468,92.4,Hold,2026-07-03,,,,3
HFCL.NS,2026-07-03,2.71,0.8,3.05,5.52,3.16,1.99,2.58,4,2.112,1.9526,0.1455,1.4972,3.257,60.7,27.4,1.42,-1,66.07,46.09,100.69,7.27,11.0,38.32,0.598,100.0,Avoid,2026-07-03,,,,1
SUNPHARMA.NS,2026-07-03,8.46,0.938,5.48,7.12,8.86,7.95,8.61,6,0.1139,0.1087,0.0688,0.1537,0.786,23.51,13.97,1.38,0,70.24,29.36,39.92,14.72,21.0,5.52,0.309,55.2,Strong Buy,2026-07-03,,,,5
TECHM.NS,2026-07-03,5.9,-0.215,4.76,6.48,5.66,6.71,6.84,6,-0.0991,-0.017,-0.0237,-0.1083,-0.391,36.57,24.86,-0.01,0,50.94,10.45,26.04,16.61,23.0,7.27,-0.175,16.6,Buy,2026-07-03,,,,4
SUZLON.NS,2026-07-03,7.08,0.554,7.29,4.77,7.04,6.56,5.63,6,0.0839,0.3687,0.0282,-0.1537,-0.479,36.4,18.89,0.69,0,51.05,15.6,24.62,40.64,35.0,5.87,-0.086,64.8,Strong Buy,2026-07-03,,,,5
INDIANB.NS,2026-07-03,3.78,-0.677,3.69,5.76,3.52,4.56,4.77,4,-0.02,-0.0986,-0.031,0.256,0.827,25.15,18.72,-1.12,0,36.83,19.68,9.19,15.44,6.32,,0.58,20.0,Caution,2026-07-03,,,,2
SHRIRAMFIN.NS,2026-07-03,4.44,0.831,5.19,4.66,4.75,3.72,3.55,5,0.049,0.1493,0.1585,0.5521,1.578,33.06,20.55,1.89,-1,73.09,27.69,19.98,16.38,11.5,276.21,0.914,52.4,Hold,2026-07-03,,,,3
BAJAJFINSV.NS,2026-07-03,2.31,0.108,3.24,3.83,2.59,1.79,1.8,3,-0.0686,0.1263,0.1139,-0.0762,-0.336,22.43,13.38,2.58,-1,70.94,24.66,31.05,14.6,11.0,256.36,0.112,36.6,Avoid,2026-07-03,,,,1
LENSKART.NS,2026-07-03,0.86,0.246,2.72,5.98,0.96,0.75,0.95,6,0.2155,0.0646,0.0524,,,26.51,15.87,1.08,0,65.36,14.69,182.53,6.65,8.0,34.98,1.252,62.1,Avoid,2026-07-03,,,,1
GMRAIRPORT.NS,2026-07-03,0.0,0.877,3.58,5.54,0.0,0.0,0.0,7,0.0692,0.2405,0.1056,0.3115,1.049,27.69,16.81,2.15,-1,68.04,32.05,867.69,11.6,12.0,,0.056,57.2,Avoid,2026-07-03,,,,1
NUVAMA.NS,2026-07-03,3.97,0.938,5.02,4.0,4.32,3.03,2.81,3,0.3065,0.62,0.1989,0.1643,0.452,37.02,15.91,2.27,-1,79.79,46.4,33.69,27.32,17.0,282.32,0.816,86.2,Caution,2026-07-03,,,,2
INDUSINDBK.NS,2026-07-03,3.56,0.8,4.36,6.38,3.88,3.12,3.65,5,0.0963,0.2435,0.0786,0.1101,0.39,29.3,17.34,2.18,-1,65.7,20.85,85.32,1.36,5.68,,-0.678,61.4,Caution,2026-07-03,,,,2
BDL.NS,2026-07-03,1.25,0.154,3.01,4.0,1.42,0.95,1.04,6,-0.0596,0.1232,0.1497,-0.2962,-0.754,33.37,22.43,0.8,0,62.19,24.94,120.82,10.19,14.0,0.01,-0.324,38.6,Avoid,2026-07-03,,,,1
AUROPHARMA.NS,2026-07-03,6.43,0.923,3.01,7.01,7.27,5.43,7.16,7,0.3698,0.2184,0.1082,0.4334,1.637,26.6,16.67,2.61,-1,71.16,27.89,26.83,9.93,13.0,21.31,0.3,77.2,Hold,2026-07-03,,,,3
BAJAJHFL.NS,2026-07-03,1.42,0.308,3.26,3.51,1.63,1.02,1.05,4,-0.0495,0.1345,0.0857,-0.2484,-1.137,23.63,13.71,1.92,0,69.24,31.71,29.76,12.06,,460.5,-1.152,37.9,Avoid,2026-07-03,,,,1
SUVEN.NS,2026-07-03,5.46,0.923,6.12,3.86,5.72,4.36,3.68,3,0.9703,0.9519,0.23,0.3309,0.599,72.98,30.68,2.55,-1,73.91,27.82,-27.01,-78.8,-77.0,2.82,1.183,97.2,Hold,2026-07-03,,,,3
FORCEMOT.NS,2026-07-03,4.62,-0.477,6.18,5.16,3.89,5.68,4.41,6,-0.0986,-0.056,0.0308,0.2789,0.539,43.56,30.89,-0.52,0,51.55,10.49,20.44,33.51,36.0,,0.758,15.2,Hold,2026-07-03,,,,3
EIEL.NS,2026-07-03,5.18,0.877,4.71,3.85,5.76,3.8,3.61,3,0.1572,0.4267,0.2749,-0.0316,-0.064,60.06,30.02,2.08,-1,71.72,29.92,22.6,16.89,20.0,34.13,0.035,76.6,Hold,2026-07-03,,,,3
ADANIGREEN.NS,2026-07-03,0.76,0.785,4.37,4.47,0.85,0.56,0.6,4,0.5169,0.6817,0.02,0.5321,1.271,36.16,18.55,1.28,0,62.74,35.52,161.43,7.58,7.0,346.55,-0.267,91.7,Avoid,2026-07-03,,,,1
VEDL.NS,2026-07-03,5.5,-0.615,6.51,6.37,4.62,7.23,6.29,8,-0.527,-0.6069,-0.1115,-0.3656,-0.496,140.52,135.97,-0.67,1,34.5,34.03,15.62,20.4,16.0,48.04,-0.407,0.7,Hold,2026-07-03,,,,3
ASHOKLEY.NS,2026-07-03,3.46,0.462,5.02,4.65,3.59,3.11,2.83,2,-0.0959,0.093,0.1312,0.3377,0.933,40.47,25.75,0.67,0,60.42,14.62,27.81,21.64,14.0,344.74,0.499,30.3,Caution,2026-07-03,,,,2
OFSS.NS,2026-07-03,8.71,0.938,7.81,7.28,8.83,8.25,8.62,7,0.5051,0.6088,0.132,0.3117,0.982,36.52,15.82,1.86,-1,74.57,28.5,37.23,32.61,45.0,0.41,0.041,91.0,Strong Buy,2026-07-03,,,,5
HINDUNILVR.NS,2026-07-03,5.55,-0.2,5.04,7.29,5.27,6.34,6.48,8,-0.0428,0.0535,0.0481,-0.0237,-0.114,23.99,14.69,0.13,0,56.23,17.28,48.57,21.6,28.0,3.02,-0.554,29.0,Hold,2026-07-03,,,,3
M&MFIN.NS,2026-07-03,2.29,0.492,5.38,4.07,2.35,2.04,1.68,5,-0.1735,0.2038,0.1525,0.2815,0.766,40.94,20.93,1.9,0,67.12,14.73,16.01,11.86,8.72,429.85,0.027,29.7,Avoid,2026-07-03,,,,1
RAYMONDREL.NS,2026-07-03,7.51,0.862,7.19,5.47,7.67,6.69,6.26,4,0.3006,0.6342,0.1263,,,67.53,29.06,1.65,-1,65.92,36.08,14.84,37.72,30.0,64.68,-0.645,85.5,Strong Buy,2026-07-03,,,,5
PAYTM.NS,2026-07-03,0.96,0.477,2.72,4.46,1.13,0.68,0.83,2,-0.0544,0.1876,0.1466,0.313,0.862,36.84,21.02,2.36,-1,70.2,17.68,143.86,3.56,5.0,1.07,1.461,44.1,Avoid,2026-07-03,,,,1
APOLLOHOSP.NS,2026-07-03,4.92,0.8,4.52,7.4,5.26,4.51,5.31,7,0.2645,0.2062,0.0781,0.2312,1.171,16.77,7.6,2.08,-1,75.58,22.79,65.98,21.5,18.0,85.15,0.675,71.7,Hold,2026-07-03,,,,3
MOSCHIP.NS,2026-07-03,1.26,0.431,1.42,3.78,1.54,0.78,0.97,4,0.1056,0.3503,0.0142,0.2602,0.495,49.15,28.41,1.55,0,62.31,19.91,123.51,9.56,11.0,21.56,0.043,66.2,Avoid,2026-07-03,,,,1
CONCOR.NS,2026-07-03,5.59,0.231,3.86,5.63,5.97,5.22,5.76,6,-0.0625,0.0763,0.0826,-0.1696,-0.708,24.92,19.62,0.0,0,61.07,25.25,29.8,9.76,12.0,7.39,-1.186,32.4,Hold,2026-07-03,,,,3
HINDALCO.NS,2026-07-03,4.29,-0.231,2.76,5.59,4.54,4.25,4.98,2,0.0651,-0.0014,-0.1276,0.383,1.392,28.75,20.34,-1.65,0,34.96,28.97,15.84,10.29,13.0,72.6,0.412,31.0,Hold,2026-07-03,,,,3
NETWEB.NS,2026-07-03,2.61,0.554,5.67,6.08,2.65,2.48,2.56,3,0.4394,0.3665,-0.0511,1.3689,2.307,63.88,37.4,0.37,0,45.55,23.07,121.73,32.83,38.0,39.02,0.429,82.1,Avoid,2026-07-03,,,,1
ALKEM.NS,2026-07-03,7.04,0.308,5.82,6.0,6.94,7.15,6.85,4,0.0183,0.0754,0.0592,0.1372,0.623,22.78,16.18,1.15,0,63.34,33.08,28.89,17.56,21.0,14.27,0.016,41.4,Strong Buy,2026-07-03,,,,5
MPHASIS.NS,2026-07-03,4.7,-0.154,3.83,5.7,4.79,4.9,5.18,3,-0.1881,-0.0135,-0.0143,-0.1871,-0.657,31.89,22.18,0.36,0,54.15,18.61,23.57,18.29,23.0,24.38,-0.318,8.3,Hold,2026-07-03,,,,3
POWERGRID.NS,2026-07-03,5.0,-0.031,4.29,5.48,5.09,4.96,5.07,6,0.091,-0.0256,0.0077,-0.001,-0.005,19.48,14.02,-0.89,0,46.5,14.86,14.31,16.49,10.0,150.99,-0.475,39.3,Hold,2026-07-03,,,,3
ADANIPORTS.NS,2026-07-03,5.95,0.769,3.01,4.75,7.08,4.13,5.24,4,0.2707,0.3629,0.0317,0.3007,1.117,24.49,13.37,1.31,0,62.62,16.06,32.21,15.59,14.0,64.05,0.184,75.2,Hold,2026-07-03,,,,3
ATHERENERG.NS,2026-07-03,5.57,0.846,3.77,5.29,6.38,4.19,5.02,3,0.5301,0.4849,0.0933,2.3944,4.884,46.61,23.29,2.43,-1,68.25,45.86,-126.68,-33.74,-20.0,25.82,4.412,89.7,Hold,2026-07-03,,,,3
AWL.NS,2026-07-03,6.17,-0.338,5.38,6.83,5.7,7.36,7.16,6,-0.1977,0.0729,0.0171,-0.2565,-0.909,30.04,17.07,-0.11,0,55.9,19.02,23.71,10.52,18.0,10.62,-0.864,11.7,Buy,2026-07-03,,,,4
ANGELONE.NS,2026-07-03,7.39,0.708,6.77,4.67,7.52,6.47,5.77,2,0.5149,0.4313,0.0591,0.2075,0.504,42.37,21.25,1.42,0,60.15,17.29,35.69,15.53,15.0,129.31,0.39,88.3,Strong Buy,2026-07-03,,,,5
SAIL.NS,2026-07-03,6.55,-0.123,4.27,7.57,6.56,7.02,7.96,8,0.1444,0.0577,-0.1085,0.29,0.829,40.28,21.01,-1.23,0,37.14,30.13,20.79,5.66,8.0,52.9,0.014,46.9,Buy,2026-07-03,,,,4
INDHOTEL.NS,2026-07-03,5.46,0.523,4.31,6.72,5.86,5.07,5.9,9,-0.0091,0.2189,0.1129,-0.0396,-0.163,23.06,14.82,2.06,-1,67.22,22.01,49.8,16.43,17.0,18.99,0.143,50.3,Hold,2026-07-03,,,,3
PNB.NS,2026-07-03,4.06,-0.154,2.82,5.44,4.35,3.9,4.45,4,-0.1253,0.0367,0.0146,-0.0412,-0.152,23.46,15.69,-0.05,0,46.68,17.66,6.58,12.98,6.13,,-0.373,19.3,Caution,2026-07-03,,,,2
LTF.NS,2026-07-03,2.3,0.908,4.45,4.18,2.59,1.71,1.73,4,0.0413,0.2978,0.2174,0.5895,1.747,34.95,19.95,3.14,-1,76.76,29.75,27.53,11.12,8.4,393.44,0.819,63.4,Avoid,2026-07-03,,,,1
APLAPOLLO.NS,2026-07-03,5.28,-0.646,5.75,6.8,4.54,6.81,6.33,6,-0.0924,-0.0543,-0.019,0.0197,0.074,25.22,19.91,-1.05,0,39.27,14.16,41.31,25.31,32.0,9.4,-0.007,13.8,Hold,2026-07-03,,,,3
TDPOWERSYS.NS,2026-07-03,4.67,-0.092,6.81,6.41,4.32,5.11,4.93,5,0.5552,0.2421,-0.1763,1.1914,2.482,58.72,37.69,-0.82,1,36.32,18.84,71.64,24.72,33.0,1.69,1.336,81.4,Hold,2026-07-03,,,,3
DATAPATTNS.NS,2026-07-03,3.96,0.554,4.6,6.76,4.19,3.61,4.22,8,0.7327,0.4044,0.0699,0.5433,1.141,54.27,28.82,0.95,0,52.61,19.3,93.06,16.73,23.0,0.3,0.256,93.1,Caution,2026-07-03,,,,2
INDIGO.NS,2026-07-03,0.0,0.538,0.91,5.04,0.0,0.0,0.0,3,0.0725,0.2583,0.2109,-0.0905,-0.276,35.85,20.63,2.22,-1,72.16,33.71,-87.44,7.12,7.0,866.46,0.206,64.1,Avoid,2026-07-03,,,,1
SAKSOFT.NS,2026-07-03,7.19,0.538,6.3,6.72,7.23,7.12,7.27,7,-0.0917,0.3929,0.2496,-0.1036,-0.205,67.25,30.52,2.29,-1,62.42,32.05,17.55,19.06,26.0,5.61,-0.361,56.6,Strong Buy,2026-07-03,,,,5
RAMCOSYS.NS,2026-07-03,4.6,0.538,6.39,6.73,4.59,4.48,4.68,6,0.407,0.9533,0.4221,1.0045,1.684,79.55,23.71,2.46,-1,79.39,53.79,71.71,12.49,19.0,12.1,0.718,95.2,Hold,2026-07-03,,,,3
BIOCON.NS,2026-07-03,1.26,0.677,0.94,5.56,1.5,0.95,1.29,6,0.102,0.2566,0.0364,0.1804,0.708,20.87,9.45,0.92,0,63.53,23.81,152.43,1.15,4.0,42.15,0.08,60.0,Avoid,2026-07-03,,,,1
NESTLEIND.NS,2026-07-03,4.86,0.492,6.31,7.46,4.84,4.91,5.08,8,0.1333,0.1938,0.0531,0.2231,1.077,23.89,11.61,0.9,0,62.41,18.41,80.12,76.34,85.0,8.62,0.085,60.7,Hold,2026-07-03,,,,3
AMBUJACEM.NS,2026-07-03,6.62,0.185,5.59,6.07,6.51,7.01,6.7,5,-0.2038,0.0598,0.0672,-0.2321,-0.866,28.15,18.36,0.57,0,59.94,11.37,23.28,8.3,6.0,1.21,-0.965,13.1,Buy,2026-07-03,,,,4
TVSMOTOR.NS,2026-07-03,3.47,0.477,4.79,5.88,3.64,3.29,3.41,5,-0.0407,0.0452,0.072,0.258,0.968,28.82,20.38,0.92,0,62.79,12.85,57.15,31.62,17.0,306.09,0.713,31.7,Caution,2026-07-03,,,,2
BELRISE.NS,2026-07-03,6.56,0.523,3.84,6.07,7.17,5.76,6.87,6,0.2535,0.2138,0.0683,1.2188,3.084,36.55,21.61,0.72,0,48.13,21.14,39.71,12.52,15.0,29.1,2.88,70.3,Buy,2026-07-03,,,,4
ABCAPITAL.NS,2026-07-03,1.47,0.938,4.31,3.73,1.68,1.02,1.01,3,0.1086,0.3004,0.1224,0.429,1.308,31.76,18.82,2.37,-1,66.83,28.67,28.22,11.18,8.72,491.75,0.725,66.9,Avoid,2026-07-03,,,,1
ONGC.NS,2026-07-03,6.72,-0.369,6.56,7.92,6.04,8.21,7.74,7,0.0231,-0.1703,-0.1016,0.0302,0.132,25.83,20.21,-1.51,1,30.89,45.89,7.22,12.7,14.0,42.55,-0.315,15.9,Buy,2026-07-03,,,,4
INDUSTOWER.NS,2026-07-03,4.75,-0.446,4.03,6.21,4.54,5.6,5.87,7,-0.1205,-0.0942,-0.1079,-0.0881,-0.332,22.32,17.52,-2.12,1,25.27,26.86,14.15,19.81,19.0,53.29,-0.278,7.6,Hold,2026-07-03,,,,3
RECLTD.NS,2026-07-03,0.45,0.523,4.7,4.08,0.48,0.37,0.34,5,0.0149,0.1087,0.0618,-0.0389,-0.147,26.3,17.48,0.75,0,57.97,25.22,5.91,19.96,9.71,607.46,-0.681,42.1,Avoid,2026-07-03,,,,1
HAL.NS,2026-07-03,6.64,0.585,5.69,5.03,6.79,6.11,5.61,6,0.0175,0.1804,0.0568,-0.0799,-0.297,28.09,17.2,0.34,0,55.14,15.42,32.54,23.98,32.0,0.03,-0.487,47.6,Buy,2026-07-03,,,,4
DIVISLAB.NS,2026-07-03,5.18,0.708,5.25,6.61,5.35,4.99,5.31,6,0.057,0.1608,0.0202,-0.0032,-0.014,19.96,11.6,0.71,0,55.51,19.06,69.73,16.19,22.0,0.04,0.636,49.7,Hold,2026-07-03,,,,3
CMPDI.NS,2026-07-03,6.04,0.262,6.85,5.32,5.7,6.04,5.29,5,,0.832,0.1695,,,54.69,28.2,1.82,-1,68.64,31.26,32.31,28.36,38.0,0.06,15.544,93.8,Buy,2026-07-03,,,,4
PARADEEP.NS,2026-07-03,4.0,0.477,4.49,4.41,4.32,3.32,3.2,1,-0.1109,0.2676,0.149,-0.0744,-0.166,31.7,17.87,2.97,-1,73.44,24.1,15.3,18.36,17.0,101.82,0.558,43.4,Caution,2026-07-03,,,,2
SOLARWORLD.NS,2026-07-03,5.69,0.092,6.65,4.99,5.36,5.99,4.83,5,-0.2358,0.2426,0.0926,,,51.74,29.23,0.92,0,66.37,14.55,14.02,20.83,24.0,30.13,-0.95,22.1,Hold,2026-07-03,,,,3
PARAS.NS,2026-07-03,2.48,0.677,4.56,6.08,2.68,2.14,2.47,7,0.892,1.0197,0.3477,0.5915,1.145,70.56,30.44,1.68,-1,62.15,40.76,118.93,13.14,17.0,3.73,-0.213,97.9,Avoid,2026-07-03,,,,1
SWIGGY.NS,2026-07-03,3.33,-0.492,4.73,4.42,2.91,3.94,3.02,3,-0.3646,-0.0781,-0.0093,-0.369,-1.041,37.1,26.12,-0.86,0,47.65,14.1,-14.71,-29.12,-24.0,13.93,-0.846,4.1,Caution,2026-07-03,,,,2
BLSE.NS,2026-07-03,6.36,0.785,4.53,6.39,6.86,5.58,6.53,8,0.314,0.6874,0.1543,0.3552,0.826,40.5,15.59,2.38,-1,80.58,52.06,41.82,12.73,17.0,1.08,-0.078,87.6,Buy,2026-07-03,,,,4
AEQUS.NS,2026-07-03,4.57,0.323,2.28,4.75,5.32,3.38,4.36,3,0.7117,0.9222,0.2653,,,78.81,37.09,1.78,-1,64.37,41.81,-126.49,-10.29,2.0,47.18,1.898,95.9,Hold,2026-07-03,,,,3
HEROMOTOCO.NS,2026-07-03,6.22,-0.615,8.23,6.98,5.23,8.13,7.14,5,-0.1531,-0.0393,0.0036,0.1884,0.707,23.73,18.18,-1.09,0,43.13,13.29,16.93,28.03,36.0,3.57,-0.393,9.7,Hold,2026-07-03,,,,3
TITAN.NS,2026-07-03,4.02,0.769,5.4,5.86,4.22,3.65,3.7,5,0.1017,0.0545,0.0472,0.2092,0.89,27.62,19.43,1.11,0,62.63,14.85,77.77,37.13,26.0,195.0,0.391,48.3,Caution,2026-07-03,,,,2
NTPC.NS,2026-07-03,6.24,-0.062,5.58,6.02,5.93,6.81,6.44,5,0.0679,-0.0336,-0.0144,0.1,0.539,19.52,14.77,-1.25,0,41.18,25.52,11.71,13.69,8.0,118.13,-0.284,34.5,Buy,2026-07-03,,,,4
ABB.NS,2026-07-03,3.89,0.523,8.61,6.24,3.79,3.92,3.74,5,0.3482,0.1132,-0.0303,0.1753,0.609,34.46,24.66,-0.1,0,48.39,13.1,94.68,29.9,30.0,1.08,-0.514,69.7,Caution,2026-07-03,,,,2
WABAG.NS,2026-07-03,7.2,0.769,4.01,6.3,7.98,6.04,7.45,7,0.5822,0.6503,0.3002,0.4684,1.276,43.48,23.99,1.96,-1,66.81,45.2,30.07,15.67,21.0,8.87,0.476,94.5,Strong Buy,2026-07-03,,,,5
KPITTECH.NS,2026-07-03,2.88,-0.723,4.34,4.6,2.39,3.72,3.0,3,-0.5186,-0.2108,-0.2818,-0.5489,-1.474,47.22,42.48,-3.73,1,17.05,31.67,23.98,19.73,26.0,23.62,-1.271,1.4,Caution,2026-07-03,,,,2
EICHERMOT.NS,2026-07-03,7.31,0.185,6.34,6.42,7.05,7.8,7.55,6,-0.0012,0.1111,0.0381,0.3008,1.134,28.53,18.92,0.48,0,49.88,17.08,36.55,23.77,31.0,2.05,0.781,40.0,Buy,2026-07-03,,,,4
OLECTRA.NS,2026-07-03,4.03,0.769,6.22,4.43,4.17,3.42,3.0,7,0.241,0.4522,0.1543,0.2271,0.487,43.08,24.44,1.76,-1,62.09,28.47,68.73,21.0,21.0,30.84,-0.347,78.6,Caution,2026-07-03,,,,2
GROWW.NS,2026-07-03,5.22,0.169,9.33,5.63,4.89,5.41,4.76,6,0.3297,0.2394,0.0531,,,41.07,25.18,0.66,0,61.49,23.88,60.74,28.72,37.0,3.03,1.79,74.5,Hold,2026-07-03,,,,3
LUPIN.NS,2026-07-03,7.4,0.923,8.08,7.23,7.5,7.19,7.31,5,0.1775,0.0773,0.0919,0.2705,1.323,22.39,14.85,2.9,-1,72.59,26.18,21.28,26.91,30.0,29.39,0.697,57.9,Strong Buy,2026-07-03,,,,5
MEESHO.NS,2026-07-03,6.2,0.154,5.24,5.58,6.14,6.15,5.91,3,0.0281,0.2608,0.1249,,,54.78,28.85,0.38,0,55.41,27.36,-60.03,-46.56,-36.0,1.43,0.187,55.9,Buy,2026-07-03,,,,4
MAZDOCK.NS,2026-07-03,6.03,0.138,8.25,5.46,5.58,6.43,5.31,5,0.0302,0.0926,0.0497,-0.2185,-0.646,25.78,18.49,0.16,0,57.34,17.47,39.66,28.77,36.0,4.48,-0.029,42.8,Buy,2026-07-03,,,,4
ANANTRAJ.NS,2026-07-03,4.3,0.185,4.23,3.96,4.6,3.58,3.29,3,0.004,0.2073,-0.0269,-0.017,-0.037,49.45,31.93,1.49,0,60.01,9.8,35.09,11.13,12.0,11.7,0.008,45.5,Hold,2026-07-03,,,,3
WAAREEENER.NS,2026-07-03,5.18,-0.646,7.45,5.85,4.18,6.76,5.42,5,-0.0325,-0.0728,-0.0635,-0.066,-0.164,31.96,27.7,-1.63,0,33.12,16.96,22.21,31.57,39.0,21.4,0.129,18.6,Hold,2026-07-03,,,,3
POLYCAB.NS,2026-07-03,6.55,0.554,6.01,6.26,6.65,6.27,6.43,5,0.2503,0.3275,-0.0108,0.4396,1.538,28.39,14.29,0.7,0,49.55,22.65,53.86,24.58,33.0,2.56,0.414,73.1,Buy,2026-07-03,,,,4
TATAPOWER.NS,2026-07-03,3.22,-0.369,3.71,4.58,3.19,3.34,3.22,4,-0.0113,-0.0262,-0.0774,-0.0714,-0.344,22.8,15.42,-1.88,0,27.77,24.74,32.04,11.34,11.0,168.05,-0.499,21.4,Caution,2026-07-03,,,,2
HINDZINC.NS,2026-07-03,6.36,-0.462,8.13,6.7,5.48,8.0,7.06,7,-0.1072,0.0141,-0.0534,0.2132,0.578,34.34,24.52,-1.34,0,40.13,25.29,16.39,76.94,70.0,39.03,-0.371,14.5,Hold,2026-07-03,,,,3
SUMICHEM.NS,2026-07-06,6.13,0.692,4.71,5.83,6.49,5.54,5.9,5,0.0348,0.1818,0.054,-0.0753,-0.21,49.74,26.79,1.18,0,59.11,20.25,44.45,17.24,22.0,1.86,-0.209,53.8,Buy,2026-07-06,,,,4
IKIO.NS,2026-07-06,4.31,0.415,5.13,5.44,4.36,4.05,3.91,7,0.0591,0.4937,0.3049,-0.1217,-0.253,61.97,24.03,3.34,-1,73.41,21.62,40.38,7.09,9.0,11.44,-0.563,75.2,Hold,2026-07-06,,,,3
PPLPHARMA.NS,2026-07-06,6.43,0.462,3.91,6.04,6.91,5.89,6.8,5,-0.0002,0.2411,0.0792,-0.1259,-0.383,39.76,18.94,1.26,0,64.33,20.37,-72.54,-4.0,3.0,69.52,0.032,55.2,Strong Buy,2026-07-06,,,,5
WIPRO.NS,2026-07-06,4.38,-0.615,4.84,5.87,3.81,5.59,5.04,4,-0.337,-0.1454,-0.0435,-0.3189,-1.269,28.76,24.78,-1.54,0,37.15,28.11,13.86,15.44,18.0,22.85,-0.872,3.4,Hold,2026-07-06,,,,3
MARICO.NS,2026-07-06,6.16,0.862,5.72,6.75,6.35,5.89,6.21,5,0.1066,0.1218,0.0365,0.1887,1.069,16.35,9.95,1.0,0,57.08,31.59,61.74,41.39,47.0,12.39,0.427,57.2,Buy,2026-07-06,,,,4
TMPV.NS,2026-07-06,3.21,-0.6,2.47,5.48,3.16,3.64,4.08,3,-0.0584,0.0417,-0.1036,-0.4935,-0.979,34.76,24.09,-0.8,0,39.88,18.52,1.49,-1.12,3.0,70.36,-1.128,21.4,Caution,2026-07-06,,,,2
APARINDS.NS,2026-07-06,4.41,0.0,4.2,6.03,4.46,4.35,4.89,6,0.7205,0.3556,0.071,0.6178,1.358,45.15,29.01,0.46,0,43.91,33.32,58.62,19.74,31.0,17.72,0.455,93.1,Hold,2026-07-06,,,,3
TECHM.NS,2026-07-06,5.71,-0.308,4.77,6.56,5.37,6.7,6.76,6,-0.1087,-0.0101,-0.0443,-0.1185,-0.437,34.67,24.67,-0.27,0,49.68,10.59,25.83,16.61,23.0,7.27,-0.176,16.6,Hold,2026-07-06,,,,3
INDIANB.NS,2026-07-06,3.76,-0.646,3.73,5.77,3.49,4.59,4.72,4,-0.0659,-0.1588,-0.0455,0.2367,0.764,24.48,18.93,-1.39,0,33.87,20.1,9.07,15.44,6.32,,0.591,12.4,Caution,2026-07-06,,,,2
LENSKART.NS,2026-07-06,0.8,0.2,2.75,6.09,0.87,0.74,0.93,6,0.1893,0.0636,0.0656,,,23.02,15.87,1.35,0,67.7,14.86,186.81,6.65,8.0,34.98,1.301,60.7,Avoid,2026-07-06,,,,1
NUVAMA.NS,2026-07-06,3.91,0.846,5.05,3.96,4.18,3.09,2.76,3,0.2773,0.4639,0.2063,0.1729,0.476,37.31,16.24,1.99,-1,73.42,48.07,33.15,27.32,17.0,282.32,0.889,82.1,Caution,2026-07-06,,,,2
GMRAIRPORT.NS,2026-07-06,0.0,0.846,3.57,5.52,0.0,0.0,0.0,7,0.0701,0.1812,0.1282,0.2803,0.944,27.67,16.81,2.1,-1,68.7,32.57,808.5,11.6,12.0,,0.02,59.3,Avoid,2026-07-06,,,,1
AUROPHARMA.NS,2026-07-06,6.62,0.831,2.98,7.01,7.47,5.63,7.43,7,0.3453,0.2016,0.1055,0.4225,1.596,26.72,16.78,2.25,-1,67.34,29.89,26.61,9.93,13.0,21.31,0.174,77.2,Buy,2026-07-06,,,,4
BAJAJHFL.NS,2026-07-06,1.34,0.231,3.27,3.52,1.5,1.03,1.01,4,-0.0731,0.06,0.0852,-0.262,-1.195,23.53,14.28,1.19,0,60.26,32.58,29.2,12.06,,460.5,-1.177,30.3,Avoid,2026-07-06,,,,1
SUVEN.NS,2026-07-06,5.48,0.831,5.84,3.76,5.67,4.46,3.66,3,0.8922,0.8446,0.3353,0.2556,0.462,71.2,32.22,2.0,-1,65.93,30.38,-25.73,-78.8,-77.0,2.82,0.747,97.2,Hold,2026-07-06,,,,3
FORCEMOT.NS,2026-07-06,4.64,-0.431,6.3,5.13,3.9,5.74,4.44,6,-0.1177,-0.1515,0.0836,0.2872,0.562,43.31,30.9,-0.54,0,50.89,10.77,20.4,33.51,36.0,,0.852,13.1,Hold,2026-07-06,,,,3
EIEL.NS,2026-07-06,4.88,0.846,4.71,3.88,5.34,3.71,3.46,3,0.1579,0.3993,0.3265,-0.004,-0.008,60.09,30.02,2.25,-1,73.44,31.45,23.01,16.89,20.0,34.13,0.055,78.6,Hold,2026-07-06,,,,3
OFSS.NS,2026-07-06,8.71,0.831,7.84,7.26,8.72,8.44,8.74,7,0.4728,0.586,0.1347,0.2931,0.922,36.84,16.15,1.66,-1,69.04,29.28,36.59,32.61,45.0,0.41,0.028,90.3,Strong Buy,2026-07-06,,,,5
RAYMONDREL.NS,2026-07-06,6.81,0.862,7.18,5.03,6.87,6.13,5.54,4,0.3289,0.6119,0.2287,-0.2355,-0.415,67.95,29.1,1.93,-1,69.45,37.63,15.43,37.72,30.0,64.68,-0.596,86.9,Strong Buy,2026-07-06,,,,5
CONCOR.NS,2026-07-06,4.89,-0.015,3.86,5.64,5.02,4.95,5.29,6,-0.0862,0.019,0.0839,-0.1773,-0.742,25.03,19.75,-0.22,0,56.3,26.29,29.53,9.76,12.0,7.39,-1.225,26.9,Hold,2026-07-06,,,,3
ALKEM.NS,2026-07-06,6.86,0.231,5.73,6.05,6.64,7.2,6.93,4,0.0255,0.0595,0.0376,0.1574,0.715,22.64,16.18,1.08,0,62.78,34.65,28.89,17.56,21.0,14.27,-0.1,44.8,Strong Buy,2026-07-06,,,,5
MPHASIS.NS,2026-07-06,4.52,-0.185,3.78,5.73,4.54,4.85,5.11,3,-0.183,-0.0244,-0.0174,-0.1901,-0.669,31.49,21.6,0.33,0,53.79,17.62,23.51,18.29,22.0,24.38,-0.344,9.0,Hold,2026-07-06,,,,3
ATHERENERG.NS,2026-07-06,5.52,0.846,3.77,5.28,6.24,4.27,5.07,3,0.5138,0.4567,0.1202,2.3329,4.757,45.65,23.33,2.2,-1,66.57,47.52,-125.72,-33.74,-20.0,25.82,4.355,89.0,Hold,2026-07-06,,,,3
AWL.NS,2026-07-06,6.1,-0.369,5.38,6.89,5.54,7.41,7.16,6,-0.188,0.0719,0.033,-0.2548,-0.903,29.49,17.08,-0.17,0,55.41,18.39,23.73,10.52,18.0,10.62,-0.878,17.2,Hold,2026-07-06,,,,3
INDHOTEL.NS,2026-07-06,5.04,0.477,4.3,6.75,5.32,4.86,5.58,9,-0.0115,0.1629,0.1346,-0.0211,-0.087,22.85,14.82,2.2,-1,69.83,22.85,50.26,16.43,17.0,18.99,0.138,49.7,Hold,2026-07-06,,,,3
PNB.NS,2026-07-06,3.63,-0.323,2.82,5.45,3.74,3.79,4.21,4,-0.1444,-0.035,0.0146,-0.058,-0.214,23.17,15.85,-0.33,0,43.11,16.79,6.52,12.98,6.13,,-0.387,14.5,Caution,2026-07-06,,,,2
APLAPOLLO.NS,2026-07-06,5.48,-0.492,5.76,6.83,4.81,6.89,6.44,6,-0.0654,-0.1183,-0.0067,0.0394,0.148,25.17,19.91,-0.85,0,44.93,13.21,41.71,25.31,32.0,9.4,0.07,15.9,Hold,2026-07-06,,,,3
INDIGO.NS,2026-07-06,0.0,0.538,0.92,5.09,0.0,0.0,0.0,3,0.0579,0.2665,0.2401,-0.0921,-0.282,34.95,19.27,2.04,-1,70.73,34.55,-87.4,7.12,7.0,866.46,0.219,66.9,Avoid,2026-07-06,,,,1
SAKSOFT.NS,2026-07-06,7.37,0.554,6.34,6.65,7.31,7.51,7.52,7,-0.1309,0.2498,0.2369,-0.1334,-0.263,67.82,31.45,1.74,-1,57.96,33.13,16.95,19.06,26.0,5.61,-0.373,47.6,Strong Buy,2026-07-06,,,,5
BIOCON.NS,2026-07-06,1.3,0.785,0.93,5.55,1.54,0.97,1.31,6,0.0794,0.2126,0.0364,0.1524,0.599,21.01,9.57,0.78,0,59.01,24.97,150.71,1.15,4.0,42.15,0.04,58.6,Avoid,2026-07-06,,,,1
NESTLEIND.NS,2026-07-06,4.69,0.462,6.29,7.52,4.63,4.82,4.98,8,0.1507,0.2068,0.047,0.2385,1.159,23.72,11.61,0.98,0,63.34,19.87,80.93,76.34,85.0,8.62,0.04,64.8,Hold,2026-07-06,,,,3
AMBUJACEM.NS,2026-07-06,6.25,0.077,5.59,6.1,5.97,6.93,6.52,5,-0.2172,-0.0093,0.0657,-0.2552,-0.952,27.7,18.41,0.36,0,57.78,12.85,23.08,8.3,6.0,1.21,-0.957,11.0,Buy,2026-07-06,,,,4
BELRISE.NS,2026-07-06,5.56,0.031,3.86,6.05,5.72,5.53,6.28,6,0.1997,0.1431,0.0291,1.1703,2.947,37.3,22.96,-0.01,0,40.56,20.77,38.21,12.52,15.0,29.1,2.664,65.5,Hold,2026-07-06,,,,3
ABCAPITAL.NS,2026-07-06,1.38,0.908,4.34,3.73,1.57,0.98,0.95,3,0.1323,0.2088,0.1891,0.4945,1.507,31.71,18.82,2.6,-1,69.92,30.12,28.76,11.18,8.72,491.75,0.825,68.3,Avoid,2026-07-06,,,,1
RECLTD.NS,2026-07-06,0.43,0.554,4.7,4.1,0.46,0.37,0.33,5,-0.022,0.063,0.0607,-0.0292,-0.111,26.26,17.48,0.67,0,56.98,25.29,5.9,19.96,9.71,607.46,-0.787,39.3,Avoid,2026-07-06,,,,1
CMPDI.NS,2026-07-06,6.24,0.262,6.88,5.28,5.89,6.25,5.48,5,,0.7343,0.1549,,,55.07,28.59,1.57,-1,63.76,31.86,31.57,28.36,38.0,0.06,13.558,91.0,Buy,2026-07-06,,,,4
PARADEEP.NS,2026-07-06,4.3,0.538,4.45,4.4,4.61,3.62,3.45,1,-0.1286,0.1826,0.1564,-0.0939,-0.209,32.03,18.43,2.3,-1,66.01,25.71,14.97,18.36,17.0,101.82,0.418,40.7,Hold,2026-07-06,,,,3
SOLARWORLD.NS,2026-07-06,5.58,0.092,6.66,5.02,5.15,6.05,4.87,5,-0.2279,0.1815,0.155,,,51.72,29.23,1.02,0,67.28,17.5,14.1,20.83,24.0,30.13,-0.938,24.1,Hold,2026-07-06,,,,3
BLSE.NS,2026-07-06,6.01,0.738,4.54,6.4,6.4,5.41,6.26,8,0.355,0.6304,0.1836,0.3773,0.879,40.45,15.57,2.44,-1,81.89,54.13,43.06,12.73,17.0,1.08,-0.006,87.6,Buy,2026-07-06,,,,4
AEQUS.NS,2026-07-06,4.23,0.246,2.26,4.74,4.83,3.3,4.16,3,0.7035,0.8694,0.2513,,,73.32,37.15,1.64,-1,62.34,43.13,-125.14,-10.29,2.0,47.18,1.814,95.9,Hold,2026-07-06,,,,3
ABB.NS,2026-07-06,3.92,0.615,8.61,6.28,3.82,3.93,3.78,5,0.3506,0.0709,0.0063,0.1927,0.671,33.66,24.66,0.06,0,50.57,12.17,95.21,29.9,30.0,1.08,-0.494,72.4,Caution,2026-07-06,,,,2
WABAG.NS,2026-07-06,7.06,0.8,4.02,6.28,7.74,6.05,7.4,7,0.5933,0.5442,0.3326,0.4635,1.271,43.47,24.1,1.78,-1,64.62,45.63,29.71,15.67,21.0,8.87,0.452,94.5,Strong Buy,2026-07-06,,,,5
OLECTRA.NS,2026-07-06,3.83,0.677,6.22,4.4,3.86,3.39,2.88,7,0.1848,0.3616,0.1924,0.215,0.463,42.26,24.49,1.59,-1,60.2,27.63,68.49,21.0,21.0,30.84,-0.408,75.9,Caution,2026-07-06,,,,2
LUPIN.NS,2026-07-06,7.5,0.892,7.99,7.26,7.54,7.36,7.47,5,0.1773,0.0804,0.0994,0.267,1.307,22.16,14.85,2.72,-1,72.82,28.5,21.33,26.91,30.0,29.39,0.503,62.1,Strong Buy,2026-07-06,,,,5
ANANTRAJ.NS,2026-07-06,3.56,-0.077,4.23,3.93,3.56,3.36,2.85,3,-0.0664,0.1238,0.0148,-0.0138,-0.03,49.42,32.12,1.07,0,56.16,10.93,34.48,11.13,12.0,11.7,-0.118,35.9,Caution,2026-07-06,,,,2
WAAREEENER.NS,2026-07-06,5.34,-0.6,7.46,5.92,4.34,6.92,5.65,5,0.0004,-0.0824,-0.0454,-0.0326,-0.081,31.78,27.7,-1.52,0,34.34,18.5,22.26,31.57,39.0,21.4,0.133,23.4,Hold,2026-07-06,,,,3
POLYCAB.NS,2026-07-06,6.24,0.554,6.02,6.22,6.21,6.14,6.15,5,0.2271,0.259,0.0078,0.4138,1.45,28.32,14.3,0.64,0,48.81,21.82,53.92,24.58,33.0,2.56,0.457,71.0,Buy,2026-07-06,,,,4
TATAPOWER.NS,2026-07-06,2.99,-0.462,3.72,4.6,2.86,3.27,3.08,4,-0.0319,-0.0365,-0.0585,-0.0642,-0.309,22.72,15.42,-1.68,0,32.31,25.57,32.3,11.34,11.0,168.05,-0.491,20.7,Caution,2026-07-06,,,,2
HINDZINC.NS,2026-07-06,6.65,-0.246,8.13,6.72,5.89,8.11,7.26,7,-0.1244,-0.0157,-0.0275,0.2312,0.626,34.3,24.52,-1.23,0,42.19,24.3,16.52,76.94,70.0,39.03,-0.386,15.2,Strong Buy,2026-07-06,,,,5
ICICIBANK.NS,2026-07-06,5.9,0.646,3.84,5.89,6.56,5.08,6.03,3,0.0528,0.0899,0.1413,0.0071,0.038,18.96,11.5,2.19,-1,75.33,35.07,19.08,16.36,7.2,,0.108,49.7,Buy,2026-07-06,,,,4
HDFCBANK.NS,2026-07-06,3.99,0.246,2.48,5.45,4.5,3.45,4.19,5,-0.1578,0.0337,0.142,-0.1484,-0.747,22.54,13.7,2.69,-1,74.64,29.05,18.53,13.82,7.04,,-0.219,17.2,Hold,2026-07-06,,,,3
BSE.NS,2026-07-06,5.55,-0.092,8.42,6.83,5.09,6.17,5.92,8,0.4261,0.202,-0.0291,0.3816,0.956,30.47,19.73,-0.32,0,41.17,14.63,63.06,36.0,58.0,0.0,2.194,75.9,Buy,2026-07-06,,,,4
DIXON.NS,2026-07-06,3.81,0.492,4.68,4.92,4.05,3.33,3.42,5,0.0936,0.2508,0.1678,-0.1222,-0.32,41.15,21.39,3.07,-1,70.95,17.87,49.45,37.13,42.0,18.46,-0.078,60.7,Caution,2026-07-06,,,,2
APOLLO.NS,2026-07-06,1.68,0.646,4.7,4.61,1.83,1.34,1.4,4,0.5588,1.0373,0.0414,1.2265,2.065,71.14,33.37,1.02,-1,55.03,30.0,134.56,11.21,14.0,41.53,1.611,93.1,Avoid,2026-07-06,,,,1
CUPID.NS,2026-07-06,0.4,0.8,7.64,6.43,0.41,0.37,0.38,6,1.5371,1.3202,0.5181,8.9519,16.078,42.84,23.3,2.46,-1,91.88,42.1,266.36,27.3,33.0,12.51,5.093,99.3,Avoid,2026-07-06,,,,1
KOTAKBANK.NS,2026-07-06,3.36,-0.585,1.83,5.46,3.39,3.76,4.35,3,-0.1315,0.003,0.0111,-0.1201,-0.556,21.51,15.97,-0.5,0,39.07,17.81,19.65,11.39,6.93,,-0.223,15.2,Caution,2026-07-06,,,,2
ADANIPOWER.NS,2026-07-06,6.9,-0.123,8.3,5.65,6.21,7.56,6.68,5,0.4838,0.2985,-0.0266,0.8587,2.012,38.16,20.89,-0.21,0,43.04,14.29,33.26,20.91,17.0,82.33,0.443,82.8,Buy,2026-07-06,,,,4
SHAKTIPUMP.NS,2026-07-06,4.3,0.323,4.63,4.39,4.52,3.84,3.56,3,-0.1925,0.1597,0.158,-0.3643,-0.771,42.4,26.15,1.99,-1,66.44,27.11,28.54,17.97,24.0,29.62,-0.306,22.1,Hold,2026-07-06,,,,3
WELCORP.NS,2026-07-06,8.05,0.923,5.1,6.34,8.52,7.15,7.97,4,0.9207,0.6528,0.1501,0.6602,1.86,37.85,19.53,1.86,-1,65.38,31.02,25.23,18.92,23.0,25.04,1.419,95.9,Strong Buy,2026-07-06,,,,5
MCX.NS,2026-07-06,6.15,-0.062,9.28,6.55,5.64,6.92,6.46,6,0.2288,0.0488,-0.0357,0.5297,1.414,35.55,25.38,-1.22,0,39.23,19.8,52.03,37.88,71.0,0.11,2.092,54.5,Buy,2026-07-06,,,,4
LIQUIDBEES.NS,2026-07-06,5.67,0.338,5.0,5.0,6.03,5.16,5.31,0,,,,,,,,0.0,0,45.08,85.11,,,,,-3.678,28.3,Buy,2026-07-06,,,,4
RELIANCE.NS,2026-07-06,4.54,-0.492,4.05,5.94,4.33,5.31,5.54,5,-0.1664,-0.0151,0.0459,-0.1225,-0.614,21.17,14.51,-0.39,0,52.43,14.88,22.12,9.14,10.0,36.65,-0.737,13.1,Hold,2026-07-06,,,,3
HSCL.NS,2026-07-06,6.62,0.585,5.35,5.59,6.81,6.05,6.17,4,0.3868,0.4606,0.0254,0.3869,1.198,42.89,25.32,1.16,0,57.87,19.94,45.49,17.7,22.0,16.17,0.623,85.5,Buy,2026-07-06,,,,4
POWERINDIA.NS,2026-07-06,1.82,-0.046,6.73,6.4,1.7,1.95,1.93,7,0.721,0.2487,-0.0757,0.6217,1.409,43.64,30.98,-0.61,0,40.96,17.67,146.84,21.04,29.0,1.66,0.964,89.7,Avoid,2026-07-06,,,,1
SBIN.NS,2026-07-06,6.91,0.677,5.11,5.07,7.29,6.15,6.02,2,0.0575,-0.0048,0.0568,0.2996,1.342,24.12,19.13,0.46,0,56.29,11.79,11.38,15.48,6.13,,0.262,40.0,Buy,2026-07-06,,,,4
M&M.NS,2026-07-06,6.73,0.154,5.66,6.23,6.46,7.4,7.03,5,-0.1493,0.0077,0.0906,0.0302,0.11,26.7,18.49,1.27,0,61.3,12.6,21.04,18.75,15.0,125.28,0.019,15.9,Buy,2026-07-06,,,,4
DIGITIDE.NS,2026-07-06,0.55,0.369,1.34,5.25,0.64,0.44,0.57,6,-0.0768,0.3423,0.4268,-0.3784,-0.692,66.81,33.21,4.16,-1,80.62,20.71,175.0,0.61,11.0,57.94,-0.972,60.0,Avoid,2026-07-06,,,,1
PARAS.NS,2026-07-06,2.28,0.738,4.62,6.07,2.48,1.94,2.29,7,0.9867,1.0372,0.408,0.6029,1.163,70.98,30.44,1.9,-1,65.83,41.05,124.97,13.14,17.0,3.73,-0.156,97.9,Avoid,2026-07-06,,,,1
ADANIENSOL.NS,2026-07-06,2.59,0.785,3.42,4.56,3.01,1.84,2.19,5,0.534,0.512,0.0334,0.8466,2.236,38.42,21.35,1.8,-1,69.12,22.64,87.67,9.66,10.0,194.5,0.465,90.3,Avoid,2026-07-06,,,,1
ITC.NS,2026-07-06,5.51,-0.585,7.02,6.06,4.56,7.19,6.09,4,-0.1364,-0.021,0.0315,-0.2679,-1.408,17.32,12.3,-0.65,0,47.16,13.67,17.47,29.34,39.0,3.29,-1.13,13.8,Hold,2026-07-06,,,,3
GVT&D.NS,2026-07-06,3.66,-0.031,8.24,6.6,3.39,4.01,3.86,6,0.4722,0.2227,-0.0399,0.9107,2.094,50.05,34.89,-0.45,0,40.4,21.59,94.92,55.26,76.0,0.89,1.324,77.9,Caution,2026-07-06,,,,2
CGPOWER.NS,2026-07-06,2.6,0.462,5.83,5.86,2.62,2.49,2.48,4,0.4283,0.2736,0.024,0.3918,1.206,36.36,22.99,0.77,0,50.06,19.75,120.45,19.56,27.0,1.45,0.099,80.0,Caution,2026-07-06,,,,2
BEL.NS,2026-07-06,6.7,0.662,5.92,6.3,6.85,6.52,6.54,7,0.0601,-0.0174,0.0305,0.0033,0.013,20.9,15.29,0.05,0,57.74,19.04,51.39,27.56,37.0,0.27,0.253,37.2,Buy,2026-07-06,,,,4
AXISBANK.NS,2026-07-06,4.45,0.431,1.91,4.29,5.26,3.2,3.91,3,0.0574,0.005,0.0564,0.1408,0.604,19.7,13.45,0.56,0,50.66,18.95,15.87,13.15,6.24,,-0.19,40.7,Hold,2026-07-06,,,,3
LODHA.NS,2026-07-06,3.79,0.615,4.46,4.46,4.14,3.08,3.22,6,0.0094,0.4071,0.2584,-0.214,-0.614,38.26,23.37,3.88,-1,78.36,30.0,32.0,15.71,17.0,42.24,-0.557,66.9,Caution,2026-07-06,,,,2
HFCL.NS,2026-07-06,2.58,0.831,2.89,5.51,3.0,1.93,2.51,4,2.3213,1.9926,0.2647,1.6292,3.528,60.4,27.4,1.62,-1,70.46,45.34,106.11,7.27,11.0,38.32,0.526,100.0,Avoid,2026-07-06,,,,1
ADANIENT.NS,2026-07-06,4.38,0.846,2.33,3.77,5.41,2.6,3.36,2,0.4072,0.5696,0.0801,0.2197,0.637,33.34,14.56,1.5,-1,68.64,38.61,43.59,13.66,6.0,119.56,-0.13,88.3,Hold,2026-07-06,,,,3
ETERNAL.NS,2026-07-06,0.0,0.477,3.29,6.0,0.0,0.0,0.0,6,-0.0026,0.1633,0.1414,0.091,0.266,31.64,18.3,2.92,-1,72.26,23.7,726.67,1.19,3.0,14.83,0.271,47.6,Avoid,2026-07-06,,,,1
POLICYBZR.NS,2026-07-06,1.74,-0.338,4.16,5.56,1.7,1.92,1.96,6,-0.1247,0.0549,0.0455,-0.1376,-0.422,32.66,23.08,-0.74,0,43.3,18.59,109.16,9.74,10.0,4.92,-0.014,17.9,Avoid,2026-07-06,,,,1
INFY.NS,2026-07-06,4.13,-0.615,6.15,4.69,3.28,5.41,3.92,8,-0.3509,-0.2091,-0.1034,-0.3287,-1.154,37.57,28.89,-1.36,0,42.17,22.64,13.8,31.44,40.0,9.83,-0.926,2.1,Hold,2026-07-06,,,,3
CHOLAFIN.NS,2026-07-06,0.0,0.692,4.75,3.71,0.0,0.0,0.0,5,0.0397,0.1906,0.2709,0.1918,0.59,35.51,20.11,2.31,-1,73.91,35.88,29.97,19.33,9.7,693.26,0.25,57.9,Avoid,2026-07-06,,,,1
MUTHOOTFIN.NS,2026-07-06,2.53,-0.092,7.65,3.98,2.23,2.8,1.84,5,-0.1719,-0.0968,0.0583,0.2052,0.568,34.12,25.57,-0.73,0,51.65,14.89,11.9,30.41,15.8,379.71,0.837,9.0,Avoid,2026-07-06,,,,1
ONGC.NS,2026-07-06,6.78,-0.338,6.55,7.94,6.12,8.23,7.78,7,0.0339,-0.1457,-0.0784,0.0665,0.29,26.46,20.16,-1.2,0,42.15,44.2,7.4,12.7,14.0,42.55,-0.428,16.6,Buy,2026-07-06,,,,4
INDUSTOWER.NS,2026-07-06,4.99,-0.446,4.54,6.21,4.7,5.94,6.08,7,-0.1256,-0.1234,-0.0929,-0.0867,-0.326,22.43,17.52,-1.83,0,30.22,27.12,14.26,19.81,19.0,53.29,-0.217,7.6,Hold,2026-07-06,,,,3
TCS.NS,2026-07-06,5.52,-0.492,6.69,6.21,4.66,7.17,6.17,6,-0.3468,-0.1851,-0.0436,-0.3753,-1.47,34.71,27.88,-1.47,0,40.74,23.69,15.12,48.4,63.0,10.39,-1.366,2.8,Hold,2026-07-06,,,,3
BHARTIARTL.NS,2026-07-06,5.17,0.169,3.7,6.35,5.45,5.19,5.97,6,-0.0857,0.0344,0.062,-0.045,-0.233,22.15,14.49,1.85,0,64.08,15.11,43.45,19.36,18.0,99.72,0.503,21.4,Hold,2026-07-06,,,,3
LT.NS,2026-07-06,6.12,0.554,3.84,5.49,6.8,5.25,5.95,3,-0.0199,0.0186,0.0427,0.1345,0.54,20.59,11.87,0.21,0,45.6,18.66,34.61,16.95,15.0,97.64,0.004,29.0,Buy,2026-07-06,,,,4
BHEL.NS,2026-07-06,3.55,-0.092,4.15,6.97,3.62,3.63,4.26,9,0.2938,0.4584,0.0031,0.4901,1.376,38.12,22.68,0.11,0,44.72,22.18,84.24,6.29,9.0,31.31,0.066,77.2,Caution,2026-07-06,,,,2
KIRLOSENG.NS,2026-07-06,5.81,0.708,3.4,7.27,6.49,4.93,6.4,7,0.8444,0.5461,0.222,1.6611,3.582,60.19,24.42,1.41,-1,58.43,42.98,58.03,16.82,15.0,150.32,0.504,94.5,Hold,2026-07-06,,,,3
OLAELEC.NS,2026-07-06,3.83,0.554,0.21,2.78,4.8,2.21,2.86,2,0.0367,0.4004,-0.0459,0.0324,0.048,54.95,34.96,0.69,0,49.88,22.05,-10.19,-43.16,-20.0,82.45,-0.61,55.9,Caution,2026-07-06,,,,2
BAJFINANCE.NS,2026-07-06,3.01,0.523,4.69,4.04,3.26,2.43,2.29,4,0.0454,0.1316,0.1886,0.1218,0.418,25.52,15.35,2.45,-1,74.01,35.95,33.71,17.91,10.8,313.41,0.547,51.0,Caution,2026-07-06,,,,2
VBL.NS,2026-07-06,4.97,-0.108,4.42,6.56,5.0,5.28,5.87,5,0.0043,0.174,-0.0523,0.0957,0.329,29.58,16.62,-0.7,0,38.48,15.56,52.7,19.7,20.0,12.71,-0.555,41.4,Hold,2026-07-06,,,,3
INDUSINDBK.NS,2026-07-06,3.02,0.8,4.4,6.38,3.33,2.63,3.14,5,0.1208,0.2099,0.13,0.1793,0.63,29.89,17.34,3.06,-1,71.76,23.14,88.58,1.36,5.68,,-0.622,59.3,Caution,2026-07-06,,,,2
AEGISLOG.NS,2026-07-06,5.69,0.769,5.38,7.09,5.93,5.21,5.82,8,0.9756,1.3092,0.8651,0.9079,2.18,53.67,18.11,2.87,-1,94.52,64.9,55.09,15.26,14.0,47.24,0.376,98.6,Buy,2026-07-06,,,,4
AUBANK.NS,2026-07-06,7.46,0.877,5.91,5.14,7.76,6.71,6.36,5,0.062,0.0967,0.1069,0.2988,1.023,25.38,15.25,1.64,0,61.9,28.31,30.3,12.4,12.4,,0.735,49.0,Strong Buy,2026-07-06,,,,5
MUNJALAU.NS,2026-07-06,5.5,0.923,3.01,5.53,6.36,4.18,5.36,4,0.3825,0.518,0.1995,0.4498,1.012,54.79,28.37,2.79,-1,69.39,32.33,27.46,10.32,11.0,90.75,0.127,87.6,Hold,2026-07-06,,,,3
HINDALCO.NS,2026-07-06,4.4,-0.246,2.83,5.54,4.6,4.44,5.15,2,0.0591,0.03,-0.0772,0.4142,1.498,29.33,20.34,-1.14,0,43.84,28.2,16.27,10.29,13.0,72.6,0.455,35.9,Hold,2026-07-06,,,,3
ZENTEC.NS,2026-07-06,2.82,0.338,3.67,4.92,3.1,2.36,2.69,5,0.36,0.2774,0.0569,-0.0497,-0.13,45.34,27.52,1.31,0,57.2,13.42,86.26,11.83,16.0,0.95,0.201,76.6,Caution,2026-07-06,,,,2
HINDUNILVR.NS,2026-07-06,5.83,-0.138,5.63,7.29,5.47,6.7,6.57,8,-0.0526,0.0367,0.0542,-0.0283,-0.136,23.91,14.69,0.13,0,56.35,17.77,48.57,21.6,28.0,3.02,-0.629,26.2,Buy,2026-07-06,,,,4
DLF.NS,2026-07-06,3.89,0.554,4.04,4.24,4.37,3.0,3.15,7,-0.0357,0.1754,0.1995,-0.1847,-0.655,30.7,18.5,2.89,-1,70.12,25.27,37.74,10.03,6.0,0.67,-0.518,46.9,Hold,2026-07-06,,,,3
SHRIRAMFIN.NS,2026-07-06,4.62,0.831,5.42,4.66,4.85,4.03,3.77,5,0.0574,0.0441,0.1914,0.595,1.702,32.47,20.55,1.82,-1,72.47,29.18,19.93,16.38,11.5,276.21,0.946,48.3,Hold,2026-07-06,,,,3
DATAPATTNS.NS,2026-07-06,3.88,0.615,4.61,6.74,4.16,3.49,4.15,8,0.7605,0.4068,0.1145,0.5673,1.191,53.9,28.18,1.21,0,56.16,18.76,94.81,16.73,23.0,0.3,0.223,92.4,Hold,2026-07-06,,,,3
SUZLON.NS,2026-07-06,6.79,0.431,7.51,4.75,6.66,6.55,5.59,6,0.0219,0.2541,0.0191,-0.1438,-0.447,36.64,19.55,0.15,0,45.09,15.07,24.01,40.64,35.0,5.87,-0.158,50.3,Buy,2026-07-06,,,,4
MEESHO.NS,2026-07-06,6.45,0.154,5.26,5.6,6.37,6.49,6.31,3,0.0596,0.2437,0.1309,,,54.79,28.75,0.61,0,58.4,27.43,-60.88,-46.56,-36.0,1.43,0.245,55.2,Buy,2026-07-06,,,,4
GROWW.NS,2026-07-06,5.26,0.123,9.31,5.55,4.88,5.54,4.85,6,0.2898,0.1059,0.0543,,,40.92,25.95,0.07,0,51.78,23.29,58.7,28.72,37.0,3.03,1.596,68.3,Hold,2026-07-06,,,,3
LIQUIDCASE.NS,2026-07-06,6.18,0.615,5.0,5.0,6.74,5.31,5.62,0,,,,,,,,0.0,0,100.0,99.93,,,,,-3.214,33.1,Buy,2026-07-06,,,,4
IDEA.NS,2026-07-06,7.63,0.554,4.52,6.21,8.22,6.81,7.94,5,0.1961,0.5315,-0.0215,0.8737,1.768,37.17,14.85,0.63,0,48.71,24.83,4.39,-1.6,-2.0,,-0.271,75.2,Strong Buy,2026-07-06,,,,5
RADICO.NS,2026-07-06,3.86,0.923,5.87,7.45,3.98,3.61,3.9,7,0.2621,0.4867,0.1784,0.6008,1.832,30.45,13.38,2.46,-1,76.53,46.43,90.96,24.2,24.0,20.94,1.571,82.1,Caution,2026-07-06,,,,2
KAYNES.NS,2026-07-06,1.5,-0.354,1.87,2.83,1.6,1.35,1.31,3,-0.1554,-0.1412,0.1096,-0.4656,-0.898,59.67,50.08,-0.4,0,55.52,15.79,61.82,9.57,13.0,19.17,-0.363,11.0,Avoid,2026-07-06,,,,1
ADANIGREEN.NS,2026-07-06,0.77,0.785,4.57,4.4,0.86,0.58,0.61,4,0.4913,0.5046,0.0394,0.5203,1.243,35.61,18.58,1.21,0,61.24,35.67,160.54,7.58,7.0,346.55,-0.261,89.0,Avoid,2026-07-06,,,,1
PHOENIXLTD.NS,2026-07-06,4.39,0.8,5.02,6.29,4.67,3.94,4.35,6,0.1361,0.3186,0.2092,0.3506,1.302,26.11,14.44,3.48,-1,80.88,35.4,60.15,11.06,13.0,37.21,-0.01,71.7,Hold,2026-07-06,,,,3
SILVERBEES.NS,2026-07-06,4.92,0.0,5.0,5.0,4.99,4.93,4.85,0,,,,,,,,0.0,0,45.94,19.37,,,,,1.133,19.3,Hold,2026-07-06,,,,3
MANAPPURAM.NS,2026-07-06,2.94,0.8,4.84,3.91,3.25,2.23,2.13,4,0.116,0.286,0.1568,0.284,0.869,35.75,20.61,2.16,-1,67.94,13.29,29.53,6.97,8.26,360.19,0.689,64.8,Caution,2026-07-06,,,,2
DELHIVERY.NS,2026-07-06,0.28,0.923,1.23,6.08,0.33,0.22,0.3,5,0.2847,0.13,0.1828,0.345,1.11,30.73,18.42,3.14,-1,73.3,30.3,262.45,1.6,3.0,15.1,0.261,72.4,Avoid,2026-07-06,,,,1
PCJEWELLER.NS,2026-07-06,5.26,0.077,6.14,4.36,4.95,5.38,4.14,6,-0.0094,0.0021,0.0689,-0.316,-0.631,45.71,29.22,0.8,0,56.27,18.97,11.4,9.95,10.0,14.27,0.44,31.0,Hold,2026-07-06,,,,3
ZENSARTECH.NS,2026-07-06,6.44,-0.046,6.93,6.04,5.97,7.37,6.53,6,-0.3142,-0.1306,0.0068,-0.4298,-1.236,47.32,31.09,-0.45,0,52.99,25.63,14.18,23.5,24.0,1.68,-0.646,4.8,Buy,2026-07-06,,,,4
GODREJCP.NS,2026-07-06,4.21,0.169,2.86,6.37,4.56,4.09,4.94,5,-0.1006,0.0288,0.1039,-0.0461,-0.187,27.01,19.6,1.56,0,68.43,15.65,60.47,15.1,19.0,34.9,-0.682,20.7,Hold,2026-07-06,,,,3
NYKAA.NS,2026-07-06,0.04,0.877,4.65,6.64,0.04,0.03,0.04,7,0.1835,0.2339,0.2044,0.4816,1.665,27.65,14.28,2.25,-1,70.53,41.11,441.55,14.34,17.0,82.41,0.894,71.0,Avoid,2026-07-06,,,,1
OBEROIRLTY.NS,2026-07-06,5.54,0.785,7.5,5.66,5.55,5.28,5.04,7,0.1548,0.2535,0.2206,0.0259,0.099,25.62,15.83,3.74,-1,82.0,34.18,28.37,14.91,17.0,15.77,0.019,69.7,Hold,2026-07-06,,,,3
HCLTECH.NS,2026-07-06,4.15,-0.369,6.86,4.05,3.44,4.98,3.22,8,-0.2902,-0.2088,-0.0149,-0.3118,-1.166,37.45,31.24,-0.57,0,50.83,20.59,18.48,23.36,31.0,6.93,-0.648,3.4,Hold,2026-07-06,,,,3
NETWEB.NS,2026-07-06,2.65,0.569,5.61,6.02,2.69,2.5,2.57,3,0.4588,0.3322,0.0345,1.3808,2.327,63.91,37.4,0.31,0,45.12,22.45,121.53,32.83,38.0,39.02,0.393,84.1,Caution,2026-07-06,,,,2
MARUTI.NS,2026-07-06,5.28,0.169,5.66,6.05,5.13,5.65,5.34,5,-0.1476,0.0628,0.1196,0.1577,0.655,25.43,15.97,2.85,-1,67.81,16.39,30.96,14.43,19.0,0.1,0.191,18.6,Hold,2026-07-06,,,,3
GOLDBEES.NS,2026-07-06,5.06,0.0,5.0,5.0,5.14,4.99,4.97,0,,,,,,,,0.0,0,46.38,20.77,,,,,1.339,32.4,Hold,2026-07-06,,,,3
BDL.NS,2026-07-06,1.55,0.585,3.12,4.03,1.82,1.1,1.23,6,-0.0538,0.0915,0.1875,-0.2835,-0.722,33.37,22.43,1.06,0,65.09,25.47,122.36,10.19,14.0,0.01,-0.35,39.3,Avoid,2026-07-06,,,,1
HEROMOTOCO.NS,2026-07-06,6.5,-0.492,8.24,7.0,5.6,8.24,7.35,5,-0.1504,-0.0649,0.0354,0.2058,0.77,22.93,18.18,-0.48,0,51.91,13.05,17.24,28.03,36.0,3.57,-0.33,12.4,Hold,2026-07-06,,,,3
BANKBARODA.NS,2026-07-06,3.33,-0.646,4.1,4.88,3.01,4.03,3.73,4,-0.1541,-0.065,-0.0359,0.0617,0.228,26.04,18.7,-1.59,0,31.54,18.32,6.51,12.74,5.63,,-0.199,8.3,Caution,2026-07-06,,,,2
AEGISVOPAK.NS,2026-07-06,1.46,0.492,3.41,4.01,1.64,1.1,1.18,5,0.1252,0.4693,0.5194,0.1501,0.321,50.14,23.7,3.42,-1,80.57,28.37,97.89,10.79,7.0,84.44,0.171,80.7,Avoid,2026-07-06,,,,1
PERSISTENT.NS,2026-07-06,4.62,-0.615,6.38,5.61,3.79,6.03,4.9,5,-0.2475,-0.1225,-0.0689,-0.211,-0.611,43.75,35.87,-0.94,0,46.86,18.56,39.65,26.35,34.0,6.09,-0.124,5.5,Hold,2026-07-06,,,,3
RAMCOSYS.NS,2026-07-06,4.22,0.769,6.3,6.76,4.32,3.95,4.21,6,0.5335,1.0737,0.5623,1.2158,2.014,81.58,23.71,2.84,-1,83.81,54.8,79.17,12.49,19.0,12.1,0.858,96.6,Hold,2026-07-06,,,,3
LAURUSLABS.NS,2026-07-06,3.89,0.831,4.55,7.33,4.24,3.42,4.14,6,0.3834,0.4141,0.0886,1.0244,3.551,27.14,13.48,1.54,-1,68.54,41.92,92.68,17.74,18.0,46.37,2.271,83.4,Hold,2026-07-06,,,,3
JUBLFOOD.NS,2026-07-06,3.22,-0.369,4.95,6.3,3.02,3.77,3.76,6,-0.2074,0.0057,0.057,-0.3805,-1.286,31.77,23.3,-0.3,0,56.95,15.22,77.29,16.89,15.0,2.65,-0.617,11.7,Caution,2026-07-06,,,,2
DIACABS.NS,2026-07-06,4.6,0.8,9.06,4.81,4.65,4.08,3.66,6,0.5967,0.6363,0.1036,0.5741,1.303,54.88,27.34,1.56,-1,61.79,46.38,72.92,26.5,26.0,,0.542,91.7,Hold,2026-07-06,,,,3
MOSCHIP.NS,2026-07-06,1.19,0.738,1.34,3.75,1.48,0.7,0.91,4,0.0992,0.3199,0.1148,0.3159,0.599,49.49,28.41,2.35,-1,67.26,21.68,128.17,9.56,11.0,21.56,0.097,62.8,Avoid,2026-07-06,,,,1
GODREJPROP.NS,2026-07-06,4.03,0.615,4.98,3.24,4.33,3.19,2.76,1,-0.0107,0.2022,0.2368,-0.1065,-0.308,32.98,21.1,3.1,-1,77.22,26.42,33.28,9.97,8.0,82.12,-0.764,52.4,Hold,2026-07-06,,,,3
TATASTEEL.NS,2026-07-06,6.7,-0.123,4.85,7.57,6.57,7.38,7.9,7,0.0652,-0.0459,-0.039,0.1744,0.648,20.85,15.96,-1.54,0,41.89,22.76,22.07,11.16,13.0,89.02,0.043,31.7,Buy,2026-07-06,,,,4
LLOYDSENGG.NS,2026-07-06,4.77,0.831,6.09,4.41,4.97,3.99,3.63,3,0.6099,0.8348,0.2921,0.2199,0.452,56.57,25.39,1.77,-1,66.47,37.66,60.66,16.82,17.0,6.45,0.026,93.8,Hold,2026-07-06,,,,3
ENRIN.NS,2026-07-06,3.47,-0.046,5.41,6.54,3.32,3.7,3.8,8,0.3452,0.266,-0.0231,0.1609,0.44,46.88,27.04,0.01,0,43.53,23.1,93.07,0.0,68.0,4.48,0.488,74.5,Caution,2026-07-06,,,,2
DIVISLAB.NS,2026-07-06,5.16,0.8,4.89,6.62,5.48,4.79,5.37,6,0.0809,0.1722,0.0516,0.0047,0.021,20.03,11.6,1.18,0,60.41,19.72,70.97,16.19,22.0,0.04,0.731,51.7,Hold,2026-07-06,,,,3
NATIONALUM.NS,2026-07-06,7.01,-0.123,7.63,6.47,6.41,8.13,7.47,6,0.0815,-0.1183,-0.0718,0.9069,2.302,40.74,32.9,-1.42,0,43.01,30.39,10.5,29.42,40.0,0.28,0.755,24.8,Buy,2026-07-06,,,,4
DALMIASUG.NS,2026-07-06,5.52,0.738,3.16,4.62,6.33,4.21,4.93,4,0.274,-0.0003,0.1045,-0.056,-0.15,39.19,23.0,0.88,0,73.27,18.89,12.87,7.29,8.0,55.74,-0.192,62.1,Hold,2026-07-06,,,,3
MOTHERSON.NS,2026-07-06,7.76,0.677,4.57,6.78,8.37,7.03,8.26,5,0.1945,0.2305,0.0455,0.43,1.243,35.54,19.24,0.93,0,52.37,34.67,39.71,10.11,13.0,43.91,-0.047,66.2,Strong Buy,2026-07-06,,,,5
TRENT.NS,2026-07-06,2.46,0.169,5.5,5.78,2.41,2.48,2.44,5,0.1391,0.2863,0.2293,-0.4618,-0.989,31.02,15.75,2.2,-1,75.62,40.71,103.2,27.13,28.0,36.03,-0.664,70.3,Avoid,2026-07-06,,,,1
PRESTIGE.NS,2026-07-06,3.86,0.631,5.06,5.38,4.04,3.47,3.49,7,0.0523,0.2897,0.2831,0.0648,0.204,33.19,19.98,2.9,-1,77.66,32.57,61.52,8.0,10.0,105.49,-0.232,63.4,Caution,2026-07-06,,,,2
PFC.NS,2026-07-06,0.56,-0.2,5.05,4.25,0.52,0.59,0.47,5,0.1401,0.0083,-0.017,0.0442,0.165,25.81,19.68,-1.12,0,43.3,11.09,5.37,20.47,9.71,586.02,-0.472,46.2,Avoid,2026-07-06,,,,1
BAJAJ-AUTO.NS,2026-07-06,7.22,0.092,7.61,6.06,6.79,7.84,7.23,4,0.0711,0.0867,-0.019,0.2179,0.982,22.37,13.49,0.02,0,51.99,19.92,26.1,28.05,28.0,56.35,-0.069,43.4,Strong Buy,2026-07-06,,,,5
TITAN.NS,2026-07-06,4.07,0.785,5.27,5.84,4.3,3.69,3.8,5,0.1068,-0.0018,0.0696,0.213,0.906,27.47,19.43,1.27,0,63.95,15.85,78.54,37.13,21.0,195.0,0.571,45.5,Hold,2026-07-06,,,,3
KPITTECH.NS,2026-07-06,3.11,-0.662,4.41,4.63,2.7,3.92,3.4,3,-0.521,-0.2262,-0.2612,-0.5473,-1.47,47.21,42.48,-3.32,1,17.0,34.65,23.95,19.73,26.0,23.62,-1.258,1.4,Caution,2026-07-06,,,,2
TVSMOTOR.NS,2026-07-06,3.44,0.462,4.78,5.89,3.62,3.25,3.44,5,-0.0337,0.001,0.1168,0.2828,1.059,28.47,20.38,1.53,0,67.07,13.97,58.36,31.62,17.0,306.09,0.684,29.7,Caution,2026-07-06,,,,2
VEDL.NS,2026-07-06,5.65,-0.615,6.74,6.39,4.74,7.46,6.5,8,-0.5353,-0.6091,-0.0731,-0.3668,-0.497,140.49,135.97,-0.64,1,35.59,33.44,15.71,20.4,16.0,48.04,-0.406,0.7,Hold,2026-07-06,,,,3
BANDHANBNK.NS,2026-07-06,7.45,0.708,5.38,5.41,7.73,6.66,6.67,2,0.4356,0.2588,0.0221,0.1139,0.31,38.39,19.6,0.75,0,53.79,15.8,27.36,4.88,,,-0.127,79.3,Strong Buy,2026-07-06,,,,5
PAYTM.NS,2026-07-06,0.99,0.4,2.58,4.42,1.15,0.75,0.89,2,-0.0913,0.0946,0.1808,0.3146,0.867,36.58,21.03,2.16,-1,69.27,18.68,142.48,3.56,5.0,1.07,1.244,34.5,Avoid,2026-07-06,,,,1
SPARC.NS,2026-07-06,6.93,0.923,8.58,4.4,7.02,5.99,5.13,5,0.9283,0.9221,0.2854,0.6312,1.145,71.49,31.2,1.83,-1,74.75,39.42,5.47,276.89,164.0,41.78,-0.058,97.2,Buy,2026-07-06,,,,4
DMART.NS,2026-07-06,2.39,-0.431,3.98,5.94,2.32,2.67,2.89,5,0.0927,-0.0696,0.0003,-0.0745,-0.298,25.29,19.1,-1.25,0,40.57,23.49,89.26,12.94,17.0,9.91,-0.542,36.6,Avoid,2026-07-06,,,,1
TARSONS.NS,2026-07-06,1.66,0.631,0.88,4.64,2.01,1.14,1.56,4,0.2461,0.5073,0.4164,-0.2494,-0.554,62.45,24.33,2.81,-1,73.21,35.68,108.98,2.27,5.0,61.91,-0.649,86.9,Avoid,2026-07-06,,,,1
SWANCORP.NS,2026-07-06,3.4,-0.154,4.0,4.07,3.48,3.27,2.99,5,-0.2792,0.0091,0.0904,-0.2423,-0.612,35.33,22.14,0.55,0,61.31,14.81,38.61,2.99,4.0,24.52,-0.807,6.9,Caution,2026-07-06,,,,2
RBLBANK.NS,2026-07-06,7.7,0.708,5.23,5.65,8.09,6.96,7.16,4,0.1492,0.1417,0.0686,0.4841,1.564,30.83,18.13,1.24,0,55.75,18.38,26.18,5.81,5.81,,0.413,57.2,Strong Buy,2026-07-06,,,,5
CUMMINSIND.NS,2026-07-06,5.3,0.108,6.65,6.88,5.01,5.74,5.69,7,0.2503,0.1631,-0.0057,0.6946,2.52,33.28,17.96,0.4,0,48.27,18.84,65.28,29.45,40.0,0.43,0.435,64.1,Hold,2026-07-06,,,,3
COALINDIA.NS,2026-07-06,7.6,-0.046,8.1,7.66,7.05,8.73,8.24,6,0.0238,-0.0376,-0.07,0.196,0.883,20.63,13.61,-1.65,0,37.15,13.74,8.57,28.12,35.0,11.63,-0.281,24.1,Strong Buy,2026-07-06,,,,5
TDPOWERSYS.NS,2026-07-06,4.58,0.015,6.84,6.38,4.3,4.86,4.78,5,0.7148,0.3274,-0.0421,1.3579,2.8,59.53,37.65,-0.23,0,45.35,19.8,76.8,24.72,33.0,1.69,1.386,91.0,Hold,2026-07-06,,,,3
ZYDUSLIFE.NS,2026-07-06,6.76,0.923,4.36,5.77,7.45,5.7,6.68,4,0.2519,0.2875,0.0554,0.1664,0.755,25.08,13.21,1.54,-1,68.47,42.85,22.93,18.32,21.0,42.24,-0.26,73.8,Buy,2026-07-06,,,,4
JIOFIN.NS,2026-07-06,1.18,-0.154,2.51,3.16,1.31,0.97,0.96,5,-0.2045,-0.0278,0.0487,-0.2642,-1.012,26.14,18.61,-0.01,0,52.05,12.03,99.17,1.21,2.0,16.29,-0.788,9.7,Avoid,2026-07-06,,,,1
SUNPHARMA.NS,2026-07-06,8.31,0.908,5.09,7.16,8.78,7.74,8.53,6,0.1141,0.1156,0.0693,0.1515,0.774,22.13,11.83,1.46,0,71.71,31.48,40.01,14.72,21.0,5.52,0.282,53.1,Strong Buy,2026-07-06,,,,5
BAJAJFINSV.NS,2026-07-06,3.07,0.262,3.45,3.84,3.44,2.42,2.43,3,-0.0815,0.0491,0.1181,-0.0675,-0.297,22.13,13.65,1.98,0,65.33,26.15,30.65,14.6,11.0,256.36,0.118,26.9,Caution,2026-07-06,,,,2
ASHOKLEY.NS,2026-07-06,3.55,0.477,5.04,4.63,3.69,3.26,2.99,2,-0.105,-0.0204,0.178,0.3519,0.971,39.45,25.75,0.9,0,62.26,14.57,28.06,21.64,14.0,344.74,0.55,20.0,Caution,2026-07-06,,,,2
AZAD.NS,2026-07-06,2.43,0.8,2.71,5.13,2.85,1.8,2.33,5,0.3592,0.3735,0.0325,0.3553,0.917,48.37,29.21,1.45,0,64.01,14.69,108.89,9.14,12.0,31.02,0.134,78.6,Avoid,2026-07-06,,,,1
OMAXE.NS,2026-07-06,3.81,0.862,0.55,3.72,4.82,2.13,2.9,3,0.1112,0.2505,0.222,-0.1171,-0.256,46.59,25.21,2.63,-1,70.12,42.57,-2.36,-110.0,-110.0,,-0.486,65.5,Caution,2026-07-06,,,,2
LIQUIDPLUS.NS,2026-07-06,6.16,0.569,5.0,5.0,6.71,5.31,5.61,0,,,,,,,,0.0,0,100.0,54.38,,,,,-4.012,33.8,Buy,2026-07-06,,,,4
LTF.NS,2026-07-06,2.27,0.923,4.62,4.15,2.54,1.72,1.74,4,0.0604,0.2309,0.2824,0.6441,1.904,35.03,19.95,3.33,-1,79.51,32.2,28.27,11.12,8.4,393.44,0.905,61.4,Avoid,2026-07-06,,,,1
COFORGE.NS,2026-07-06,7.07,0.062,6.63,6.28,6.7,7.76,7.3,8,-0.0999,0.1665,0.0428,-0.2253,-0.594,46.96,28.91,1.15,0,56.23,17.21,33.86,18.6,24.0,7.52,0.191,30.3,Strong Buy,2026-07-06,,,,5
ABDL.NS,2026-07-06,2.92,0.923,2.76,5.63,3.4,2.22,2.92,5,0.179,0.6872,0.2486,0.6506,1.573,45.31,20.35,2.67,-1,74.89,43.83,85.8,13.55,18.0,68.25,0.956,86.2,Caution,2026-07-06,,,,2
EICHERMOT.NS,2026-07-06,7.29,0.185,6.35,6.44,7.01,7.84,7.61,6,0.0187,0.0477,0.0598,0.3226,1.214,27.65,18.92,1.11,0,54.86,16.07,37.29,23.77,31.0,2.05,0.795,38.6,Buy,2026-07-06,,,,4
MOTISONS.NS,2026-07-06,5.39,0.631,5.58,3.41,5.61,4.5,3.62,5,0.0281,0.1161,0.3135,-0.2981,-0.627,51.95,32.94,1.58,-1,66.99,41.45,23.08,13.96,18.0,7.79,-0.153,53.8,Hold,2026-07-06,,,,3
POWERGRID.NS,2026-07-06,5.15,-0.062,4.42,5.5,5.23,5.21,5.42,6,0.0652,-0.0321,-0.0169,-0.0004,-0.002,19.25,14.13,-1.04,0,42.55,13.9,14.18,16.49,10.0,150.99,-0.52,35.2,Hold,2026-07-06,,,,3
NTPC.NS,2026-07-06,6.62,0.062,5.79,6.01,6.33,7.17,6.71,5,0.0194,-0.0478,-0.017,0.0956,0.515,19.5,14.77,-1.22,0,40.97,24.79,11.7,13.69,8.0,118.13,-0.314,25.5,Buy,2026-07-06,,,,4
SAIL.NS,2026-07-06,6.6,-0.123,4.49,7.52,6.6,7.07,7.95,8,0.1476,0.0293,-0.0792,0.2464,0.704,40.17,21.03,-1.3,0,36.47,29.65,20.71,5.66,8.0,52.9,-0.038,44.8,Buy,2026-07-06,,,,4
SUPRIYA.NS,2026-07-06,7.91,0.246,7.63,6.07,7.6,8.16,7.8,5,0.1678,0.3583,-0.0586,0.196,0.433,71.71,41.2,0.4,0,42.75,40.2,33.35,19.06,25.0,0.45,0.767,67.6,Strong Buy,2026-07-06,,,,5
ZEEL.NS,2026-07-06,5.53,0.462,2.42,5.29,6.38,4.4,5.61,7,0.1178,0.2927,-0.0832,-0.2626,-0.633,57.93,31.69,0.47,0,45.24,26.26,36.12,2.33,3.0,2.26,-0.532,56.6,Hold,2026-07-06,,,,3
NIFTYBEES.NS,2026-07-06,5.35,0.2,5.0,5.0,5.6,5.06,5.11,0,,,,,,,,0.0,0,66.63,13.24,,,,,-0.409,23.4,Hold,2026-07-06,,,,3
IFCI.NS,2026-07-06,2.28,0.308,4.97,4.62,2.36,2.03,1.97,6,0.401,0.3569,0.0179,0.1741,0.344,69.15,34.32,0.62,0,47.97,22.31,108.87,5.03,5.03,,0.026,81.4,Avoid,2026-07-06,,,,1
HDFCLIFE.NS,2026-07-06,2.91,-0.462,3.07,5.87,2.89,3.31,3.65,4,-0.2499,-0.0536,0.0029,-0.283,-1.329,23.76,15.78,-1.37,0,38.47,13.61,63.68,11.28,10.0,27.55,-0.48,6.2,Caution,2026-07-06,,,,2
ANGELONE.NS,2026-07-06,7.27,0.677,6.99,4.6,7.32,6.48,5.67,2,0.4722,0.2927,0.0622,0.2066,0.501,42.58,21.55,1.06,0,55.34,17.82,35.09,15.53,15.0,129.31,0.376,84.8,Strong Buy,2026-07-06,,,,5
ACUTAAS.NS,2026-07-06,3.85,0.754,8.09,6.49,3.89,3.64,3.74,6,1.0093,0.5047,0.0599,2.2108,5.169,40.72,22.24,1.55,-1,62.68,48.9,100.14,23.52,32.0,2.08,2.527,95.2,Caution,2026-07-06,,,,2
CANBK.NS,2026-07-06,4.73,-0.369,5.12,5.24,4.25,5.56,4.77,3,-0.1565,-0.0615,-0.0097,0.1436,0.497,27.62,20.12,-0.79,0,43.56,14.39,5.82,15.94,6.52,,0.071,10.3,Hold,2026-07-06,,,,3
HEG.NS,2026-07-06,4.2,-0.092,2.83,5.06,4.5,4.02,4.52,6,-0.1235,-0.0382,0.0315,0.0839,0.21,36.13,25.42,-0.73,0,52.6,9.78,31.05,7.34,8.0,16.73,0.119,14.5,Hold,2026-07-06,,,,3
HAL.NS,2026-07-06,7.03,0.677,5.62,5.07,7.23,6.48,6.09,6,0.0135,0.1364,0.0478,-0.0828,-0.308,27.14,17.2,0.37,0,56.32,14.28,32.55,23.98,32.0,0.03,-0.525,42.8,Strong Buy,2026-07-06,,,,5
UNIONBANK.NS,2026-07-06,6.41,0.138,5.39,5.67,6.28,6.67,6.33,4,0.0583,-0.1068,0.004,0.1178,0.371,29.66,23.02,-0.58,0,39.73,13.97,6.33,15.71,6.3,,0.257,27.6,Buy,2026-07-06,,,,4
MAZDOCK.NS,2026-07-06,6.83,0.477,8.35,5.48,6.64,6.84,6.01,5,0.035,0.0747,0.0774,-0.21,-0.621,25.73,18.49,0.44,0,60.63,18.73,40.15,28.77,36.0,4.48,-0.214,42.1,Buy,2026-07-06,,,,4
SWIGGY.NS,2026-07-06,3.55,-0.492,4.89,4.44,3.12,4.22,3.38,3,-0.3585,-0.1055,0.0297,-0.349,-0.986,37.01,26.12,-0.82,0,47.76,13.18,-14.71,-29.12,-24.0,13.93,-0.845,4.1,Caution,2026-07-06,,,,2
ADANIPORTS.NS,2026-07-06,6.23,0.785,3.03,4.72,7.3,4.5,5.56,4,0.257,0.2883,0.0373,0.2967,1.102,24.38,13.41,1.2,0,60.44,16.36,31.98,15.59,14.0,64.05,0.221,73.1,Hold,2026-07-06,,,,3
APOLLOHOSP.NS,2026-07-06,5.05,0.892,4.31,7.38,5.55,4.43,5.42,7,0.2484,0.2009,0.0634,0.1976,1.017,16.72,7.61,1.97,-1,75.45,27.62,65.75,21.5,18.0,85.15,0.617,69.0,Hold,2026-07-06,,,,3
JSWENERGY.NS,2026-07-06,2.72,-0.092,3.75,3.77,2.85,2.37,2.21,4,0.0756,0.094,-0.0412,0.0602,0.206,33.11,22.23,-0.54,0,40.33,13.25,42.9,8.82,8.0,229.16,-0.587,44.1,Caution,2026-07-06,,,,2
SAMMAANCAP.NS,2026-07-06,2.82,0.308,1.32,3.22,3.44,1.77,2.19,1,0.1886,0.1568,-0.0005,0.2988,0.711,38.54,21.95,1.01,0,56.49,22.96,-2.01,-35.01,4.92,273.03,-0.073,58.6,Caution,2026-07-06,,,,2
TMCV.NS,2026-07-06,5.09,0.246,4.97,5.68,5.17,5.04,5.14,7,-0.017,0.0016,0.1977,,,38.33,22.94,1.1,0,61.66,29.32,52.11,26.05,36.0,44.09,1.155,37.9,Hold,2026-07-06,,,,3
M&MFIN.NS,2026-07-06,2.32,0.446,5.55,4.06,2.33,2.17,1.74,5,-0.1766,0.1183,0.1818,0.2991,0.815,40.81,20.98,1.67,0,65.2,15.52,15.92,11.86,8.72,429.85,0.02,22.8,Avoid,2026-07-06,,,,1
