Ticker,Scan_Date,Conviction,Composite_Score,Tech_Score,Fund_Score,Research_Score,RSI_Value,Bull_Count,Bear_Count,Sharpe,Date,Return_3d,Return_5d,Return_10d
GVT&D.NS,2026-06-21 14:25:52,Strong Buy,9.67,0.985,9.0,6.94,67.69,11,3,1.92,2026-06-21,-8.217308217308217,,
KIRLPNU.NS,2026-06-23 10:41:23,Strong Buy,9.67,1.0,9.0,6.56,75.51,10,2,0.396,2026-06-23,,,
GVT&D.NS,2026-06-23 10:41:23,Strong Buy,9.67,1.0,10.0,6.45,68.71,11,2,1.897,2026-06-23,,,
ANANDRATHI.NS,2026-06-23 10:41:23,Strong Buy,9.67,0.892,9.0,6.38,75.74,11,2,1.242,2026-06-23,,,
ANANDRATHI.NS,2026-06-22 21:16:02,Strong Buy,9.67,0.8,9.0,6.36,74.76,11,2,1.23,2026-06-22,,,
GVT&D.NS,2026-06-22 21:16:02,Strong Buy,9.67,0.954,10.0,6.39,66.31,10,3,1.848,2026-06-22,-8.217308217308217,,
KIRLPNU.NS,2026-06-22 21:16:02,Strong Buy,9.67,0.985,9.0,6.5,83.08,11,4,0.443,2026-06-22,,,
POWERINDIA.NS,2026-06-22 09:19:59,Strong Buy,9.49,0.692,8.5,6.61,61.28,8,1,1.478,2026-06-22,-7.603373231773669,,
ASIANPAINT.NS,2026-06-24 15:45:41,Strong Buy,9.28,0.677,10.0,6.39,53.82,8,2,-0.425,2026-06-24,,,
POWERINDIA.NS,2026-06-21 16:27:16,Strong Buy,9.27,0.569,8.5,6.56,61.01,7,2,1.501,2026-06-21,-7.603373231773669,,
SUNPHARMA.NS,2026-06-23 16:00:59,Buy,9.25,0.8,7.5,6.41,66.0,11,2,0.329,2026-06-23,,,
SUNPHARMA.NS,2026-06-21 16:27:16,Strong Buy,9.22,0.8,7.0,6.88,59.31,10,0,0.263,2026-06-21,-0.005366664052142145,,
RADICO.NS,2026-06-21 16:27:16,Strong Buy,9.22,0.923,7.5,6.91,72.52,12,2,1.19,2026-06-21,,,
RADICO.NS,2026-06-22 14:56:14,Strong Buy,9.22,0.892,7.5,6.87,72.88,11,2,1.127,2026-06-22,,,
CUPID.NS,2026-06-22 21:16:02,Strong Buy,9.22,1.0,8.0,6.22,90.79,11,2,4.29,2026-06-22,1.568500711677956,,
WELCORP.NS,2026-06-26 05:25:13,Buy,9.21,0.738,6.02,6.79,58.5,9,2,1.504,2026-06-26,,,
SUNPHARMA.NS,2026-06-22 09:19:59,Strong Buy,9.2,0.785,7.0,6.88,58.25,10,1,0.28,2026-06-22,-0.005366664052142145,,
HSCL.NS,2026-06-21 16:27:16,Strong Buy,9.15,0.969,8.5,6.21,58.52,9,2,0.694,2026-06-21,3.5188135596536885,,
HSCL.NS,2026-06-22 09:19:59,Strong Buy,9.15,0.877,8.5,6.23,58.27,8,2,0.652,2026-06-22,3.5188135596536885,,
SUNPHARMA.NS,2026-06-24 18:01:34,Strong Buy,9.13,0.769,7.5,6.4,67.32,10,2,0.338,2026-06-24,,,
OFSS.NS,2026-06-23 18:49:41,Buy,9.05,0.538,10.0,6.41,58.75,7,2,-0.064,2026-06-23,,,
LUPIN.NS,2026-06-22 09:19:59,Strong Buy,8.97,0.4,9.0,7.02,63.53,7,3,0.677,2026-06-22,,,
POWERINDIA.NS,2026-06-23 10:41:23,Strong Buy,8.96,0.692,8.5,6.25,62.53,8,1,1.493,2026-06-23,,,
BHEL.NS,2026-06-23 10:41:23,Strong Buy,8.92,0.815,6.0,6.49,60.2,9,1,0.325,2026-06-23,,,
BHEL.NS,2026-06-22 14:56:14,Strong Buy,8.92,0.815,6.0,6.47,61.51,9,1,0.334,2026-06-22,-2.1385146519972698,,
POLYCAB.NS,2026-06-22 09:19:59,Strong Buy,8.92,1.0,6.0,6.57,73.68,11,2,0.373,2026-06-22,-4.903966076328259,,
POLYCAB.NS,2026-06-21 16:27:16,Strong Buy,8.92,1.0,6.0,6.55,73.58,12,2,0.435,2026-06-21,-4.903966076328259,,
OFSS.NS,2026-06-24 13:07:02,Buy,8.89,0.6,10.0,6.61,64.12,8,2,-0.021,2026-06-24,,,
LUPIN.NS,2026-06-21 14:25:52,Strong Buy,8.87,0.338,9.0,7.04,63.1,7,3,0.662,2026-06-21,,,
ASIANPAINT.NS,2026-06-23 16:00:59,Buy,8.87,0.677,10.0,6.22,52.86,8,2,-0.43,2026-06-23,,,
OFSS.NS,2026-06-22 21:16:02,Strong Buy,8.81,0.308,9.0,6.37,55.86,6,2,-0.085,2026-06-22,12.77295380979293,,
CEMPRO.NS,2026-06-11 03:02:57,Buy,8.8,1.0,7.0,,75.36,12,2,1.197,2026-06-11,,,
CUPID.NS,2026-06-11 03:00:31,Buy,8.8,1.0,7.0,,78.53,11,2,3.568,2026-06-11,6.2572542674069975,9.02823200597529,17.676252886465882
HSCL.NS,2026-06-11 03:00:31,Buy,8.8,1.0,7.0,,70.47,12,3,0.827,2026-06-11,1.3454929164483875,1.5072421416056914,-0.2867454219593224
PANAMAPET.NS,2026-06-22 09:19:59,Strong Buy,8.8,0.954,9.0,5.96,81.53,10,4,0.103,2026-06-22,,,
PANAMAPET.NS,2026-06-21 16:27:16,Strong Buy,8.8,1.0,9.0,5.92,80.88,11,3,0.109,2026-06-21,,,
CGPOWER.NS,2026-06-21 14:25:52,Strong Buy,8.7,0.985,7.5,6.26,66.94,10,1,0.372,2026-06-21,-2.1245662528053266,,
CUPID.NS,2026-06-21 14:25:52,Strong Buy,8.7,1.0,7.5,6.51,90.16,11,3,4.223,2026-06-21,1.568500711677956,,
CGPOWER.NS,2026-06-22 09:19:59,Strong Buy,8.7,0.985,7.5,6.28,67.26,10,1,0.313,2026-06-22,-2.1245662528053266,,
RPTECH.NS,2026-06-22 09:19:59,Strong Buy,8.7,0.969,7.5,6.25,86.45,10,3,1.1,2026-06-22,2.7229692021359497,,
RPTECH.NS,2026-06-21 14:25:52,Strong Buy,8.7,1.0,7.5,6.22,85.82,11,3,1.083,2026-06-21,2.7229692021359497,,
CUPID.NS,2026-06-23 10:41:23,Strong Buy,8.7,0.908,8.0,6.21,91.29,9,4,4.322,2026-06-23,,,
AEGISLOG.NS,2026-06-22 21:16:02,Strong Buy,8.7,1.0,7.0,6.03,88.59,11,3,0.208,2026-06-22,6.632707906965907,,
NESTLEIND.NS,2026-06-22 09:19:59,Strong Buy,8.69,0.492,7.5,6.88,55.25,8,1,0.041,2026-06-22,0.04992875095837235,,
ASIANPAINT.NS,2026-06-16 21:05:23,Strong Buy,8.69,0.846,10.0,6.27,67.11,10,1,-0.396,2026-06-16,-0.553112224054364,-2.3220246896808683,
SOLARINDS.NS,2026-06-21 14:25:52,Strong Buy,8.67,0.723,9.5,5.99,57.69,9,2,0.86,2026-06-21,,,
ADANIPOWER.NS,2026-06-23 10:41:23,Strong Buy,8.64,0.508,8.5,5.87,56.02,6,2,0.438,2026-06-23,,,
ADANIPOWER.NS,2026-06-22 21:16:02,Strong Buy,8.64,0.508,8.5,5.79,57.96,6,2,0.451,2026-06-22,-1.9291618318013848,,
SOLARINDS.NS,2026-06-22 09:19:59,Strong Buy,8.61,0.692,9.5,6.0,58.52,8,2,0.845,2026-06-22,,,
SOLARINDS.NS,2026-06-23 10:41:23,Strong Buy,8.61,0.692,8.5,5.7,61.22,8,2,0.874,2026-06-23,,,
GVT&D.NS,2026-06-20 17:20:26,Strong Buy,8.6,0.985,8.5,7.3,67.69,11,3,1.92,2026-06-20,-8.217308217308217,,
ASIANPAINT.NS,2026-06-22 21:16:02,Strong Buy,8.58,0.677,10.0,6.21,51.33,8,2,-0.438,2026-06-22,-0.21878720588929257,,
AEGISLOG.NS,2026-06-23 10:41:23,Strong Buy,8.54,0.908,7.0,6.04,85.07,9,4,0.194,2026-06-23,,,
PANAMAPET.NS,2026-06-11 03:00:31,Buy,8.51,0.769,8.0,,62.21,9,2,-0.241,2026-06-11,2.3280563676750576,8.620458526096408,
MOTHERSON.NS,2026-06-23 16:00:59,Buy,8.5,0.677,6.0,6.11,55.33,8,2,0.037,2026-06-23,,,
BEL.NS,2026-06-23 12:44:14,Buy,8.49,0.477,7.5,6.06,54.99,7,4,0.404,2026-06-23,,,
PIXTRANS.NS,2026-06-26 00:05:40,Buy,8.47,0.677,5.77,6.89,55.44,8,2,-0.042,2026-06-26,,,
CUMMINSIND.NS,2026-06-23 10:41:23,Strong Buy,8.46,0.308,9.0,6.37,59.36,6,3,0.496,2026-06-23,,,
MOTHERSON.NS,2026-06-24 13:07:02,Buy,8.45,0.738,6.0,6.02,57.08,9,2,0.048,2026-06-24,,,
ADANIPOWER.NS,2026-06-24 15:45:41,Strong Buy,8.45,0.508,8.5,5.89,53.82,6,2,0.424,2026-06-24,,,
BEL.NS,2026-06-22 21:16:02,Strong Buy,8.43,0.646,7.5,6.07,61.27,9,3,0.437,2026-06-22,-5.631515131626596,,
BSE.NS,2026-06-22 14:56:14,Strong Buy,8.42,0.385,10.0,6.17,52.89,5,3,2.22,2026-06-22,-3.9824399399949306,,
JNKINDIA.NS,2026-06-11 03:41:41,Buy,8.4,1.0,6.0,,75.76,11,2,-0.361,2026-06-11,,,
MTARTECH.NS,2026-06-21 16:27:16,Strong Buy,8.4,1.0,6.0,6.28,62.63,12,2,2.143,2026-06-21,-3.833865814696491,,
PARAS.NS,2026-06-11 03:00:31,Buy,8.4,1.0,6.0,,77.98,12,2,0.036,2026-06-11,10.135476946161326,32.47397443841915,24.734610297521552
MTARTECH.NS,2026-06-22 21:16:02,Strong Buy,8.4,1.0,6.0,5.98,61.44,11,2,2.112,2026-06-22,-3.833865814696491,,
DATAPATTNS.NS,2026-06-22 21:16:02,Strong Buy,8.4,1.0,6.0,5.97,67.15,11,1,0.425,2026-06-22,-7.389751412254775,,
DATAPATTNS.NS,2026-06-23 10:41:23,Strong Buy,8.4,1.0,6.0,6.0,66.72,10,2,0.421,2026-06-23,,,
MTARTECH.NS,2026-06-23 10:41:23,Strong Buy,8.4,0.969,6.0,5.99,60.97,9,3,2.1,2026-06-23,,,
CRAFTSMAN.NS,2026-06-23 10:41:23,Strong Buy,8.4,0.846,6.5,5.94,63.6,10,2,0.88,2026-06-23,,,
BSE.NS,2026-06-15 18:30:16,Strong Buy,8.4,0.662,10.0,6.11,58.01,8,2,2.072,2026-06-15,-2.7023751817741193,-2.261271178577917,
OFSS.NS,2026-06-25 12:39:49,Strong Buy,8.36,0.8,7.9,7.85,73.85,11,2,0.103,2026-06-25,,,
FEDERALBNK.NS,2026-06-21 16:27:16,Strong Buy,8.35,0.862,7.0,5.86,73.73,10,1,1.223,2026-06-21,0.20098760320088616,,
NETWEB.NS,2026-06-21 16:27:16,Strong Buy,8.35,1.0,7.0,5.98,66.05,11,2,0.571,2026-06-21,-3.273273654833475,,
FEDERALBNK.NS,2026-06-22 09:19:59,Strong Buy,8.35,0.846,7.0,5.85,71.88,10,2,1.202,2026-06-22,0.20098760320088616,,
NETWEB.NS,2026-06-22 09:19:59,Strong Buy,8.35,1.0,7.0,6.02,67.1,11,0,0.623,2026-06-22,-3.273273654833475,,
NYKAA.NS,2026-06-22 21:16:02,Buy,8.35,0.769,6.0,5.97,75.02,10,2,0.834,2026-06-22,-0.9857072251806209,,
CGPOWER.NS,2026-06-23 10:41:23,Buy,8.35,1.0,7.5,5.52,65.57,10,3,0.303,2026-06-23,,,
WABAG.NS,2026-06-23 10:41:23,Buy,8.35,0.954,7.5,5.74,85.35,10,4,0.613,2026-06-23,,,
POWERMECH.NS,2026-06-22 21:16:02,Strong Buy,8.35,0.877,7.0,5.53,69.16,11,1,0.016,2026-06-22,,,
WABAG.NS,2026-06-22 21:16:02,Strong Buy,8.35,1.0,7.5,5.69,85.3,11,3,0.613,2026-06-22,,,
POWERMECH.NS,2026-06-23 10:41:23,Buy,8.35,0.985,7.0,5.55,68.63,9,2,0.013,2026-06-23,,,
BSE.NS,2026-06-16 21:05:23,Strong Buy,8.34,0.631,10.0,6.1,59.47,7,2,2.086,2026-06-16,-3.41629719652371,-5.299823627984668,
OFSS.NS,2026-06-26 00:05:40,Buy,8.34,0.738,7.89,7.8,68.91,10,2,0.039,2026-06-26,,,
BSE.NS,2026-06-23 10:41:23,Buy,8.32,0.323,10.0,6.21,50.55,4,4,2.193,2026-06-23,,,
LAURUSLABS.NS,2026-06-23 10:41:23,Buy,8.32,1.0,4.5,6.74,72.38,11,3,2.446,2026-06-23,,,
KIRLOSENG.NS,2026-06-23 10:41:23,Buy,8.32,0.938,4.5,6.68,84.24,10,3,0.653,2026-06-23,,,
SUNPHARMA.NS,2026-06-26 05:25:13,Buy,8.32,0.769,5.53,7.57,67.32,10,2,0.319,2026-06-26,,,
ASTRAMICRO.NS,2026-06-22 14:56:14,Strong Buy,8.32,1.0,5.0,6.66,79.05,10,4,0.642,2026-06-22,,,
ASTRAMICRO.NS,2026-06-21 14:25:52,Strong Buy,8.3,0.985,5.0,6.67,81.44,11,4,0.616,2026-06-21,,,
OFSS.NS,2026-06-29 05:11:32,Buy,8.3,0.8,7.91,7.85,74.55,11,2,0.155,2026-06-29,,,
SUNPHARMA.NS,2026-06-25 12:39:49,Strong Buy,8.29,0.769,5.87,7.57,66.62,10,2,0.315,2026-06-25,,,
MOTHERSON.NS,2026-06-21 16:27:16,Buy,8.29,0.738,6.5,6.52,59.47,9,2,0.107,2026-06-21,4.01782678445175,,
GVT&D.NS,2026-06-11 03:02:16,Buy,8.29,0.631,8.5,,56.34,7,3,1.923,2026-06-11,2.9039070749736107,10.87645195353748,6.5047518479408595
MOTHERSON.NS,2026-06-22 21:16:02,Buy,8.29,0.738,6.0,6.1,59.9,9,2,0.061,2026-06-22,4.01782678445175,,
CUPID.NS,2026-06-20 17:20:26,Strong Buy,8.29,1.0,7.5,7.26,90.16,11,3,4.223,2026-06-20,1.568500711677956,,
POLYCAB.NS,2026-06-24 13:07:02,Buy,8.28,0.738,6.0,5.85,61.37,9,2,0.323,2026-06-24,,,
BHEL.NS,2026-06-21 14:25:52,Buy,8.27,0.723,6.0,6.36,62.36,9,2,0.325,2026-06-21,-2.1385146519972698,,
PAGEIND.NS,2026-06-22 14:56:14,Buy,8.27,0.754,7.0,6.02,58.17,9,3,-0.243,2026-06-22,4.145473041709047,,
BSE.NS,2026-06-11 03:02:16,Buy,8.25,0.415,10.0,,52.34,5,3,2.07,2026-06-11,7.049349331933241,3.2456330423859647,-0.41663325793896977
SUNPHARMA.NS,2026-06-29 05:11:32,Buy,8.24,0.723,5.52,7.56,62.56,9,2,0.271,2026-06-29,,,
APOLLO.NS,2026-06-11 03:02:57,Buy,8.23,0.877,6.5,,64.34,8,2,1.618,2026-06-11,14.06680084008678,11.748528121418623,0.6941699794327016
GVT&D.NS,2026-06-19 16:45:37,Strong Buy,8.23,0.985,8.5,6.24,67.69,11,3,1.92,2026-06-19,-8.69250926176922,,
COALINDIA.NS,2026-06-11 03:02:57,Buy,8.22,0.738,7.5,,52.12,9,1,-0.042,2026-06-11,1.0645450179405325,1.299862759814907,-2.4204433023493066
EICHERMOT.NS,2026-06-21 16:27:16,Buy,8.21,0.692,6.5,6.29,64.61,9,2,0.781,2026-06-21,-0.5432292689312113,,
LICI.NS,2026-06-22 14:56:14,Buy,8.21,0.462,9.5,5.68,71.3,8,3,-0.474,2026-06-22,-2.0628781893928028,,
GVT&D.NS,2026-06-18 21:20:12,Strong Buy,8.2,0.969,8.5,6.16,62.39,10,2,1.795,2026-06-18,2.9333333333333433,-3.942857142857148,
NESTLEIND.NS,2026-06-21 14:25:52,Buy,8.2,0.215,7.5,6.92,52.96,5,2,0.026,2026-06-21,0.04992875095837235,,
SOLARINDS.NS,2026-06-19 19:26:49,Strong Buy,8.19,0.723,9.0,6.06,57.69,9,2,0.86,2026-06-19,-1.0414358519831635,,
LICI.NS,2026-06-24 13:07:02,Buy,8.18,0.538,9.5,5.72,64.93,8,3,-0.506,2026-06-24,,,
SUNPHARMA.NS,2026-06-19 14:13:36,Strong Buy,8.18,0.8,8.0,6.51,57.16,10,0,0.25,2026-06-19,1.9637694950261464,,
GOLDIAM.NS,2026-06-15 12:17:13,Strong Buy,8.17,1.0,10.0,4.78,71.81,11,2,1.079,2026-06-15,,,
CUPID.NS,2026-06-16 21:05:23,Strong Buy,8.17,0.985,8.5,6.05,86.72,11,4,3.982,2026-06-16,7.295772226227637,10.370553803634209,
GOLDIAM.NS,2026-06-12 19:23:13,Strong Buy,8.16,1.0,10.0,4.75,71.19,12,2,1.024,2026-06-12,,,
CUPID.NS,2026-06-18 21:20:12,Strong Buy,8.16,0.954,8.5,6.03,88.12,10,3,4.042,2026-06-18,7.565460646051303,7.9319096727319405,
CUPID.NS,2026-06-17 17:01:00,Strong Buy,8.16,0.938,8.5,6.03,87.15,10,4,3.996,2026-06-17,8.189915278733228,8.003372029090317,
BERGEPAINT.NS,2026-06-21 16:27:16,Buy,8.16,0.492,7.5,6.22,66.94,9,3,-0.021,2026-06-21,,,
CUPID.NS,2026-06-12 19:07:14,Strong Buy,8.15,1.0,8.5,5.99,85.08,11,3,3.86,2026-06-12,3.88197249965041,10.595734712070847,
NMDC.NS,2026-06-16 14:34:44,Strong Buy,8.14,0.538,10.0,6.0,45.12,5,3,-0.076,2026-06-16,0.3746189633030417,-3.212617004551832,
ASIANPAINT.NS,2026-06-17 14:09:56,Strong Buy,8.12,0.677,10.0,6.26,64.13,8,2,-0.407,2026-06-17,-2.3374707747573,-1.7296127090400293,
ADANIGREEN.NS,2026-06-11 03:02:16,Buy,8.11,0.969,5.5,,68.75,10,3,-0.337,2026-06-11,1.9250601581299431,3.59574072383122,4.922652154413032
FEDERALBNK.NS,2026-06-11 03:00:31,Buy,8.11,0.769,7.0,,75.49,10,2,1.301,2026-06-11,3.502826829222161,3.4544026495661795,4.6166223706113785
BERGEPAINT.NS,2026-06-22 09:19:59,Buy,8.11,0.462,7.5,6.21,63.35,8,3,-0.068,2026-06-22,,,
CRAFTSMAN.NS,2026-06-22 21:16:02,Buy,8.08,0.815,6.5,5.94,63.06,10,3,0.876,2026-06-22,,,
NMDC.NS,2026-06-24 15:45:41,Strong Buy,8.08,-0.031,10.0,6.43,40.04,5,5,-0.109,2026-06-24,,,
CAPLIPOINT.NS,2026-06-11 03:02:57,Buy,8.05,0.815,6.5,,78.61,10,3,0.428,2026-06-11,,,
SCI.NS,2026-06-22 21:16:02,Buy,8.05,0.631,7.0,5.46,60.86,8,3,0.166,2026-06-22,-3.4076829045777357,,
PARAS.NS,2026-06-22 21:16:02,Buy,8.05,0.892,6.0,5.56,81.0,9,5,-0.115,2026-06-22,-10.523260554454284,,
WABAG.NS,2026-06-21 14:25:52,Buy,8.05,0.985,6.0,5.93,83.31,11,4,0.611,2026-06-21,,,
PARAS.NS,2026-06-23 10:41:23,Buy,8.05,0.969,6.0,5.54,76.9,9,3,-0.133,2026-06-23,,,
NETWEB.NS,2026-06-23 10:41:23,Buy,8.05,1.0,6.0,5.6,67.04,10,2,0.621,2026-06-23,,,
GVT&D.NS,2026-06-17 14:09:56,Strong Buy,8.04,0.877,8.5,6.29,58.2,9,1,1.723,2026-06-17,6.6375545851528495,-1.9408054342552106,
LAURUSLABS.NS,2026-06-22 21:16:02,Buy,8.03,1.0,4.5,6.74,67.03,11,2,2.37,2026-06-22,0.9819608152518366,,
EICHERMOT.NS,2026-06-26 00:05:40,Buy,8.03,0.662,6.17,6.96,61.5,8,2,0.825,2026-06-26,,,
WELCORP.NS,2026-06-25 18:09:10,Buy,8.03,0.8,6.05,6.78,65.09,11,3,1.574,2026-06-25,,,
LAURUSLABS.NS,2026-06-21 14:25:52,Buy,8.03,1.0,4.5,7.07,63.56,11,1,2.309,2026-06-21,0.9819608152518366,,
KIRLOSENG.NS,2026-06-22 21:16:02,Buy,8.03,1.0,4.5,6.54,81.48,11,3,0.569,2026-06-22,3.9543057188545783,,
EICHERMOT.NS,2026-06-23 12:44:14,Buy,8.02,0.662,6.5,5.83,66.33,8,2,0.805,2026-06-23,,,
WELCORP.NS,2026-06-29 05:11:32,Buy,8.02,0.8,6.01,6.78,65.09,11,3,1.486,2026-06-29,,,
MCX.NS,2026-06-22 14:56:14,Buy,8.01,-0.154,10.0,6.47,45.51,3,5,2.308,2026-06-22,-1.3482424919355473,,
BSE.NS,2026-06-18 13:53:16,Strong Buy,8.01,0.446,10.0,6.08,52.15,6,3,2.006,2026-06-18,-1.8109341430283976,-3.547139179069625,
SCI.NS,2026-06-23 10:41:23,Buy,8.0,0.6,7.0,5.52,59.95,7,3,0.161,2026-06-23,,,
NETWEB.NS,2026-06-11 03:41:41,Buy,8.0,1.0,5.0,,55.35,10,1,0.501,2026-06-11,16.53385542172885,21.19101531724128,17.951040699385956
HSCL.NS,2026-06-23 12:44:14,Buy,7.98,0.723,7.5,5.27,49.57,7,4,0.572,2026-06-23,,,
NAM-INDIA.NS,2026-06-16 14:34:44,Strong Buy,7.98,1.0,8.5,5.52,60.52,11,2,0.731,2026-06-16,,,
ADANIPOWER.NS,2026-06-11 03:41:41,Buy,7.98,0.662,7.5,,50.96,6,2,0.344,2026-06-11,3.2898760045464215,6.988080924898865,6.384859225259065
MCX.NS,2026-06-24 13:07:02,Buy,7.98,-0.031,10.0,6.37,46.02,4,4,2.296,2026-06-24,,,
PAGEIND.NS,2026-06-21 16:27:16,Buy,7.97,0.785,7.0,6.12,63.63,10,4,-0.139,2026-06-21,4.145473041709047,,
RBLBANK.NS,2026-06-23 16:00:59,Buy,7.97,0.708,6.0,5.7,62.31,9,2,0.402,2026-06-23,,,
SUNPHARMA.NS,2026-06-18 16:36:14,Strong Buy,7.97,0.677,8.0,6.52,55.68,9,1,0.211,2026-06-18,2.367379987720719,2.082419935510371,
NLCINDIA.NS,2026-06-11 03:41:41,Hold,7.95,0.785,6.5,,46.18,9,3,0.385,2026-06-11,0.998874188029375,4.317703764444225,
TDPOWERSYS.NS,2026-06-11 03:02:16,Hold,7.95,0.785,6.5,,49.69,7,2,1.855,2026-06-11,3.8632326820603913,12.699822380106562,11.46536195256993
COALINDIA.NS,2026-06-26 05:25:13,Buy,7.95,-0.046,8.11,8.29,38.21,4,5,-0.126,2026-06-26,,,
NMDC.NS,2026-06-23 18:49:41,Buy,7.95,-0.108,10.0,6.44,38.52,3,6,-0.117,2026-06-23,,,
PANAMAPET.NS,2026-06-20 23:01:14,Strong Buy,7.94,1.0,8.0,5.83,80.88,11,3,0.109,2026-06-20,,,
INDUSINDBK.NS,2026-06-22 14:56:14,Buy,7.94,0.708,5.5,5.95,54.28,9,2,-0.75,2026-06-22,,,
EICHERMOT.NS,2026-06-29 05:11:32,Buy,7.93,0.692,6.19,6.98,62.52,9,2,0.853,2026-06-29,,,
HSCL.NS,2026-06-20 17:20:26,Strong Buy,7.93,0.969,8.0,5.8,58.52,9,2,0.694,2026-06-20,3.5188135596536885,,
RADICO.NS,2026-06-20 17:20:26,Strong Buy,7.93,0.923,7.5,6.23,72.52,12,2,1.19,2026-06-20,,,
COALINDIA.NS,2026-06-22 14:56:14,Buy,7.92,0.0,9.5,7.0,43.0,4,4,-0.111,2026-06-22,-3.028954588756261,,
GVT&D.NS,2026-06-12 19:07:14,Strong Buy,7.92,0.815,8.5,6.26,55.81,8,1,1.765,2026-06-12,4.248861911987856,11.957511380880126,
COALINDIA.NS,2026-06-21 16:27:16,Buy,7.92,0.0,9.5,7.29,44.7,4,4,-0.12,2026-06-21,-3.028954588756261,,
EICHERMOT.NS,2026-06-22 14:56:14,Buy,7.92,0.723,6.5,5.84,66.43,9,1,0.808,2026-06-22,-0.5432292689312113,,
BSE.NS,2026-06-21 14:25:52,Buy,7.91,0.292,10.0,6.15,51.89,4,3,2.025,2026-06-21,-3.9824399399949306,,
EICHERMOT.NS,2026-06-25 18:09:10,Hold,7.91,0.692,6.18,6.98,62.52,9,2,0.832,2026-06-25,,,
GVT&D.NS,2026-06-16 21:05:23,Strong Buy,7.91,0.815,8.5,6.24,53.44,8,1,1.651,2026-06-16,13.565931246793216,10.908158029758841,
EICHERMOT.NS,2026-06-24 15:45:41,Buy,7.91,0.662,6.5,5.81,61.5,8,2,0.773,2026-06-24,,,
GVT&D.NS,2026-06-15 12:17:13,Strong Buy,7.91,0.815,8.5,6.25,54.14,8,1,1.664,2026-06-15,9.249817916970148,14.337738008531886,
BSE.NS,2026-06-20 17:20:26,Strong Buy,7.9,0.292,10.0,6.55,51.89,4,3,2.025,2026-06-20,-3.9824399399949306,,
LICI.NS,2026-06-26 13:29:24,Buy,7.9,0.523,9.02,6.63,62.65,8,3,-0.491,2026-06-26,,,
CHAMBLFERT.NS,2026-06-16 17:36:25,Buy,7.89,0.692,10.0,5.51,62.62,9,3,0.035,2026-06-16,,,
ADANIPOWER.NS,2026-06-21 14:25:52,Buy,7.89,0.538,7.5,6.09,56.44,7,2,0.436,2026-06-21,-1.9291618318013848,,
LICI.NS,2026-06-25 12:39:49,Strong Buy,7.89,0.554,9.0,6.63,62.82,8,2,-0.501,2026-06-25,,,
CUPID.NS,2026-06-19 09:44:02,Strong Buy,7.88,0.985,7.5,6.08,89.71,10,2,4.191,2026-06-19,1.4469803216644594,,
GLAND.NS,2026-06-25 15:49:45,Buy,7.88,0.785,6.79,7.64,62.26,10,2,0.238,2026-06-25,,,
LICI.NS,2026-06-29 05:11:32,Buy,7.88,0.523,9.02,6.62,62.65,8,3,-0.491,2026-06-29,,,
LICI.NS,2026-06-21 14:25:52,Buy,7.88,0.477,10.0,5.65,70.1,9,4,-0.516,2026-06-21,-2.0628781893928028,,
INDUSINDBK.NS,2026-06-23 10:41:23,Buy,7.88,0.677,5.5,5.96,50.27,8,1,-0.765,2026-06-23,,,
SOLARINDS.NS,2026-06-20 17:20:26,Strong Buy,7.85,0.723,9.0,6.11,57.69,9,2,0.86,2026-06-20,,,
GLAND.NS,2026-06-12 09:56:29,Buy,7.84,1.0,7.5,5.96,63.73,10,1,0.177,2026-06-12,-2.855620851824381,-2.793738508354926,
NATIONALUM.NS,2026-06-21 16:27:16,Buy,7.84,-0.246,9.5,6.62,41.54,3,6,1.082,2026-06-21,-12.118009480433301,,
NATIONALUM.NS,2026-06-22 09:19:59,Buy,7.84,-0.246,9.5,6.6,42.54,3,6,1.046,2026-06-22,-12.118009480433301,,
MCX.NS,2026-06-21 16:27:16,Buy,7.84,-0.246,10.0,6.6,40.27,3,6,2.22,2026-06-21,-1.3482424919355473,,
RUBICON.NS,2026-06-12 11:40:46,Buy,7.84,0.446,10.0,6.61,70.98,7,3,4.478,2026-06-12,,,
MANKIND.NS,2026-06-23 10:41:23,Buy,7.84,0.723,4.5,6.71,70.21,10,3,0.081,2026-06-23,,,
MCX.NS,2026-06-23 10:41:23,Buy,7.84,-0.246,10.0,6.49,42.93,3,6,2.267,2026-06-23,,,
COALINDIA.NS,2026-06-25 18:09:10,Buy,7.84,-0.031,8.11,8.2,34.38,5,5,-0.158,2026-06-25,,,
WAAREEENER.NS,2026-06-21 16:27:16,Buy,7.83,0.246,9.0,5.81,55.8,6,2,0.263,2026-06-21,,,
STEELCAS.NS,2026-06-25 12:39:49,Strong Buy,7.83,0.846,5.14,6.08,63.57,10,1,1.06,2026-06-25,,,
BANKINDIA.NS,2026-06-11 03:02:57,Hold,7.82,0.738,6.5,,63.6,10,2,0.257,2026-06-11,,,
CGPOWER.NS,2026-06-11 03:41:41,Hold,7.82,0.938,5.0,,59.2,9,2,0.331,2026-06-11,4.365677892820008,5.891167477602166,4.520996405808941
MTARTECH.NS,2026-06-11 03:02:57,Hold,7.82,0.938,5.0,,55.86,9,1,2.163,2026-06-11,22.082143989850934,31.707897240723113,26.490643831271797
COALINDIA.NS,2026-06-29 05:11:32,Buy,7.82,-0.031,8.11,8.2,34.38,5,5,-0.156,2026-06-29,,,
HSCL.NS,2026-06-19 19:26:49,Strong Buy,7.81,0.969,8.0,5.45,58.52,9,2,0.694,2026-06-19,-1.1996107502280862,,
BEL.NS,2026-06-21 16:27:16,Buy,7.81,0.292,7.5,6.15,58.18,6,5,0.415,2026-06-21,-5.631515131626596,,
MTARTECH.NS,2026-06-20 17:20:26,Strong Buy,7.81,1.0,6.0,7.17,62.63,12,2,2.143,2026-06-20,-3.833865814696491,,
HSCL.NS,2026-06-15 21:40:49,Strong Buy,7.81,0.969,8.0,5.45,63.22,9,2,0.778,2026-06-15,3.1992768123535464,-2.070569011150203,
APOLLOHOSP.NS,2026-06-22 09:19:59,Buy,7.81,0.677,4.5,6.85,63.4,9,1,0.508,2026-06-22,1.4523556500177115,,
ATHERENERG.NS,2026-06-11 03:41:41,Hold,7.8,1.0,4.5,,63.36,11,1,4.32,2026-06-11,-2.856729211957376,-5.679388284458275,
RADICO.NS,2026-06-19 14:13:36,Strong Buy,7.8,0.923,7.5,5.87,71.7,12,2,1.18,2026-06-19,,,
SUZLON.NS,2026-06-19 16:45:37,Strong Buy,7.8,0.738,8.5,5.32,64.59,10,2,0.092,2026-06-19,-2.1790555724703897,,
RBLBANK.NS,2026-06-11 03:41:41,Hold,7.8,0.8,6.0,,64.37,11,2,0.379,2026-06-11,2.951825653954465,2.826508973536046,3.3277586985081653
IDEA.NS,2026-06-23 10:41:23,Buy,7.8,0.938,4.5,5.94,64.36,9,2,-0.261,2026-06-23,,,
RADICO.NS,2026-06-18 21:20:12,Strong Buy,7.79,0.923,7.5,5.82,68.5,12,2,1.134,2026-06-18,,,
SUZLON.NS,2026-06-17 14:09:56,Strong Buy,7.79,0.738,8.5,5.29,65.24,10,2,0.053,2026-06-17,0.06748931199325181,-2.294585118690373,
SUZLON.NS,2026-06-16 21:05:23,Strong Buy,7.79,0.738,8.5,5.29,62.99,10,2,0.033,2026-06-16,2.209949299826519,0.6388169169183611,
CUMMINSIND.NS,2026-06-22 21:16:02,Buy,7.78,0.215,9.0,6.16,57.01,5,4,0.478,2026-06-22,-2.116585704371965,,
BAJAJ-AUTO.NS,2026-06-22 09:19:59,Buy,7.78,0.215,9.5,6.12,48.65,5,2,-0.101,2026-06-22,-3.414777745069175,,
RBLBANK.NS,2026-06-24 13:07:02,Buy,7.78,0.738,6.0,5.68,63.25,9,1,0.409,2026-06-24,,,
SUZLON.NS,2026-06-20 17:20:26,Strong Buy,7.78,0.738,8.5,5.26,64.59,10,2,0.092,2026-06-20,-3.6587454618063675,,
GROWW.NS,2026-06-15 21:40:49,Strong Buy,7.78,0.385,10.0,5.73,63.95,7,4,2.007,2026-06-15,-3.2796388404850885,-4.683125121336595,
CHENNPETRO.NS,2026-06-15 18:30:16,Strong Buy,7.77,1.0,8.0,5.33,64.73,11,0,0.165,2026-06-15,,,
SUNPHARMA.NS,2026-06-20 17:20:26,Strong Buy,7.77,0.8,6.5,6.62,59.31,10,0,0.263,2026-06-20,-0.005366664052142145,,
BSE.NS,2026-06-12 19:23:13,Strong Buy,7.77,0.508,10.0,6.1,54.44,6,3,2.059,2026-06-12,-1.0368500030146777,-0.5171895270918103,
MANKIND.NS,2026-06-24 13:07:02,Buy,7.77,0.662,5.0,6.59,61.11,8,2,0.03,2026-06-24,,,
RADICO.NS,2026-06-16 14:34:44,Strong Buy,7.77,1.0,7.5,5.78,61.2,10,1,1.074,2026-06-16,5.323162114712043,,
BANDHANBNK.NS,2026-06-26 05:25:13,Buy,7.76,0.708,5.3,6.05,58.02,10,1,-0.092,2026-06-26,,,
CGPOWER.NS,2026-06-20 17:20:26,Strong Buy,7.76,0.985,7.0,6.17,66.94,10,1,0.372,2026-06-20,-2.1245662528053266,,
KAJARIACER.NS,2026-06-16 17:36:25,Strong Buy,7.76,0.631,9.5,5.88,63.27,8,3,-0.472,2026-06-16,,,
WAAREEENER.NS,2026-06-22 09:19:59,Buy,7.75,0.2,9.0,5.84,57.48,5,3,0.269,2026-06-22,,,
CHENNPETRO.NS,2026-06-16 09:18:15,Strong Buy,7.75,1.0,8.0,5.27,61.4,10,1,0.146,2026-06-16,,,
NYKAA.NS,2026-06-21 16:27:16,Buy,7.75,0.8,5.5,6.22,74.19,11,2,0.847,2026-06-21,-0.9857072251806209,,
ANGELONE.NS,2026-06-22 09:19:59,Buy,7.75,0.969,8.5,4.84,63.06,10,2,0.274,2026-06-22,,,
MTARTECH.NS,2026-06-19 19:26:49,Strong Buy,7.75,1.0,6.0,7.0,62.63,12,2,2.143,2026-06-19,-7.134754313690372,,
ADANIPOWER.NS,2026-06-26 05:25:13,Buy,7.75,0.308,8.11,5.97,53.82,6,2,0.451,2026-06-26,,,
ANGELONE.NS,2026-06-21 14:25:52,Buy,7.75,1.0,8.5,4.82,62.63,11,2,0.255,2026-06-21,,,
BSE.NS,2026-06-19 09:44:02,Strong Buy,7.75,0.292,10.0,6.1,52.98,4,3,2.037,2026-06-19,-3.3232141470147747,,
NATIONALUM.NS,2026-06-23 10:41:23,Buy,7.74,-0.308,8.5,6.52,36.4,2,7,0.958,2026-06-23,,,
LUPIN.NS,2026-06-20 17:20:26,Strong Buy,7.74,0.338,9.0,6.72,63.1,7,3,0.662,2026-06-20,,,
SUZLON.NS,2026-06-18 21:20:12,Strong Buy,7.74,0.708,8.5,5.28,62.58,9,2,0.044,2026-06-18,-0.25666960079818724,-2.2245025113097894,
GARUDA.NS,2026-06-24 13:07:02,Buy,7.73,0.431,10.0,5.21,67.1,8,4,0.543,2026-06-24,,,
CUPID.NS,2026-06-15 18:30:16,Strong Buy,7.73,1.0,7.0,6.09,86.7,11,3,3.99,2026-06-15,2.6451498889264125,9.076012430316926,
HSCL.NS,2026-06-24 18:01:34,Strong Buy,7.73,0.877,7.0,5.01,55.14,8,2,0.628,2026-06-24,,,
MTARTECH.NS,2026-06-18 21:20:12,Strong Buy,7.72,1.0,6.0,6.9,62.04,11,2,2.077,2026-06-18,-2.209379326952021,-3.96123050990308,
BAJAJ-AUTO.NS,2026-06-21 16:27:16,Buy,7.72,0.185,9.5,6.12,46.71,5,3,-0.098,2026-06-21,-3.414777745069175,,
NLCINDIA.NS,2026-06-23 16:00:59,Buy,7.71,0.215,7.0,5.82,50.6,5,2,0.354,2026-06-23,,,
CGPOWER.NS,2026-06-19 09:44:02,Strong Buy,7.71,0.969,7.0,6.03,66.01,10,2,0.363,2026-06-19,-4.591677849900632,,
CGPOWER.NS,2026-06-18 21:20:12,Strong Buy,7.7,0.969,7.0,6.01,65.27,10,2,0.33,2026-06-18,-0.4138521825671537,-1.293942738031506,
MTARTECH.NS,2026-06-17 14:09:56,Strong Buy,7.7,1.0,6.0,6.87,62.19,11,1,2.084,2026-06-17,-0.29450655126818104,-6.515206154585885,
WABAG.NS,2026-06-17 14:09:56,Strong Buy,7.7,1.0,8.0,5.15,74.59,11,2,0.456,2026-06-17,16.71667414820974,18.82819686703934,
HDFCAMC.NS,2026-06-23 12:44:14,Buy,7.7,0.677,6.5,5.28,59.75,8,1,0.438,2026-06-23,,,
COFORGE.NS,2026-06-22 14:56:14,Buy,7.7,0.169,9.5,5.64,61.52,6,3,0.34,2026-06-22,0.6065098626542476,,
PARAS.NS,2026-06-21 14:25:52,Buy,7.7,0.985,6.0,5.48,85.16,11,4,-0.123,2026-06-21,-10.523260554454284,,
NIACL.NS,2026-06-23 10:41:23,Buy,7.7,0.969,6.0,5.31,71.16,9,3,-0.347,2026-06-23,,,
RBLBANK.NS,2026-06-21 16:27:16,Buy,7.7,0.8,6.5,6.05,70.15,11,2,0.374,2026-06-21,-1.9682991299950436,,
HINDCOPPER.NS,2026-06-24 18:01:34,Strong Buy,7.69,-0.077,10.0,6.55,38.45,5,5,0.355,2026-06-24,,,
SUZLON.NS,2026-06-26 05:25:13,Buy,7.68,0.677,7.27,5.24,58.13,8,1,-0.063,2026-06-26,,,
NMDC.NS,2026-06-11 03:00:31,Hold,7.68,0.492,8.0,,48.94,7,2,0.032,2026-06-11,-0.4295296457208275,0.06781683934204974,-3.9900516905054695
ASIANPAINT.NS,2026-06-11 03:41:41,Hold,7.68,0.492,8.0,,66.0,9,4,-0.422,2026-06-11,2.1256923826786123,2.382109397149579,-0.8454467699729129
LALPATHLAB.NS,2026-06-17 14:09:56,Strong Buy,7.68,0.738,7.5,5.82,63.21,9,0,0.165,2026-06-17,,,
POLYCAB.NS,2026-06-18 16:36:14,Strong Buy,7.68,1.0,6.5,6.38,70.22,11,3,0.376,2026-06-18,0.1514310231689464,-3.780727878451362,
ABB.NS,2026-06-18 13:53:16,Strong Buy,7.68,0.738,9.0,5.54,59.32,9,0,-0.506,2026-06-18,,,
PANAMAPET.NS,2026-06-19 19:26:49,Strong Buy,7.68,1.0,8.5,4.67,80.88,11,3,0.109,2026-06-19,,,
LUPIN.NS,2026-06-19 19:26:49,Strong Buy,7.68,0.338,9.0,6.54,63.1,7,3,0.662,2026-06-19,,,
GROWW.NS,2026-06-16 09:18:15,Strong Buy,7.68,0.338,10.0,5.67,60.35,6,5,1.896,2026-06-16,0.09515346973933969,-2.589141806179751,
NLCINDIA.NS,2026-06-22 21:16:02,Buy,7.68,0.215,7.0,5.79,50.89,5,2,0.356,2026-06-22,,,
LUPIN.NS,2026-06-18 21:20:12,Strong Buy,7.68,0.338,9.0,6.53,59.44,7,3,0.622,2026-06-18,,,
HINDPETRO.NS,2026-06-25 18:09:10,Hold,7.68,0.154,7.74,7.48,59.76,6,4,0.228,2026-06-25,,,
BEL.NS,2026-06-24 13:07:02,Buy,7.67,0.062,7.5,6.04,48.15,4,4,0.359,2026-06-24,,,
RBLBANK.NS,2026-06-22 09:19:59,Buy,7.67,0.785,6.5,6.02,70.36,10,1,0.44,2026-06-22,-1.9682991299950436,,
SUZLON.NS,2026-06-21 08:59:27,Strong Buy,7.66,0.738,8.5,4.91,64.59,10,2,0.092,2026-06-21,-3.6587454618063675,,
GROWW.NS,2026-06-18 16:36:14,Strong Buy,7.66,0.323,10.0,5.7,56.12,5,3,1.745,2026-06-18,-3.0068809121246987,-0.3739902389095495,
NMDC.NS,2026-06-25 12:39:49,Strong Buy,7.66,-0.062,7.95,7.6,38.66,4,5,-0.083,2026-06-25,,,
HINDPETRO.NS,2026-06-29 05:11:32,Buy,7.66,0.154,7.74,7.48,59.76,6,4,0.234,2026-06-29,,,
PREMEXPLN.NS,2026-06-17 14:09:56,Strong Buy,7.65,1.0,8.0,5.0,66.95,11,1,-0.121,2026-06-17,,,
APOLLO.NS,2026-06-23 10:41:23,Buy,7.65,0.877,7.5,4.95,57.12,8,2,1.556,2026-06-23,,,
FEDERALBNK.NS,2026-06-20 23:01:14,Strong Buy,7.65,0.862,7.0,5.86,73.73,10,1,1.223,2026-06-20,0.20098760320088616,,
APOLLO.NS,2026-06-22 21:16:02,Buy,7.65,0.938,7.5,4.92,59.79,9,2,1.59,2026-06-22,-9.499707146207326,,
CGPOWER.NS,2026-06-17 19:49:59,Strong Buy,7.65,1.0,7.0,5.84,68.5,11,2,0.347,2026-06-17,-0.12451488529506838,-4.596626489542799,
AEGISLOG.NS,2026-06-11 03:41:41,Hold,7.65,0.615,7.0,,65.14,9,1,-0.094,2026-06-11,6.458579351567906,8.74824472018556,23.193648810615407
WABAG.NS,2026-06-16 21:05:23,Strong Buy,7.65,1.0,8.0,4.99,73.99,11,2,0.447,2026-06-16,13.070735927470633,19.021828756989834,
HINDPETRO.NS,2026-06-26 18:03:02,Buy,7.64,0.154,7.74,7.48,59.76,6,4,0.234,2026-06-26,,,
PREMEXPLN.NS,2026-06-16 21:05:23,Strong Buy,7.64,0.969,8.0,4.98,65.04,10,1,-0.14,2026-06-16,,,
ANGELONE.NS,2026-06-20 17:20:26,Strong Buy,7.64,1.0,8.5,4.54,62.63,11,2,0.255,2026-06-20,,,
ADANIPOWER.NS,2026-06-25 12:39:49,Strong Buy,7.63,0.308,8.13,5.97,54.68,6,2,0.456,2026-06-25,,,
AEROFLEX.NS,2026-06-17 17:01:00,Strong Buy,7.63,1.0,6.5,6.22,71.46,12,2,1.408,2026-06-17,,,
RPTECH.NS,2026-06-20 17:20:26,Strong Buy,7.63,1.0,7.0,5.79,85.82,11,3,1.083,2026-06-20,2.7229692021359497,,
NMDC.NS,2026-06-17 14:09:56,Strong Buy,7.63,0.338,9.5,5.98,44.95,5,3,-0.078,2026-06-17,0.215911865234375,-2.6136398315429688,
BAJAJ-AUTO.NS,2026-06-23 12:44:14,Buy,7.63,0.215,9.5,5.44,48.17,5,2,-0.104,2026-06-23,,,
LICI.NS,2026-06-18 21:20:12,Buy,7.62,0.492,9.5,5.17,66.02,9,3,-0.602,2026-06-18,2.360462634028382,0.7613575523771177,
TITAN.NS,2026-06-21 16:27:16,Buy,7.62,0.785,7.0,5.37,63.39,11,3,0.303,2026-06-21,-1.8570656446540879,,
NIACL.NS,2026-06-22 21:16:02,Buy,7.62,0.754,6.0,5.29,83.45,10,4,-0.287,2026-06-22,,,
SUZLON.NS,2026-06-29 05:11:32,Buy,7.61,0.677,7.28,5.19,54.58,8,1,-0.06,2026-06-29,,,
NYKAA.NS,2026-06-23 10:41:23,Buy,7.61,0.892,5.0,5.98,76.07,11,2,0.851,2026-06-23,,,
AEROFLEX.NS,2026-06-18 13:53:16,Strong Buy,7.61,1.0,6.5,6.17,66.01,10,3,1.341,2026-06-18,,,
SUZLON.NS,2026-06-25 18:09:10,Buy,7.6,0.677,7.27,5.19,54.58,8,1,-0.081,2026-06-25,,,
DATAPATTNS.NS,2026-06-11 03:02:16,Hold,7.6,1.0,4.0,,67.16,11,2,0.494,2026-06-11,6.475619612068972,14.19976451025564,7.172416115487512
VSTIND.NS,2026-06-16 17:36:25,Strong Buy,7.6,0.615,8.0,5.77,55.47,8,2,-0.627,2026-06-16,,,
BOSCHLTD.NS,2026-06-26 00:05:40,Buy,7.59,0.846,5.17,6.8,69.91,10,2,0.146,2026-06-26,,,
ABB.NS,2026-06-16 14:34:44,Strong Buy,7.59,0.692,9.0,5.51,54.85,7,2,-0.537,2026-06-16,,,
SUZLON.NS,2026-06-22 09:19:59,Buy,7.59,0.708,8.5,4.91,64.15,9,2,-0.063,2026-06-22,-3.6587454618063675,,
COFORGE.NS,2026-06-23 16:00:59,Buy,7.58,-0.015,9.0,5.81,60.89,6,2,0.335,2026-06-23,,,
LICI.NS,2026-06-19 14:13:36,Strong Buy,7.58,0.492,9.5,5.05,71.23,9,3,-0.502,2026-06-19,-0.8065359634812586,,
POWERINDIA.NS,2026-06-20 17:20:26,Strong Buy,7.58,0.569,6.5,7.25,61.01,7,2,1.501,2026-06-20,-7.603373231773669,,
SOLARINDS.NS,2026-06-18 13:53:16,Strong Buy,7.58,0.385,9.0,6.01,52.41,6,3,0.772,2026-06-18,2.6063949560909627,,
ANGELONE.NS,2026-06-19 19:26:49,Strong Buy,7.57,1.0,8.5,4.34,62.63,11,2,0.255,2026-06-19,-3.6895724795475315,,
SCI.NS,2026-06-24 18:01:34,Strong Buy,7.57,0.646,7.0,5.48,60.52,8,2,0.166,2026-06-24,,,
MANKIND.NS,2026-06-22 21:16:02,Buy,7.57,0.738,4.5,6.6,68.66,10,2,0.066,2026-06-22,,,
TATASTEEL.NS,2026-06-21 16:27:16,Buy,7.56,-0.154,7.0,7.01,44.75,3,6,0.076,2026-06-21,-5.156553472327352,,
MOTHERSON.NS,2026-06-19 16:45:37,Strong Buy,7.56,0.738,7.0,5.89,59.47,9,2,0.107,2026-06-19,-0.6596066369130349,,
VBL.NS,2026-06-21 16:27:16,Buy,7.56,0.492,5.5,6.33,54.01,7,3,-0.485,2026-06-21,-1.0332426521919569,,
AUROPHARMA.NS,2026-06-23 16:00:59,Buy,7.56,0.8,3.5,6.53,65.01,11,2,0.222,2026-06-23,,,
HINDPETRO.NS,2026-06-24 18:01:34,Buy,7.55,-0.015,8.5,6.3,62.11,7,4,0.226,2026-06-24,,,
ADANIPOWER.NS,2026-06-29 05:11:32,Buy,7.55,0.246,8.12,5.97,53.3,5,3,0.459,2026-06-29,,,
MOTHERSON.NS,2026-06-18 21:20:12,Strong Buy,7.54,0.738,7.0,5.86,58.32,9,2,0.115,2026-06-18,-0.7395577271195108,4.859009119415525,
VBL.NS,2026-06-23 12:44:14,Buy,7.54,0.338,5.5,5.95,42.14,7,4,-0.503,2026-06-23,,,
POLYCAB.NS,2026-06-20 17:20:26,Strong Buy,7.54,1.0,5.5,6.82,73.58,12,2,0.435,2026-06-20,-4.903966076328259,,
MOTHERSON.NS,2026-06-20 17:20:26,Buy,7.53,0.738,6.5,6.26,59.47,9,2,0.107,2026-06-20,4.01782678445175,,
LICI.NS,2026-06-20 17:20:26,Buy,7.53,0.477,9.5,4.99,70.1,9,4,-0.516,2026-06-20,-2.0628781893928028,,
HSCL.NS,2026-06-18 21:20:12,Strong Buy,7.52,1.0,7.0,5.47,65.26,10,2,0.829,2026-06-18,-7.39533372384752,-1.7673493296787135,
SUNPHARMA.NS,2026-06-17 17:01:00,Strong Buy,7.52,0.492,8.0,6.18,54.45,7,2,0.205,2026-06-17,2.334651693584733,2.966380975378269,
METROPOLIS.NS,2026-06-16 14:34:44,Strong Buy,7.51,0.877,6.0,6.31,54.24,9,1,-0.057,2026-06-16,,,
OFSS.NS,2026-06-16 14:34:44,Strong Buy,7.51,0.292,9.5,5.86,49.18,5,3,-0.106,2026-06-16,1.4525551286774352,3.810325772327783,
GARUDA.NS,2026-06-23 18:49:41,Hold,7.5,0.492,10.0,5.16,68.48,9,3,0.552,2026-06-23,,,
HSCL.NS,2026-06-16 09:18:15,Strong Buy,7.5,1.0,7.0,5.44,61.74,9,1,0.766,2026-06-16,-2.633491597880344,-7.24753501484654,
IDEA.NS,2026-06-22 21:16:02,Buy,7.5,0.938,4.5,5.88,64.12,9,2,-0.262,2026-06-22,-5.128200343168321,,
RBLBANK.NS,2026-06-25 15:49:45,Buy,7.5,0.738,5.24,6.26,59.87,9,1,0.419,2026-06-25,,,
TITAN.NS,2026-06-22 14:56:14,Buy,7.49,0.708,7.0,5.12,60.43,9,3,0.321,2026-06-22,-1.8570656446540879,,
MMTC.NS,2026-06-16 21:05:23,Strong Buy,7.49,1.0,7.5,4.98,69.62,11,2,-0.223,2026-06-16,,,
GLAND.NS,2026-06-18 21:20:12,Strong Buy,7.49,0.785,7.5,6.04,52.96,11,1,0.133,2026-06-18,4.35927718320559,5.113073297287607,
GRINDWELL.NS,2026-06-16 17:36:25,Strong Buy,7.48,1.0,6.0,6.22,72.5,12,2,-0.579,2026-06-16,,,
TENNIND.NS,2026-06-22 09:19:59,Buy,7.48,-0.154,8.5,6.27,55.29,4,3,0.856,2026-06-22,,,
AEROFLEX.NS,2026-06-15 21:40:49,Strong Buy,7.47,1.0,6.0,6.2,67.99,12,2,1.31,2026-06-15,2.3012552301255207,,
IOC.NS,2026-06-25 12:39:49,Buy,7.47,0.031,7.4,7.7,55.37,4,3,-0.283,2026-06-25,,,
ABB.NS,2026-06-17 17:01:00,Strong Buy,7.47,0.615,9.0,5.54,58.85,8,1,-0.51,2026-06-17,,,
HSCL.NS,2026-06-12 11:40:46,Buy,7.46,1.0,7.0,5.32,68.81,10,3,0.832,2026-06-12,3.0271823050606272,-1.3886865844278118,
NATIONALUM.NS,2026-06-24 15:45:41,Strong Buy,7.46,-0.292,8.5,6.51,32.6,3,7,0.889,2026-06-24,,,
AUBANK.NS,2026-06-26 00:05:40,Buy,7.46,0.8,5.63,5.6,65.33,11,2,0.616,2026-06-26,,,
HSCL.NS,2026-06-17 14:09:56,Strong Buy,7.46,1.0,7.0,5.31,69.16,11,1,0.855,2026-06-17,-6.568248380622599,-5.434314208055113,
APOLLOHOSP.NS,2026-06-21 16:27:16,Buy,7.46,0.677,4.5,6.75,63.56,9,1,0.545,2026-06-21,1.4523556500177115,,
AEROFLEX.NS,2026-06-16 09:18:15,Strong Buy,7.46,1.0,6.0,6.17,68.99,11,3,1.331,2026-06-16,,,
TITAN.NS,2026-06-20 17:20:26,Buy,7.46,0.785,6.5,5.82,63.39,11,3,0.303,2026-06-20,-1.8570656446540879,,
VBL.NS,2026-06-22 21:16:02,Buy,7.45,0.431,5.5,5.91,44.49,8,4,-0.49,2026-06-22,-1.0332426521919569,,
GRSE.NS,2026-06-22 21:16:02,Buy,7.45,0.631,8.5,4.81,61.51,9,3,0.397,2026-06-22,,,
MMTC.NS,2026-06-17 14:09:56,Strong Buy,7.45,1.0,7.5,4.85,70.28,12,2,-0.216,2026-06-17,,,
GRSE.NS,2026-06-23 10:41:23,Buy,7.45,0.631,8.5,4.83,60.2,8,1,0.391,2026-06-23,,,
LAURUSLABS.NS,2026-06-20 17:20:26,Buy,7.45,1.0,4.5,7.42,63.56,11,1,2.309,2026-06-20,0.9819608152518366,,
BSE.NS,2026-06-17 17:01:00,Strong Buy,7.44,0.323,10.0,6.07,50.9,4,5,1.996,2026-06-17,0.8376675437341774,-2.815559484157082,
GLAND.NS,2026-06-19 09:44:02,Strong Buy,7.44,0.754,7.5,6.06,53.14,10,1,0.145,2026-06-19,5.784445255655979,,
AVALON.NS,2026-06-16 14:34:44,Strong Buy,7.44,1.0,6.5,5.69,69.3,11,3,1.435,2026-06-16,,,
MOTHERSON.NS,2026-06-11 03:41:41,Hold,7.43,0.677,6.0,,61.79,8,2,0.254,2026-06-11,4.87423642361926,2.7994792019590653,7.794515271093938
DRREDDY.NS,2026-06-24 15:45:41,Strong Buy,7.43,0.8,5.5,5.28,64.84,11,2,-0.048,2026-06-24,,,
CGPOWER.NS,2026-06-16 21:05:23,Strong Buy,7.43,0.877,6.5,5.65,64.45,9,1,0.308,2026-06-16,2.4449877433336376,1.041776088636004,
LAURUSLABS.NS,2026-06-11 03:00:31,Hold,7.42,0.938,4.0,,70.36,9,2,2.256,2026-06-11,-1.0353770426019038,-1.5818233554519168,4.256539336603882
POLYCAB.NS,2026-06-11 03:00:31,Hold,7.42,0.938,4.0,,66.0,9,2,0.396,2026-06-11,2.3420875670449925,6.193983902394651,2.179078347758656
BOSCHLTD.NS,2026-06-25 18:09:10,Buy,7.42,0.862,5.17,6.8,70.34,11,3,0.15,2026-06-25,,,
TATASTEEL.NS,2026-06-22 14:56:14,Buy,7.42,-0.031,7.0,7.01,44.79,3,4,0.061,2026-06-22,-5.156553472327352,,
BOSCHLTD.NS,2026-06-29 05:11:32,Buy,7.41,0.862,5.17,6.8,70.34,11,3,0.13,2026-06-29,,,
MTARTECH.NS,2026-06-16 21:05:23,Strong Buy,7.41,0.662,6.0,6.72,56.96,8,2,1.938,2026-06-16,8.780931350263032,5.501071637331956,
POLYCAB.NS,2026-06-19 09:44:02,Strong Buy,7.4,0.954,5.5,6.43,69.54,10,4,0.401,2026-06-19,-3.8728553010016875,,
APOLLOHOSP.NS,2026-06-11 03:02:16,Hold,7.4,0.8,5.0,,69.22,11,2,0.613,2026-06-11,-1.2068762510302644,-0.9596137995996679,1.1656658424584965
AUROPHARMA.NS,2026-06-24 13:07:02,Buy,7.4,0.769,3.5,6.53,66.08,10,2,0.232,2026-06-24,,,
SUNPHARMA.NS,2026-06-16 14:34:44,Strong Buy,7.4,0.4,8.0,6.29,50.74,6,2,0.187,2026-06-16,2.0880823388583103,3.7374382547368246,
POLYCAB.NS,2026-06-17 19:49:59,Strong Buy,7.39,1.0,5.5,6.4,69.69,11,3,0.372,2026-06-17,1.446178183591651,-1.8940302275418097,
HONASA.NS,2026-06-12 11:40:46,Buy,7.39,1.0,6.0,5.98,70.58,10,1,-0.171,2026-06-12,-2.9493489349612267,0.9065635332605515,
DMART.NS,2026-06-18 13:53:16,Strong Buy,7.39,0.831,6.0,5.96,62.43,10,2,-0.497,2026-06-18,2.001525602480325,,
MOTHERSON.NS,2026-06-17 19:49:59,Strong Buy,7.39,0.738,6.5,5.85,59.08,9,2,0.12,2026-06-17,0.5168848852183716,-0.3583764649120469,
EICHERMOT.NS,2026-06-20 17:20:26,Buy,7.39,0.692,6.5,6.07,64.61,9,2,0.781,2026-06-20,-0.5432292689312113,,
TATASTEEL.NS,2026-06-24 13:07:02,Buy,7.38,-0.169,6.5,7.08,35.84,3,6,-0.004,2026-06-24,,,
BAJAJ-AUTO.NS,2026-06-11 03:41:41,Hold,7.38,0.462,7.5,,49.12,6,2,-0.066,2026-06-11,-1.7302748665216527,-0.3658295432074299,-2.6794542218706696
TITAN.NS,2026-06-19 09:44:02,Strong Buy,7.38,0.785,6.5,5.58,62.66,10,1,0.294,2026-06-19,-2.1742595936457887,,
POLYCAB.NS,2026-06-16 21:05:23,Strong Buy,7.38,0.831,5.5,6.38,61.65,11,1,0.313,2026-06-16,5.623123717560374,3.9208766081580526,
JSWSTEEL.NS,2026-06-24 13:07:02,Buy,7.38,0.246,6.0,6.35,38.0,6,4,0.377,2026-06-24,,,
AUBANK.NS,2026-06-25 12:39:49,Strong Buy,7.38,0.723,5.83,5.62,59.08,9,2,0.574,2026-06-25,,,
BOSCHLTD.NS,2026-06-18 21:20:12,Strong Buy,7.36,0.8,6.5,5.47,69.0,11,2,0.155,2026-06-18,0.3871612339203301,1.011614837017616,
IDEA.NS,2026-06-26 13:29:24,Buy,7.35,0.431,4.85,6.53,50.4,7,3,-0.344,2026-06-26,,,
APOLLO.NS,2026-06-21 14:25:52,Buy,7.35,1.0,6.5,5.11,62.95,10,1,1.606,2026-06-21,-9.499707146207326,,
JSWSTEEL.NS,2026-06-23 18:49:41,Buy,7.35,0.215,6.0,6.36,38.94,6,5,0.386,2026-06-23,,,
CHAMBLFERT.NS,2026-06-17 14:09:56,Buy,7.35,0.477,9.5,5.47,59.78,8,2,0.02,2026-06-17,,,
IDEA.NS,2026-06-25 18:09:10,Buy,7.35,0.431,4.85,6.53,50.4,7,3,-0.304,2026-06-25,,,
LLOYDSENGG.NS,2026-06-19 14:13:36,Strong Buy,7.35,1.0,8.0,4.14,69.88,12,2,0.123,2026-06-19,,,
IDEA.NS,2026-06-29 05:11:32,Buy,7.35,0.431,4.85,6.53,50.4,7,3,-0.344,2026-06-29,,,
EICHERMOT.NS,2026-06-17 17:01:00,Buy,7.34,0.738,6.5,5.7,61.49,9,0,0.721,2026-06-17,1.7379145025968823,0.8389932081502183,
SUZLON.NS,2026-06-23 12:44:14,Buy,7.34,0.677,8.5,4.56,60.6,8,1,-0.078,2026-06-23,,,
BPCL.NS,2026-06-26 05:25:13,Buy,7.34,0.092,7.88,7.24,60.09,5,2,0.101,2026-06-26,,,
FEDERALBNK.NS,2026-06-25 15:49:45,Buy,7.34,0.846,4.82,6.93,68.75,10,2,1.203,2026-06-25,,,
PAGEIND.NS,2026-06-16 14:34:44,Strong Buy,7.34,1.0,5.5,6.24,59.51,10,0,-0.157,2026-06-16,2.329450915141429,2.329450915141429,
HINDCOPPER.NS,2026-06-16 17:36:25,Strong Buy,7.33,0.2,10.0,6.36,40.9,4,4,0.377,2026-06-16,-0.11724594108756259,-2.2471910112359605,
LALPATHLAB.NS,2026-06-16 21:05:23,Strong Buy,7.33,0.538,7.5,5.82,61.74,8,2,0.152,2026-06-16,,,
GROWW.NS,2026-06-19 14:13:36,Buy,7.32,0.123,10.0,5.73,55.01,5,3,1.704,2026-06-19,-0.09005487575847182,,
AUBANK.NS,2026-06-29 05:11:32,Buy,7.32,0.692,5.58,5.59,55.86,9,3,0.52,2026-06-29,,,
TITAN.NS,2026-06-17 19:49:59,Strong Buy,7.32,0.754,6.5,5.58,61.5,10,3,0.192,2026-06-17,-0.18262755393220198,-1.2943772471749826,
GRSE.NS,2026-06-24 13:07:02,Buy,7.32,0.585,8.5,4.81,54.69,7,1,0.362,2026-06-24,,,
TITAN.NS,2026-06-18 21:20:12,Buy,7.32,0.754,6.5,5.56,61.84,10,3,0.196,2026-06-18,-1.8824517307728494,-2.201510968941023,
LLOYDSENGG.NS,2026-06-18 21:20:12,Buy,7.32,1.0,8.0,4.06,68.12,10,3,0.078,2026-06-18,3.669184204777398,,
BAJAJ-AUTO.NS,2026-06-12 19:07:14,Strong Buy,7.32,0.446,9.5,5.53,44.92,7,3,-0.127,2026-06-12,-0.20868528271886788,0.0298121832455589,
BOSCHLTD.NS,2026-06-19 14:13:36,Buy,7.31,0.769,6.5,5.48,69.31,10,2,0.189,2026-06-19,0.42293817639009745,,
RPTECH.NS,2026-06-19 19:26:49,Buy,7.31,1.0,7.0,4.88,85.82,11,3,1.083,2026-06-19,1.5186788793891903,,
NETWEB.NS,2026-06-20 17:20:26,Buy,7.31,1.0,5.0,6.61,66.05,11,2,0.571,2026-06-20,-3.273273654833475,,
BHEL.NS,2026-06-20 17:20:26,Buy,7.31,0.723,5.5,6.55,62.36,9,2,0.325,2026-06-20,-2.1385146519972698,,
POWERINDIA.NS,2026-06-19 19:26:49,Buy,7.3,0.569,6.5,6.44,61.01,7,2,1.501,2026-06-19,-7.944685466377443,,
MOTHERSON.NS,2026-06-16 09:18:15,Strong Buy,7.3,0.8,6.0,5.71,63.69,10,1,0.147,2026-06-16,-1.3956725827897865,-2.7032556423918885,
KPIL.NS,2026-06-17 14:09:56,Strong Buy,7.3,0.892,6.0,6.25,61.89,11,2,0.059,2026-06-17,,,
UNIONBANK.NS,2026-06-25 12:39:49,Buy,7.29,0.569,5.28,6.19,58.38,7,2,0.259,2026-06-25,,,
KPIL.NS,2026-06-16 21:05:23,Strong Buy,7.29,0.923,6.0,6.08,65.48,12,2,0.079,2026-06-16,,,
DIACABS.NS,2026-06-16 21:05:23,Buy,7.29,0.892,8.0,3.97,58.92,9,3,0.672,2026-06-16,,,
DIACABS.NS,2026-06-17 14:09:56,Buy,7.29,0.877,8.0,3.97,57.48,8,2,0.656,2026-06-17,,,
GROWW.NS,2026-06-17 19:49:59,Strong Buy,7.28,0.108,10.0,5.68,54.76,5,4,1.709,2026-06-17,-0.6734665173994014,0.361864208818341,
RPTECH.NS,2026-06-18 21:20:12,Buy,7.28,1.0,7.0,4.79,84.61,11,3,1.02,2026-06-18,0.7534246575342518,6.97260608411816,
BPCL.NS,2026-06-22 09:19:59,Buy,7.27,-0.077,8.5,6.27,55.67,5,3,0.006,2026-06-22,0.37264869531423717,,
JSWSTEEL.NS,2026-06-25 12:39:49,Strong Buy,7.27,-0.046,6.08,7.81,36.86,5,5,0.38,2026-06-25,,,
MOTHERSON.NS,2026-06-15 21:40:49,Strong Buy,7.27,0.785,6.0,5.71,64.64,10,2,0.153,2026-06-15,-2.322442988662432,-1.5325338161643498,
ICICIAMC.NS,2026-06-22 14:56:14,Buy,7.27,0.185,7.0,5.65,60.6,6,2,1.975,2026-06-22,,,
ASIANPAINT.NS,2026-06-15 12:17:13,Strong Buy,7.27,0.615,7.5,6.27,68.0,10,3,-0.395,2026-06-15,0.5731384910583337,-2.3838188568083285,
GROWW.NS,2026-06-20 17:20:26,Buy,7.27,0.092,10.0,5.74,55.36,5,4,1.713,2026-06-20,1.0929455801011123,,
GENUSPOWER.NS,2026-06-24 13:07:02,Buy,7.27,0.8,8.5,4.79,69.83,10,3,-0.029,2026-06-24,,,
BAJAJ-AUTO.NS,2026-06-20 17:20:26,Buy,7.26,0.185,9.0,6.1,46.71,5,3,-0.098,2026-06-20,-3.414777745069175,,
AUROPHARMA.NS,2026-06-26 05:25:13,Buy,7.26,0.754,2.78,7.64,64.13,10,3,0.218,2026-06-26,,,
BAJAJ-AUTO.NS,2026-06-25 12:39:49,Strong Buy,7.26,-0.015,7.84,6.71,43.52,4,4,-0.124,2026-06-25,,,
BAJAJ-AUTO.NS,2026-06-18 13:53:16,Buy,7.26,0.231,9.0,5.87,45.74,6,2,-0.15,2026-06-18,-0.5160265952168341,-2.3221196784757314,
SUZLON.NS,2026-06-11 03:00:31,Hold,7.25,0.615,6.0,,55.05,8,1,0.039,2026-06-11,8.688303947971798,9.664097621888136,7.224617016284007
TITAN.NS,2026-06-16 14:34:44,Strong Buy,7.24,0.708,6.5,5.57,59.51,9,2,0.17,2026-06-16,1.8879645537978273,-0.753808098490083,
NYKAA.NS,2026-06-17 19:49:59,Strong Buy,7.24,0.8,5.5,5.97,62.95,11,2,0.685,2026-06-17,8.328881608747185,9.09414012558969,
MMTC.NS,2026-06-15 12:17:13,Strong Buy,7.24,0.908,7.5,4.72,60.43,9,2,-0.301,2026-06-15,6.781584757472436,,
BAJAJ-AUTO.NS,2026-06-19 09:44:02,Buy,7.24,0.215,9.0,5.9,46.54,5,2,-0.098,2026-06-19,-3.1392807470693396,,
GRASIM.NS,2026-06-11 03:00:31,Hold,7.23,0.677,5.5,,60.54,9,1,0.291,2026-06-11,1.6442805900024338,1.7996471162404992,1.2008447210309026
EQUITASBNK.NS,2026-06-16 17:36:25,Strong Buy,7.23,0.969,7.0,4.82,68.5,10,2,-0.534,2026-06-16,,,
GNFC.NS,2026-06-16 14:34:44,Strong Buy,7.23,0.938,7.0,4.97,64.76,10,2,-0.518,2026-06-16,,,
JBCHEPHARM.NS,2026-06-16 17:36:25,Strong Buy,7.23,0.969,5.5,5.95,54.44,9,1,0.207,2026-06-16,,,
LLOYDSENGG.NS,2026-06-21 08:59:27,Buy,7.23,1.0,7.0,4.67,69.88,12,2,0.123,2026-06-21,,,
HAL.NS,2026-06-23 12:44:14,Buy,7.22,0.723,5.5,5.01,60.13,9,1,-0.43,2026-06-23,,,
SCI.NS,2026-06-25 15:49:45,Buy,7.22,0.277,5.9,6.17,52.38,5,2,0.125,2026-06-25,,,
BPCL.NS,2026-06-21 16:27:16,Buy,7.21,-0.108,8.5,6.25,53.97,5,4,-0.026,2026-06-21,0.37264869531423717,,
ENGINERSIN.NS,2026-06-19 09:44:02,Buy,7.21,0.754,7.0,4.84,62.27,10,3,-0.142,2026-06-19,,,
LLOYDSENGG.NS,2026-06-17 14:09:56,Buy,7.21,1.0,7.5,4.16,73.65,12,2,0.114,2026-06-17,2.9649884841300933,,
MSTCLTD.NS,2026-06-16 21:05:23,Buy,7.2,0.754,7.0,4.8,86.01,10,4,-0.311,2026-06-16,,,
FEDERALBNK.NS,2026-06-19 19:26:49,Buy,7.2,0.862,7.0,4.56,73.73,10,1,1.223,2026-06-19,0.3858620012031855,,
ASTERDM.NS,2026-06-11 03:00:31,Hold,7.2,0.8,4.5,,69.67,11,2,1.436,2026-06-11,,,
ATGL.NS,2026-06-11 03:02:16,Hold,7.2,1.0,3.0,,60.85,9,1,-0.401,2026-06-11,-0.3073071842443209,1.1803255878907182,
NMDC.NS,2026-06-15 18:30:16,Strong Buy,7.2,0.338,8.0,6.02,46.1,5,3,-0.068,2026-06-15,0.06781683934204974,-0.31649008187348837,
AEGISLOG.NS,2026-06-16 09:18:15,Strong Buy,7.2,0.969,6.5,5.14,84.31,10,3,0.065,2026-06-16,2.2420589745610897,7.101545916400109,
NYKAA.NS,2026-06-18 13:53:16,Buy,7.2,0.8,5.5,5.85,72.93,11,2,0.812,2026-06-18,1.6605104287499506,1.0902381527867044,
TRITURBINE.NS,2026-06-23 10:41:23,Buy,7.19,0.738,7.0,5.24,62.51,8,2,0.119,2026-06-23,,,
SONACOMS.NS,2026-06-16 14:34:44,Strong Buy,7.19,0.908,5.5,5.84,52.52,10,1,-0.282,2026-06-16,,,
ENGINERSIN.NS,2026-06-18 21:20:12,Buy,7.19,0.738,7.0,4.85,61.01,10,2,-0.182,2026-06-18,,,
STARHEALTH.NS,2026-06-19 09:44:02,Buy,7.19,0.892,6.0,5.39,74.96,11,2,-0.106,2026-06-19,,,
BPCL.NS,2026-06-25 18:09:10,Hold,7.19,0.031,7.87,7.18,54.8,4,3,0.064,2026-06-25,,,
SUZLON.NS,2026-06-24 13:07:02,Buy,7.19,0.677,8.5,4.55,60.65,8,1,-0.077,2026-06-24,,,
ICICIAMC.NS,2026-06-21 16:27:16,Buy,7.19,0.138,7.0,6.04,62.33,6,4,2.042,2026-06-21,,,
RRKABEL.NS,2026-06-16 21:05:23,Buy,7.19,1.0,5.5,5.84,68.86,11,1,0.164,2026-06-16,5.451819302892091,7.59165172422438,
MOTHERSON.NS,2026-06-26 00:05:40,Buy,7.19,0.677,3.76,7.32,56.87,8,2,0.01,2026-06-26,,,
PIDILITIND.NS,2026-06-16 17:36:25,Strong Buy,7.18,0.523,8.0,6.04,73.52,9,3,-0.28,2026-06-16,0.5537215830294873,-0.2864053042162862,
POWERINDIA.NS,2026-06-18 21:20:12,Buy,7.18,0.508,6.5,6.42,58.64,6,2,1.476,2026-06-18,-0.5785123966942196,-6.432506887052336,
STARHEALTH.NS,2026-06-18 21:20:12,Buy,7.18,0.923,6.0,5.38,73.89,12,2,-0.128,2026-06-18,,,
ADANIPOWER.NS,2026-06-20 17:20:26,Buy,7.17,0.538,7.0,5.78,56.44,7,2,0.436,2026-06-20,-1.9291618318013848,,
POWERINDIA.NS,2026-06-17 14:09:56,Buy,7.17,0.508,6.5,6.37,54.78,6,2,1.434,2026-06-17,2.25312934631432,-5.563282336578579,
MCX.NS,2026-06-20 17:20:26,Buy,7.17,-0.246,10.0,7.16,40.27,3,6,2.22,2026-06-20,-1.3482424919355473,,
LLOYDSENGG.NS,2026-06-20 17:20:26,Buy,7.17,1.0,7.0,4.5,69.88,12,2,0.123,2026-06-20,,,
COALINDIA.NS,2026-06-16 17:36:25,Buy,7.16,0.0,9.0,6.74,43.96,4,4,-0.171,2026-06-16,0.07760851013722814,-1.4635782070864134,
ASTRAMICRO.NS,2026-06-20 17:20:26,Buy,7.16,0.985,5.0,6.16,81.44,11,4,0.616,2026-06-20,,,
ADANIPOWER.NS,2026-06-19 16:45:37,Buy,7.16,0.538,8.0,4.91,56.44,7,2,0.436,2026-06-19,-0.8629617049550786,,
DMART.NS,2026-06-22 09:19:59,Hold,7.15,0.831,4.5,5.97,61.64,10,2,-0.43,2026-06-22,,,
BPCL.NS,2026-06-29 05:11:32,Buy,7.15,0.031,7.87,7.18,54.8,4,3,0.052,2026-06-29,,,
DIVISLAB.NS,2026-06-22 14:56:14,Hold,7.15,0.8,4.5,5.92,56.71,10,0,0.669,2026-06-22,,,
NYKAA.NS,2026-06-19 09:44:02,Buy,7.15,0.769,5.5,5.87,73.79,10,2,0.839,2026-06-19,1.3893524236288313,,
RRKABEL.NS,2026-06-19 16:45:37,Buy,7.15,1.0,5.5,5.72,75.68,11,1,0.25,2026-06-19,5.03640073350522,,
APOLLO.NS,2026-06-20 17:20:26,Buy,7.15,1.0,6.0,5.29,62.95,10,1,1.606,2026-06-20,-9.499707146207326,,
BAJAJ-AUTO.NS,2026-06-26 15:57:27,Buy,7.15,-0.062,7.25,6.71,40.93,4,5,-0.098,2026-06-26,,,
CUMMINSIND.NS,2026-06-16 14:34:44,Buy,7.15,0.508,8.5,5.6,58.06,6,2,0.574,2026-06-16,2.47226347514633,0.20966192015374752,
PARAS.NS,2026-06-16 21:05:23,Buy,7.15,1.0,6.5,4.87,72.31,10,3,-0.291,2026-06-16,29.31106219159554,22.36655160184022,
ADANIPOWER.NS,2026-06-18 21:20:12,Buy,7.15,0.538,8.0,4.88,55.57,7,2,0.41,2026-06-18,0.35563691693718535,-0.5638214036788436,
OLECTRA.NS,2026-06-21 08:59:27,Buy,7.15,0.938,7.5,4.32,73.01,10,2,-0.307,2026-06-21,,,
BEL.NS,2026-06-18 13:53:16,Buy,7.14,0.462,7.0,6.1,59.79,8,3,0.364,2026-06-18,-2.0065342932912955,-4.992998971473616,
NMDC.NS,2026-06-12 11:40:46,Buy,7.14,0.523,8.0,5.93,50.9,7,1,-0.012,2026-06-12,-3.222259205259237,-2.7603674560722435,
RRKABEL.NS,2026-06-18 21:20:12,Buy,7.14,1.0,5.5,5.68,74.44,11,2,0.228,2026-06-18,3.1356154311933837,8.366000424231835,
WABAG.NS,2026-06-20 17:20:26,Buy,7.13,0.985,6.0,5.3,83.31,11,4,0.611,2026-06-20,,,
BAJAJ-AUTO.NS,2026-06-29 05:11:32,Buy,7.13,-0.062,7.25,6.67,40.93,4,5,-0.098,2026-06-29,,,
APOLLO.NS,2026-06-16 09:18:15,Strong Buy,7.13,0.938,7.0,4.38,62.9,9,1,1.593,2026-06-16,-0.5281934196968985,-6.544953312907453,
APOLLO.NS,2026-06-15 21:40:49,Strong Buy,7.13,0.938,7.0,4.38,62.61,9,1,1.591,2026-06-15,1.1739623570933722,0.7352083833485512,
GROWW.NS,2026-06-21 08:59:27,Buy,7.13,0.092,10.0,5.35,55.36,5,4,1.713,2026-06-21,1.0929455801011123,,
BPCL.NS,2026-06-24 18:01:34,Buy,7.13,-0.108,9.0,6.1,60.09,5,2,0.044,2026-06-24,,,
MARICO.NS,2026-06-18 21:20:12,Buy,7.12,0.708,5.0,6.52,54.26,10,1,0.436,2026-06-18,,,
BHEL.NS,2026-06-19 19:26:49,Buy,7.12,0.723,5.5,6.01,62.36,9,2,0.325,2026-06-19,-2.763367210901102,,
LAURUSLABS.NS,2026-06-19 14:13:36,Buy,7.12,1.0,4.5,6.49,64.29,11,1,2.317,2026-06-19,2.9230608000689884,,
SUZLON.NS,2026-06-15 18:30:16,Strong Buy,7.12,0.615,7.0,5.26,55.71,8,1,-0.024,2026-06-15,5.164655295386078,6.730253192380609,
CGPOWER.NS,2026-06-15 21:40:49,Strong Buy,7.12,0.877,5.5,5.63,63.47,9,1,0.299,2026-06-15,2.025656034957901,2.8915005657903503,
PARAS.NS,2026-06-12 11:40:46,Buy,7.12,1.0,6.5,4.78,71.75,11,1,0.025,2026-06-12,17.180877346347344,28.391741609481148,
KPRMILL.NS,2026-06-18 21:20:12,Buy,7.12,1.0,5.5,5.63,75.68,11,2,0.265,2026-06-18,-4.656945285152602,0.4130162098135992,
POWERINDIA.NS,2026-06-11 03:02:57,Hold,7.12,0.508,6.5,,50.27,6,4,1.54,2026-06-11,4.481203007518797,9.172932330827077,2.1503759398496136
PARAS.NS,2026-06-20 17:20:26,Buy,7.11,0.985,5.5,5.6,85.16,11,4,-0.123,2026-06-20,-10.523260554454284,,
ANGELONE.NS,2026-06-17 14:09:56,Buy,7.11,0.877,7.0,4.32,58.36,9,1,0.208,2026-06-17,1.7493476835084731,-2.308579876322858,
KPRMILL.NS,2026-06-19 16:45:37,Buy,7.11,0.815,5.5,5.61,69.95,10,2,0.225,2026-06-19,5.061431444007325,,
ICICIGI.NS,2026-06-22 09:19:59,Hold,7.11,0.262,6.0,6.01,64.63,8,3,-0.109,2026-06-22,,,
WAAREEENER.NS,2026-06-20 17:20:26,Buy,7.11,0.246,8.5,5.8,55.8,6,2,0.263,2026-06-20,,,
HDFCAMC.NS,2026-06-22 21:16:02,Buy,7.11,0.662,6.5,5.25,57.76,8,2,0.418,2026-06-22,-1.4944775876919447,,
KEI.NS,2026-06-17 19:49:59,Buy,7.1,1.0,5.5,5.58,65.85,11,2,0.089,2026-06-17,0.3012315052715486,-3.9780278196154817,
DIVISLAB.NS,2026-06-21 16:27:16,Hold,7.1,0.769,4.5,6.47,55.01,10,1,0.676,2026-06-21,,,
NBCC.NS,2026-06-16 14:34:44,Buy,7.1,0.8,8.0,3.43,65.06,9,2,-0.093,2026-06-16,,,
COFORGE.NS,2026-06-21 14:25:52,Buy,7.1,-0.169,9.5,5.79,59.04,5,4,0.301,2026-06-21,0.6065098626542476,,
BHEL.NS,2026-06-18 16:36:14,Buy,7.1,0.723,5.5,5.96,59.06,9,2,0.246,2026-06-18,-1.4905119201631845,-0.7883670208354787,
HAL.NS,2026-06-22 09:19:59,Hold,7.1,0.431,5.5,6.06,57.79,7,1,-0.449,2026-06-22,-3.2445958908331574,,
PARAS.NS,2026-06-15 21:40:49,Strong Buy,7.1,1.0,6.5,4.72,75.7,12,2,-0.278,2026-06-15,18.24211703834504,24.428095944410444,
HFCL.NS,2026-06-23 10:41:23,Hold,7.1,1.0,4.5,5.38,74.07,11,2,0.605,2026-06-23,,,
WABAG.NS,2026-06-19 19:26:49,Buy,7.09,0.985,6.0,5.13,83.31,11,4,0.611,2026-06-19,5.822752747120541,,
HDFCAMC.NS,2026-06-17 19:49:59,Buy,7.09,0.738,6.0,5.41,60.51,9,0,0.436,2026-06-17,-0.7819775939231333,-3.172144033868285,
HDFCAMC.NS,2026-06-18 16:36:14,Buy,7.09,0.738,6.0,5.41,61.52,9,0,0.448,2026-06-18,-1.7667308860984,-2.8773550841198814,
SOLARINDS.NS,2026-06-17 14:09:56,Buy,7.08,0.108,9.0,5.97,49.09,6,3,0.746,2026-06-17,5.636707338030589,2.331442974165099,
RRKABEL.NS,2026-06-17 14:09:56,Buy,7.08,0.938,5.5,5.82,69.15,9,2,0.167,2026-06-17,6.493800200434396,10.32672396278076,
FEDERALBNK.NS,2026-06-16 17:36:25,Buy,7.08,1.0,7.0,4.23,74.12,11,1,1.192,2026-06-16,1.044917666793177,-0.21834441475501176,
FEDERALBNK.NS,2026-06-15 21:40:49,Strong Buy,7.08,0.846,7.0,4.22,71.98,10,2,1.164,2026-06-15,1.0564509741516792,1.9867510790624765,
ANGELONE.NS,2026-06-15 12:17:13,Strong Buy,7.08,0.877,8.0,3.98,62.26,10,3,0.229,2026-06-15,0.14192450108565513,0.7096225054282757,
ANGELONE.NS,2026-06-12 19:23:13,Strong Buy,7.08,0.877,8.0,3.99,57.43,9,1,0.192,2026-06-12,2.709871047726442,4.1826250978000745,
FEDERALBNK.NS,2026-06-17 14:09:56,Buy,7.08,0.831,7.0,4.22,73.69,10,3,1.187,2026-06-17,0.21691405732084945,0.774713326752563,
AUROPHARMA.NS,2026-06-22 09:19:59,Hold,7.08,0.462,3.5,6.68,59.69,8,3,0.171,2026-06-22,4.242906744550345,,
WAAREEENER.NS,2026-06-19 19:26:49,Buy,7.08,0.246,8.5,5.7,55.8,6,2,0.263,2026-06-19,-3.090799786714793,,
RBLBANK.NS,2026-06-20 23:01:14,Buy,7.07,0.8,6.0,6.05,70.15,11,2,0.374,2026-06-20,-1.9682991299950436,,
BEL.NS,2026-06-19 14:13:36,Buy,7.07,0.415,7.0,6.11,59.04,7,4,0.419,2026-06-19,-3.127197539092208,,
MARICO.NS,2026-06-19 09:44:02,Buy,7.07,0.677,5.0,6.53,52.75,9,1,0.432,2026-06-19,,,
BERGEPAINT.NS,2026-06-19 19:26:49,Buy,7.06,0.492,7.0,5.7,66.94,9,3,-0.021,2026-06-19,,,
ASTRAMICRO.NS,2026-06-19 09:44:02,Buy,7.06,0.969,5.0,5.88,82.17,10,3,0.636,2026-06-19,,,
SUNPHARMA.NS,2026-06-12 11:40:46,Buy,7.06,0.492,7.5,6.28,51.88,7,2,0.218,2026-06-12,0.7025542725690892,1.6927642021792977,
APOLLOHOSP.NS,2026-06-16 17:36:25,Buy,7.06,0.815,4.5,6.3,59.28,8,2,0.485,2026-06-16,1.1799058458971556,1.1560693641618602,
LLOYDSENGG.NS,2026-06-16 21:05:23,Buy,7.06,0.938,7.5,4.05,67.05,10,3,0.017,2026-06-16,8.631465706473884,9.919940033762508,
ASTRAMICRO.NS,2026-06-17 17:01:00,Buy,7.05,1.0,5.0,5.86,76.78,12,2,0.453,2026-06-17,6.053094847561358,,
CIPLA.NS,2026-06-23 16:00:59,Buy,7.05,0.492,5.0,5.45,65.12,9,3,-0.335,2026-06-23,,,
BERGEPAINT.NS,2026-06-20 17:20:26,Buy,7.05,0.492,7.0,5.69,66.94,9,3,-0.021,2026-06-20,,,
DATAPATTNS.NS,2026-06-21 16:27:16,Hold,7.05,0.985,5.5,5.41,66.29,11,3,0.411,2026-06-21,-7.389751412254775,,
IOC.NS,2026-06-24 18:01:34,Buy,7.05,-0.077,6.5,6.48,58.06,6,2,-0.288,2026-06-24,,,
ASTRAMICRO.NS,2026-06-18 16:36:14,Buy,7.04,1.0,5.0,5.82,80.92,11,3,0.542,2026-06-18,,,
MSTCLTD.NS,2026-06-17 14:09:56,Buy,7.04,0.677,7.0,4.74,81.61,9,6,-0.334,2026-06-17,,,
AEGISLOG.NS,2026-06-17 19:49:59,Buy,7.04,0.969,6.0,5.14,85.64,10,3,0.092,2026-06-17,6.231683619260164,5.556384282115467,
KEI.NS,2026-06-18 13:53:16,Buy,7.04,0.769,5.5,5.56,63.65,10,2,0.077,2026-06-18,-0.9679424562649808,-6.4381493650652715,
BANDHANBNK.NS,2026-06-25 18:09:10,Buy,7.03,0.4,5.29,5.98,47.62,6,4,-0.156,2026-06-25,,,
HSCL.NS,2026-06-26 05:25:13,Buy,7.03,0.677,5.42,6.19,55.14,8,2,0.592,2026-06-26,,,
TATASTEEL.NS,2026-06-23 12:44:14,Buy,7.03,-0.185,6.5,7.02,38.0,2,6,0.014,2026-06-23,,,
CIPLA.NS,2026-06-24 18:01:34,Buy,7.03,0.477,5.5,5.45,65.96,9,4,-0.327,2026-06-24,,,
APOLLOHOSP.NS,2026-06-15 18:30:16,Strong Buy,7.02,0.723,5.0,6.15,64.95,9,2,0.513,2026-06-15,-0.6730826002243617,0.0059042333353076515,
CARTRADE.NS,2026-06-19 09:44:02,Buy,7.02,0.538,8.5,4.08,73.58,8,3,1.286,2026-06-19,1.762676924656481,,
ASIANPAINT.NS,2026-06-12 09:56:29,Buy,7.02,0.477,7.5,6.25,64.51,8,3,-0.414,2026-06-12,-0.34213963520641766,-0.5277703979615245,
HINDCOPPER.NS,2026-06-17 17:01:00,Buy,7.02,0.031,10.0,6.34,42.54,5,4,0.385,2026-06-17,-0.8637445849366654,-2.5135892663425086,
NATIONALUM.NS,2026-06-26 05:25:13,Buy,7.01,-0.292,7.84,7.01,32.6,3,7,0.905,2026-06-26,,,
ADANIPOWER.NS,2026-06-15 18:30:16,Strong Buy,7.01,0.431,8.0,5.01,47.18,6,2,0.35,2026-06-15,4.557411054346194,6.013057432400881,
APARINDS.NS,2026-06-11 03:00:31,Hold,7.0,1.0,2.5,,60.17,10,1,0.495,2026-06-11,11.112638306645595,8.666071060408221,10.10927084049207
INOXINDIA.NS,2026-06-11 03:00:31,Hold,7.0,1.0,2.5,,73.09,11,2,0.294,2026-06-11,,,
ADANIENSOL.NS,2026-06-11 03:02:57,Hold,7.0,1.0,2.5,,70.28,10,2,0.39,2026-06-11,1.663600274518795,3.859009991172857,
ANGELONE.NS,2026-06-16 21:05:23,Buy,7.0,0.862,7.0,4.0,60.21,9,2,0.219,2026-06-16,1.5649712008704242,-1.765970968121855,
TRITURBINE.NS,2026-06-22 21:16:02,Hold,7.0,0.631,7.0,5.17,66.61,8,4,0.145,2026-06-22,,,
POLYCAB.NS,2026-06-26 05:25:13,Buy,7.0,0.708,5.97,6.82,56.69,9,3,0.309,2026-06-26,,,
GROWW.NS,2026-06-12 19:23:13,Strong Buy,6.99,0.138,10.0,5.7,57.35,6,5,1.759,2026-06-12,0.0,0.4523264265782867,
CARTRADE.NS,2026-06-12 09:56:29,Buy,6.99,0.569,9.5,4.0,75.9,9,4,1.242,2026-06-12,11.495324602510282,9.094787207918431,
PARAS.NS,2026-06-19 14:13:36,Buy,6.99,1.0,5.5,5.25,85.22,11,3,-0.121,2026-06-19,-8.532997633119377,,
MAHABANK.NS,2026-06-17 19:49:59,Buy,6.98,1.0,7.0,3.94,74.18,11,2,0.415,2026-06-17,,,
RPTECH.NS,2026-06-16 21:05:23,Buy,6.98,1.0,6.0,4.8,79.43,12,2,0.859,2026-06-16,13.288568076125017,11.002116978588328,
APOLLO.NS,2026-06-12 19:23:13,Strong Buy,6.98,0.938,7.0,4.25,59.99,9,1,1.629,2026-06-12,7.169029443350872,5.801172533970567,
MAHABANK.NS,2026-06-18 16:36:14,Buy,6.98,0.923,7.0,3.93,71.63,9,2,0.401,2026-06-18,,,
MCX.NS,2026-06-15 21:40:49,Buy,6.97,-0.215,10.0,6.43,45.95,4,6,2.286,2026-06-15,-2.7075612598519205,-0.8702926668947675,
MAHABANK.NS,2026-06-15 21:40:49,Buy,6.97,0.985,7.0,3.9,75.01,11,3,0.397,2026-06-15,0.42638828737304735,,
MAHABANK.NS,2026-06-16 09:18:15,Buy,6.97,0.954,7.0,3.92,75.18,10,3,0.399,2026-06-16,,,
GARFIBRES.NS,2026-06-22 14:56:14,Hold,6.97,0.585,6.5,5.2,73.5,9,3,-0.161,2026-06-22,,,
DRREDDY.NS,2026-06-23 18:49:41,Hold,6.97,0.554,5.5,5.28,56.81,10,1,-0.098,2026-06-23,,,
HINDCOPPER.NS,2026-06-18 13:53:16,Buy,6.97,0.0,10.0,6.36,41.03,4,4,0.373,2026-06-18,-1.8540341339432498,-3.59035076952553,
AEGISLOG.NS,2026-06-18 16:36:14,Buy,6.97,0.923,6.0,5.15,85.63,9,3,0.092,2026-06-18,4.846551353120709,13.283344597973578,
MTARTECH.NS,2026-06-15 21:40:49,Buy,6.96,0.415,6.0,6.67,53.53,7,3,1.849,2026-06-15,13.092320261437917,12.942538126361658,
AUBANK.NS,2026-06-24 18:01:34,Buy,6.96,0.8,6.0,4.93,65.33,11,2,0.623,2026-06-24,,,
EICHERMOT.NS,2026-06-18 21:20:12,Buy,6.96,0.723,6.5,5.71,64.31,9,1,0.749,2026-06-18,-0.3025917642415443,-0.03946849098802607,
AEGISLOG.NS,2026-06-15 12:17:13,Strong Buy,6.96,0.754,7.0,5.12,83.77,10,4,0.049,2026-06-15,2.296051701856494,8.676212987708443,
ADANIPOWER.NS,2026-06-17 19:49:59,Buy,6.96,0.415,8.0,4.95,47.15,5,2,0.347,2026-06-17,6.070782782823803,4.24682435097874,
ANGELONE.NS,2026-06-18 21:20:12,Buy,6.96,1.0,6.5,4.32,62.23,11,1,0.234,2026-06-18,-3.03287473346856,,
PAGEIND.NS,2026-06-19 19:26:49,Buy,6.96,0.785,5.5,6.24,63.63,10,4,-0.139,2026-06-19,2.276422764227637,,
MCX.NS,2026-06-12 09:56:29,Buy,6.95,-0.031,10.0,6.43,39.82,4,6,2.283,2026-06-12,0.15072025335174377,-1.7244988142963602,
SUNPHARMA.NS,2026-06-15 21:40:49,Buy,6.95,0.4,6.5,6.29,50.15,6,2,0.184,2026-06-15,1.0409772330080225,3.1506104326723516,
MAHABANK.NS,2026-06-12 19:23:13,Strong Buy,6.95,1.0,7.0,3.87,72.39,11,2,0.318,2026-06-12,3.2531457486970172,,
EXIDEIND.NS,2026-06-24 18:01:34,Buy,6.95,0.646,2.5,6.11,61.89,9,1,-0.786,2026-06-24,,,
RPTECH.NS,2026-06-17 14:09:56,Buy,6.95,0.923,6.0,4.72,82.18,10,4,0.938,2026-06-17,10.848647672551802,11.118402064337541,
NTPC.NS,2026-06-23 16:00:59,Buy,6.95,-0.123,6.0,5.91,44.91,4,5,-0.169,2026-06-23,,,
NESTLEIND.NS,2026-06-20 17:20:26,Buy,6.94,0.215,7.0,6.75,52.96,5,2,0.026,2026-06-20,0.04992875095837235,,
IDEA.NS,2026-06-11 03:41:41,Hold,6.94,0.846,3.5,,64.79,8,3,-0.225,2026-06-11,3.175721996063885,5.928017982111311,-0.7762855051869244
TENNIND.NS,2026-06-21 14:25:52,Hold,6.94,-0.462,8.5,6.29,51.05,3,6,0.722,2026-06-21,,,
BANDHANBNK.NS,2026-06-17 14:09:56,Buy,6.94,0.969,6.0,4.68,62.31,10,2,-0.038,2026-06-17,-2.5402286748316683,-0.9356287665585827,
TIMKEN.NS,2026-06-16 17:36:25,Buy,6.94,0.908,5.0,6.01,56.06,10,1,-0.588,2026-06-16,,,
BANDHANBNK.NS,2026-06-16 17:36:25,Buy,6.94,1.0,6.0,4.69,65.05,11,2,-0.024,2026-06-16,-3.990961029825324,-4.438502414027101,
SBIN.NS,2026-06-25 12:39:49,Buy,6.94,0.723,5.0,5.61,65.43,9,1,0.335,2026-06-25,,,
AARTIIND.NS,2026-06-15 21:40:49,Buy,6.93,1.0,5.5,5.1,61.27,11,1,-0.567,2026-06-15,,,
BHEL.NS,2026-06-17 19:49:59,Buy,6.93,0.631,5.5,5.93,52.86,7,2,0.193,2026-06-17,4.907584448693436,2.7151036064969825,
AEGISLOG.NS,2026-06-12 09:56:29,Buy,6.93,0.754,7.0,5.03,81.89,10,4,0.105,2026-06-12,6.6232513951677285,6.713253043194456,
AARTIIND.NS,2026-06-16 17:36:25,Buy,6.93,1.0,5.5,5.1,60.7,10,1,-0.57,2026-06-16,,,
AUROPHARMA.NS,2026-06-21 14:25:52,Hold,6.92,0.369,3.5,6.68,60.19,8,4,0.167,2026-06-21,4.242906744550345,,
NETWEB.NS,2026-06-15 18:30:16,Buy,6.92,0.815,5.0,5.48,58.43,8,1,0.52,2026-06-15,10.131611403357411,10.814567874833658,
PAGEIND.NS,2026-06-20 17:20:26,Buy,6.92,0.785,5.5,6.14,63.63,10,4,-0.139,2026-06-20,4.145473041709047,,
JSLL.NS,2026-06-23 12:44:14,Buy,6.92,-0.323,9.5,5.63,46.28,4,4,-0.405,2026-06-23,,,
EXIDEIND.NS,2026-06-26 05:25:13,Buy,6.91,0.646,2.73,7.33,61.89,9,1,-0.801,2026-06-26,,,
BAJAJ-AUTO.NS,2026-06-17 19:49:59,Buy,6.91,0.231,9.0,5.87,45.6,6,2,-0.15,2026-06-17,1.4837681736705743,-2.9077872933678584,
MCX.NS,2026-06-17 17:01:00,Buy,6.91,-0.246,10.0,6.4,43.56,3,6,2.243,2026-06-17,0.4584696493809881,-0.5844661353897385,
MARUTI.NS,2026-06-23 16:00:59,Buy,6.91,-0.169,7.5,5.59,54.63,4,3,-0.012,2026-06-23,,,
PARAS.NS,2026-06-18 21:20:12,Buy,6.91,1.0,5.5,5.02,82.39,11,3,-0.148,2026-06-18,1.7324238972727501,-5.8421770568190095,
MCX.NS,2026-06-16 21:05:23,Buy,6.91,-0.246,10.0,6.42,45.32,3,6,2.272,2026-06-16,-2.8280257945993204,-1.8853505297328876,
EICHERMOT.NS,2026-06-19 19:26:49,Buy,6.91,0.692,6.5,5.72,64.61,9,2,0.781,2026-06-19,-0.5124162396531351,,
MCX.NS,2026-06-19 16:45:37,Buy,6.9,-0.246,10.0,6.39,40.27,3,6,2.22,2026-06-19,1.312506176876127,,
NETWEB.NS,2026-06-19 09:44:02,Buy,6.9,1.0,5.0,5.43,68.32,11,1,0.601,2026-06-19,0.2588491752263833,,
MCX.NS,2026-06-18 13:53:16,Buy,6.9,-0.246,10.0,6.38,41.01,3,6,2.2,2026-06-18,0.4898498178087962,0.5146954512039059,
NATIONALUM.NS,2026-06-16 17:36:25,Buy,6.9,0.0,9.0,6.0,35.75,3,7,1.006,2026-06-16,2.550117621481651,-3.068321338408697,
MSTCLTD.NS,2026-06-18 16:36:14,Buy,6.9,0.6,7.0,4.71,80.01,7,5,-0.342,2026-06-18,,,
HDFCAMC.NS,2026-06-29 05:11:32,Buy,6.88,0.585,6.02,5.93,53.6,7,1,0.351,2026-06-29,,,
NESTLEIND.NS,2026-06-19 19:26:49,Buy,6.88,0.215,7.0,6.57,52.96,5,2,0.026,2026-06-19,-2.2759451605093406,,
HDFCAMC.NS,2026-06-26 18:03:02,Buy,6.88,0.585,6.02,5.93,53.6,7,1,0.351,2026-06-26,,,
NETWEB.NS,2026-06-18 16:36:14,Buy,6.88,1.0,5.0,5.37,66.66,12,2,0.636,2026-06-18,-3.0415780185390373,-2.673444569611072,
SOLARINDS.NS,2026-06-12 11:50:01,Buy,6.88,0.277,9.0,5.57,47.25,7,4,0.872,2026-06-12,1.8316514029049769,5.302455812868234,
APOLLO.NS,2026-06-19 14:13:36,Buy,6.87,1.0,6.0,4.48,62.65,10,1,1.601,2026-06-19,-8.807571149499216,,
LT.NS,2026-06-15 18:30:16,Buy,6.87,0.738,5.0,5.64,65.14,10,2,0.055,2026-06-15,0.4844404110190492,0.755431950584029,
BEL.NS,2026-06-20 17:20:26,Buy,6.87,0.292,7.0,6.17,58.18,6,5,0.415,2026-06-20,-5.631515131626596,,
ZYDUSLIFE.NS,2026-06-24 13:07:02,Buy,6.87,0.785,5.5,5.14,61.75,10,2,-0.2,2026-06-24,,,
NATIONALUM.NS,2026-06-25 12:39:49,Buy,6.87,-0.215,7.7,7.01,29.87,5,7,0.85,2026-06-25,,,
VBL.NS,2026-06-24 15:45:41,Buy,6.87,0.062,5.5,5.92,42.03,6,5,-0.506,2026-06-24,,,
OFSS.NS,2026-06-17 14:09:56,Buy,6.87,0.092,8.5,5.87,47.6,5,3,-0.117,2026-06-17,3.0388056540843866,10.842289163004914,
PARAS.NS,2026-06-17 14:09:56,Buy,6.87,1.0,5.5,4.91,79.96,12,2,-0.193,2026-06-17,7.249247415862725,0.21778296617609438,
NETWEB.NS,2026-06-17 19:49:59,Buy,6.86,1.0,5.0,5.32,63.85,11,0,0.595,2026-06-17,4.0639335774457885,3.3085615392446366,
APOLLOHOSP.NS,2026-06-19 09:44:02,Buy,6.86,0.677,4.5,6.36,62.69,9,1,0.539,2026-06-19,0.9894575652276361,,
LT.NS,2026-06-20 17:20:26,Buy,6.86,0.738,5.0,5.61,66.3,9,0,0.135,2026-06-20,0.359414903916222,,
HDFCAMC.NS,2026-06-25 18:09:10,Buy,6.86,0.585,6.01,5.93,53.6,7,1,0.316,2026-06-25,,,
NYKAA.NS,2026-06-20 17:20:26,Buy,6.86,0.8,5.0,6.31,74.19,11,2,0.847,2026-06-20,-0.9857072251806209,,
LT.NS,2026-06-16 17:36:25,Buy,6.86,0.738,5.0,5.62,65.97,10,2,0.063,2026-06-16,0.5493980636470885,-0.1672081063273767,
COALINDIA.NS,2026-06-20 17:20:26,Buy,6.86,0.0,9.0,6.89,44.7,4,4,-0.12,2026-06-20,-3.028954588756261,,
CARTRADE.NS,2026-06-16 21:05:23,Buy,6.85,0.538,8.0,4.02,72.57,8,3,1.198,2026-06-16,7.33283183352802,10.61330626804773,
POLYCAB.NS,2026-06-25 12:39:49,Buy,6.85,0.677,6.13,6.83,52.89,8,2,0.288,2026-06-25,,,
EICHERMOT.NS,2026-06-16 14:34:44,Buy,6.85,0.723,6.5,5.37,64.97,9,1,0.745,2026-06-16,0.6679452417168275,0.23146617287217452,
NIACL.NS,2026-06-20 23:01:14,Buy,6.84,0.692,6.0,4.93,80.99,9,4,-0.303,2026-06-20,,,
NIACL.NS,2026-06-21 08:59:27,Buy,6.84,0.692,6.0,4.93,80.99,9,4,-0.303,2026-06-21,,,
NATIONALUM.NS,2026-06-29 05:11:32,Buy,6.84,-0.262,7.81,7.0,28.36,4,8,0.831,2026-06-29,,,
SHRIRAMFIN.NS,2026-06-21 08:59:27,Buy,6.84,0.662,6.5,4.66,61.42,8,2,0.824,2026-06-21,3.9230572795452723,,
APOLLO.NS,2026-06-18 16:36:14,Buy,6.84,0.938,6.0,4.39,61.47,9,2,1.6,2026-06-18,-4.606186970310599,-9.892173371603585,
JSWSTEEL.NS,2026-06-16 14:34:44,Buy,6.84,0.523,7.0,5.93,48.1,7,2,0.477,2026-06-16,1.0515500141487832,-2.519037622714526,
HINDZINC.NS,2026-06-17 19:49:59,Buy,6.84,-0.123,9.5,6.02,41.77,3,5,-0.235,2026-06-17,0.1135314693775813,-5.344507246239305,
LAURUSLABS.NS,2026-06-12 11:40:46,Buy,6.83,0.938,4.0,6.4,62.68,9,2,2.236,2026-06-12,-1.757154065983979,1.3340009276748166,
TRENT.NS,2026-06-21 14:25:52,Hold,6.82,0.123,7.0,5.47,75.26,7,5,-0.662,2026-06-21,1.1192810294465616,,
MARUTI.NS,2026-06-22 09:19:59,Hold,6.82,-0.077,7.0,5.92,53.92,5,3,-0.016,2026-06-22,2.414127114223974,,
BANDHANBNK.NS,2026-06-29 05:11:32,Buy,6.81,0.4,5.29,5.98,47.62,6,4,-0.169,2026-06-29,,,
COFORGE.NS,2026-06-17 19:49:59,Buy,6.81,0.092,9.0,5.27,60.57,6,3,0.341,2026-06-17,1.2417325406633095,2.196907574189555,
LT.NS,2026-06-19 19:26:49,Buy,6.81,0.738,5.0,5.47,66.3,9,0,0.135,2026-06-19,-0.658044084046927,,
COFORGE.NS,2026-06-16 21:05:23,Buy,6.81,0.092,9.0,5.27,60.47,6,3,0.341,2026-06-16,-0.10240305502448033,1.1196000680687046,
ICIL.NS,2026-06-19 09:44:02,Buy,6.81,1.0,4.5,5.59,74.02,11,2,-0.024,2026-06-19,9.959449362669082,,
ADANIPOWER.NS,2026-06-16 09:18:15,Buy,6.81,0.415,7.5,4.96,47.25,5,2,0.349,2026-06-16,4.114999169883515,3.948783937609246,
COALINDIA.NS,2026-06-19 14:13:36,Buy,6.81,0.0,9.0,6.74,43.93,4,4,-0.125,2026-06-19,-2.116106370769444,,
MMTC.NS,2026-06-12 19:23:13,Strong Buy,6.8,0.631,7.5,4.84,57.25,9,2,-0.254,2026-06-12,11.710257870405671,,
LT.NS,2026-06-18 13:53:16,Buy,6.8,0.708,5.0,5.61,65.05,9,2,0.063,2026-06-18,-0.25298562425417614,0.6300692683472553,
HFCL.NS,2026-06-22 21:16:02,Hold,6.8,1.0,4.5,5.38,73.37,11,3,0.592,2026-06-22,2.644893110168156,,
ZEEL.NS,2026-06-22 21:16:02,Hold,6.8,0.815,4.0,5.29,67.66,9,1,-0.41,2026-06-22,-3.79265606017144,,
FEDERALBNK.NS,2026-06-18 16:36:14,Buy,6.8,0.846,7.0,4.21,71.46,10,2,1.186,2026-06-18,-0.17163934766571964,1.1234125288819508,
ICIL.NS,2026-06-18 21:20:12,Buy,6.8,1.0,4.5,5.58,77.61,12,2,-0.025,2026-06-18,-3.0676387876795497,5.063444002444406,
PHOENIXLTD.NS,2026-06-16 21:05:23,Buy,6.8,0.738,5.5,5.02,66.02,10,2,-0.203,2026-06-16,,,
SYRMA.NS,2026-06-12 11:40:46,Buy,6.79,1.0,4.5,5.55,74.21,11,0,1.214,2026-06-12,2.494678998528066,5.313022138025891,
CGPOWER.NS,2026-06-12 19:23:13,Strong Buy,6.79,0.815,5.5,5.61,59.23,8,2,0.308,2026-06-12,5.391217358506339,5.385750925972954,
APOLLO.NS,2026-06-17 19:49:59,Buy,6.79,1.0,6.0,4.25,66.0,10,1,1.653,2026-06-17,-3.190883190883187,-9.971509971509974,
ADANIGREEN.NS,2026-06-12 09:45:55,Buy,6.79,0.938,5.5,5.0,58.06,9,2,-0.351,2026-06-12,-1.339429427055816,1.1240542364570283,
MMTC.NS,2026-06-18 16:36:14,Buy,6.79,0.862,7.5,2.96,66.81,11,3,-0.233,2026-06-18,,,
LUPIN.NS,2026-06-12 11:40:46,Buy,6.79,0.0,9.0,6.68,49.84,4,4,0.533,2026-06-12,-0.9287946790481838,2.5421901882362263,
COALINDIA.NS,2026-06-18 16:36:14,Buy,6.79,0.0,9.0,6.7,45.18,4,4,-0.167,2026-06-18,-1.6924765257708807,-3.6725677220167285,
POWERINDIA.NS,2026-06-16 21:05:23,Buy,6.78,0.292,6.5,6.33,51.7,4,3,1.404,2026-06-16,6.160046056419111,3.886010362694292,
ABB.NS,2026-06-11 03:02:57,Hold,6.78,0.462,6.0,,50.39,6,2,-0.414,2026-06-11,4.494716475666016,7.590415240363146,
JSWSTEEL.NS,2026-06-12 09:56:29,Buy,6.78,0.677,6.0,5.83,54.93,9,1,0.537,2026-06-12,-0.8014815513052387,-0.7629488748712498,
LLOYDSENGG.NS,2026-06-22 09:19:59,Hold,6.78,1.0,7.0,4.71,71.44,11,2,0.063,2026-06-22,,,
NATIONALUM.NS,2026-06-20 17:20:26,Buy,6.78,-0.246,9.0,6.9,41.54,3,6,1.082,2026-06-20,-12.118009480433301,,
OLECTRA.NS,2026-06-20 17:20:26,Buy,6.78,0.938,7.5,3.25,73.01,10,2,-0.307,2026-06-20,,,
POWERINDIA.NS,2026-06-15 21:40:49,Buy,6.78,0.292,6.5,6.34,51.48,4,3,1.404,2026-06-15,4.626026805015138,5.951866263150318,
OBEROIRLTY.NS,2026-06-16 17:36:25,Buy,6.78,0.769,7.0,4.51,58.82,10,0,-0.371,2026-06-16,,,
SHRIRAMFIN.NS,2026-06-23 10:41:23,Hold,6.78,0.677,6.5,4.65,60.73,8,1,0.767,2026-06-23,,,
GROWW.NS,2026-06-24 18:01:34,Buy,6.78,0.092,10.0,4.94,54.62,5,2,1.67,2026-06-24,,,
KIRLOSBROS.NS,2026-06-23 10:41:23,Hold,6.78,0.8,7.0,4.42,77.99,10,3,-0.185,2026-06-23,,,
NTPC.NS,2026-06-22 21:16:02,Hold,6.78,-0.123,6.0,5.9,47.16,4,5,-0.153,2026-06-22,-4.0866368339073755,,
PHOENIXLTD.NS,2026-06-17 14:09:56,Buy,6.78,0.723,5.5,5.03,66.16,10,3,-0.202,2026-06-17,,,
OLECTRA.NS,2026-06-22 14:56:14,Hold,6.78,1.0,8.0,4.35,73.4,10,3,-0.28,2026-06-22,,,
NHPC.NS,2026-06-24 18:01:34,Buy,6.78,0.631,7.0,4.83,58.98,8,1,-0.54,2026-06-24,,,
APARINDS.NS,2026-06-19 16:45:37,Buy,6.78,1.0,4.0,5.95,74.62,10,2,0.722,2026-06-19,2.3648648648648685,,
LLOYDSENGG.NS,2026-06-23 10:41:23,Hold,6.78,1.0,8.0,4.39,69.39,10,3,0.062,2026-06-23,,,
DRREDDY.NS,2026-06-26 05:25:13,Buy,6.77,0.8,3.92,6.09,64.84,11,2,-0.057,2026-06-26,,,
NBCC.NS,2026-06-17 17:01:00,Buy,6.77,0.615,8.0,3.42,69.33,10,3,-0.051,2026-06-17,,,
APARINDS.NS,2026-06-17 19:49:59,Buy,6.77,1.0,4.0,5.91,76.67,11,4,0.689,2026-06-17,0.42849158541886645,3.4900329131217767,
SUZLON.NS,2026-06-12 19:23:13,Strong Buy,6.77,0.615,7.0,5.26,53.96,8,1,-0.045,2026-06-12,7.607114174688756,7.480026860786815,
ADANIGREEN.NS,2026-06-20 17:20:26,Buy,6.77,1.0,5.5,4.64,60.45,10,1,-0.31,2026-06-20,-1.5355860670511645,,
BAJAJ-AUTO.NS,2026-06-15 12:17:13,Buy,6.77,0.477,7.5,5.53,42.58,7,2,-0.159,2026-06-15,1.3476817861812318,2.4942170371115457,
MARUTI.NS,2026-06-21 14:25:52,Hold,6.76,-0.108,7.0,5.92,53.08,5,4,-0.034,2026-06-21,2.414127114223974,,
APARINDS.NS,2026-06-18 21:20:12,Buy,6.76,0.954,4.0,5.89,71.87,9,3,0.66,2026-06-18,5.325069567417162,1.32810523652922,
HAL.NS,2026-06-24 13:07:02,Buy,6.76,0.585,5.5,5.03,53.7,7,1,-0.457,2026-06-24,,,
BANDHANBNK.NS,2026-06-15 21:40:49,Buy,6.76,0.908,6.0,4.64,60.97,10,1,-0.061,2026-06-15,1.6122884188919606,-1.2092199320532404,
LAURUSLABS.NS,2026-06-16 17:36:25,Buy,6.76,0.6,4.5,6.45,57.13,7,4,2.263,2026-06-16,2.6518453467434533,7.599533110330037,
BANDHANBNK.NS,2026-06-12 19:23:13,Buy,6.76,0.908,6.0,4.64,55.84,10,1,-0.092,2026-06-12,4.477022546463605,1.7057625270105126,
TRENT.NS,2026-06-22 09:19:59,Hold,6.76,0.092,7.0,5.47,76.34,6,5,-0.661,2026-06-22,1.1192810294465616,,
SHRIRAMFIN.NS,2026-06-22 21:16:02,Hold,6.76,0.662,6.5,4.63,58.77,8,2,0.75,2026-06-22,3.9230572795452723,,
APARINDS.NS,2026-06-12 11:50:01,Buy,6.75,1.0,4.0,5.86,72.96,11,2,0.668,2026-06-12,5.794625845870827,6.9574929373891425,
NTPC.NS,2026-06-24 13:07:02,Buy,6.75,-0.185,6.0,5.9,41.02,3,6,-0.198,2026-06-24,,,
HAL.NS,2026-06-21 16:27:16,Hold,6.75,0.431,5.5,6.09,56.23,7,1,-0.453,2026-06-21,-3.2445958908331574,,
DMART.NS,2026-06-21 16:27:16,Hold,6.75,0.569,4.5,5.98,58.68,8,5,-0.484,2026-06-21,,,
GROWW.NS,2026-06-22 09:19:59,Hold,6.75,0.031,10.0,5.33,54.59,4,3,1.683,2026-06-22,1.0929455801011123,,
GREAVESCOT.NS,2026-06-22 21:16:02,Hold,6.75,0.815,5.0,5.19,75.15,10,3,0.418,2026-06-22,,,
ADANIGREEN.NS,2026-06-21 08:59:27,Buy,6.74,1.0,5.5,4.53,60.45,10,1,-0.31,2026-06-21,-1.5355860670511645,,
APOLLOHOSP.NS,2026-06-18 21:20:12,Buy,6.74,0.615,4.5,6.33,59.83,8,2,0.49,2026-06-18,0.903524936099398,2.145871723236037,
APOLLOHOSP.NS,2026-06-17 14:09:56,Buy,6.74,0.615,4.5,6.31,59.79,8,2,0.488,2026-06-17,0.49243547908632834,1.7324236131711634,
LT.NS,2026-06-17 19:49:59,Buy,6.74,0.708,5.0,5.45,67.05,9,2,0.074,2026-06-17,-0.15211137504830274,-0.6179147466106261,
HINDPETRO.NS,2026-06-17 19:49:59,Buy,6.74,0.215,8.0,5.32,58.57,7,2,0.112,2026-06-17,-2.334532233694997,2.545635205606178,
DATAPATTNS.NS,2026-06-20 23:01:14,Buy,6.74,0.985,4.5,5.41,66.29,11,3,0.411,2026-06-20,-7.389751412254775,,
OFSS.NS,2026-06-12 11:50:01,Buy,6.73,0.231,8.5,5.8,46.59,4,4,0.03,2026-06-12,1.2543554006968716,3.3342267488609023,
BAJAJ-AUTO.NS,2026-06-24 13:07:02,Buy,6.73,-0.062,9.5,5.42,38.69,4,5,-0.16,2026-06-24,,,
SHRIRAMFIN.NS,2026-06-16 14:34:44,Buy,6.72,0.908,7.0,3.19,62.59,9,2,0.807,2026-06-16,-0.38279647884041923,-1.232913190560525,
APARINDS.NS,2026-06-16 21:05:23,Buy,6.72,1.0,4.0,5.77,77.75,12,3,0.696,2026-06-16,0.6927263730826416,3.0059376546264227,
APARINDS.NS,2026-06-15 12:17:13,Buy,6.72,1.0,4.0,5.78,77.32,11,2,0.689,2026-06-15,-1.088452395846362,1.1635180783185373,
ATHERENERG.NS,2026-06-15 12:17:13,Buy,6.72,1.0,4.5,5.33,60.23,10,1,4.207,2026-06-15,-5.679388284458275,-6.501853926490009,
ZEEL.NS,2026-06-23 10:41:23,Hold,6.72,0.754,4.0,5.34,67.91,8,2,-0.407,2026-06-23,,,
INDHOTEL.NS,2026-06-23 10:41:23,Hold,6.72,0.385,4.5,5.76,71.19,7,5,-0.008,2026-06-23,,,
SUNPHARMA.NS,2026-06-11 03:41:41,Hold,6.71,0.369,6.5,,41.95,6,3,0.155,2026-06-11,0.36227846265153296,1.7055009747527716,3.823436602561725
DRREDDY.NS,2026-06-25 15:49:45,Buy,6.71,0.8,4.56,6.13,69.78,11,2,-0.017,2026-06-25,,,
OLECTRA.NS,2026-06-19 14:13:36,Buy,6.71,0.938,7.5,3.04,72.79,10,2,-0.31,2026-06-19,,,
SAIL.NS,2026-06-24 18:01:34,Buy,6.71,-0.215,5.0,7.2,34.15,5,6,0.045,2026-06-24,,,
CARTRADE.NS,2026-06-17 14:09:56,Buy,6.71,0.615,7.0,4.08,79.76,10,3,1.369,2026-06-17,-1.6673622373287067,-0.4283128069964115,
SAIL.NS,2026-06-22 09:19:59,Hold,6.71,-0.123,5.0,6.78,39.39,4,5,0.117,2026-06-22,-2.3219975268283233,,
LT.NS,2026-06-21 08:59:27,Hold,6.7,0.738,5.0,5.16,66.3,9,0,0.135,2026-06-21,0.359414903916222,,
JSWSTEEL.NS,2026-06-11 03:02:57,Hold,6.69,0.431,6.0,,44.49,8,3,0.476,2026-06-11,-0.623878943723899,0.9046225644722128,-4.000627534484414
SPARC.NS,2026-06-16 17:36:25,Buy,6.69,0.8,7.0,3.1,69.52,9,2,-0.116,2026-06-16,,,
EXIDEIND.NS,2026-06-25 15:49:45,Buy,6.69,0.585,3.06,7.26,55.25,8,2,-0.835,2026-06-25,,,
CARTRADE.NS,2026-06-18 21:20:12,Buy,6.69,0.523,7.5,4.06,76.28,8,4,1.316,2026-06-18,2.003870360855897,4.232104539410053,
GRASIM.NS,2026-06-24 13:07:02,Buy,6.69,0.615,5.5,5.22,56.25,8,2,0.245,2026-06-24,,,
HINDPETRO.NS,2026-06-16 14:34:44,Buy,6.68,0.185,8.0,5.3,58.39,6,2,0.111,2026-06-16,-2.4141319024756025,-1.2568412011925711,
NETWEB.NS,2026-06-16 09:18:15,Buy,6.68,0.815,5.5,5.3,59.59,8,1,0.534,2026-06-16,3.6135452364436382,0.8332691042142182,
NATIONALUM.NS,2026-06-17 14:09:56,Buy,6.68,-0.123,9.0,5.98,35.7,3,5,1.003,2026-06-17,2.1486519478462807,-5.797300596494937,
SAIL.NS,2026-06-23 12:44:14,Buy,6.68,-0.292,5.0,7.23,30.81,3,7,0.028,2026-06-23,,,
FEDERALBNK.NS,2026-06-12 09:56:29,Buy,6.67,0.769,7.0,4.2,70.88,10,2,1.163,2026-06-12,2.217294814486581,2.613240317073462,
RBLBANK.NS,2026-06-16 17:36:25,Buy,6.67,0.908,6.0,4.39,65.84,9,3,0.375,2026-06-16,2.47497798062295,0.4192555428158329,
HINDZINC.NS,2026-06-26 05:25:13,Buy,6.67,-0.462,8.42,7.46,33.9,1,8,-0.341,2026-06-26,,,
COALINDIA.NS,2026-06-17 19:49:59,Buy,6.67,0.0,9.0,6.36,47.74,4,4,-0.148,2026-06-17,-1.4810751508502418,-3.0718595721338504,
HEROMOTOCO.NS,2026-06-25 12:39:49,Buy,6.67,-0.338,8.21,7.36,53.0,4,5,-0.305,2026-06-25,,,
JSLL.NS,2026-06-22 21:16:02,Hold,6.67,-0.415,9.5,5.62,49.25,4,5,-0.389,2026-06-22,,,
EXIDEIND.NS,2026-06-29 05:11:32,Buy,6.66,0.585,2.73,7.26,55.25,8,2,-0.807,2026-06-29,,,
LIQUIDBEES.NS,2026-06-11 03:02:57,Hold,6.66,0.554,5.0,,53.25,9,2,-3.403,2026-06-11,0.0,-0.0010009765625040856,-0.0010009765625040856
SAIL.NS,2026-06-21 14:25:52,Hold,6.66,-0.154,5.0,6.79,39.86,4,6,0.119,2026-06-21,-2.3219975268283233,,
MARUTI.NS,2026-06-24 15:45:41,Buy,6.66,-0.385,7.5,5.81,48.18,3,5,-0.049,2026-06-24,,,
SOLARINDS.NS,2026-06-16 21:05:23,Buy,6.65,-0.062,9.0,5.61,42.38,5,5,0.697,2026-06-16,6.822888928338955,7.8584531629090515,
DIACABS.NS,2026-06-15 21:40:49,Buy,6.65,1.0,6.0,3.85,65.36,11,3,0.735,2026-06-15,,,
ANGELONE.NS,2026-06-24 13:07:02,Buy,6.65,0.754,6.5,4.26,53.59,7,2,0.227,2026-06-24,,,
ADANIPOWER.NS,2026-06-12 09:56:29,Buy,6.65,0.431,8.0,4.99,45.96,6,2,0.314,2026-06-12,-1.1969396781583819,3.895632266684257,
ICICIGI.NS,2026-06-21 16:27:16,Hold,6.65,0.0,6.0,6.0,62.88,7,3,-0.115,2026-06-21,,,
NETWEB.NS,2026-06-12 19:23:13,Buy,6.65,0.846,5.0,5.49,57.95,9,1,0.553,2026-06-12,7.065006420972009,10.321751102581755,
GRASIM.NS,2026-06-16 14:34:44,Buy,6.65,0.877,5.5,4.28,63.36,9,1,0.321,2026-06-16,0.29296408078292036,0.12737636333486346,
ATHERENERG.NS,2026-06-19 09:44:02,Buy,6.65,0.785,4.5,5.21,48.92,7,2,3.808,2026-06-19,1.8935847635850322,,
ATHERENERG.NS,2026-06-18 21:20:12,Buy,6.64,0.785,4.5,5.2,49.23,7,2,3.833,2026-06-18,3.8904094403730216,,
KIRLOSBROS.NS,2026-06-22 21:16:02,Hold,6.64,0.723,7.0,4.42,80.67,10,4,-0.176,2026-06-22,,,
NYKAA.NS,2026-06-15 12:17:13,Buy,6.64,0.8,4.5,6.12,57.22,10,0,0.632,2026-06-15,9.274200675458744,11.565256496452104,
DIVISLAB.NS,2026-06-19 09:44:02,Hold,6.64,0.8,4.5,6.12,55.4,10,0,0.678,2026-06-19,,,
MOTHERSON.NS,2026-06-12 11:40:46,Buy,6.63,0.677,5.5,5.83,57.71,8,2,0.218,2026-06-12,1.1855036815820341,1.4923287871219992,
ADANIGREEN.NS,2026-06-19 16:45:37,Hold,6.63,1.0,5.5,4.23,60.45,10,1,-0.31,2026-06-19,1.530883894185897,,
ADANIGREEN.NS,2026-06-15 12:17:13,Buy,6.63,1.0,5.5,4.22,60.62,10,1,-0.327,2026-06-15,1.6322726049299519,4.539326179438752,
NBCC.NS,2026-06-18 13:53:16,Buy,6.63,0.538,8.0,3.39,63.69,8,3,-0.079,2026-06-18,,,
WAAREEENER.NS,2026-06-23 12:44:14,Buy,6.63,-0.385,8.0,5.61,46.24,3,5,0.225,2026-06-23,,,
RAMCOIND.NS,2026-06-26 05:25:13,Buy,6.63,0.215,5.21,6.28,56.51,7,2,0.086,2026-06-26,,,
NYKAA.NS,2026-06-12 19:23:13,Buy,6.63,0.708,5.0,6.12,57.22,10,1,0.699,2026-06-12,2.723953274965729,10.530160070555294,
BAJAJ-AUTO.NS,2026-06-16 21:05:23,Buy,6.62,-0.062,9.0,5.52,40.81,4,5,-0.171,2026-06-16,1.2777945467350893,0.8652781970017065,
NAVINFLUOR.NS,2026-06-11 03:02:16,Hold,6.62,0.338,6.5,,43.79,6,3,1.107,2026-06-11,,,
STEELCAS.NS,2026-06-24 18:01:34,Buy,6.62,0.938,4.0,5.33,63.72,10,2,1.032,2026-06-24,,,
LT.NS,2026-06-22 09:19:59,Hold,6.62,0.723,5.0,5.18,66.99,9,2,0.162,2026-06-22,0.359414903916222,,
ADANIENT.NS,2026-06-11 03:00:31,Caution,6.62,0.938,2.0,,67.78,9,2,-0.274,2026-06-11,1.2416198677988044,3.642301026440231,4.488392089423909
ADANIGREEN.NS,2026-06-18 21:20:12,Buy,6.62,1.0,5.5,4.19,61.2,10,1,-0.32,2026-06-18,0.29200306617802596,1.280855198592712,
ADANIGREEN.NS,2026-06-16 09:18:15,Buy,6.62,0.938,5.5,4.19,59.35,9,2,-0.335,2026-06-16,1.3423287969013487,1.9359157620151723,
RBLBANK.NS,2026-06-19 19:26:49,Buy,6.62,0.8,6.0,4.78,70.15,11,2,0.374,2026-06-19,-0.4751269055160212,,
HCC.NS,2026-06-19 14:13:36,Hold,6.61,1.0,4.5,5.02,69.65,10,3,-0.581,2026-06-19,,,
HEROMOTOCO.NS,2026-06-23 16:00:59,Buy,6.61,-0.754,10.0,6.0,49.82,1,7,-0.326,2026-06-23,,,
INGERRAND.NS,2026-06-16 14:34:44,Buy,6.61,0.877,4.5,5.66,62.17,9,1,-0.218,2026-06-16,,,
ADANIGREEN.NS,2026-06-17 17:01:00,Buy,6.61,0.877,5.5,4.17,56.49,8,2,-0.346,2026-06-17,5.737479382209987,4.066037222033558,
DMART.NS,2026-06-16 21:05:23,Hold,6.61,0.354,6.0,5.96,53.81,7,3,-0.554,2026-06-16,2.0374670134405415,4.560495717122515,
GRASIM.NS,2026-06-23 18:49:41,Hold,6.61,0.585,5.5,5.23,59.81,8,3,0.261,2026-06-23,,,
IFCI.NS,2026-06-11 03:02:57,Caution,6.6,1.0,1.5,,64.81,9,1,0.115,2026-06-11,25.993187886280023,16.78489449234164,9.2508461017617
SIS.NS,2026-06-25 12:39:49,Buy,6.6,0.723,5.13,7.44,66.67,9,2,-0.194,2026-06-25,,,
COFORGE.NS,2026-06-18 21:20:12,Hold,6.6,-0.108,9.5,5.24,62.4,6,3,0.359,2026-06-18,-0.12137888254383222,0.6675673913730584,
RATNAVEER.NS,2026-06-18 13:53:16,Buy,6.6,0.8,6.0,3.72,65.43,11,2,0.316,2026-06-18,,,
ANGELONE.NS,2026-06-23 18:49:41,Hold,6.6,0.723,6.5,4.32,53.82,7,3,0.228,2026-06-23,,,
BERGEPAINT.NS,2026-06-16 14:34:44,Buy,6.6,0.308,6.0,6.17,54.19,6,3,-0.2,2026-06-16,7.8746351042176865,,
GROWW.NS,2026-06-23 12:44:14,Buy,6.59,-0.092,10.0,4.93,50.02,3,4,1.551,2026-06-23,,,
TATASTEEL.NS,2026-06-26 05:25:13,Buy,6.59,-0.185,4.87,8.33,33.17,4,7,-0.003,2026-06-26,,,
HCC.NS,2026-06-18 13:53:16,Buy,6.59,0.923,4.5,4.96,70.37,10,3,-0.599,2026-06-18,,,
EICHERMOT.NS,2026-06-12 19:23:13,Buy,6.59,0.738,5.0,5.85,57.44,9,0,0.702,2026-06-12,2.6942013129102937,4.089168490153172,
MTARTECH.NS,2026-06-12 19:07:14,Buy,6.59,0.415,6.0,6.62,51.67,7,3,1.933,2026-06-12,16.195265032474325,16.97045883092394,
EICHERMOT.NS,2026-06-15 18:30:16,Buy,6.58,0.738,5.5,5.38,67.44,10,2,0.762,2026-06-15,-0.3082169322578543,0.19673421207948572,
ASIANPAINT.NS,2026-06-26 00:05:40,Buy,6.58,0.677,7.11,7.54,53.82,8,2,-0.396,2026-06-26,,,
SBC.NS,2026-06-20 17:20:26,Buy,6.58,0.877,5.0,5.14,81.01,10,3,1.247,2026-06-20,,,
INDHOTEL.NS,2026-06-22 21:16:02,Hold,6.58,0.477,4.5,5.67,73.94,9,4,0.004,2026-06-22,-1.2469990525436847,,
DMART.NS,2026-06-17 14:09:56,Buy,6.58,0.338,6.0,5.96,56.16,7,4,-0.54,2026-06-17,1.0052500911078788,1.1311953352769688,
APOLLOHOSP.NS,2026-06-20 17:20:26,Buy,6.58,0.677,4.5,6.55,63.56,9,1,0.545,2026-06-20,1.4523556500177115,,
TATASTEEL.NS,2026-06-25 18:09:10,Hold,6.56,-0.169,4.87,8.3,31.65,5,7,-0.018,2026-06-25,,,
NHPC.NS,2026-06-25 12:39:49,Buy,6.56,0.631,5.81,5.05,59.77,8,1,-0.535,2026-06-25,,,
SUPREMEIND.NS,2026-06-16 17:36:25,Buy,6.56,-0.4,9.5,6.59,50.74,2,5,-0.944,2026-06-16,,,
SHAILY.NS,2026-06-19 16:45:37,Hold,6.56,0.246,8.0,5.64,47.87,6,4,1.638,2026-06-19,,,
LT.NS,2026-06-23 16:00:59,Buy,6.55,0.631,5.0,4.81,62.8,8,3,0.139,2026-06-23,,,
COFORGE.NS,2026-06-19 16:45:37,Hold,6.55,-0.169,9.5,5.43,59.04,5,4,0.301,2026-06-19,2.3645168066280586,,
IDEA.NS,2026-06-20 17:20:26,Hold,6.55,0.938,3.5,5.71,66.19,9,2,-0.238,2026-06-20,-5.128200343168321,,
TATASTEEL.NS,2026-06-29 05:11:32,Buy,6.55,-0.169,4.88,8.3,31.65,5,7,0.017,2026-06-29,,,
EICHERMOT.NS,2026-06-11 03:00:31,Caution,6.54,0.646,4.0,,52.93,9,1,0.698,2026-06-11,5.306776237899569,5.870882373424324,5.829096733755823
HFCL.NS,2026-06-18 16:36:14,Buy,6.54,1.0,4.0,5.26,70.09,10,1,0.437,2026-06-18,1.3324592186839679,7.699240966411858,
BEL.NS,2026-06-17 17:01:00,Hold,6.54,0.123,7.0,6.08,53.57,6,3,0.324,2026-06-17,2.774799029921171,-1.5005402450782857,
CARTRADE.NS,2026-06-11 03:41:41,Caution,6.54,0.246,7.0,,73.96,8,5,1.114,2026-06-11,-0.06706856632521241,8.367573816873852,12.953802827626305
ONGC.NS,2026-06-26 05:25:13,Buy,6.54,-0.431,6.51,8.34,24.59,3,7,-0.245,2026-06-26,,,
NIACL.NS,2026-06-19 19:26:49,Buy,6.54,0.692,6.0,4.09,80.99,9,4,-0.303,2026-06-19,-6.821216557901943,,
LIQUIDBEES.NS,2026-06-16 21:05:23,Hold,6.53,0.677,5.0,5.0,53.1,10,1,-3.396,2026-06-16,0.0,0.0,
LIQUIDBEES.NS,2026-06-17 14:09:56,Hold,6.53,0.677,5.0,5.0,53.1,10,1,-3.405,2026-06-17,0.001000986582133656,0.0,
ZYDUSLIFE.NS,2026-06-18 16:36:14,Hold,6.53,0.738,5.0,5.67,56.55,9,2,-0.251,2026-06-18,3.5182358431560035,,
ATHERENERG.NS,2026-06-23 10:41:23,Hold,6.53,0.677,4.5,5.25,47.84,8,2,3.744,2026-06-23,,,
VBL.NS,2026-06-19 09:44:02,Hold,6.52,0.677,4.0,5.82,58.52,9,1,-0.464,2026-06-19,-4.305946703110242,,
ENRIN.NS,2026-06-15 12:17:13,Buy,6.52,0.631,5.0,6.2,56.76,7,2,0.752,2026-06-15,6.547635990711531,,
APOLLOHOSP.NS,2026-06-12 11:40:46,Buy,6.52,0.723,4.5,6.15,66.12,9,2,0.546,2026-06-12,-0.8296069663450201,-0.10002353494940053,
IFCI.NS,2026-06-21 08:59:27,Hold,6.51,1.0,5.0,4.3,62.01,10,1,0.189,2026-06-21,-7.6295592175916855,,
IFCI.NS,2026-06-20 23:01:14,Buy,6.51,1.0,5.0,4.3,62.01,10,1,0.189,2026-06-20,-7.6295592175916855,,
VBL.NS,2026-06-17 17:01:00,Hold,6.51,0.677,4.0,5.8,64.61,10,3,-0.45,2026-06-17,-5.716382002341335,-6.865173499489274,
DATAPATTNS.NS,2026-06-18 16:36:14,Hold,6.51,1.0,4.5,4.73,65.91,11,2,0.367,2026-06-18,0.6018179912129495,-6.153557693314726,
GLAND.NS,2026-06-23 18:49:41,Hold,6.5,1.0,8.0,6.7,61.66,11,1,0.226,2026-06-23,,,
POLYCAB.NS,2026-06-23 18:49:41,Hold,6.5,1.0,6.0,5.91,65.89,10,2,0.342,2026-06-23,,,
DRREDDY.NS,2026-06-29 05:11:32,Buy,6.5,0.8,3.93,6.13,69.78,11,2,-0.013,2026-06-29,,,
ENRIN.NS,2026-06-12 19:07:14,Buy,6.5,0.631,5.0,6.14,56.47,7,2,0.747,2026-06-12,4.943304601058274,,
HAL.NS,2026-06-20 17:20:26,Hold,6.5,0.431,5.0,6.13,56.23,7,1,-0.453,2026-06-20,-3.2445958908331574,,
COFORGE.NS,2026-06-20 17:20:26,Hold,6.5,-0.169,9.5,5.27,59.04,5,4,0.301,2026-06-20,0.6065098626542476,,
ONGC.NS,2026-06-24 18:01:34,Buy,6.5,-0.631,7.5,7.4,24.59,3,7,-0.266,2026-06-24,,,
GENUSPOWER.NS,2026-06-23 18:49:41,Hold,6.5,0.862,8.5,4.75,70.28,11,2,-0.027,2026-06-23,,,
NIACL.NS,2026-06-24 13:07:02,Buy,6.5,0.985,6.0,5.16,63.11,9,2,-0.398,2026-06-24,,,
SHILPAMED.NS,2026-06-24 15:45:41,Buy,6.5,1.0,6.0,5.87,64.34,11,1,0.766,2026-06-24,,,
FEDERALBNK.NS,2026-06-24 18:01:34,Buy,6.5,0.862,6.5,5.57,70.67,10,1,1.216,2026-06-24,,,
GLAND.NS,2026-06-24 18:01:34,Buy,6.5,1.0,8.0,6.71,63.77,11,2,0.247,2026-06-24,,,
SIS.NS,2026-06-24 18:01:34,Buy,6.5,0.938,7.0,6.29,67.07,10,3,-0.178,2026-06-24,,,
COFORGE.NS,2026-06-24 13:07:02,Buy,6.5,0.169,9.5,5.73,62.32,6,3,0.347,2026-06-24,,,
SHILPAMED.NS,2026-06-23 18:49:41,Hold,6.5,1.0,6.0,5.97,68.3,11,3,0.8,2026-06-23,,,
ZYDUSLIFE.NS,2026-06-23 18:49:41,Hold,6.5,0.8,5.5,5.16,65.89,11,3,-0.179,2026-06-23,,,
SANSERA.NS,2026-06-23 18:49:41,Hold,6.5,0.877,8.5,6.39,69.41,10,3,1.384,2026-06-23,,,
CARTRADE.NS,2026-06-24 15:45:41,Buy,6.5,0.538,7.5,5.08,73.48,8,3,1.311,2026-06-24,,,
TECHM.NS,2026-06-24 15:45:41,Buy,6.5,-0.354,7.0,6.12,51.5,5,4,-0.054,2026-06-24,,,
LICI.NS,2026-06-23 18:49:41,Hold,6.5,0.538,9.5,5.75,68.86,9,5,-0.488,2026-06-23,,,
HINDZINC.NS,2026-06-18 16:36:14,Hold,6.49,-0.123,9.5,6.02,41.39,3,5,-0.238,2026-06-18,-4.3135924205968905,-9.344653648325785,
PIDILITIND.NS,2026-06-15 18:30:16,Buy,6.49,0.554,5.5,6.05,73.49,10,3,-0.28,2026-06-15,0.6429010557566839,0.07638136039942456,
GLENMARK.NS,2026-06-16 14:34:44,Buy,6.49,-0.246,8.5,6.47,39.7,3,6,0.859,2026-06-16,,,
SHRIRAMFIN.NS,2026-06-20 23:01:14,Hold,6.49,0.662,6.5,4.66,61.42,8,2,0.824,2026-06-20,3.9230572795452723,,
PETRONET.NS,2026-06-16 14:34:44,Buy,6.49,0.492,7.0,5.08,68.59,9,3,-0.237,2026-06-16,,,
VBL.NS,2026-06-16 21:05:23,Hold,6.48,0.662,4.0,5.79,63.25,9,2,-0.458,2026-06-16,-2.134735801415144,-6.792348365057588,
GROWW.NS,2026-06-11 03:00:31,Caution,6.48,-0.108,9.5,,53.91,3,6,1.665,2026-06-11,4.043348572776084,4.49145227148211,4.10066443949193
PIDILITIND.NS,2026-06-12 19:23:13,Buy,6.48,0.554,5.5,6.03,68.51,10,3,-0.303,2026-06-12,2.7808499623493965,2.8915678550350155,
SBC.NS,2026-06-21 16:27:16,Hold,6.48,0.877,5.5,4.83,81.01,10,3,1.247,2026-06-21,,,
MAZDOCK.NS,2026-06-18 21:20:12,Hold,6.48,0.031,10.0,4.8,57.75,5,5,0.096,2026-06-18,-1.073442212406106,-2.423138431275751,
DIVISLAB.NS,2026-06-18 21:20:12,Hold,6.48,0.708,4.5,6.12,56.49,10,1,0.638,2026-06-18,,,
HEROMOTOCO.NS,2026-06-22 21:16:02,Hold,6.48,-0.723,10.0,6.0,50.57,2,7,-0.323,2026-06-22,-1.7577320910805105,,
NATIONALUM.NS,2026-06-18 21:20:12,Hold,6.47,-0.246,9.0,6.0,36.83,3,6,1.008,2026-06-18,-3.3582613469790967,-9.68049112264191,
SBIN.NS,2026-06-29 05:11:32,Buy,6.47,0.6,4.75,5.61,63.87,8,2,0.312,2026-06-29,,,
SBIN.NS,2026-06-26 18:03:02,Buy,6.47,0.6,4.75,5.61,63.87,8,2,0.312,2026-06-26,,,
ADANIGREEN.NS,2026-06-22 09:19:59,Hold,6.47,1.0,6.0,4.56,60.89,10,1,-0.319,2026-06-22,-1.5355860670511645,,
STARHEALTH.NS,2026-06-16 17:36:25,Buy,6.47,0.569,6.0,5.48,51.55,6,3,-0.291,2026-06-16,11.212266411116435,,
HEROMOTOCO.NS,2026-06-24 18:01:34,Buy,6.47,-0.754,10.0,6.01,43.85,1,7,-0.356,2026-06-24,,,
THERMAX.NS,2026-06-16 14:34:44,Buy,6.47,0.846,4.0,5.81,55.81,8,1,-0.304,2026-06-16,,,
CARTRADE.NS,2026-06-15 12:17:13,Buy,6.47,0.523,8.0,4.0,72.44,8,4,1.179,2026-06-15,11.18279569892473,10.593550487231184,
IDEA.NS,2026-06-21 08:59:27,Hold,6.47,0.938,3.5,5.47,66.19,9,2,-0.238,2026-06-21,-5.128200343168321,,
ADANIPORTS.NS,2026-06-16 17:36:25,Buy,6.46,0.908,4.0,5.02,59.89,10,1,0.217,2026-06-16,0.7299697490738222,-2.0856201975850697,
MAZDOCK.NS,2026-06-17 17:01:00,Hold,6.46,0.185,9.0,4.81,60.12,7,4,0.105,2026-06-17,-0.41921139246439143,-2.327217701630757,
RBLBANK.NS,2026-06-12 19:23:13,Buy,6.45,0.815,6.0,4.22,65.51,11,1,0.362,2026-06-12,0.9156774764595088,3.5533688077407533,
DIVISLAB.NS,2026-06-20 17:20:26,Hold,6.44,0.769,4.0,6.13,55.01,10,1,0.676,2026-06-20,,,
NESTLEIND.NS,2026-06-18 16:36:14,Hold,6.44,-0.031,7.0,6.54,49.07,3,4,-0.029,2026-06-18,-0.5855522064574736,0.15709448254226377,
SHAILY.NS,2026-06-18 21:20:12,Hold,6.44,0.185,8.0,5.63,43.26,5,5,1.741,2026-06-18,,,
NATIONALUM.NS,2026-06-19 14:13:36,Hold,6.44,-0.231,9.0,5.85,39.74,4,6,1.065,2026-06-19,-7.300535161444477,,
BHARATFORG.NS,2026-06-20 17:20:26,Hold,6.43,0.8,2.5,6.21,65.86,11,2,0.123,2026-06-20,1.9726209257917127,,
SBC.NS,2026-06-22 09:19:59,Hold,6.43,0.846,5.5,4.78,82.89,9,3,1.405,2026-06-22,,,
RATNAVEER.NS,2026-06-17 19:49:59,Hold,6.43,0.769,5.5,3.82,60.77,10,0,0.265,2026-06-17,,,
POLYCAB.NS,2026-06-29 05:11:32,Buy,6.43,0.4,5.97,6.82,51.23,7,4,0.291,2026-06-29,,,
HEROMOTOCO.NS,2026-06-17 14:09:56,Hold,6.42,-0.477,10.0,6.14,51.53,3,4,-0.395,2026-06-17,-0.6518560654618533,-2.3762002502144552,
DIVISLAB.NS,2026-06-16 14:34:44,Buy,6.42,0.677,4.5,6.12,54.37,9,1,0.623,2026-06-16,0.4543761638733601,,
ADANIGREEN.NS,2026-06-23 10:41:23,Hold,6.42,0.969,6.0,4.46,62.75,10,3,-0.301,2026-06-23,,,
RBLBANK.NS,2026-06-15 18:30:16,Buy,6.42,0.8,6.0,4.21,68.55,11,2,0.389,2026-06-15,-0.9123826518641631,1.5698393128487975,
HCC.NS,2026-06-17 17:01:00,Hold,6.41,0.692,4.5,4.98,69.66,9,3,-0.606,2026-06-17,,,
HINDZINC.NS,2026-06-24 13:07:02,Buy,6.41,-0.631,9.5,6.2,34.29,1,7,-0.329,2026-06-24,,,
TRENT.NS,2026-06-19 19:26:49,Hold,6.41,0.123,7.0,5.7,75.26,7,5,-0.662,2026-06-19,1.285169085543414,,
UNIONBANK.NS,2026-06-24 18:01:34,Buy,6.41,0.554,4.5,5.19,58.52,7,3,0.244,2026-06-24,,,
GREAVESCOT.NS,2026-06-23 16:00:59,Buy,6.41,0.585,5.0,5.21,66.86,9,3,0.374,2026-06-23,,,
CARBORUNIV.NS,2026-06-21 14:25:52,Hold,6.4,1.0,2.0,5.82,79.35,12,2,-0.734,2026-06-21,,,
HEROMOTOCO.NS,2026-06-16 14:34:44,Buy,6.4,-0.477,10.0,6.1,54.4,3,4,-0.38,2026-06-16,-1.1150884050139087,-1.121047552052279,
INDIAMART.NS,2026-06-16 14:34:44,Buy,6.4,0.062,8.0,6.11,61.97,7,5,-0.514,2026-06-16,,,
SONATSOFTW.NS,2026-06-18 21:20:12,Hold,6.4,0.308,8.0,4.89,68.88,8,4,-0.663,2026-06-18,,,
ONGC.NS,2026-06-29 05:11:32,Buy,6.4,-0.492,6.51,8.23,20.87,4,9,-0.304,2026-06-29,,,
WAAREEENER.NS,2026-06-24 13:07:02,Buy,6.4,-0.508,9.0,5.54,46.4,2,6,0.223,2026-06-24,,,
WAAREEENER.NS,2026-06-17 14:09:56,Hold,6.4,-0.154,8.5,5.77,48.31,3,4,0.237,2026-06-17,-0.5619453088855364,-1.617619932710257,
CARBORUNIV.NS,2026-06-22 09:19:59,Hold,6.4,1.0,2.0,5.88,75.0,10,2,-0.672,2026-06-22,,,
BPCL.NS,2026-06-16 17:36:25,Buy,6.4,0.169,8.0,5.58,60.72,6,3,-0.037,2026-06-16,-1.7622556528165467,-1.1374617882479066,
DMART.NS,2026-06-20 17:20:26,Hold,6.4,0.569,4.0,6.01,58.68,8,5,-0.484,2026-06-20,,,
ONWARDTEC.NS,2026-06-26 05:25:13,Buy,6.4,0.2,5.53,5.82,58.67,7,3,-0.481,2026-06-26,,,
SHRIRAMFIN.NS,2026-06-18 13:53:16,Hold,6.4,0.708,6.5,3.17,60.85,9,2,0.794,2026-06-18,-0.9324859386920181,2.9021677736935425,
IFCI.NS,2026-06-22 21:16:02,Hold,6.4,1.0,5.0,4.61,58.87,9,1,0.188,2026-06-22,-7.6295592175916855,,
IFCI.NS,2026-06-23 10:41:23,Hold,6.4,1.0,5.0,4.65,57.57,9,1,0.175,2026-06-23,,,
DATAPATTNS.NS,2026-06-19 09:44:02,Hold,6.39,0.969,4.0,4.82,67.77,10,2,0.432,2026-06-19,-4.189046181313838,,
NOCIL.NS,2026-06-24 13:07:02,Buy,6.39,0.723,2.5,5.33,62.02,9,1,-0.634,2026-06-24,,,
UNITDSPR.NS,2026-06-18 21:20:12,Hold,6.39,0.277,6.0,5.73,66.85,9,4,-0.071,2026-06-18,-0.9331331704523826,2.56239164147003,
DATAPATTNS.NS,2026-06-16 21:05:23,Hold,6.39,0.877,4.0,4.82,59.51,8,1,0.284,2026-06-16,7.701076720566302,7.899855063138594,
HINDZINC.NS,2026-06-29 05:11:32,Buy,6.39,-0.508,8.42,7.33,28.37,3,9,-0.37,2026-06-29,,,
HINDZINC.NS,2026-06-23 18:49:41,Hold,6.38,-0.662,9.5,6.22,35.19,1,8,-0.322,2026-06-23,,,
DATAPATTNS.NS,2026-06-15 21:40:49,Buy,6.38,0.831,4.0,4.79,58.36,8,3,0.271,2026-06-15,8.509775113687713,9.958201227262453,
BPCL.NS,2026-06-17 17:01:00,Hold,6.38,-0.015,8.0,5.44,63.99,7,4,-0.003,2026-06-17,-2.940715755477763,-0.7076584096920691,
DMART.NS,2026-06-19 19:26:49,Hold,6.38,0.569,4.0,5.96,58.68,8,5,-0.484,2026-06-19,1.1453520906659298,,
HAL.NS,2026-06-19 19:26:49,Hold,6.38,0.431,4.5,6.23,56.23,7,1,-0.453,2026-06-19,-0.8892764330225233,,
ZEEL.NS,2026-06-24 18:01:34,Buy,6.38,0.985,4.0,5.3,66.68,9,2,-0.412,2026-06-24,,,
CLEANMAX.NS,2026-06-22 21:16:02,Hold,6.38,0.415,5.5,5.1,75.48,8,5,9.675,2026-06-22,,,
HCC.NS,2026-06-16 21:05:23,Hold,6.38,0.692,4.5,4.92,65.25,9,3,-0.644,2026-06-16,6.002356611941195,,
NYKAA.NS,2026-06-11 03:00:31,Caution,6.37,0.523,4.5,,50.88,7,1,0.654,2026-06-11,4.57252407165587,14.543710318353753,15.792509549861911
SHRIRAMFIN.NS,2026-06-17 14:09:56,Hold,6.37,0.692,6.5,3.18,62.85,9,3,0.809,2026-06-17,-1.4540967160359797,1.1414392059553302,
DELHIVERY.NS,2026-06-22 21:16:02,Hold,6.37,0.785,2.0,5.57,68.88,11,3,0.147,2026-06-22,-3.9272427613476157,,
LIQUIDCASE.NS,2026-06-16 09:18:15,Buy,6.37,0.785,5.0,5.0,100.0,10,2,-3.014,2026-06-16,,,
MARUTI.NS,2026-06-25 15:49:45,Buy,6.37,0.2,6.09,6.31,60.48,7,3,0.052,2026-06-25,,,
LIQUIDCASE.NS,2026-06-15 12:17:13,Buy,6.37,0.785,5.0,5.0,100.0,10,2,-3.033,2026-06-15,,,
ZYDUSLIFE.NS,2026-06-17 19:49:59,Hold,6.36,0.646,5.0,5.66,52.62,8,3,-0.277,2026-06-17,2.270583666063297,3.5707578238454385,
TARIL.NS,2026-06-19 19:26:49,Hold,6.36,0.492,6.0,4.57,68.87,9,3,-0.178,2026-06-19,,,
RPTECH.NS,2026-06-25 15:49:45,Buy,6.36,0.723,5.87,6.57,81.71,9,3,1.114,2026-06-25,,,
CLSEL.NS,2026-06-15 12:17:13,Buy,6.36,0.738,5.5,4.76,55.96,9,0,0.244,2026-06-15,,,
HINDZINC.NS,2026-06-25 18:09:10,Hold,6.36,-0.508,8.41,7.32,28.37,3,9,-0.396,2026-06-25,,,
MAZDOCK.NS,2026-06-19 09:44:02,Hold,6.36,-0.046,10.0,4.83,55.6,4,4,0.149,2026-06-19,-1.020365731135131,,
DATAPATTNS.NS,2026-06-17 19:49:59,Hold,6.35,1.0,4.0,4.7,65.32,11,2,0.359,2026-06-17,2.0253290774570054,-3.134434689261756,
TATACOMM.NS,2026-06-22 21:16:02,Hold,6.35,0.8,3.5,5.32,69.52,11,3,0.031,2026-06-22,-3.3855521371156883,,
BHARATFORG.NS,2026-06-21 14:25:52,Hold,6.35,0.8,2.5,5.49,65.86,11,2,0.123,2026-06-21,1.9726209257917127,,
TITAN.NS,2026-06-15 21:40:49,Buy,6.35,0.431,5.0,5.69,56.88,8,3,0.14,2026-06-15,2.43725697078907,2.0777401657523065,
LIQUIDPLUS.NS,2026-06-12 09:56:29,Buy,6.35,0.769,5.0,5.0,100.0,10,3,-3.808,2026-06-12,0.04220870727096315,0.09635862525074756,0.19454315795510713
BHARATFORG.NS,2026-06-23 10:41:23,Hold,6.35,0.969,3.0,5.34,74.39,10,2,0.164,2026-06-23,,,
VBL.NS,2026-06-15 21:40:49,Buy,6.35,0.708,3.5,5.61,63.22,10,1,-0.458,2026-06-15,-1.7467675059207433,-5.184840627166132,
BHARATFORG.NS,2026-06-22 21:16:02,Hold,6.35,1.0,3.0,5.3,71.93,11,2,0.138,2026-06-22,1.9726209257917127,,
VBL.NS,2026-06-18 13:53:16,Hold,6.35,0.585,4.0,5.78,57.28,8,3,-0.474,2026-06-18,-5.126516908248613,-4.496283406141865,
SUNDRMFAST.NS,2026-06-16 14:34:44,Buy,6.35,0.185,6.0,6.06,56.6,6,2,-0.972,2026-06-16,,,
INDUSINDBK.NS,2026-06-21 16:27:16,Hold,6.35,0.815,2.5,5.49,60.77,11,1,-0.755,2026-06-21,,,
MARUTI.NS,2026-06-26 15:57:27,Buy,6.34,0.2,5.8,6.31,60.48,7,3,0.036,2026-06-26,,,
NESTLEIND.NS,2026-06-12 09:56:29,Buy,6.34,0.215,6.5,6.46,53.25,5,2,0.024,2026-06-12,2.297019610223283,2.842196630372995,
LT.NS,2026-06-24 13:07:02,Buy,6.34,0.662,5.0,4.79,62.7,8,2,0.137,2026-06-24,,,
TORNTPHARM.NS,2026-06-22 09:19:59,Hold,6.34,0.338,3.5,6.02,47.78,5,3,0.885,2026-06-22,,,
ONGC.NS,2026-06-25 18:09:10,Hold,6.34,-0.492,6.51,8.23,20.87,4,9,-0.299,2026-06-25,,,
MARUTI.NS,2026-06-29 05:11:32,Buy,6.33,0.2,5.8,6.31,60.48,7,3,0.036,2026-06-29,,,
VAIBHAVGBL.NS,2026-06-16 17:36:25,Buy,6.33,0.462,6.0,5.63,63.25,8,3,-0.442,2026-06-16,,,
BPCL.NS,2026-06-19 09:44:02,Hold,6.33,-0.077,8.0,5.62,58.99,5,3,0.01,2026-06-19,2.9680384613049338,,
BHARATFORG.NS,2026-06-16 14:34:44,Buy,6.33,0.969,2.5,5.93,63.47,10,2,0.103,2026-06-16,1.4461051970298344,6.957212970378346,
DATAPATTNS.NS,2026-06-12 19:23:13,Buy,6.33,1.0,4.0,4.67,62.16,11,2,0.455,2026-06-12,4.9255316612088595,6.080469244953113,
CARBORUNIV.NS,2026-06-19 14:13:36,Hold,6.33,1.0,2.5,5.93,77.29,11,2,-0.77,2026-06-19,,,
TMCV.NS,2026-06-17 17:01:00,Hold,6.33,0.292,6.0,5.47,60.19,7,3,0.879,2026-06-17,1.3778596024683676,2.1350561976520854,
HINDPETRO.NS,2026-06-18 13:53:16,Hold,6.33,-0.015,8.0,5.32,57.28,6,2,0.103,2026-06-18,-1.207670824154694,1.9048789293375945,
SHRIRAMFIN.NS,2026-06-19 19:26:49,Hold,6.33,0.662,6.5,3.2,61.42,8,2,0.824,2026-06-19,1.7067546830271896,,
CIPLA.NS,2026-06-25 15:49:45,Buy,6.33,0.462,4.78,6.1,66.36,8,3,-0.317,2026-06-25,,,
DELHIVERY.NS,2026-06-23 10:41:23,Hold,6.32,0.754,2.0,5.6,65.99,10,3,0.133,2026-06-23,,,
TMCV.NS,2026-06-18 16:36:14,Hold,6.32,0.292,6.0,5.46,61.99,7,3,0.935,2026-06-18,-1.719690507289806,6.104902800329937,
DIVISLAB.NS,2026-06-11 03:02:57,Caution,6.32,0.708,3.0,,56.27,10,1,0.648,2026-06-11,0.8564345278341268,1.6753061377807743,
FORTIS.NS,2026-06-11 03:02:57,Caution,6.32,0.508,4.5,,65.48,9,2,1.367,2026-06-11,-2.0121359367100577,-3.0586450960566225,
BPCL.NS,2026-06-18 16:36:14,Hold,6.32,-0.046,8.0,5.43,62.41,6,4,-0.014,2026-06-18,-2.4502055956678315,-2.0708150634694222,
ASIANPAINT.NS,2026-06-25 12:39:49,Buy,6.32,0.677,6.6,7.54,54.23,8,2,-0.395,2026-06-25,,,
LIQUIDBEES.NS,2026-06-18 13:53:16,Hold,6.32,0.554,5.0,5.0,52.85,9,2,-3.415,2026-06-18,0.001000986582133656,0.0,
RAIN.NS,2026-06-15 21:40:49,Buy,6.31,1.0,4.0,4.6,71.38,11,1,0.122,2026-06-15,,,
ASIANPAINT.NS,2026-06-29 05:11:32,Buy,6.31,0.523,7.12,7.52,49.93,7,4,-0.419,2026-06-29,,,
PIDILITIND.NS,2026-06-11 03:41:41,Caution,6.31,0.369,5.5,,58.83,7,2,-0.47,2026-06-11,4.830524418541193,5.4910544486678425,6.551904721957746
RAIN.NS,2026-06-16 09:18:15,Buy,6.31,1.0,4.0,4.61,72.83,11,0,0.144,2026-06-16,,,
GARFIBRES.NS,2026-06-21 08:59:27,Hold,6.31,0.369,6.0,5.05,81.65,8,4,-0.18,2026-06-21,,,
CARBORUNIV.NS,2026-06-18 21:20:12,Hold,6.31,1.0,2.5,5.89,75.76,11,2,-0.778,2026-06-18,,,
MOTHERSON.NS,2026-06-25 18:09:10,Hold,6.31,0.8,3.78,7.35,66.09,11,3,0.083,2026-06-25,,,
WAAREEENER.NS,2026-06-16 21:05:23,Hold,6.3,-0.215,8.5,5.78,48.09,4,5,0.236,2026-06-16,1.983939266137802,-1.0050266868972701,
IDEA.NS,2026-06-12 09:44:58,Buy,6.3,1.0,3.5,5.0,67.22,10,1,-0.234,2026-06-12,0.13423126359546345,0.13423126359546345,
TATACOMM.NS,2026-06-23 10:41:23,Hold,6.3,0.769,3.5,5.34,66.59,10,3,0.013,2026-06-23,,,
COALINDIA.NS,2026-06-12 19:07:14,Buy,6.3,-0.031,7.5,6.73,37.48,5,5,-0.207,2026-06-12,2.7621195039458923,1.7587345643672592,
CLEANMAX.NS,2026-06-23 10:41:23,Hold,6.3,0.369,5.5,5.0,72.69,7,6,8.954,2026-06-23,,,
HINDCOPPER.NS,2026-06-15 21:40:49,Buy,6.3,0.031,7.5,6.41,42.31,5,4,0.389,2026-06-15,-1.2400627168486555,-1.036616128466883,
NESTLEIND.NS,2026-06-17 14:09:56,Hold,6.3,0.092,7.0,6.55,51.83,4,3,-0.008,2026-06-17,-0.3837152154268164,-1.755139087983093,
LAURUSLABS.NS,2026-06-18 21:20:12,Hold,6.3,0.538,4.5,6.44,55.15,6,3,2.239,2026-06-18,8.196956981988212,5.932199610994537,
LAURUSLABS.NS,2026-06-17 14:09:56,Hold,6.3,0.338,4.5,6.45,53.57,6,3,2.229,2026-06-17,4.825520019690943,6.161476079370476,
SBIN.NS,2026-06-21 08:59:27,Hold,6.3,0.646,4.5,4.92,63.97,8,3,0.264,2026-06-21,0.44679552381095,,
MOTHERSON.NS,2026-06-29 05:11:32,Buy,6.3,0.8,3.77,7.35,66.09,11,3,0.077,2026-06-29,,,
SBIN.NS,2026-06-20 23:01:14,Hold,6.3,0.646,4.5,4.92,63.97,8,3,0.264,2026-06-20,0.44679552381095,,
RBA.NS,2026-06-23 10:41:23,Hold,6.29,0.708,4.0,5.41,80.14,9,3,-0.639,2026-06-23,,,
TARIL.NS,2026-06-20 17:20:26,Hold,6.29,0.492,6.0,4.37,68.87,9,3,-0.178,2026-06-20,,,
TORNTPHARM.NS,2026-06-21 16:27:16,Hold,6.29,0.308,3.5,6.1,50.37,5,4,0.861,2026-06-21,,,
TRENT.NS,2026-06-20 17:20:26,Hold,6.29,0.123,7.0,5.37,75.26,7,5,-0.662,2026-06-20,1.1192810294465616,,
TORNTPHARM.NS,2026-06-16 17:36:25,Buy,6.28,0.662,3.0,6.06,53.35,6,2,0.888,2026-06-16,-0.8261219471081716,1.0611838778320726,
MOREPENLAB.NS,2026-06-11 03:00:31,Caution,6.28,0.492,4.5,,65.47,9,3,-0.112,2026-06-11,,,
CLSEL.NS,2026-06-12 19:07:14,Buy,6.28,0.631,6.0,4.64,61.76,9,2,0.293,2026-06-12,,,
UNIONBANK.NS,2026-06-23 18:49:41,Hold,6.28,0.523,4.0,5.21,59.13,7,4,0.247,2026-06-23,,,
GPPL.NS,2026-06-16 14:34:44,Buy,6.28,-0.477,10.0,5.75,50.29,2,5,-0.446,2026-06-16,,,
COALINDIA.NS,2026-06-15 12:17:13,Buy,6.28,-0.046,7.5,6.74,39.07,4,5,-0.199,2026-06-15,1.7903417240353159,1.1147421108226974,
GRSE.NS,2026-06-21 16:27:16,Hold,6.28,0.262,8.5,4.48,57.88,6,5,0.357,2026-06-21,,,
BHARATFORG.NS,2026-06-19 19:26:49,Hold,6.27,0.8,2.5,5.78,65.86,11,2,0.123,2026-06-19,3.9874607348173496,,
SONATSOFTW.NS,2026-06-19 09:44:02,Hold,6.27,0.231,8.0,4.89,63.36,6,4,-0.691,2026-06-19,,,
ATHERENERG.NS,2026-06-12 09:56:29,Buy,6.27,1.0,3.0,5.34,60.3,10,1,4.222,2026-06-12,-3.742581976502024,-5.540968374685984,
AUROPHARMA.NS,2026-06-25 18:09:10,Hold,6.26,0.8,2.79,7.64,67.4,11,2,0.251,2026-06-25,,,
HFCL.NS,2026-06-17 19:49:59,Hold,6.26,0.631,4.0,5.3,66.24,7,2,0.373,2026-06-17,10.166728730149055,7.699994221675777,
ATHERENERG.NS,2026-06-16 21:05:23,Hold,6.26,1.0,3.0,5.3,54.95,9,1,4.039,2026-06-16,-2.6401458752788876,0.8717010483883625,
AUROPHARMA.NS,2026-06-29 05:11:32,Buy,6.26,0.8,2.8,7.63,67.4,11,2,0.286,2026-06-29,,,
COLPAL.NS,2026-06-16 17:36:25,Hold,6.25,-0.031,7.0,6.0,56.27,6,3,-0.858,2026-06-16,,,
HFCL.NS,2026-06-11 03:00:31,Caution,6.25,0.815,2.0,,64.03,8,2,0.601,2026-06-11,15.456991803434562,21.96359592845374,31.353867070286267
GAIL.NS,2026-06-11 03:00:31,Caution,6.25,0.415,5.0,,57.61,7,3,-0.474,2026-06-11,6.020832211746319,,
HFCL.NS,2026-06-16 21:05:23,Hold,6.25,0.631,4.0,5.27,65.75,7,2,0.366,2026-06-16,10.916501931006351,7.043072208438073,
HEROMOTOCO.NS,2026-06-26 00:05:40,Buy,6.25,-0.554,8.11,7.28,43.85,1,7,-0.351,2026-06-26,,,
HDBFS.NS,2026-06-20 23:01:14,Hold,6.25,0.492,6.0,4.24,67.68,9,3,-0.823,2026-06-20,,,
HDBFS.NS,2026-06-21 08:59:27,Hold,6.25,0.492,6.0,4.24,67.68,9,3,-0.823,2026-06-21,,,
OLECTRA.NS,2026-06-18 13:53:16,Hold,6.24,0.492,8.5,3.1,66.98,9,3,-0.389,2026-06-18,,,
NOCIL.NS,2026-06-23 10:41:23,Hold,6.24,0.738,2.5,5.29,70.34,10,2,-0.585,2026-06-23,,,
LIQUIDBEES.NS,2026-06-21 08:59:27,Hold,6.24,0.508,5.0,5.0,53.23,11,1,-3.415,2026-06-21,-0.0010009765625040856,,
LIQUIDBEES.NS,2026-06-20 17:20:26,Hold,6.24,0.508,5.0,5.0,53.23,11,1,-3.415,2026-06-20,-0.0010009765625040856,,
LIQUIDBEES.NS,2026-06-19 16:45:37,Hold,6.24,0.508,5.0,5.0,53.23,11,1,-3.415,2026-06-19,-0.0010009765625040856,-0.0010009765625040856,
GARFIBRES.NS,2026-06-20 17:20:26,Hold,6.24,0.369,6.0,4.84,81.65,8,4,-0.18,2026-06-20,,,
NOCIL.NS,2026-06-22 21:16:02,Hold,6.24,0.738,2.5,5.31,69.39,10,2,-0.596,2026-06-22,,,
TRENT.NS,2026-06-18 13:53:16,Hold,6.24,0.123,6.5,5.65,74.28,7,5,-0.67,2026-06-18,-1.1573434409923644,1.147907052882391,
LT.NS,2026-06-26 00:05:40,Buy,6.24,0.662,3.67,5.92,62.96,8,2,0.105,2026-06-26,,,
VBL.NS,2026-06-20 17:20:26,Hold,6.24,0.492,4.0,5.93,54.01,7,3,-0.485,2026-06-20,-1.0332426521919569,,
MSTCLTD.NS,2026-06-11 03:02:57,Caution,6.23,0.677,3.0,,71.61,11,3,-0.528,2026-06-11,26.402137814171866,22.62148472330585,
ADANIPORTS.NS,2026-06-11 03:00:31,Caution,6.23,0.677,3.0,,62.24,9,1,0.303,2026-06-11,2.3825592827456665,3.5120252223773907,0.9215567902366884
ATHERENERG.NS,2026-06-22 21:16:02,Hold,6.23,0.677,4.5,5.19,47.54,8,2,3.752,2026-06-22,,,
SAIL.NS,2026-06-25 12:39:49,Buy,6.23,-0.231,4.18,8.32,33.01,4,6,0.061,2026-06-25,,,
POWERINDIA.NS,2026-06-12 09:56:29,Buy,6.23,0.185,6.5,6.31,48.24,5,4,1.503,2026-06-12,4.734158776402042,7.443554260742902,
EPACKPEB.NS,2026-06-12 11:50:01,Buy,6.22,0.246,7.0,5.53,71.51,8,5,0.579,2026-06-12,,,
ABCAPITAL.NS,2026-06-21 08:59:27,Hold,6.22,0.831,4.5,3.91,61.51,11,0,0.596,2026-06-21,-0.29341099075028687,,
CMPDI.NS,2026-06-17 14:09:56,Hold,6.22,0.323,6.0,6.02,62.57,8,4,16.834,2026-06-17,-0.7686844018824468,1.3452066797567497,
ABCAPITAL.NS,2026-06-20 23:01:14,Hold,6.22,0.831,4.5,3.91,61.51,11,0,0.596,2026-06-20,-0.29341099075028687,,
ATHERENERG.NS,2026-06-17 17:01:00,Hold,6.21,0.785,3.0,5.24,53.36,7,2,3.976,2026-06-17,-2.9892987534022586,-0.010102668133760151,
CARBORUNIV.NS,2026-06-20 17:20:26,Hold,6.21,1.0,2.0,6.03,79.35,12,2,-0.734,2026-06-20,,,
HEROMOTOCO.NS,2026-06-29 05:11:32,Buy,6.21,-0.585,8.12,7.32,43.77,1,8,-0.332,2026-06-29,,,
MSTCLTD.NS,2026-06-15 21:40:49,Buy,6.2,0.677,5.5,4.62,81.11,9,5,-0.439,2026-06-15,9.18618111725884,,
IDEA.NS,2026-06-19 16:45:37,Hold,6.2,0.938,3.5,4.72,66.19,9,2,-0.238,2026-06-19,-4.088469527868577,,
TMCV.NS,2026-06-16 09:18:15,Buy,6.2,0.277,6.0,5.18,62.83,7,4,0.946,2026-06-16,-1.131056298364208,-1.6351178299638947,
NIITLTD.NS,2026-06-16 21:05:23,Hold,6.2,0.846,4.0,5.06,73.66,10,1,-0.083,2026-06-16,,,
HDFCAMC.NS,2026-06-16 09:18:15,Buy,6.2,0.492,4.5,5.38,56.37,8,1,0.387,2026-06-16,2.2718686573808933,0.8049312253699092,
NIACL.NS,2026-06-18 21:20:12,Hold,6.2,0.492,6.0,4.12,71.46,9,3,-0.46,2026-06-18,9.195728495521994,,
ZEEL.NS,2026-06-21 08:59:27,Hold,6.19,0.785,3.0,5.19,65.65,9,2,-0.452,2026-06-21,-3.79265606017144,,
IDEA.NS,2026-06-17 19:49:59,Hold,6.19,1.0,3.5,4.67,67.18,10,1,-0.234,2026-06-17,-0.6702438402035549,-4.088469527868577,
ENRIN.NS,2026-06-17 19:49:59,Hold,6.19,0.523,3.5,6.08,62.27,9,2,0.916,2026-06-17,,,
APOLLOTYRE.NS,2026-06-18 16:36:14,Hold,6.19,-0.046,8.0,6.06,64.54,6,4,-0.396,2026-06-18,,,
ZEEL.NS,2026-06-20 23:01:14,Hold,6.19,0.785,3.0,5.19,65.65,9,2,-0.452,2026-06-20,-3.79265606017144,,
IDEA.NS,2026-06-18 16:36:14,Hold,6.19,1.0,3.5,4.67,68.02,10,1,-0.229,2026-06-18,-3.730848841288903,-6.329112556821769,
SBIN.NS,2026-06-15 21:40:49,Buy,6.18,0.692,4.5,4.34,62.65,9,3,0.256,2026-06-15,2.1403708780417308,1.9493583670451065,
LT.NS,2026-06-12 19:07:14,Buy,6.18,0.646,4.5,5.58,58.28,9,1,0.026,2026-06-12,3.9117907928363227,3.9537661221711096,
LIQUIDCASE.NS,2026-06-12 19:23:13,Buy,6.18,0.677,5.0,5.0,100.0,10,4,-2.923,2026-06-12,,,
LIQUIDBEES.NS,2026-06-12 11:40:46,Buy,6.18,0.677,5.0,5.0,52.94,10,1,-3.405,2026-06-12,0.0,0.001000986582133656,0.0
LIQUIDBEES.NS,2026-06-22 14:56:14,Hold,6.18,0.477,5.0,5.0,53.23,10,1,-3.397,2026-06-22,-0.0010009765625040856,,
HSCL.NS,2026-06-25 18:09:10,Hold,6.18,0.738,5.44,6.19,58.49,9,1,0.629,2026-06-25,,,
TATASTEEL.NS,2026-06-16 14:34:44,Buy,6.18,-0.123,7.0,6.27,38.5,3,5,0.035,2026-06-16,1.5102075070750898,-1.2448992047991103,
IDEA.NS,2026-06-16 09:18:15,Hold,6.18,1.0,3.5,4.65,70.67,10,1,-0.232,2026-06-16,2.051984904809667,-1.162791228622806,
SBIN.NS,2026-06-18 13:53:16,Hold,6.17,0.708,4.5,4.24,67.46,9,2,0.301,2026-06-18,-1.774240037050745,0.2589501648247783,
INDUSINDBK.NS,2026-06-20 23:01:14,Hold,6.17,0.815,2.5,5.49,60.77,11,1,-0.755,2026-06-20,,,
JINDALSTEL.NS,2026-06-22 21:16:02,Hold,6.17,-0.277,6.0,6.09,34.72,3,7,-0.118,2026-06-22,-6.404593639575973,,
TMCV.NS,2026-06-24 13:07:02,Hold,6.17,0.231,5.0,5.43,62.75,7,3,1.025,2026-06-24,,,
LIQUIDBEES.NS,2026-06-23 12:44:14,Buy,6.16,0.462,5.0,5.0,53.23,10,2,-3.406,2026-06-23,-0.0010009765625040856,,
KIRLOSIND.NS,2026-06-23 10:41:23,Hold,6.16,0.692,3.5,5.69,82.24,9,4,-0.537,2026-06-23,,,
SUBROS.NS,2026-06-23 10:41:23,Hold,6.16,0.492,5.5,4.95,75.5,9,3,0.154,2026-06-23,,,
NTPC.NS,2026-06-26 05:25:13,Buy,6.16,-0.185,5.3,6.58,38.75,3,6,-0.204,2026-06-26,,,
KIRLOSIND.NS,2026-06-22 21:16:02,Hold,6.16,0.692,3.5,5.65,80.96,9,4,-0.564,2026-06-22,,,
GRASIM.NS,2026-06-15 21:40:49,Buy,6.15,0.708,5.5,4.31,66.81,10,1,0.337,2026-06-15,-0.6130479489255825,0.33812454327302177,
HEROMOTOCO.NS,2026-06-15 21:40:49,Buy,6.15,-0.446,9.0,6.1,53.82,4,4,-0.384,2026-06-15,-0.0477687568421592,-0.8021457939390908,
KSCL.NS,2026-06-23 12:44:14,Buy,6.15,0.154,5.5,4.98,58.83,6,5,-0.244,2026-06-23,,,
LTF.NS,2026-06-15 21:40:49,Buy,6.14,0.738,5.5,3.15,62.22,10,2,0.701,2026-06-15,-2.1653899756233996,-1.5515729899296726,
SWSOLAR.NS,2026-06-21 08:59:27,Hold,6.14,0.477,6.0,4.0,72.83,9,4,-1.067,2026-06-21,,,
OLECTRA.NS,2026-06-17 19:49:59,Hold,6.14,0.492,8.5,2.81,61.56,9,3,-0.437,2026-06-17,12.738945492349508,,
COFORGE.NS,2026-06-26 05:25:13,Buy,6.14,0.169,7.16,6.38,62.87,6,3,0.353,2026-06-26,,,
NHPC.NS,2026-06-23 16:00:59,Buy,6.14,-0.123,8.0,4.83,54.99,4,4,-0.57,2026-06-23,,,
ADANIPORTS.NS,2026-06-22 09:19:59,Hold,6.13,0.677,3.0,5.69,60.51,9,1,0.208,2026-06-22,-1.707528021323823,,
HSCL.NS,2026-06-29 05:11:32,Buy,6.13,0.738,5.45,6.19,58.49,9,1,0.662,2026-06-29,,,
BHARATFORG.NS,2026-06-15 18:30:16,Hold,6.13,1.0,2.0,5.79,65.6,11,2,0.113,2026-06-15,-0.029694411578196078,4.122744312206139,
NTPC.NS,2026-06-25 12:39:49,Buy,6.13,-0.185,5.35,6.57,37.87,3,6,-0.212,2026-06-25,,,
GRSE.NS,2026-06-18 13:53:16,Hold,6.13,0.431,6.5,3.78,60.42,8,3,0.322,2026-06-18,-0.8176157313213972,,
SBIN.NS,2026-06-22 09:19:59,Hold,6.13,0.646,5.0,4.92,64.83,8,3,0.334,2026-06-22,0.44679552381095,,
PVTBANIETF.NS,2026-06-16 09:18:15,Hold,6.13,0.446,5.0,5.0,70.47,8,4,-0.021,2026-06-16,,,
SBIN.NS,2026-06-17 17:01:00,Hold,6.13,0.662,4.5,4.34,63.43,8,2,0.268,2026-06-17,1.388212372138331,0.7890867594678497,
GMRAIRPORT.NS,2026-06-20 17:20:26,Hold,6.12,0.708,2.5,5.81,66.09,9,3,-0.033,2026-06-20,0.24034214780643826,,
ENRIN.NS,2026-06-18 13:53:16,Hold,6.12,0.492,3.5,6.02,62.33,8,2,0.914,2026-06-18,,,
IDEA.NS,2026-06-15 18:30:16,Hold,6.12,0.985,3.5,4.49,70.67,10,2,-0.232,2026-06-15,0.4013406045631829,-0.8695659939764733,
GRSE.NS,2026-06-17 17:01:00,Hold,6.12,0.431,6.5,3.76,59.79,8,3,0.318,2026-06-17,1.497310416360964,-1.2666744397126672,
JINDALSTEL.NS,2026-06-23 12:44:14,Buy,6.12,-0.692,6.0,6.18,26.14,4,9,-0.188,2026-06-23,,,
SHRIRAMFIN.NS,2026-06-15 18:30:16,Hold,6.11,0.738,6.5,3.18,61.95,10,2,0.8,2026-06-15,0.20486561164769768,-0.7794981899583053,
BHEL.NS,2026-06-16 14:34:44,Hold,6.11,0.169,5.5,5.9,48.68,4,4,0.163,2026-06-16,7.847473435330765,4.073397553160718,
GARFIBRES.NS,2026-06-19 19:26:49,Hold,6.11,0.369,5.5,4.88,81.65,8,4,-0.18,2026-06-19,,,
SAKSOFT.NS,2026-06-26 00:05:40,Buy,6.11,-0.215,6.64,6.45,46.67,2,5,-0.602,2026-06-26,,,
MCX.NS,2026-06-11 03:00:31,Caution,6.11,-0.231,9.5,,37.97,4,6,2.397,2026-06-11,3.8361829438062767,1.381887925327474,1.9036958908237755
BHEL.NS,2026-06-15 18:30:16,Hold,6.11,0.169,5.5,5.9,47.87,4,4,0.157,2026-06-15,6.0206314288882234,7.483346856402551,
SWSOLAR.NS,2026-06-16 14:34:44,Hold,6.11,0.462,6.0,3.99,61.31,8,3,-1.14,2026-06-16,9.94537201002148,16.06201122910662,
MCX.NS,2026-06-25 12:39:49,Buy,6.11,-0.031,9.29,7.24,47.54,4,4,2.239,2026-06-25,,,
SWSOLAR.NS,2026-06-19 19:26:49,Hold,6.11,0.477,6.0,3.94,72.83,9,4,-1.067,2026-06-19,5.80965414059651,,
ICICIAMC.NS,2026-06-18 21:20:12,Hold,6.1,0.277,5.0,5.75,62.59,8,2,2.066,2026-06-18,,,
BOSCHLTD.NS,2026-06-15 12:17:13,Buy,6.1,0.708,4.0,5.47,65.63,9,2,0.123,2026-06-15,2.469925774251336,3.1481955464550904,
SBIN.NS,2026-06-16 09:18:15,Hold,6.1,0.646,4.5,4.34,62.93,8,3,0.257,2026-06-16,1.9501613346819324,0.8765846041476566,
ZEEL.NS,2026-06-16 17:36:25,Hold,6.1,0.754,4.0,4.23,64.49,8,2,-0.512,2026-06-16,1.9516126641770937,3.3006548146082615,
CMPDI.NS,2026-06-16 21:05:23,Hold,6.09,0.246,6.0,6.02,64.84,8,5,18.912,2026-06-16,-3.079187038476394,-2.0540840264549387,
ZEEL.NS,2026-06-17 19:49:59,Hold,6.09,0.754,4.0,4.21,62.7,8,2,-0.523,2026-06-17,5.255977734961337,5.010459284411772,
PRESTIGE.NS,2026-06-23 18:49:41,Hold,6.09,0.446,6.0,4.75,63.65,8,3,-0.562,2026-06-23,,,
NESTLEIND.NS,2026-06-16 21:05:23,Hold,6.09,-0.031,7.0,6.55,46.68,3,4,-0.045,2026-06-16,1.6598475581463212,0.03592728443937432,
SBIN.NS,2026-06-23 16:00:59,Buy,6.09,0.585,4.5,4.63,57.38,7,1,0.298,2026-06-23,,,
GRASIM.NS,2026-06-12 09:56:29,Buy,6.09,0.677,5.5,4.29,59.99,9,1,0.291,2026-06-12,1.4458187842134818,1.4168410883915739,
PRESTIGE.NS,2026-06-24 15:45:41,Buy,6.09,0.446,6.0,4.75,66.65,8,3,-0.54,2026-06-24,,,
BANKBARODA.NS,2026-06-11 03:00:31,Caution,6.08,0.492,4.0,,63.78,9,3,-0.077,2026-06-11,2.8961135363360535,5.754855584916241,4.316138837642947
CLEANMAX.NS,2026-06-11 03:41:41,Caution,6.08,0.292,5.5,,62.98,7,3,5.283,2026-06-11,1.1054081824741102,4.2892711064240086,
BHEL.NS,2026-06-11 03:00:31,Caution,6.08,0.292,5.5,,53.75,5,3,0.325,2026-06-11,3.6557449166803924,9.51031986522699,8.646976618998092
GRASIM.NS,2026-06-25 12:39:49,Buy,6.08,0.677,3.69,6.38,59.75,9,1,0.263,2026-06-25,,,
HFCL.NS,2026-06-20 17:20:26,Hold,6.08,1.0,2.0,5.67,73.5,11,2,0.471,2026-06-20,2.644893110168156,,
LTF.NS,2026-06-16 09:18:15,Hold,6.08,0.708,5.5,3.13,62.55,9,2,0.704,2026-06-16,-2.633814783347499,-2.6847897694084577,
DRREDDY.NS,2026-06-15 12:17:13,Buy,6.07,0.615,4.5,5.4,49.99,8,1,-0.096,2026-06-15,-0.9378663540445475,0.875338114253621,
SBC.NS,2026-06-19 19:26:49,Hold,6.07,0.877,5.0,3.68,81.01,10,3,1.247,2026-06-19,,,
RAIN.NS,2026-06-17 14:09:56,Hold,6.07,0.877,3.0,4.78,60.56,8,2,0.047,2026-06-17,,,
GRSE.NS,2026-06-20 23:01:14,Hold,6.07,0.262,6.5,4.48,57.88,6,5,0.357,2026-06-20,,,
MCX.NS,2026-06-26 13:29:24,Buy,6.06,-0.123,9.3,7.24,43.57,4,5,2.297,2026-06-26,,,
MARICO.NS,2026-06-11 03:41:41,Caution,6.06,0.554,3.5,,49.86,8,2,0.29,2026-06-11,-0.2898341910850588,1.2271845531369063,
HINDPETRO.NS,2026-06-15 18:30:16,Hold,6.06,0.092,6.5,5.27,58.17,6,3,0.109,2026-06-15,-0.012445610289646414,-2.0913715981903613,
SBIN.NS,2026-06-19 19:26:49,Hold,6.06,0.646,4.5,4.24,63.97,8,3,0.264,2026-06-19,-0.0483045127807058,,
SWSOLAR.NS,2026-06-20 17:20:26,Hold,6.05,0.477,6.0,3.75,72.83,9,4,-1.067,2026-06-20,,,
MCX.NS,2026-06-29 05:11:32,Buy,6.05,-0.123,9.3,7.24,43.57,4,5,2.297,2026-06-29,,,
GRASIM.NS,2026-06-26 15:57:27,Buy,6.05,0.585,3.73,6.37,56.51,8,3,0.211,2026-06-26,,,
COFORGE.NS,2026-06-29 05:11:32,Buy,6.05,0.092,7.16,6.37,61.86,5,5,0.355,2026-06-29,,,
LT.NS,2026-06-25 18:09:10,Hold,6.05,0.708,3.67,5.95,65.45,9,1,0.122,2026-06-25,,,
PACEDIGITK.NS,2026-06-25 15:49:45,Buy,6.05,0.108,6.23,5.17,57.79,5,4,-0.401,2026-06-25,,,
GMRAIRPORT.NS,2026-06-16 21:05:23,Hold,6.04,0.785,2.5,5.2,67.27,11,3,-0.053,2026-06-16,1.2277924552094976,-0.1302198743062366,
HAL.NS,2026-06-26 15:57:27,Buy,6.04,0.154,5.72,5.2,51.2,4,3,-0.459,2026-06-26,,,
COROMANDEL.NS,2026-06-16 17:36:25,Hold,6.04,0.292,5.5,5.08,68.2,8,5,0.326,2026-06-16,,,
HINDCOPPER.NS,2026-06-12 19:23:13,Buy,6.04,-0.108,7.5,6.36,39.59,4,5,0.362,2026-06-12,1.0196102366727855,0.22548899931065236,
ADANIPORTS.NS,2026-06-12 09:56:29,Buy,6.04,0.677,4.5,5.03,57.93,9,1,0.275,2026-06-12,0.8660130707951907,1.2355907172157732,
REDINGTON.NS,2026-06-21 08:59:27,Hold,6.04,0.6,5.0,4.97,75.97,10,4,0.232,2026-06-21,,,
SAIL.NS,2026-06-16 14:34:44,Hold,6.04,0.169,5.5,5.69,39.77,4,4,0.095,2026-06-16,-0.5193670439673781,-6.525229271750521,
SAIL.NS,2026-06-11 03:02:16,Caution,6.03,0.277,5.5,,42.78,7,4,0.163,2026-06-11,-0.20401142255310756,0.4411132824577946,-5.828191050201969
MARUTI.NS,2026-06-16 21:05:23,Hold,6.03,-0.046,7.0,5.46,62.54,6,4,-0.042,2026-06-16,-2.1620042363596492,-1.7529764078591747,
MARUTI.NS,2026-06-18 21:20:12,Hold,6.03,-0.077,7.0,5.62,55.79,5,3,-0.079,2026-06-18,-0.24473450014832476,1.935627410264007,
ADANIPORTS.NS,2026-06-21 16:27:16,Hold,6.03,0.615,3.0,5.68,61.18,9,4,0.224,2026-06-21,-1.707528021323823,,
KSCL.NS,2026-06-22 21:16:02,Hold,6.03,0.215,5.5,4.96,64.04,7,4,-0.222,2026-06-22,,,
GMRAIRPORT.NS,2026-06-15 18:30:16,Hold,6.03,0.769,2.5,5.24,66.04,10,2,-0.066,2026-06-15,3.647102246472489,1.4250858718153125,
SPAL.NS,2026-06-15 21:40:49,Hold,6.02,0.738,3.5,5.5,65.08,10,2,0.251,2026-06-15,,,
HINDZINC.NS,2026-06-19 14:13:36,Hold,6.02,-0.323,9.0,6.1,38.38,3,5,-0.232,2026-06-19,-3.832841106168683,,
ZENTEC.NS,2026-06-19 09:44:02,Hold,6.02,0.969,3.0,4.63,73.68,10,2,0.492,2026-06-19,,,
CANFINHOME.NS,2026-06-16 14:34:44,Hold,6.02,0.508,6.5,3.1,61.65,8,4,-0.217,2026-06-16,,,
ZEEL.NS,2026-06-11 03:41:41,Caution,6.02,0.738,2.0,,67.93,8,3,-0.571,2026-06-11,-0.23328354773906046,0.29609855548757835,-0.08075041754592727
CIPLA.NS,2026-06-22 21:16:02,Hold,6.02,0.185,5.0,5.43,61.97,8,3,-0.362,2026-06-22,1.7235307802239364,,
ZEEL.NS,2026-06-19 16:45:37,Hold,6.02,0.785,3.5,4.26,65.65,9,2,-0.452,2026-06-19,1.8701506132388301,,
GRASIM.NS,2026-06-29 05:11:32,Buy,6.02,0.585,3.73,6.37,56.51,8,3,0.211,2026-06-29,,,
LIQUIDPLUS.NS,2026-06-26 23:43:38,Buy,6.01,0.477,5.0,5.0,100.0,8,4,-3.955,2026-06-26,,,
HFCL.NS,2026-06-19 09:44:02,Hold,6.01,1.0,2.0,5.45,73.5,11,2,0.471,2026-06-19,-2.3090483869077416,,
TRENT.NS,2026-06-16 17:36:25,Hold,6.01,-0.031,6.5,5.77,60.59,6,3,-0.756,2026-06-16,10.628752667892183,8.458135460890205,
LIQUIDPLUS.NS,2026-06-29 05:11:32,Buy,6.01,0.477,5.0,5.0,100.0,8,4,-3.955,2026-06-29,,,
ATGL.NS,2026-06-15 12:17:13,Buy,6.01,0.877,4.0,4.36,56.01,8,2,-0.399,2026-06-15,0.5971790661574383,1.9165319112451007,
ZENTEC.NS,2026-06-18 13:53:16,Hold,6.01,1.0,3.0,4.61,72.44,11,2,0.432,2026-06-18,,,
UNIONBANK.NS,2026-06-18 16:36:14,Hold,6.01,0.646,4.5,4.08,61.88,9,2,0.19,2026-06-18,-0.5677947011834883,-0.8005839441354357,
MARUTI.NS,2026-06-17 14:09:56,Hold,6.01,-0.092,7.0,5.62,59.73,5,4,-0.057,2026-06-17,-1.5333822450476875,-2.802641232575198,
DATAPATTNS.NS,2026-06-24 15:45:41,Hold,6.0,1.0,5.5,5.97,57.68,9,1,0.358,2026-06-24,,,
MAZDOCK.NS,2026-06-24 18:01:34,Hold,6.0,-0.123,10.0,4.9,51.83,3,5,0.139,2026-06-24,,,
TORNTPHARM.NS,2026-06-23 12:44:14,Hold,6.0,0.554,3.5,5.41,56.95,8,2,0.957,2026-06-23,,,
DMART.NS,2026-06-24 15:45:41,Hold,6.0,0.677,5.0,5.34,59.58,8,3,-0.429,2026-06-24,,,
WOCKPHARMA.NS,2026-06-11 03:41:41,Caution,6.0,0.6,3.0,,58.15,6,2,1.368,2026-06-11,-0.23911516475176864,3.399516617311038,
TATACOMM.NS,2026-06-24 18:01:34,Hold,6.0,0.815,3.5,5.4,64.66,11,2,0.002,2026-06-24,,,
SHRIRAMFIN.NS,2026-06-24 18:01:34,Hold,6.0,0.769,8.0,4.63,63.97,10,0,0.795,2026-06-24,,,
NESTLEIND.NS,2026-06-23 18:49:41,Hold,6.0,-0.092,8.5,6.88,46.74,2,5,-0.023,2026-06-23,,,
LAURUSLABS.NS,2026-06-24 18:01:34,Hold,6.0,0.954,5.5,6.76,65.53,10,3,2.389,2026-06-24,,,
TORNTPHARM.NS,2026-06-24 13:07:02,Hold,6.0,0.554,3.5,5.51,56.61,8,2,0.953,2026-06-24,,,
CGPOWER.NS,2026-06-24 15:45:41,Hold,6.0,0.723,7.5,5.48,52.27,7,3,0.232,2026-06-24,,,
ADANIPORTS.NS,2026-06-17 17:01:00,Hold,6.0,0.708,3.0,5.03,60.87,10,1,0.223,2026-06-17,-0.07656263987502188,-0.8367016822752538,
SYRMA.NS,2026-06-23 18:49:41,Hold,6.0,1.0,5.0,6.0,79.12,12,1,1.242,2026-06-23,,,
PARAS.NS,2026-06-24 18:01:34,Hold,6.0,1.0,6.0,5.47,69.51,9,1,-0.168,2026-06-24,,,
POWERINDIA.NS,2026-06-24 18:01:34,Hold,6.0,0.169,8.5,6.19,45.06,3,6,1.316,2026-06-24,,,
ZENTEC.NS,2026-06-17 14:09:56,Hold,6.0,0.954,3.0,4.57,66.9,10,1,0.369,2026-06-17,4.026703349418148,,
WOCKPHARMA.NS,2026-06-23 18:49:41,Hold,6.0,0.569,6.5,5.32,61.76,6,3,1.412,2026-06-23,,,
BSE.NS,2026-06-24 15:45:41,Hold,6.0,0.108,10.0,6.14,44.8,2,5,2.126,2026-06-24,,,
IFCI.NS,2026-06-24 13:07:02,Hold,6.0,0.877,5.0,4.65,53.86,8,2,0.138,2026-06-24,,,
GVT&D.NS,2026-06-24 13:07:02,Hold,6.0,1.0,10.0,6.41,53.35,9,1,1.67,2026-06-24,,,
HFCL.NS,2026-06-24 13:07:02,Hold,6.0,1.0,4.5,5.45,66.42,9,1,0.535,2026-06-24,,,
HAL.NS,2026-06-29 05:11:32,Buy,6.0,0.154,5.72,5.2,51.2,4,3,-0.459,2026-06-29,,,
CDSL.NS,2026-06-23 12:44:14,Hold,6.0,0.231,5.5,5.1,67.74,6,4,0.249,2026-06-23,,,
ADANIGREEN.NS,2026-06-24 18:01:34,Hold,6.0,1.0,6.0,4.44,60.47,10,1,-0.307,2026-06-24,,,
APARINDS.NS,2026-06-24 18:01:34,Hold,6.0,1.0,4.5,6.11,75.69,10,3,0.741,2026-06-24,,,
WOCKPHARMA.NS,2026-06-24 15:45:41,Hold,6.0,0.569,6.5,5.27,57.79,6,3,1.373,2026-06-24,,,
CUMMINSIND.NS,2026-06-24 15:45:41,Hold,6.0,0.246,9.0,6.21,46.35,5,3,0.402,2026-06-24,,,
CUPID.NS,2026-06-24 15:45:41,Hold,6.0,0.877,7.5,6.21,85.93,9,5,4.262,2026-06-24,,,
MTARTECH.NS,2026-06-24 13:07:02,Hold,6.0,0.877,6.0,5.99,54.28,8,1,1.969,2026-06-24,,,
NEULANDLAB.NS,2026-06-24 15:45:41,Hold,6.0,0.8,10.0,5.21,67.86,10,3,1.155,2026-06-24,,,
SYRMA.NS,2026-06-24 13:07:02,Hold,6.0,0.985,5.0,5.99,80.32,10,2,1.262,2026-06-24,,,
GAIL.NS,2026-06-15 21:40:49,Hold,6.0,0.492,5.0,4.38,67.63,9,3,-0.506,2026-06-15,,,
NETWEB.NS,2026-06-24 18:01:34,Hold,6.0,1.0,7.0,5.51,63.59,10,1,0.608,2026-06-24,,,
TITAN.NS,2026-06-23 18:49:41,Hold,6.0,0.677,7.0,5.15,54.49,8,1,0.274,2026-06-23,,,
BHEL.NS,2026-06-24 13:07:02,Hold,6.0,0.692,6.0,6.36,55.74,8,1,0.296,2026-06-24,,,
BHARATFORG.NS,2026-06-24 13:07:02,Hold,6.0,0.954,3.0,5.33,73.11,10,3,0.168,2026-06-24,,,
NEULANDLAB.NS,2026-06-23 18:49:41,Hold,6.0,0.862,10.0,5.23,68.49,11,2,1.16,2026-06-23,,,
SANSERA.NS,2026-06-24 13:07:02,Hold,6.0,0.969,8.5,6.39,71.49,10,2,1.417,2026-06-24,,,
SOLARINDS.NS,2026-06-24 13:07:02,Hold,6.0,0.569,9.5,5.68,54.74,7,2,0.824,2026-06-24,,,
GMRAIRPORT.NS,2026-06-24 18:01:34,Hold,6.0,0.769,4.5,5.01,63.02,10,1,-0.027,2026-06-24,,,
APOLLO.NS,2026-06-24 15:45:41,Hold,6.0,0.892,7.5,4.79,49.92,9,2,1.457,2026-06-24,,,
DIVISLAB.NS,2026-06-17 14:09:56,Hold,6.0,0.523,4.0,6.11,51.03,7,1,0.601,2026-06-17,1.6958055076161216,,
NESTLEIND.NS,2026-06-24 15:45:41,Hold,6.0,-0.092,8.5,6.85,44.26,2,5,-0.043,2026-06-24,,,
DMART.NS,2026-06-23 18:49:41,Hold,6.0,0.738,5.0,5.37,65.05,9,2,-0.406,2026-06-23,,,
DELHIVERY.NS,2026-06-24 18:01:34,Hold,6.0,0.8,2.0,5.58,65.16,11,2,0.136,2026-06-24,,,
APARINDS.NS,2026-06-23 18:49:41,Hold,6.0,1.0,4.5,6.1,75.63,11,2,0.742,2026-06-23,,,
TITAN.NS,2026-06-24 13:07:02,Hold,6.0,0.677,7.0,5.15,54.08,8,1,0.27,2026-06-24,,,
LT.NS,2026-06-29 05:11:32,Buy,6.0,0.708,3.67,5.95,65.45,9,1,0.114,2026-06-29,,,
HAL.NS,2026-06-25 18:09:10,Hold,6.0,0.154,5.72,5.2,51.2,4,3,-0.482,2026-06-25,,,
APOLLOHOSP.NS,2026-06-24 18:01:34,Hold,6.0,0.708,5.5,6.71,66.88,10,1,0.534,2026-06-24,,,
TDPOWERSYS.NS,2026-06-24 18:01:34,Hold,6.0,0.415,8.0,6.07,52.17,5,4,1.731,2026-06-24,,,
TRENT.NS,2026-06-24 18:01:34,Hold,6.0,0.262,8.0,4.81,73.01,8,4,-0.657,2026-06-24,,,
SANSTAR.NS,2026-06-24 18:01:34,Hold,6.0,1.0,8.0,6.18,66.15,11,2,-0.022,2026-06-24,,,
TATASTEEL.NS,2026-06-20 17:20:26,Hold,5.99,-0.154,7.0,6.89,44.75,3,6,0.076,2026-06-20,-5.156553472327352,,
SONATSOFTW.NS,2026-06-17 19:49:59,Hold,5.99,0.246,7.0,4.89,67.82,7,5,-0.673,2026-06-17,,,
UNIONBANK.NS,2026-06-17 19:49:59,Hold,5.99,0.615,4.5,4.18,59.01,8,2,0.168,2026-06-17,1.6517957508992875,0.621583787657376,
ZENTEC.NS,2026-06-21 08:59:27,Hold,5.99,1.0,3.0,4.55,74.26,11,2,0.501,2026-06-21,,,
TORNTPHARM.NS,2026-06-15 18:30:16,Hold,5.99,0.585,2.5,6.04,56.28,8,3,0.914,2026-06-15,-1.2988454706927222,-1.0435168738898715,
TRENT.NS,2026-06-17 14:09:56,Hold,5.99,-0.015,6.5,5.62,68.99,7,4,-0.711,2026-06-17,2.5074141937540873,4.647413591034866,
TATACOMM.NS,2026-06-16 17:36:25,Hold,5.98,0.877,2.0,5.37,56.15,8,2,-0.131,2026-06-16,4.874828032897183,6.688828311494821,
POWERGRID.NS,2026-06-23 16:00:59,Hold,5.98,0.0,4.0,5.58,50.03,4,4,-0.43,2026-06-23,,,
FORTIS.NS,2026-06-18 16:36:14,Hold,5.98,0.338,5.5,5.68,49.88,5,3,1.13,2026-06-18,,,
COFORGE.NS,2026-06-25 18:09:10,Hold,5.98,0.092,7.16,6.37,61.86,5,5,0.347,2026-06-25,,,
TARIL.NS,2026-06-21 08:59:27,Hold,5.98,0.492,6.0,4.48,68.87,9,3,-0.178,2026-06-21,,,
YESBANK.NS,2026-06-20 23:01:14,Hold,5.98,0.877,2.5,4.94,72.67,11,3,-0.1,2026-06-20,-0.36056990601111005,,
ADANIENSOL.NS,2026-06-23 16:00:59,Hold,5.98,0.754,2.5,4.84,53.18,7,2,0.325,2026-06-23,,,
YESBANK.NS,2026-06-21 08:59:27,Hold,5.98,0.877,2.5,4.94,72.67,11,3,-0.1,2026-06-21,-0.36056990601111005,,
MCLOUD.NS,2026-06-18 21:20:12,Hold,5.98,0.185,6.5,4.58,69.83,7,4,-0.771,2026-06-18,,,
UNIONBANK.NS,2026-06-19 14:13:36,Hold,5.97,0.6,4.5,4.2,61.33,8,3,0.185,2026-06-19,-0.5291264820477037,,
GMRAIRPORT.NS,2026-06-22 09:19:59,Hold,5.97,0.723,3.5,5.08,66.65,9,2,-0.008,2026-06-22,0.24034214780643826,,
ZENTEC.NS,2026-06-20 17:20:26,Hold,5.97,1.0,3.0,4.49,74.26,11,2,0.501,2026-06-20,,,
SAIL.NS,2026-06-15 21:40:49,Hold,5.97,0.169,5.5,5.48,40.96,4,4,0.106,2026-06-15,-0.1917653034138156,-4.197024072034261,
LIQUIDBEES.NS,2026-06-15 12:17:13,Buy,5.97,0.554,5.0,5.0,52.72,9,2,-3.387,2026-06-15,0.0,0.001000986582133656,
TMCV.NS,2026-06-15 18:30:16,Hold,5.96,0.308,5.0,5.2,62.68,8,4,0.946,2026-06-15,0.11066937597108417,0.43039841951071356,
GMRAIRPORT.NS,2026-06-17 14:09:56,Hold,5.96,0.769,2.5,5.04,69.48,10,2,-0.027,2026-06-17,-1.0428095433871576,-1.143432129060995,
NIITLTD.NS,2026-06-17 14:09:56,Hold,5.96,0.769,3.5,5.19,69.49,9,3,-0.109,2026-06-17,,,
HINDZINC.NS,2026-06-15 18:30:16,Hold,5.96,-0.092,7.5,6.06,37.49,4,5,-0.255,2026-06-15,1.3478827614022748,1.6582490069947164,
ICICIAMC.NS,2026-06-20 23:01:14,Hold,5.96,0.138,5.0,6.05,62.33,6,4,2.042,2026-06-20,,,
ICICIAMC.NS,2026-06-19 09:44:02,Hold,5.96,0.185,5.0,5.81,58.29,6,2,1.905,2026-06-19,,,
TITAN.NS,2026-06-12 19:07:14,Buy,5.95,0.154,6.5,5.67,51.53,6,3,0.224,2026-06-12,4.696462715105154,5.638142981447181,
TRENT.NS,2026-06-23 10:41:23,Hold,5.95,0.031,7.0,4.82,73.38,5,6,-0.671,2026-06-23,,,
ADANIPORTS.NS,2026-06-23 12:44:14,Hold,5.95,0.615,3.0,4.91,51.62,8,2,0.167,2026-06-23,,,
HINDZINC.NS,2026-06-12 09:56:29,Hold,5.95,-0.108,7.5,6.1,34.38,4,5,-0.352,2026-06-12,2.259325384410271,0.651895556305071,
NLCINDIA.NS,2026-06-19 09:44:02,Hold,5.95,0.215,5.5,5.2,49.17,5,2,0.327,2026-06-19,,,
APOLLOTYRE.NS,2026-06-17 19:49:59,Hold,5.95,-0.015,7.0,6.07,65.62,7,4,-0.389,2026-06-17,,,
ZEEL.NS,2026-06-18 21:20:12,Hold,5.95,0.754,3.5,4.23,64.28,8,2,-0.506,2026-06-18,2.7554140854268327,-0.37573642291280906,
ASHOKLEY.NS,2026-06-16 17:36:25,Hold,5.95,0.185,7.0,4.07,56.79,6,2,0.359,2026-06-16,-1.1608809702779999,-4.441636142670546,
GMRAIRPORT.NS,2026-06-21 14:25:52,Hold,5.94,0.708,3.5,5.08,66.09,9,3,-0.033,2026-06-21,0.24034214780643826,,
GAIL.NS,2026-06-16 09:18:15,Hold,5.94,0.462,5.0,4.37,68.63,8,3,-0.498,2026-06-16,,,
SONATSOFTW.NS,2026-06-16 17:36:25,Hold,5.94,0.246,7.0,4.73,71.58,8,5,-0.658,2026-06-16,-4.449801157756028,,
BPCL.NS,2026-06-20 17:20:26,Hold,5.94,-0.108,8.0,5.65,53.97,5,4,-0.026,2026-06-20,0.37264869531423717,,
FORTIS.NS,2026-06-17 19:49:59,Hold,5.93,0.308,5.5,5.7,46.1,5,4,1.11,2026-06-17,,,
NATIONALUM.NS,2026-06-15 21:40:49,Hold,5.92,-0.108,6.5,5.88,41.04,4,5,1.09,2026-06-15,-3.818492446829691,-1.1507764682219257,
CHAMBLFERT.NS,2026-06-11 03:02:16,Caution,5.92,-0.092,8.0,,48.64,3,4,-0.031,2026-06-11,5.308405943483785,,
VINCOFE.NS,2026-06-12 11:40:46,Hold,5.92,0.523,6.0,4.15,69.9,9,1,0.054,2026-06-12,,,
HFCL.NS,2026-06-21 08:59:27,Hold,5.92,1.0,2.0,5.21,73.5,11,2,0.471,2026-06-21,2.644893110168156,,
ADANIENSOL.NS,2026-06-20 17:20:26,Hold,5.92,0.938,2.0,5.2,56.68,9,1,0.35,2026-06-20,,,
RBA.NS,2026-06-22 14:56:14,Hold,5.91,0.492,4.0,5.41,88.13,9,4,-0.618,2026-06-22,,,
SWSOLAR.NS,2026-06-22 14:56:14,Hold,5.91,0.477,6.0,4.43,75.47,9,4,-1.044,2026-06-22,,,
CMPDI.NS,2026-06-23 16:00:59,Hold,5.91,0.031,8.0,4.71,60.7,7,4,13.932,2026-06-23,,,
ASTRAL.NS,2026-06-16 14:34:44,Hold,5.91,0.431,4.0,6.31,55.58,7,1,-0.825,2026-06-16,,,
ZENTEC.NS,2026-06-16 21:05:23,Hold,5.91,0.754,3.0,4.54,65.99,10,1,0.36,2026-06-16,7.672402683690915,,
GRSE.NS,2026-06-19 09:44:02,Hold,5.9,0.292,6.5,3.82,60.44,6,4,0.37,2026-06-19,-0.5574848080634909,,
HINDZINC.NS,2026-06-16 09:18:15,Hold,5.9,-0.123,7.5,6.03,37.43,3,5,-0.256,2026-06-16,-0.13290803051996258,-3.1011873787990307,
CDSL.NS,2026-06-24 15:45:41,Hold,5.89,0.046,5.5,5.13,62.34,6,3,0.225,2026-06-24,,,
KALYANKJIL.NS,2026-06-15 21:40:49,Hold,5.89,-0.231,8.5,4.7,57.73,5,5,-0.25,2026-06-15,,,
ICICIBANK.NS,2026-06-22 21:16:02,Hold,5.89,0.538,2.5,5.36,67.61,8,3,0.109,2026-06-22,2.595384128386491,,
MARICO.NS,2026-06-12 09:56:29,Hold,5.89,0.462,3.5,6.53,48.21,7,2,0.376,2026-06-12,-1.7154005252876137,-0.24418534030984373,
ICICIBANK.NS,2026-06-23 10:41:23,Hold,5.89,0.538,2.5,5.3,70.0,8,3,0.135,2026-06-23,,,
COFORGE.NS,2026-06-12 11:50:01,Hold,5.89,-0.077,8.0,5.36,52.26,4,4,0.289,2026-06-12,7.204505816107742,7.028971700436304,
LGEINDIA.NS,2026-06-22 14:56:14,Hold,5.89,0.108,5.0,5.58,59.91,5,4,-0.484,2026-06-22,,,
TATASTEEL.NS,2026-06-19 19:26:49,Hold,5.89,-0.154,7.0,6.6,44.75,3,6,0.076,2026-06-19,-4.423000982510761,,
REDINGTON.NS,2026-06-20 23:01:14,Hold,5.89,0.6,4.5,4.97,75.97,10,4,0.232,2026-06-20,,,
HDBFS.NS,2026-06-22 09:19:59,Hold,5.88,0.462,6.5,4.26,69.61,8,3,-0.777,2026-06-22,,,
M&M.NS,2026-06-25 15:49:45,Buy,5.88,-0.154,5.69,6.35,59.15,5,5,-0.036,2026-06-25,,,
REDINGTON.NS,2026-06-19 14:13:36,Hold,5.88,0.615,5.0,4.43,76.67,10,3,0.244,2026-06-19,,,
TARIL.NS,2026-06-22 09:19:59,Hold,5.88,0.462,6.5,4.56,69.2,8,3,-0.148,2026-06-22,,,
AEGISLOG.NS,2026-06-26 00:05:40,Buy,5.87,0.646,5.69,7.35,84.8,8,4,0.175,2026-06-26,,,
FORCEMOT.NS,2026-06-26 13:29:24,Buy,5.87,-0.092,7.02,5.77,47.29,5,4,0.709,2026-06-26,,,
LTM.NS,2026-06-22 09:19:59,Hold,5.87,-0.877,9.0,5.83,41.61,0,8,-0.613,2026-06-22,,,
CDSL.NS,2026-06-22 21:16:02,Hold,5.87,0.123,5.5,5.08,73.02,7,5,0.27,2026-06-22,,,
MSUMI.NS,2026-06-26 18:03:02,Buy,5.86,0.185,6.31,6.04,64.92,7,4,-0.532,2026-06-26,,,
REDINGTON.NS,2026-06-18 16:36:14,Hold,5.86,0.615,5.0,4.37,73.28,10,3,0.182,2026-06-18,,,
INDHOTEL.NS,2026-06-16 14:34:44,Hold,5.86,0.462,3.0,5.86,64.47,8,3,-0.014,2026-06-16,4.3706826210782035,4.734242543618095,
MSUMI.NS,2026-06-25 18:09:10,Hold,5.86,0.185,6.31,6.04,64.92,7,4,-0.536,2026-06-25,,,
NACLIND.NS,2026-06-22 21:16:02,Hold,5.86,0.692,5.0,4.88,77.77,9,3,1.015,2026-06-22,,,
HINDUNILVR.NS,2026-06-22 14:56:14,Hold,5.86,-0.754,6.5,6.67,50.85,1,7,-0.532,2026-06-22,0.5224489961777712,,
CREDITACC.NS,2026-06-24 18:01:34,Hold,5.86,0.738,6.5,3.9,66.27,10,2,-0.095,2026-06-24,,,
MSUMI.NS,2026-06-29 05:11:32,Buy,5.86,0.185,6.31,6.04,64.92,7,4,-0.532,2026-06-29,,,
HFCL.NS,2026-06-12 09:56:29,Hold,5.85,0.477,5.0,5.04,57.43,5,3,0.381,2026-06-12,10.630748404268587,21.96555327937444,
TECHM.NS,2026-06-22 21:16:02,Hold,5.85,-0.631,7.0,6.07,46.86,2,6,-0.09,2026-06-22,0.1323874358071908,,
PIDILITIND.NS,2026-06-26 05:25:13,Buy,5.85,0.862,6.46,7.46,70.96,10,1,-0.281,2026-06-26,,,
MGL.NS,2026-06-16 14:34:44,Hold,5.85,0.492,3.5,5.26,67.23,9,3,-0.419,2026-06-16,,,
ULTRACEMCO.NS,2026-06-21 14:25:52,Hold,5.85,-0.631,7.0,6.19,51.24,2,6,-0.18,2026-06-21,0.7630240308717839,,
ETERNAL.NS,2026-06-23 16:00:59,Hold,5.85,-0.092,5.0,5.52,56.55,5,4,0.202,2026-06-23,,,
BHEL.NS,2026-06-12 09:56:29,Hold,5.85,0.2,5.5,5.99,44.11,6,4,0.181,2026-06-12,3.5643564356435675,9.399341545482676,
NLCINDIA.NS,2026-06-18 21:20:12,Hold,5.84,0.154,5.5,5.21,48.41,6,3,0.326,2026-06-18,1.050191164937253,,
TORNTPHARM.NS,2026-06-12 11:50:01,Hold,5.84,0.646,3.0,5.89,64.7,9,3,0.982,2026-06-12,-2.808898869856258,-3.093288077166212,
FORCEMOT.NS,2026-06-29 05:11:32,Buy,5.84,-0.092,7.02,5.77,47.29,5,4,0.709,2026-06-29,,,
WOCKPHARMA.NS,2026-06-19 14:13:36,Hold,5.84,0.631,3.0,4.96,61.27,7,2,1.451,2026-06-19,-2.128184937466504,,
DIXON.NS,2026-06-16 09:18:15,Hold,5.84,0.154,5.5,5.19,62.21,6,4,-0.107,2026-06-16,2.3048630976706175,-2.476501838986511,
LIQUIDPLUS.NS,2026-06-25 18:09:10,Hold,5.84,0.554,5.0,5.0,100.0,10,4,-3.898,2026-06-25,,,
LTM.NS,2026-06-21 14:25:52,Hold,5.84,-0.892,9.0,5.89,39.95,1,9,-0.596,2026-06-21,,,
TATASTEEL.NS,2026-06-15 21:40:49,Hold,5.84,-0.123,7.0,6.3,40.27,3,5,0.049,2026-06-15,1.6423385610361718,0.8566516889007669,
AMAGI.NS,2026-06-18 16:36:14,Hold,5.84,0.508,4.5,5.28,78.79,9,5,3.168,2026-06-18,,,
SBIN.NS,2026-06-24 18:01:34,Hold,5.84,0.585,4.5,4.63,60.71,7,1,0.323,2026-06-24,,,
CCL.NS,2026-06-11 03:00:31,Caution,5.83,0.677,2.0,,60.18,9,3,0.868,2026-06-11,,,
UNITDSPR.NS,2026-06-19 09:44:02,Hold,5.83,-0.046,6.0,5.75,63.25,6,4,-0.125,2026-06-19,2.923133327219807,,
TRENT.NS,2026-06-15 21:40:49,Hold,5.83,-0.138,6.5,5.78,60.94,6,5,-0.755,2026-06-15,9.603248565628641,9.63427632937599,
MARUTI.NS,2026-06-19 19:26:49,Hold,5.83,-0.108,6.5,5.63,53.08,5,4,-0.034,2026-06-19,-1.0974244120940613,,
KEI.NS,2026-06-26 00:05:40,Buy,5.83,0.646,4.35,6.86,53.42,8,2,0.09,2026-06-26,,,
ICICIBANK.NS,2026-06-24 13:07:02,Hold,5.83,0.6,2.5,5.29,68.25,9,2,0.143,2026-06-24,,,
SPAL.NS,2026-06-16 09:18:15,Hold,5.83,0.723,3.0,5.48,62.3,9,1,0.237,2026-06-16,,,
ATGL.NS,2026-06-12 19:07:14,Buy,5.83,0.785,4.0,4.32,55.72,7,2,-0.412,2026-06-12,-3.5483837454958866,-0.1647237072108787,
IOC.NS,2026-06-18 16:36:14,Hold,5.83,-0.015,6.0,5.6,59.18,6,2,-0.327,2026-06-18,-2.0121842646806165,-1.5194040184993596,
KALYANKJIL.NS,2026-06-17 14:09:56,Hold,5.83,-0.262,8.5,4.68,56.93,4,5,-0.253,2026-06-17,,,
KALYANKJIL.NS,2026-06-16 21:05:23,Hold,5.83,-0.262,8.5,4.68,55.83,4,5,-0.262,2026-06-16,,,
PETRONET.NS,2026-06-12 11:50:01,Hold,5.83,-0.185,8.5,5.29,49.03,3,5,-0.407,2026-06-12,,,
PVTBANIETF.NS,2026-06-15 18:30:16,Hold,5.83,0.477,5.0,5.0,70.09,9,4,-0.025,2026-06-15,,,
HDBFS.NS,2026-06-19 19:26:49,Hold,5.83,0.492,6.0,3.06,67.68,9,3,-0.823,2026-06-19,,,
ADANIENSOL.NS,2026-06-21 08:59:27,Hold,5.83,0.938,2.0,4.94,56.68,9,1,0.35,2026-06-21,,,
HONAUT.NS,2026-06-16 17:36:25,Hold,5.82,0.815,1.5,5.33,65.6,9,1,-0.959,2026-06-16,,,
FORCEMOT.NS,2026-06-25 18:09:10,Hold,5.82,-0.092,7.02,5.78,47.29,5,4,0.699,2026-06-25,,,
YESBANK.NS,2026-06-19 19:26:49,Hold,5.81,0.877,2.5,4.44,72.67,11,3,-0.1,2026-06-19,-1.8496627948715205,,
INDHOTEL.NS,2026-06-15 12:17:13,Hold,5.81,0.462,4.0,5.86,64.45,8,3,-0.013,2026-06-15,2.986156984085775,6.254982830757094,
DIXON.NS,2026-06-18 13:53:16,Hold,5.81,0.138,5.5,5.2,68.56,6,5,-0.037,2026-06-18,-5.795041844307591,-5.155534501815884,
SUBROS.NS,2026-06-22 21:16:02,Hold,5.81,0.492,5.5,4.9,73.72,9,3,0.13,2026-06-22,,,
SCI.NS,2026-06-16 09:18:15,Hold,5.81,0.631,6.0,3.29,56.26,7,1,0.035,2026-06-16,1.1503524701091505,3.888528763014598,
IRCTC.NS,2026-06-16 17:36:25,Hold,5.8,-0.569,9.0,5.71,47.57,3,5,-1.472,2026-06-16,,,
OLAELEC.NS,2026-06-11 03:02:57,Caution,5.8,0.8,1.0,,73.81,10,4,-0.558,2026-06-11,-5.4238058213585845,-7.180501519596438,-8.212563907067471
NELCO.NS,2026-06-22 14:56:14,Hold,5.8,0.631,4.0,4.64,82.73,8,5,0.029,2026-06-22,,,
IOC.NS,2026-06-17 19:49:59,Hold,5.8,-0.031,6.0,5.59,58.18,6,3,-0.336,2026-06-17,-0.7151652449648438,0.6051470869846476,
DOMS.NS,2026-06-17 17:01:00,Hold,5.79,0.015,5.0,6.17,62.13,7,2,0.059,2026-06-17,,,
WOCKPHARMA.NS,2026-06-18 13:53:16,Hold,5.79,0.631,3.0,4.81,64.39,7,2,1.51,2026-06-18,1.0657587855709583,,
CHOLAFIN.NS,2026-06-15 21:40:49,Hold,5.79,0.492,6.0,2.94,62.83,9,3,0.012,2026-06-15,2.134739317204981,3.9429169209490578,
CDSL.NS,2026-06-18 16:36:14,Hold,5.79,0.123,5.5,5.2,70.78,7,5,0.217,2026-06-18,0.051832876127111405,,
CHOLAFIN.NS,2026-06-16 21:05:23,Hold,5.79,0.492,6.0,2.93,64.87,9,3,0.038,2026-06-16,0.7736253160632423,2.7076886062213257,
ADANIENSOL.NS,2026-06-24 15:45:41,Hold,5.79,0.754,2.5,4.86,53.48,7,2,0.327,2026-06-24,,,
WOCKPHARMA.NS,2026-06-17 17:01:00,Hold,5.79,0.631,3.0,4.82,63.49,7,2,1.497,2026-06-17,-0.43998537666728454,-2.6942850842609833,
ICICIBANK.NS,2026-06-26 05:25:13,Buy,5.79,0.631,3.61,6.03,68.96,10,2,0.084,2026-06-26,,,
ULTRACEMCO.NS,2026-06-24 15:45:41,Hold,5.79,-0.692,6.0,6.38,53.15,2,6,-0.125,2026-06-24,,,
JINDALSTEL.NS,2026-06-24 15:45:41,Hold,5.79,-0.631,6.0,6.16,28.34,5,8,-0.186,2026-06-24,,,
ETERNAL.NS,2026-06-15 18:30:16,Hold,5.79,0.092,5.0,5.79,53.67,6,3,0.241,2026-06-15,2.59920150514632,4.623013450985858,
ADANIPORTS.NS,2026-06-20 17:20:26,Hold,5.79,0.615,2.5,5.32,61.18,9,4,0.224,2026-06-20,-1.707528021323823,,
ABCAPITAL.NS,2026-06-19 19:26:49,Hold,5.79,0.831,4.5,2.67,61.51,11,0,0.596,2026-06-19,5.027931418825471,,
ULTRACEMCO.NS,2026-06-22 09:19:59,Hold,5.79,-0.662,7.0,6.2,51.66,1,6,-0.134,2026-06-22,0.7630240308717839,,
ADANIPORTS.NS,2026-06-19 09:44:02,Hold,5.78,0.662,2.5,5.06,61.52,9,2,0.226,2026-06-19,-1.198714074793783,,
ABCAPITAL.NS,2026-06-16 14:34:44,Hold,5.78,0.769,4.5,2.8,60.62,10,2,0.597,2026-06-16,0.5617994039846641,2.6618546099423934,
JBMA.NS,2026-06-20 17:20:26,Hold,5.77,0.738,3.0,4.21,66.89,10,2,-0.467,2026-06-20,,,
CDSL.NS,2026-06-19 19:26:49,Hold,5.77,0.108,5.5,5.24,72.86,7,6,0.253,2026-06-19,-2.8169084347081985,,
TATASTEEL.NS,2026-06-18 16:36:14,Hold,5.77,-0.123,6.5,6.54,47.2,3,5,0.08,2026-06-18,-3.4709787380665102,-5.889685471254358,
BLUEJET.NS,2026-06-12 09:56:29,Hold,5.77,0.277,6.5,4.54,64.4,7,4,0.173,2026-06-12,,,
TORNTPHARM.NS,2026-06-20 17:20:26,Hold,5.77,0.308,3.0,6.39,50.37,5,4,0.861,2026-06-20,,,
ADANIPORTS.NS,2026-06-18 13:53:16,Hold,5.77,0.662,2.5,5.03,61.5,9,2,0.226,2026-06-18,-3.1540077279169965,-2.502577286624952,
HINDCOPPER.NS,2026-06-25 15:49:45,Buy,5.77,-0.292,8.65,7.37,34.54,3,7,0.337,2026-06-25,,,
JBMA.NS,2026-06-19 19:26:49,Hold,5.76,0.738,3.0,4.18,66.89,10,2,-0.467,2026-06-19,,,
SOLARINDS.NS,2026-06-15 12:17:13,Hold,5.76,0.308,5.0,5.62,50.44,6,3,0.768,2026-06-15,2.8187764079411926,6.737280777912824,
HAL.NS,2026-06-17 14:09:56,Hold,5.76,0.215,5.0,6.08,57.12,7,2,-0.513,2026-06-17,1.2263242980047107,-2.0535836264152008,
ARVSMART.NS,2026-06-16 21:05:23,Hold,5.76,0.369,6.0,4.48,55.34,7,1,-0.296,2026-06-16,,,
RECLTD.NS,2026-06-23 12:44:14,Hold,5.76,0.646,4.5,4.15,60.33,8,3,-0.569,2026-06-23,,,
PAGEIND.NS,2026-06-26 00:05:40,Buy,5.75,0.862,5.52,7.13,66.23,11,2,-0.171,2026-06-26,,,
INDUSTOWER.NS,2026-06-22 09:19:59,Hold,5.75,0.0,3.5,6.31,43.09,6,4,0.133,2026-06-22,-4.8016464432958035,,
EPACKPEB.NS,2026-06-15 12:17:13,Hold,5.75,0.231,5.5,5.57,74.59,8,6,0.722,2026-06-15,,,
TMCV.NS,2026-06-23 12:44:14,Hold,5.75,0.154,4.0,5.49,59.28,5,3,0.89,2026-06-23,,,
POWERGRID.NS,2026-06-22 21:16:02,Hold,5.75,0.0,4.0,5.59,46.69,4,4,-0.446,2026-06-22,-2.0189839874083293,,
OIL.NS,2026-06-11 03:00:31,Caution,5.74,0.246,5.0,,44.17,5,4,0.134,2026-06-11,-2.259231878220258,-2.0379643357662847,-5.252129495745272
CMPDI.NS,2026-06-22 21:16:02,Hold,5.74,0.108,8.0,4.72,60.62,8,2,14.374,2026-06-22,-1.6599465960483784,,
DRREDDY.NS,2026-06-16 17:36:25,Hold,5.74,0.4,3.5,5.41,45.84,6,2,-0.118,2026-06-16,-0.37591422479043013,1.9108797828756519,
NHPC.NS,2026-06-22 21:16:02,Hold,5.74,-0.092,8.0,4.83,56.14,5,4,-0.563,2026-06-22,1.5085659508574212,,
JINDALSAW.NS,2026-06-16 17:36:25,Hold,5.74,0.538,3.0,5.13,57.15,7,2,-0.248,2026-06-16,,,
ETERNAL.NS,2026-06-17 17:01:00,Hold,5.73,0.0,5.0,6.08,58.22,7,3,0.278,2026-06-17,2.031733794120427,-0.7933389479064745,
JINDALSTEL.NS,2026-06-26 00:05:40,Buy,5.73,-0.431,5.0,7.4,28.34,5,8,-0.174,2026-06-26,,,
DIXON.NS,2026-06-17 17:01:00,Hold,5.73,0.123,5.5,5.05,71.4,7,5,-0.024,2026-06-17,-3.8728278656588455,-5.820930413776981,
ADANIENT.NS,2026-06-19 09:44:02,Hold,5.73,0.969,2.5,4.23,69.41,10,3,-0.265,2026-06-19,1.030149086168053,,
BIOCON.NS,2026-06-24 13:07:02,Hold,5.73,0.677,1.0,5.1,58.61,9,1,0.155,2026-06-24,,,
ADANIENT.NS,2026-06-18 21:20:12,Hold,5.72,1.0,2.5,4.19,67.73,10,1,-0.295,2026-06-18,-1.6758479337814491,0.8163568876841332,
PAGEIND.NS,2026-06-25 18:09:10,Hold,5.72,0.862,5.52,7.14,66.54,11,2,-0.168,2026-06-25,,,
ARVSMART.NS,2026-06-17 14:09:56,Hold,5.72,0.431,5.5,4.49,60.0,7,1,-0.268,2026-06-17,,,
TECHM.NS,2026-06-23 12:44:14,Hold,5.72,-0.862,7.0,6.1,43.21,1,8,-0.126,2026-06-23,,,
BOSCHLTD.NS,2026-06-12 19:07:14,Buy,5.72,0.492,4.0,5.46,64.12,9,3,0.23,2026-06-12,0.4352278545826982,2.9057859703020883,
CDSL.NS,2026-06-20 17:20:26,Hold,5.72,0.108,5.5,5.1,72.86,7,6,0.253,2026-06-20,,,
CANBK.NS,2026-06-17 14:09:56,Hold,5.71,0.492,4.5,3.98,59.82,9,3,0.088,2026-06-17,-0.3105576396671639,-3.7636878068131763,
BEL.NS,2026-06-16 14:34:44,Hold,5.71,-0.369,7.0,6.15,42.11,3,6,0.268,2026-06-16,4.747885335073354,3.054842983667494,
ADANIENSOL.NS,2026-06-19 14:13:36,Hold,5.71,0.938,2.0,4.6,56.68,9,1,0.35,2026-06-19,-0.7629029994523306,,
ADANIENT.NS,2026-06-16 17:36:25,Hold,5.71,0.938,2.5,4.17,62.91,9,2,-0.325,2026-06-16,3.220539527872046,0.6556530794677773,
ZEEL.NS,2026-06-12 11:40:46,Hold,5.71,0.738,4.0,4.2,67.91,8,3,-0.54,2026-06-12,-2.3356991909928126,0.6749575013583531,
LENSKART.NS,2026-06-24 18:01:34,Hold,5.71,0.185,3.0,5.5,56.91,6,2,1.109,2026-06-24,,,
CHOLAFIN.NS,2026-06-17 14:09:56,Hold,5.71,0.446,6.0,2.93,64.94,8,4,0.038,2026-06-17,2.358271725092287,6.771086025987483,
MAXHEALTH.NS,2026-06-24 13:07:02,Hold,5.71,0.415,3.0,5.3,64.48,7,3,0.105,2026-06-24,,,
ETERNAL.NS,2026-06-24 15:45:41,Hold,5.71,-0.077,5.0,5.49,53.94,5,3,0.186,2026-06-24,,,
ETERNAL.NS,2026-06-19 09:44:02,Hold,5.71,-0.015,5.0,6.11,55.75,6,2,0.187,2026-06-19,-3.007938727443493,,
MARUTI.NS,2026-06-12 11:40:46,Hold,5.7,-0.262,8.0,5.74,51.51,4,4,-0.183,2026-06-12,1.9751608559030354,0.2169684273529926,
SBIN.NS,2026-06-12 19:07:14,Hold,5.7,0.615,4.5,4.34,61.49,8,2,0.262,2026-06-12,0.9192326954249985,1.7647299553686935,
SUBROS.NS,2026-06-24 15:45:41,Hold,5.7,0.108,5.5,5.07,63.87,5,4,0.085,2026-06-24,,,
ADANIENSOL.NS,2026-06-18 21:20:12,Hold,5.7,0.938,2.0,4.57,59.42,9,1,0.339,2026-06-18,-1.943156089243303,,
ADANIENSOL.NS,2026-06-15 21:40:49,Hold,5.7,0.877,2.0,4.57,55.48,8,2,0.314,2026-06-15,2.1047003083463744,3.1838594559079336,
BHARTIARTL.NS,2026-06-23 12:44:14,Hold,5.7,-0.046,4.0,5.7,64.16,6,4,0.511,2026-06-23,,,
CDSL.NS,2026-06-21 08:59:27,Hold,5.7,0.108,5.5,5.04,72.86,7,6,0.253,2026-06-21,,,
IOC.NS,2026-06-15 21:40:49,Hold,5.7,0.0,5.5,5.56,56.93,7,3,-0.347,2026-06-15,1.1211814351160365,-0.07613025549837449,
ETERNAL.NS,2026-06-18 21:20:12,Hold,5.7,-0.015,5.0,6.09,58.32,6,2,0.278,2026-06-18,0.15471840377065949,-1.315023808551441,
YESBANK.NS,2026-06-16 09:18:15,Hold,5.7,0.785,2.5,4.21,62.65,10,2,-0.214,2026-06-16,6.362496846367804,2.762661633629371,
PAGEIND.NS,2026-06-29 05:11:32,Buy,5.7,0.862,5.53,7.13,66.54,11,2,-0.121,2026-06-29,,,
ADANIENSOL.NS,2026-06-17 14:09:56,Hold,5.69,0.877,2.0,4.55,54.37,8,2,0.306,2026-06-17,3.246145165262404,0.32864013508131507,
DRREDDY.NS,2026-06-12 19:07:14,Hold,5.69,0.4,4.5,5.4,45.13,6,2,-0.149,2026-06-12,-0.501805260432131,-0.258746178842284,
NELCO.NS,2026-06-19 14:13:36,Hold,5.69,0.692,2.0,5.07,87.14,9,4,0.058,2026-06-19,,,
TATASTEEL.NS,2026-06-12 09:56:29,Hold,5.69,-0.123,6.5,6.31,40.02,3,5,0.036,2026-06-12,0.5812159572106124,0.5559517336108266,
ADANIENSOL.NS,2026-06-16 21:05:23,Hold,5.69,0.877,2.0,4.55,55.36,8,2,0.312,2026-06-16,1.0931559985922323,0.17436628183939984,
ADANIPORTS.NS,2026-06-26 05:25:13,Hold,5.69,0.554,3.02,5.29,54.91,8,2,0.192,2026-06-26,,,
GMRAIRPORT.NS,2026-06-19 19:26:49,Hold,5.69,0.708,2.5,5.57,66.09,9,3,-0.033,2026-06-19,-0.6983388068028118,,
BHARTIARTL.NS,2026-06-25 12:39:49,Buy,5.69,0.123,5.11,6.5,51.61,5,3,0.44,2026-06-25,,,
BPCL.NS,2026-06-12 19:07:14,Hold,5.69,-0.231,8.0,5.55,54.73,6,3,-0.044,2026-06-12,5.159585178964621,1.4056556686639965,
WOCKPHARMA.NS,2026-06-16 09:18:15,Hold,5.68,0.477,3.0,5.26,58.18,5,3,1.413,2026-06-16,4.788454916224216,4.751983928850145,
YESBANK.NS,2026-06-17 19:49:59,Hold,5.68,0.923,2.5,4.09,71.83,12,2,-0.118,2026-06-17,-0.5973776273707765,-0.6770213945110903,
ETERNAL.NS,2026-06-20 17:20:26,Hold,5.68,0.185,5.0,6.01,62.24,7,4,0.235,2026-06-20,-3.2239712485399585,,
MAXHEALTH.NS,2026-06-23 18:49:41,Caution,5.68,0.4,3.0,5.33,64.57,7,4,0.106,2026-06-23,,,
TENNIND.NS,2026-06-20 17:20:26,Hold,5.68,-0.462,8.0,5.68,51.05,3,6,0.722,2026-06-20,,,
CANBK.NS,2026-06-18 13:53:16,Hold,5.68,0.477,4.5,3.98,59.03,8,2,0.081,2026-06-18,-3.4081692686611764,-4.460253551170245,
YESBANK.NS,2026-06-18 21:20:12,Hold,5.68,0.923,2.5,4.09,73.6,12,2,-0.094,2026-06-18,-3.6499227703445936,-2.3940294896464986,
TENNIND.NS,2026-06-19 19:26:49,Hold,5.68,-0.462,8.0,5.68,51.05,3,6,0.722,2026-06-19,,,
INDUSINDBK.NS,2026-06-19 19:26:49,Hold,5.68,0.815,2.5,5.0,60.77,11,1,-0.755,2026-06-19,,,
REDINGTON.NS,2026-06-17 17:01:00,Hold,5.68,0.323,6.0,4.48,63.35,8,3,0.077,2026-06-17,12.264990463869774,,
ULTRACEMCO.NS,2026-06-23 18:49:41,Caution,5.68,-0.754,6.0,6.38,49.11,1,7,-0.149,2026-06-23,,,
IOC.NS,2026-06-16 09:18:15,Hold,5.68,-0.015,5.5,5.59,56.65,6,2,-0.35,2026-06-16,-1.157747865415193,-1.336918498550299,
ABCAPITAL.NS,2026-06-23 12:44:14,Hold,5.68,0.769,5.0,3.53,64.76,10,2,0.644,2026-06-23,,,
TATASTEEL.NS,2026-06-17 14:09:56,Hold,5.67,-0.123,6.5,6.24,43.88,3,5,0.062,2026-06-17,-0.02009611940944067,-4.447008235268591,
JBMA.NS,2026-06-21 08:59:27,Hold,5.67,0.738,3.0,3.94,66.89,10,2,-0.467,2026-06-21,,,
PIDILITIND.NS,2026-06-25 18:09:10,Hold,5.67,0.938,6.47,7.49,74.01,12,1,-0.252,2026-06-25,,,
REDINGTON.NS,2026-06-22 09:19:59,Hold,5.67,0.585,5.0,4.97,73.12,9,3,0.208,2026-06-22,,,
SAIL.NS,2026-06-12 09:56:29,Hold,5.67,0.2,5.5,5.47,40.23,6,4,0.128,2026-06-12,-2.449885706205357,-2.194575135260224,
WOCKPHARMA.NS,2026-06-15 21:40:49,Hold,5.67,0.477,3.0,5.24,57.56,5,3,1.406,2026-06-15,4.277625111673289,5.5724496848703176,
INDUSTOWER.NS,2026-06-21 16:27:16,Hold,5.67,-0.046,3.5,6.3,40.61,5,5,0.154,2026-06-21,-4.8016464432958035,,
LGEINDIA.NS,2026-06-21 16:27:16,Hold,5.67,0.185,5.0,5.55,69.09,7,4,-0.363,2026-06-21,,,
YESBANK.NS,2026-06-11 03:41:41,Caution,5.66,0.554,2.5,,65.76,9,2,-0.242,2026-06-11,7.515752150767407,14.671468630165684,11.926199854948782
TMCV.NS,2026-06-19 09:44:02,Hold,5.66,0.246,4.0,5.5,61.04,6,3,0.91,2026-06-19,2.3128544272079887,,
PIDILITIND.NS,2026-06-29 05:11:32,Buy,5.66,0.938,6.48,7.49,74.01,12,1,-0.28,2026-06-29,,,
TORNTPHARM.NS,2026-06-19 19:26:49,Hold,5.66,0.308,3.0,6.07,50.37,5,4,0.861,2026-06-19,1.6840512200418267,,
MOTISONS.NS,2026-06-15 12:17:13,Hold,5.66,0.615,5.5,3.38,76.72,10,3,-0.302,2026-06-15,,,
ADANIENSOL.NS,2026-06-22 09:19:59,Hold,5.65,0.815,2.5,4.96,57.24,8,1,0.343,2026-06-22,,,
KRBL.NS,2026-06-16 17:36:25,Hold,5.65,0.492,3.0,5.11,63.25,9,3,0.165,2026-06-16,,,
BPCL.NS,2026-06-15 21:40:49,Hold,5.65,0.0,6.5,5.57,59.85,7,3,-0.046,2026-06-15,1.835151827895798,-0.6439149905661745,
LIQUIDBEES.NS,2026-06-26 00:05:40,Hold,5.65,0.338,5.0,5.0,46.67,7,5,-3.406,2026-06-26,,,
ICICIBANK.NS,2026-06-19 14:13:36,Hold,5.65,0.431,3.0,5.42,66.4,7,2,0.16,2026-06-19,2.012623511766609,,
ADANIPORTS.NS,2026-06-15 21:40:49,Hold,5.65,0.677,2.0,5.03,57.3,9,1,0.199,2026-06-15,2.0667068788053022,1.2411293072766894,
YESBANK.NS,2026-06-22 09:19:59,Hold,5.65,0.877,2.5,4.86,72.39,11,3,-0.111,2026-06-22,-0.36056990601111005,,
APOLLOHOSP.NS,2026-06-26 00:05:40,Hold,5.65,0.708,4.49,7.98,66.88,10,1,0.519,2026-06-26,,,
PRESTIGE.NS,2026-06-16 21:05:23,Hold,5.65,0.492,5.5,3.97,66.9,9,3,-0.476,2026-06-16,-1.5646523660382439,-0.5522335513040044,
LIQUIDBEES.NS,2026-06-24 13:07:02,Hold,5.65,0.169,5.0,5.0,46.67,7,4,-3.416,2026-06-24,,,
DOMS.NS,2026-06-18 16:36:14,Hold,5.64,-0.046,5.0,6.05,63.4,6,4,0.067,2026-06-18,,,
AZAD.NS,2026-06-17 17:01:00,Hold,5.64,0.538,3.5,4.43,55.56,7,2,0.016,2026-06-17,,,
MARUTI.NS,2026-06-15 18:30:16,Hold,5.64,-0.015,5.5,5.48,66.45,7,4,-0.022,2026-06-15,-2.325244476638899,-2.781600869250267,
NTPC.NS,2026-06-16 17:36:25,Hold,5.64,-0.2,6.5,5.55,34.2,5,6,-0.269,2026-06-16,2.882857643625747,2.5453575084402935,
ADANIENT.NS,2026-06-20 17:20:26,Hold,5.64,1.0,2.0,4.4,69.28,11,3,-0.265,2026-06-20,-0.7059778064720357,,
ICICIBANK.NS,2026-06-20 23:01:14,Hold,5.64,0.431,3.0,5.38,66.42,7,2,0.16,2026-06-20,2.595384128386491,,
BAJFINANCE.NS,2026-06-23 12:44:14,Hold,5.64,0.4,5.5,4.03,64.93,7,4,0.407,2026-06-23,,,
ADANIPORTS.NS,2026-06-24 15:45:41,Hold,5.63,0.554,3.0,4.89,54.91,8,2,0.186,2026-06-24,,,
TCS.NS,2026-06-22 09:19:59,Hold,5.63,-0.754,7.5,6.44,39.7,1,7,-1.249,2026-06-22,-1.555601884419533,,
NELCO.NS,2026-06-20 17:20:26,Hold,5.63,0.677,2.0,4.98,86.79,9,5,0.048,2026-06-20,,,
M&M.NS,2026-06-26 13:29:24,Buy,5.62,-0.154,5.33,6.35,59.15,5,5,0.002,2026-06-26,,,
LENSKART.NS,2026-06-22 14:56:14,Hold,5.62,0.185,3.0,5.58,56.61,6,2,1.105,2026-06-22,-1.5667323217631757,,
ETERNAL.NS,2026-06-22 21:16:02,Hold,5.62,-0.046,5.0,5.46,61.54,6,4,0.229,2026-06-22,-3.2239712485399585,,
ADANIPORTS.NS,2026-06-25 12:39:49,Buy,5.61,0.554,3.03,5.29,54.63,8,2,0.19,2026-06-25,,,
BAJFINANCE.NS,2026-06-22 21:16:02,Caution,5.61,0.477,5.5,4.02,64.59,8,2,0.404,2026-06-22,1.2496165210817756,,
BEL.NS,2026-06-25 12:39:49,Buy,5.61,0.062,5.96,6.53,44.49,4,4,0.333,2026-06-25,,,
BEL.NS,2026-06-26 00:05:40,Hold,5.6,0.062,5.95,6.61,46.45,4,4,0.348,2026-06-26,,,
CDSL.NS,2026-06-17 19:49:59,Hold,5.6,-0.015,5.5,5.36,62.9,7,4,0.154,2026-06-17,6.266947314590299,3.1605799044222227,
HINDALCO.NS,2026-06-23 12:44:14,Hold,5.6,-0.154,4.5,5.36,35.83,3,5,0.507,2026-06-23,,,
M&M.NS,2026-06-29 05:11:32,Buy,5.6,-0.154,5.33,6.35,59.15,5,5,0.002,2026-06-29,,,
ICICIBANK.NS,2026-06-21 08:59:27,Hold,5.6,0.431,3.0,5.29,66.42,7,2,0.16,2026-06-21,2.595384128386491,,
MAXHEALTH.NS,2026-06-18 21:20:12,Hold,5.6,0.492,2.5,5.4,70.36,9,3,0.115,2026-06-18,-1.1371363106050136,3.0171054048565793,
APOLLOHOSP.NS,2026-06-25 18:09:10,Hold,5.6,0.662,4.49,7.98,67.69,9,2,0.524,2026-06-25,,,
TCS.NS,2026-06-21 14:25:52,Hold,5.6,-0.769,7.5,6.43,37.21,2,8,-1.256,2026-06-21,-1.555601884419533,,
ADANIPORTS.NS,2026-06-29 05:11:32,Buy,5.59,0.492,3.02,5.29,51.46,7,3,0.159,2026-06-29,,,
WALCHANNAG.NS,2026-06-19 16:45:37,Hold,5.59,1.0,2.0,4.26,75.42,12,2,0.116,2026-06-19,,,
MCLOUD.NS,2026-06-19 16:45:37,Hold,5.59,0.138,6.5,4.7,59.85,6,4,-0.808,2026-06-19,,,
AUROPHARMA.NS,2026-06-20 17:20:26,Hold,5.59,0.369,3.0,6.57,60.19,8,4,0.167,2026-06-20,4.242906744550345,,
NTPC.NS,2026-06-21 14:25:52,Hold,5.59,-0.092,4.5,5.9,45.87,5,5,-0.16,2026-06-21,-4.0866368339073755,,
APLAPOLLO.NS,2026-06-16 09:18:15,Hold,5.58,-0.031,5.5,6.39,49.87,4,3,0.078,2026-06-16,,,
HINDZINC.NS,2026-06-11 03:00:31,Caution,5.58,-0.138,7.5,,32.22,5,6,-0.302,2026-06-11,3.541282163847481,4.8532132489965685,-4.944956368262609
WALCHANNAG.NS,2026-06-18 21:20:12,Hold,5.58,1.0,2.0,4.23,73.04,12,2,0.089,2026-06-18,,,
AEQUS.NS,2026-06-19 19:26:49,Hold,5.58,0.446,3.0,5.15,67.1,8,4,1.662,2026-06-19,3.7365450909468523,,
AEQUS.NS,2026-06-20 17:20:26,Hold,5.58,0.446,3.0,5.15,67.1,8,4,1.662,2026-06-20,-3.3395269955782014,,
ITC.NS,2026-06-22 09:19:59,Hold,5.58,-0.385,7.0,5.72,56.15,4,4,-0.976,2026-06-22,-0.42918454935622075,,
TECHM.NS,2026-06-26 05:25:13,Hold,5.57,-0.154,4.95,6.64,51.5,5,4,-0.09,2026-06-26,,,
HINDALCO.NS,2026-06-24 15:45:41,Hold,5.57,-0.154,4.5,5.37,34.1,3,5,0.483,2026-06-24,,,
PRESTIGE.NS,2026-06-17 14:09:56,Hold,5.57,0.446,5.5,3.97,65.45,8,4,-0.483,2026-06-17,-0.591521524811045,1.2882008272058876,
GMRAIRPORT.NS,2026-06-12 09:56:29,Hold,5.56,0.677,2.5,5.36,57.56,8,1,-0.006,2026-06-12,5.470331003834716,4.997588257519192,
NTPC.NS,2026-06-29 05:11:32,Buy,5.56,-0.462,5.3,6.55,35.3,2,8,-0.263,2026-06-29,,,
ADANIENT.NS,2026-06-17 14:09:56,Hold,5.56,0.938,2.0,4.17,62.45,9,2,-0.326,2026-06-17,3.64850431503414,3.9906518759187604,
RAJRATAN.NS,2026-06-16 17:36:25,Hold,5.56,0.662,2.5,5.43,61.95,8,2,-0.368,2026-06-16,,,
ADANIENT.NS,2026-06-15 12:17:13,Hold,5.56,1.0,2.0,4.18,64.27,10,1,-0.315,2026-06-15,2.4095123991078937,3.979612494689899,
HAL.NS,2026-06-18 21:20:12,Hold,5.56,0.185,4.5,6.1,56.5,6,2,-0.508,2026-06-18,2.010658399920673,-0.9701871174770504,
MAZDOCK.NS,2026-06-26 18:03:02,Buy,5.56,-0.123,8.29,5.15,49.28,3,5,0.096,2026-06-26,,,
NATIONALUM.NS,2026-06-12 19:23:13,Hold,5.56,-0.108,6.5,5.86,38.06,4,5,1.088,2026-06-12,-1.8177009400482835,-0.22555554988690218,
SAIL.NS,2026-06-20 23:01:14,Hold,5.56,-0.154,4.5,6.79,39.86,4,6,0.119,2026-06-20,-2.3219975268283233,,
ITC.NS,2026-06-21 16:27:16,Hold,5.55,-0.4,7.0,5.72,55.15,4,5,-0.982,2026-06-21,-0.42918454935622075,,
MAXHEALTH.NS,2026-06-19 16:45:37,Hold,5.55,0.462,2.5,5.41,71.01,8,3,0.128,2026-06-19,-1.192057440340255,,
BHARTIARTL.NS,2026-06-24 15:45:41,Hold,5.55,-0.077,4.0,5.73,55.08,5,3,0.455,2026-06-24,,,
UNIONBANK.NS,2026-06-11 03:41:41,Caution,5.54,0.246,4.5,,55.63,6,2,0.134,2026-06-11,3.6586875641791528,7.037803758091332,6.180876287048864
AEGISLOG.NS,2026-06-25 18:09:10,Hold,5.54,0.815,5.72,7.39,88.28,11,2,0.262,2026-06-25,,,
SANSTAR.NS,2026-06-25 15:49:45,Hold,5.54,0.831,7.01,7.41,62.6,10,2,-0.048,2026-06-25,,,
DIXON.NS,2026-06-15 18:30:16,Hold,5.54,0.185,5.5,5.19,61.05,7,4,-0.115,2026-06-15,5.929580998578232,3.1696913941624105,
JBMA.NS,2026-06-12 19:23:13,Hold,5.54,0.969,2.5,3.83,58.21,10,0,-0.541,2026-06-12,1.3308038583716542,6.361509326784365,
RITES.NS,2026-06-16 14:34:44,Hold,5.54,-0.2,8.0,4.98,53.4,4,5,-0.695,2026-06-16,,,
NESTLEIND.NS,2026-06-15 12:17:13,Hold,5.54,-0.092,5.5,6.56,45.43,2,5,-0.051,2026-06-15,1.8695041940082424,1.9786189138219168,
MEESHO.NS,2026-06-25 18:09:10,Hold,5.54,-0.185,5.24,5.96,59.79,4,5,0.194,2026-06-25,,,
GROWW.NS,2026-06-29 05:11:32,Buy,5.53,0.123,9.31,6.15,54.72,5,3,1.662,2026-06-29,,,
ABCAPITAL.NS,2026-06-22 21:16:02,Caution,5.53,0.8,5.0,3.52,67.96,11,2,0.668,2026-06-22,-0.29341099075028687,,
TECHM.NS,2026-06-17 19:49:59,Hold,5.53,-0.277,7.0,6.19,50.43,3,4,-0.008,2026-06-17,-1.8599612136279697,-0.05470793317619016,
MAZDOCK.NS,2026-06-25 18:09:10,Hold,5.53,-0.123,8.29,5.15,49.28,3,5,0.127,2026-06-25,,,
MEESHO.NS,2026-06-29 05:11:32,Buy,5.53,-0.185,5.24,5.95,59.79,4,5,0.194,2026-06-29,,,
HDFCAMC.NS,2026-06-15 21:40:49,Hold,5.53,0.092,4.5,5.48,55.04,6,3,0.373,2026-06-15,4.014642294737669,2.554424587081283,
MEESHO.NS,2026-06-26 18:03:02,Buy,5.53,-0.185,5.24,5.95,59.79,4,5,0.194,2026-06-26,,,
ADANIENT.NS,2026-06-21 08:59:27,Hold,5.53,1.0,2.0,4.09,69.28,11,3,-0.265,2026-06-21,-0.7059778064720357,,
AEGISLOG.NS,2026-06-29 05:11:32,Buy,5.53,0.815,5.7,7.39,88.28,11,2,0.25,2026-06-29,,,
UNITDSPR.NS,2026-06-26 00:05:40,Hold,5.53,0.492,5.0,6.94,64.31,9,3,-0.108,2026-06-26,,,
ZFCVINDIA.NS,2026-06-25 15:49:45,Hold,5.53,0.769,5.44,7.34,60.96,9,2,-0.196,2026-06-25,,,
AEQUS.NS,2026-06-22 09:19:59,Hold,5.53,0.477,3.5,4.95,70.87,8,5,1.971,2026-06-22,-3.3395269955782014,,
ITC.NS,2026-06-23 16:00:59,Hold,5.53,-0.754,7.0,5.69,50.83,1,7,-1.001,2026-06-23,,,
GROWW.NS,2026-06-26 18:03:02,Hold,5.52,0.123,9.31,6.15,54.72,5,3,1.662,2026-06-26,,,
APLAPOLLO.NS,2026-06-15 21:40:49,Hold,5.52,0.0,5.5,6.05,47.46,5,3,0.064,2026-06-15,,,
ONWARDTEC.NS,2026-06-25 18:09:10,Caution,5.52,0.492,5.53,5.98,67.62,9,3,-0.428,2026-06-25,,,
UCOBANK.NS,2026-06-17 19:49:59,Hold,5.52,0.492,4.0,3.89,70.85,9,3,-0.996,2026-06-17,,,
INDUSINDBK.NS,2026-06-16 14:34:44,Hold,5.52,0.8,2.5,4.63,55.78,10,0,-0.765,2026-06-16,2.3164160050789695,-2.2192211439491127,
PFC.NS,2026-06-11 03:41:41,Caution,5.52,0.308,4.0,,51.27,6,2,-0.241,2026-06-11,3.373234825003757,3.808487598815935,4.6185483417490625
VEDL.NS,2026-06-22 14:56:14,Caution,5.52,-0.815,7.5,6.1,34.71,2,7,-0.344,2026-06-22,-10.593425944061785,,
MAZDOCK.NS,2026-06-29 05:11:32,Hold,5.52,-0.123,8.29,5.15,49.28,3,5,0.096,2026-06-29,,,
WABAG.NS,2026-06-24 15:45:41,Caution,5.5,0.954,7.5,5.68,86.16,10,4,0.639,2026-06-24,,,
KIRLOSENG.NS,2026-06-24 13:07:02,Hold,5.5,0.938,4.0,6.75,84.21,10,3,0.65,2026-06-24,,,
ZFCVINDIA.NS,2026-06-24 18:01:34,Hold,5.5,0.754,7.0,5.41,66.63,9,3,-0.201,2026-06-24,,,
WELSPUNLIV.NS,2026-06-24 18:01:34,Hold,5.5,1.0,1.5,5.43,78.4,12,2,0.046,2026-06-24,,,
BAJFINANCE.NS,2026-06-21 08:59:27,Hold,5.5,0.2,5.0,4.42,63.14,7,3,0.353,2026-06-21,1.2496165210817756,,
MARUTI.NS,2026-06-20 17:20:26,Hold,5.5,-0.108,6.5,5.69,53.08,5,4,-0.034,2026-06-20,2.414127114223974,,
CARTRADE.NS,2026-06-23 18:49:41,Caution,5.5,0.538,7.5,5.04,76.39,8,3,1.335,2026-06-23,,,
LIQUIDBEES.NS,2026-06-29 05:11:32,Hold,5.5,0.246,5.0,5.0,46.67,6,5,-3.415,2026-06-29,,,
BAJFINANCE.NS,2026-06-20 23:01:14,Hold,5.5,0.2,5.0,4.42,63.14,7,3,0.353,2026-06-20,1.2496165210817756,,
LENSKART.NS,2026-06-23 12:44:14,Hold,5.5,0.185,3.0,5.5,55.59,6,2,1.09,2026-06-23,,,
ORIENTHOT.NS,2026-06-24 13:07:02,Hold,5.5,0.738,7.0,5.89,73.87,9,5,-0.154,2026-06-24,,,
AETHER.NS,2026-06-24 18:01:34,Hold,5.5,1.0,4.5,4.85,80.52,11,3,0.507,2026-06-24,,,
ORIENTHOT.NS,2026-06-23 18:49:41,Caution,5.5,0.692,7.0,5.94,80.07,9,4,-0.119,2026-06-23,,,
YESBANK.NS,2026-06-25 15:49:45,Hold,5.5,0.862,2.08,6.07,63.73,10,1,-0.149,2026-06-25,,,
NYKAA.NS,2026-06-24 18:01:34,Hold,5.5,0.831,4.5,5.95,74.95,10,3,0.846,2026-06-24,,,
NELCO.NS,2026-06-21 08:59:27,Hold,5.5,0.677,2.0,4.62,86.79,9,5,0.048,2026-06-21,,,
PGIL.NS,2026-06-24 18:01:34,Hold,5.5,1.0,5.5,5.49,81.05,11,3,1.302,2026-06-24,,,
AUROPHARMA.NS,2026-06-19 19:26:49,Hold,5.5,0.369,3.0,6.3,60.19,8,4,0.167,2026-06-19,2.189873527075603,,
RPTECH.NS,2026-06-24 18:01:34,Hold,5.5,0.877,7.5,6.09,80.32,9,4,1.093,2026-06-24,,,
RAMCOSYS.NS,2026-06-24 18:01:34,Hold,5.5,0.754,6.5,5.73,80.94,10,4,0.619,2026-06-24,,,
MASTEK.NS,2026-06-16 17:36:25,Hold,5.5,-0.138,5.5,5.68,54.39,5,3,-0.732,2026-06-16,,,
ICIL.NS,2026-06-24 18:01:34,Hold,5.5,1.0,5.0,6.14,77.24,12,2,0.046,2026-06-24,,,
LIQUIDBEES.NS,2026-06-25 18:09:10,Caution,5.5,0.246,5.0,5.0,46.67,6,5,-3.416,2026-06-25,,,
KPRMILL.NS,2026-06-24 18:01:34,Hold,5.5,1.0,5.0,5.95,71.98,11,2,0.266,2026-06-24,,,
ZENTEC.NS,2026-06-22 14:56:14,Caution,5.49,0.908,3.0,4.77,69.71,9,3,0.475,2026-06-22,,,
KFINTECH.NS,2026-06-17 19:49:59,Hold,5.49,-0.015,6.0,5.62,59.43,7,4,0.139,2026-06-17,,,
TVSMOTOR.NS,2026-06-22 21:16:02,Caution,5.49,-0.462,6.0,5.36,56.33,4,5,0.512,2026-06-22,2.321781785011101,,
KFINTECH.NS,2026-06-18 16:36:14,Hold,5.49,-0.015,6.0,5.61,60.87,7,4,0.15,2026-06-18,,,
TVSMOTOR.NS,2026-06-23 10:41:23,Caution,5.49,-0.462,6.0,5.36,56.83,4,5,0.515,2026-06-23,,,
ATGL.NS,2026-06-21 08:59:27,Caution,5.49,0.431,4.5,4.66,55.13,7,2,-0.389,2026-06-21,,,
AEQUS.NS,2026-06-21 08:59:27,Caution,5.49,0.446,3.0,4.87,67.1,8,4,1.662,2026-06-21,-3.3395269955782014,,
TCS.NS,2026-06-24 13:07:02,Caution,5.49,-0.8,6.5,5.94,37.72,2,7,-1.276,2026-06-24,,,
DIXON.NS,2026-06-19 19:26:49,Hold,5.48,0.108,4.5,5.25,64.36,5,4,-0.032,2026-06-19,-3.44331708875929,,
ADANIENSOL.NS,2026-06-12 11:50:01,Hold,5.48,0.877,2.0,4.57,55.78,8,2,0.323,2026-06-12,0.09398660291410899,1.1949549623967437,
NESTLEIND.NS,2026-06-11 03:41:41,Caution,5.48,0.092,5.5,,51.65,4,3,-0.006,2026-06-11,-2.16520554152021,-1.5536010956722301,-1.3989472347319842
BANKBARODA.NS,2026-06-25 15:49:45,Hold,5.48,0.431,3.89,5.41,58.74,7,2,-0.069,2026-06-25,,,
GROWW.NS,2026-06-25 18:09:10,Caution,5.48,0.123,9.31,6.15,54.72,5,3,1.662,2026-06-25,,,
SCI.NS,2026-06-15 21:40:49,Hold,5.48,0.446,6.0,3.29,54.72,6,2,0.024,2026-06-15,-0.48270313757039496,3.8777112769006417,
AUBANK.NS,2026-06-12 19:07:14,Hold,5.47,0.446,6.0,3.25,58.33,8,2,0.563,2026-06-12,0.5268316677437213,1.7282175113860099,
RECLTD.NS,2026-06-22 21:16:02,Caution,5.47,0.738,4.5,4.14,65.45,10,2,-0.548,2026-06-22,-1.4059786727638524,,
BSE.NS,2026-06-26 15:57:27,Hold,5.47,-0.077,8.38,7.25,44.07,3,5,2.087,2026-06-26,,,
HINDUNILVR.NS,2026-06-21 16:27:16,Caution,5.47,-0.677,6.5,6.54,52.3,1,7,-0.536,2026-06-21,0.5224489961777712,,
UCOBANK.NS,2026-06-18 13:53:16,Hold,5.47,0.431,4.0,4.05,69.44,8,4,-1.0,2026-06-18,,,
TECHM.NS,2026-06-12 09:56:29,Hold,5.47,-0.308,7.0,6.17,47.56,2,6,-0.024,2026-06-12,2.322983093790687,-1.3713949241228596,
AMAGI.NS,2026-06-17 19:49:59,Hold,5.46,0.308,4.5,5.22,78.68,9,5,3.184,2026-06-17,,,
BSE.NS,2026-06-29 05:11:32,Hold,5.46,-0.077,8.38,7.25,44.07,3,5,2.087,2026-06-29,,,
JBMA.NS,2026-06-15 12:17:13,Hold,5.46,0.923,2.5,3.83,58.18,9,1,-0.536,2026-06-15,3.395289422141845,6.571055936805692,
BHARATFORG.NS,2026-06-11 03:02:57,Caution,5.46,0.554,2.0,,52.93,8,1,0.153,2026-06-11,3.571981241545985,3.9631478219380734,10.417418388529898
BSE.NS,2026-06-25 18:09:10,Caution,5.46,-0.077,8.37,7.25,44.07,3,5,2.1,2026-06-25,,,
ADANIENT.NS,2026-06-12 09:56:29,Hold,5.46,0.938,2.0,4.18,62.01,9,2,-0.294,2026-06-12,1.0370962374969483,3.9978026007460254,
ITC.NS,2026-06-24 13:07:02,Caution,5.45,-0.754,7.0,5.69,51.0,1,7,-1.0,2026-06-24,,,
AIIL.NS,2026-06-16 09:18:15,Hold,5.45,0.446,5.5,2.63,68.92,8,4,1.078,2026-06-16,,,
SBIN.NS,2026-06-11 03:00:31,Caution,5.45,0.215,4.5,,56.83,6,4,0.248,2026-06-11,1.458976257403788,4.197055906116498,4.466874354127959
BANKBARODA.NS,2026-06-26 15:57:27,Hold,5.45,0.431,3.66,5.42,58.74,7,2,-0.071,2026-06-26,,,
LT.NS,2026-06-11 03:02:16,Caution,5.45,0.215,4.5,,44.95,4,4,-0.003,2026-06-11,8.399790324799316,8.49300880372863,9.176589910506205
AEQUS.NS,2026-06-16 09:18:15,Hold,5.45,0.385,3.0,5.08,58.67,6,2,1.158,2026-06-16,11.634339959968877,15.906126160848565,
PACEDIGITK.NS,2026-06-24 13:07:02,Caution,5.45,0.185,7.5,4.37,67.25,7,4,-0.293,2026-06-24,,,
JINDALSTEL.NS,2026-06-25 18:09:10,Caution,5.45,-0.492,4.99,7.29,23.93,4,9,-0.223,2026-06-25,,,
TATACAP.NS,2026-06-21 08:59:27,Caution,5.45,0.292,4.5,4.26,77.92,9,6,0.364,2026-06-21,2.191931336007835,,
TATACAP.NS,2026-06-20 23:01:14,Hold,5.45,0.292,4.5,4.26,77.92,9,6,0.364,2026-06-20,2.191931336007835,,
CHOLAFIN.NS,2026-06-23 16:00:59,Caution,5.45,0.431,6.0,3.82,68.61,8,4,0.104,2026-06-23,,,
BANKBARODA.NS,2026-06-29 05:11:32,Hold,5.45,0.431,3.66,5.42,58.74,7,2,-0.071,2026-06-29,,,
FIVESTAR.NS,2026-06-19 14:13:36,Hold,5.45,0.569,4.0,3.28,68.33,9,4,-0.67,2026-06-19,,,
CENTRALBK.NS,2026-06-17 19:49:59,Caution,5.45,0.092,5.0,4.83,62.68,8,5,-0.941,2026-06-17,,,
ETERNAL.NS,2026-06-21 08:59:27,Caution,5.45,0.185,5.0,5.38,62.24,7,4,0.235,2026-06-21,-3.2239712485399585,,
PATELENG.NS,2026-06-24 18:01:34,Caution,5.45,0.6,3.5,5.55,76.19,10,4,-0.888,2026-06-24,,,
POLICYBZR.NS,2026-06-23 12:44:14,Caution,5.45,-0.262,5.0,5.23,54.64,5,3,0.177,2026-06-23,,,
UPL.NS,2026-06-22 14:56:14,Caution,5.45,-0.815,5.5,6.52,39.52,1,7,-0.093,2026-06-22,,,
JUBLFOOD.NS,2026-06-22 14:56:14,Caution,5.44,-0.692,6.0,5.6,49.55,2,6,-0.628,2026-06-22,,,
EXICOM.NS,2026-06-16 21:05:23,Hold,5.44,1.0,2.0,3.83,64.12,11,1,-0.623,2026-06-16,,,
AUBANK.NS,2026-06-15 12:17:13,Hold,5.44,0.462,6.0,3.09,61.67,8,3,0.607,2026-06-15,-0.798181133404452,1.1077857500622068,
YESBANK.NS,2026-06-23 16:00:59,Caution,5.44,0.862,2.0,4.83,61.94,10,1,-0.166,2026-06-23,,,
ZEEL.NS,2026-06-15 12:17:13,Hold,5.44,0.754,3.0,4.2,64.34,8,2,-0.524,2026-06-15,3.0325384646597398,6.691863101838047,
UNICHEMLAB.NS,2026-06-12 09:56:29,Hold,5.44,0.585,4.5,3.77,71.6,9,3,-0.398,2026-06-12,,,
ONWARDTEC.NS,2026-06-29 05:11:32,Hold,5.44,0.492,5.51,5.98,67.62,9,3,-0.425,2026-06-29,,,
BIOCON.NS,2026-06-23 18:49:41,Avoid,5.43,0.708,1.0,5.11,60.2,10,1,0.161,2026-06-23,,,
EXICOM.NS,2026-06-15 21:40:49,Hold,5.43,0.969,2.0,3.79,61.73,10,1,-0.648,2026-06-15,,,
CUMMINSIND.NS,2026-06-25 18:09:10,Caution,5.43,0.246,6.65,7.38,50.53,5,3,0.45,2026-06-25,,,
APOLLOHOSP.NS,2026-06-29 05:11:32,Hold,5.43,0.662,4.52,7.98,67.69,9,2,0.601,2026-06-29,,,
PACEDIGITK.NS,2026-06-23 18:49:41,Avoid,5.43,0.185,7.5,4.38,66.22,7,4,-0.321,2026-06-23,,,
NACLIND.NS,2026-06-23 10:41:23,Caution,5.43,0.615,4.0,4.92,73.43,8,5,0.98,2026-06-23,,,
IGARASHI.NS,2026-06-22 21:16:02,Caution,5.43,0.615,4.0,4.57,75.74,10,3,-0.204,2026-06-22,,,
INDUSTOWER.NS,2026-06-18 16:36:14,Hold,5.43,0.0,4.5,5.65,43.07,6,4,0.11,2026-06-18,-3.4516022723405593,-5.008448132122334,
JINDALSTEL.NS,2026-06-29 05:11:32,Hold,5.42,-0.492,5.0,7.29,23.93,4,9,-0.195,2026-06-29,,,
ATGL.NS,2026-06-20 17:20:26,Caution,5.42,0.431,4.5,4.48,55.13,7,2,-0.389,2026-06-20,,,
POWERGRID.NS,2026-06-24 13:07:02,Caution,5.42,0.0,2.5,5.57,48.83,4,4,-0.436,2026-06-24,,,
AZAD.NS,2026-06-18 13:53:16,Hold,5.42,0.415,3.5,4.41,53.0,5,4,-0.001,2026-06-18,,,
EXICOM.NS,2026-06-17 14:09:56,Caution,5.42,1.0,2.0,3.76,62.54,10,1,-0.632,2026-06-17,,,
KPRMILL.NS,2026-06-25 12:39:49,Hold,5.42,0.785,4.87,6.83,65.0,9,2,0.221,2026-06-25,,,
VEDL.NS,2026-06-23 16:00:59,Caution,5.41,-0.831,6.5,5.83,28.79,3,9,-0.403,2026-06-23,,,
JSWINFRA.NS,2026-06-19 16:45:37,Hold,5.41,0.477,4.5,4.22,70.15,9,4,-0.149,2026-06-19,9.816647930929957,,
CHOLAFIN.NS,2026-06-24 13:07:02,Caution,5.41,0.646,6.0,3.85,73.03,10,3,0.158,2026-06-24,,,
GRSE.NS,2026-06-15 12:17:13,Hold,5.41,0.123,7.0,3.83,50.36,5,3,0.261,2026-06-15,5.848197981111025,7.170693465670985,
ICICIAMC.NS,2026-06-17 14:09:56,Caution,5.41,-0.123,5.0,5.8,51.13,4,4,1.64,2026-06-17,4.959235538282569,,
MOTISONS.NS,2026-06-17 14:09:56,Caution,5.4,0.154,6.0,3.51,60.97,6,4,-0.352,2026-06-17,,,
ULTRACEMCO.NS,2026-06-25 12:39:49,Hold,5.4,-0.046,4.32,7.31,57.03,4,4,-0.112,2026-06-25,,,
M&M.NS,2026-06-23 12:44:14,Caution,5.4,-0.754,8.0,5.43,46.72,1,7,-0.118,2026-06-23,,,
ICICIGI.NS,2026-06-20 23:01:14,Caution,5.4,0.0,4.0,6.0,62.88,7,3,-0.115,2026-06-20,,,
PERSISTENT.NS,2026-06-21 16:27:16,Caution,5.39,-0.892,8.0,5.79,42.29,1,9,0.181,2026-06-21,-0.3909062853615919,,
SAIL.NS,2026-06-18 16:36:14,Caution,5.39,-0.108,4.5,6.07,42.05,5,5,0.102,2026-06-18,-7.1256097526243405,-6.241771051491041,
TECHM.NS,2026-06-21 16:27:16,Caution,5.39,-0.892,7.0,6.48,42.3,1,9,-0.097,2026-06-21,0.1323874358071908,,
M&M.NS,2026-06-24 15:45:41,Caution,5.39,-0.754,8.0,5.45,48.59,1,7,-0.109,2026-06-24,,,
HEROMOTOCO.NS,2026-06-12 19:23:13,Hold,5.39,-0.692,9.0,6.15,50.15,2,6,-0.419,2026-06-12,1.0841051793173628,0.2478500069612588,
ATGL.NS,2026-06-19 19:26:49,Caution,5.39,0.431,4.5,4.39,55.13,7,2,-0.389,2026-06-19,,,
CMPDI.NS,2026-06-24 13:07:02,Caution,5.39,0.277,6.0,4.6,65.15,8,4,16.136,2026-06-24,,,
SAIL.NS,2026-06-19 09:44:02,Caution,5.39,-0.108,4.5,6.09,41.18,5,5,0.13,2026-06-19,-4.7931156548393306,,
PIRAMALFIN.NS,2026-06-20 23:01:14,Caution,5.38,0.185,5.5,4.73,71.47,8,5,3.309,2026-06-20,,,
KEI.NS,2026-06-25 18:09:10,Caution,5.38,0.4,4.34,6.81,47.18,6,4,0.049,2026-06-25,,,
AIIL.NS,2026-06-15 12:17:13,Hold,5.38,0.492,6.0,2.77,67.52,9,3,1.05,2026-06-15,,,
PIRAMALFIN.NS,2026-06-21 08:59:27,Caution,5.38,0.185,5.5,4.73,71.47,8,5,3.309,2026-06-21,,,
PERSISTENT.NS,2026-06-17 14:09:56,Caution,5.38,-0.6,8.0,5.51,50.94,2,5,0.251,2026-06-17,-3.6570862239841406,-2.3092170465807693,
UNITDSPR.NS,2026-06-16 17:36:25,Hold,5.38,-0.323,6.0,5.84,56.31,5,3,-0.156,2026-06-16,1.6551193225558203,2.9792110216993795,
CUMMINSIND.NS,2026-06-29 05:11:32,Hold,5.38,0.246,6.65,7.38,50.53,5,3,0.455,2026-06-29,,,
M&M.NS,2026-06-16 21:05:23,Hold,5.38,-0.323,8.0,5.14,55.79,5,3,-0.094,2026-06-16,-2.010894403243857,-3.2059612048327413,
HINDPETRO.NS,2026-06-12 19:07:14,Hold,5.37,-0.354,8.0,5.25,53.11,5,4,0.07,2026-06-12,3.5356133236813303,0.822836785099823,
BEL.NS,2026-06-29 05:11:32,Hold,5.37,-0.092,5.95,6.51,42.36,3,6,0.335,2026-06-29,,,
CUMMINSIND.NS,2026-06-26 18:03:02,Hold,5.37,0.246,6.65,7.38,50.53,5,3,0.455,2026-06-26,,,
IGARASHI.NS,2026-06-23 10:41:23,Caution,5.37,0.585,4.0,4.71,77.69,9,3,-0.175,2026-06-23,,,
JSWINFRA.NS,2026-06-18 21:20:12,Caution,5.37,0.492,4.5,4.02,70.06,9,3,-0.165,2026-06-18,2.273096191759194,7.127774255354269,
HINDUNILVR.NS,2026-06-18 16:36:14,Caution,5.37,-0.277,6.0,6.58,56.37,3,4,-0.539,2026-06-18,-1.642025026352134,-1.0000024456732648,
ZEEL.NS,2026-06-26 00:05:40,Hold,5.36,0.785,3.6,5.98,66.68,9,2,-0.395,2026-06-26,,,
PFC.NS,2026-06-24 18:01:34,Caution,5.36,0.215,5.5,4.36,53.42,5,2,-0.242,2026-06-24,,,
BIOCON.NS,2026-06-16 17:36:25,Hold,5.36,0.738,1.0,4.76,54.48,9,1,0.207,2026-06-16,-0.22812154620828196,1.6208427907655754,
DYCL.NS,2026-06-19 16:45:37,Caution,5.36,0.492,2.0,5.15,65.69,9,3,0.071,2026-06-19,,,
ASHOKLEY.NS,2026-06-15 12:17:13,Hold,5.36,0.215,6.0,4.09,56.94,7,2,0.362,2026-06-15,0.47558656595672044,-0.3233953815505286,
SAIL.NS,2026-06-17 14:09:56,Caution,5.36,-0.123,4.5,6.06,39.02,4,5,0.088,2026-06-17,-2.6339211935129336,-4.543937843249468,
PNBHOUSING.NS,2026-06-15 12:17:13,Hold,5.36,0.431,5.5,3.46,50.94,7,2,0.056,2026-06-15,,,
WOCKPHARMA.NS,2026-06-12 09:56:29,Hold,5.36,0.538,3.0,5.05,60.35,6,2,1.358,2026-06-12,4.375647514351133,3.77192856480586,
NIFTYBEES.NS,2026-06-18 21:20:12,Caution,5.35,0.0,5.0,5.0,63.49,7,3,-0.331,2026-06-18,-1.153412288947564,-0.1971049905156841,
GOLDBEES.NS,2026-06-15 18:30:16,Hold,5.35,0.0,5.0,5.0,45.57,4,4,1.524,2026-06-15,-1.6034145951035916,-2.4091514374871004,
VEDL.NS,2026-06-24 13:07:02,Caution,5.35,-0.8,6.5,5.83,28.96,3,8,-0.402,2026-06-24,,,
DYCL.NS,2026-06-18 21:20:12,Caution,5.35,0.492,2.0,5.12,65.64,9,3,0.093,2026-06-18,,,
RRKABEL.NS,2026-06-25 18:09:10,Caution,5.34,0.8,4.99,6.81,82.65,11,3,0.354,2026-06-25,,,
INDUSINDBK.NS,2026-06-15 18:30:16,Hold,5.34,0.692,2.5,4.65,57.79,10,2,-0.758,2026-06-15,0.5947265023971582,-1.301974309379561,
MRPL.NS,2026-06-15 18:30:16,Hold,5.34,0.646,1.5,4.73,60.5,9,2,-0.363,2026-06-15,,,
KEI.NS,2026-06-29 05:11:32,Hold,5.34,0.4,4.35,6.84,47.18,6,4,0.075,2026-06-29,,,
TVSMOTOR.NS,2026-06-24 13:07:02,Caution,5.33,-0.631,6.0,5.33,50.21,2,6,0.469,2026-06-24,,,
M&M.NS,2026-06-18 16:36:14,Caution,5.33,-0.354,8.0,5.13,55.59,4,3,-0.095,2026-06-18,-3.162759482604016,1.4570365430216725,
ONGC.NS,2026-06-12 19:07:14,Hold,5.33,-0.492,7.0,6.68,22.68,4,9,-0.257,2026-06-12,-0.48740737738288686,0.020309931916173696,
RRKABEL.NS,2026-06-26 00:05:40,Hold,5.33,0.769,4.97,6.81,80.86,10,3,0.322,2026-06-26,,,
OIL.NS,2026-06-26 05:25:13,Hold,5.33,-0.492,6.13,6.15,31.34,2,7,-0.241,2026-06-26,,,
HYUNDAI.NS,2026-06-15 12:17:13,Hold,5.33,0.015,5.5,5.44,70.13,7,5,0.044,2026-06-15,,,
INDIANB.NS,2026-06-11 03:02:16,Caution,5.32,0.308,3.5,,59.33,6,3,0.739,2026-06-11,,,
ABCAPITAL.NS,2026-06-24 18:01:34,Caution,5.32,0.8,5.0,3.53,66.35,11,2,0.678,2026-06-24,,,
SHRIRAMFIN.NS,2026-06-26 00:05:40,Hold,5.32,0.769,5.39,5.18,63.97,10,0,0.73,2026-06-26,,,
WELSPUNLIV.NS,2026-06-18 21:20:12,Caution,5.32,0.8,1.0,5.34,75.68,11,2,-0.021,2026-06-18,-0.8098204443059864,2.650311241851999,
ICICIAMC.NS,2026-06-16 21:05:23,Caution,5.32,-0.185,5.0,5.83,49.09,3,5,1.585,2026-06-16,5.65724111606889,,
TCS.NS,2026-06-23 12:44:14,Caution,5.32,-0.862,6.0,5.94,32.59,1,8,-1.307,2026-06-23,,,
HINDALCO.NS,2026-06-21 14:25:52,Caution,5.32,-0.246,4.5,6.01,39.6,3,6,0.629,2026-06-21,-6.014592710096311,,
INDUSTOWER.NS,2026-06-16 21:05:23,Hold,5.32,-0.062,4.5,5.65,40.48,5,5,0.099,2026-06-16,-0.1335732344793561,-2.853673345476626,
BHARTIARTL.NS,2026-06-22 14:56:14,Caution,5.32,-0.046,4.0,5.7,65.29,6,4,0.52,2026-06-22,-3.438381783027822,,
HINDALCO.NS,2026-06-22 09:19:59,Caution,5.32,-0.246,4.5,6.0,40.12,3,6,0.562,2026-06-22,-6.014592710096311,,
NIFTYBEES.NS,2026-06-19 16:45:37,Caution,5.3,-0.031,5.0,5.0,60.39,6,3,-0.343,2026-06-19,-0.09892636716395398,0.17584922047408913,
ASHOKLEY.NS,2026-06-17 19:49:59,Caution,5.3,-0.015,6.0,4.07,57.78,6,2,0.37,2026-06-17,-1.4915114204242297,-2.9203505973657395,
TMCV.NS,2026-06-20 17:20:26,Caution,5.3,0.246,4.0,5.48,58.66,6,3,0.858,2026-06-20,5.767108470912796,,
M&M.NS,2026-06-17 17:01:00,Caution,5.3,-0.369,8.0,5.14,55.28,4,4,-0.097,2026-06-17,-2.218391974413436,-2.183277617410606,
PARADEEP.NS,2026-06-17 14:09:56,Caution,5.3,0.154,5.0,4.08,61.19,6,4,0.538,2026-06-17,,,
GOLDBEES.NS,2026-06-16 09:18:15,Hold,5.3,-0.031,5.0,5.0,44.93,3,4,1.519,2026-06-16,-3.504107052930938,-4.221039060361454,
POONAWALLA.NS,2026-06-21 08:59:27,Caution,5.3,0.185,5.5,3.5,64.1,7,4,-0.159,2026-06-21,,,
GOLDBEES.NS,2026-06-18 21:20:12,Caution,5.3,-0.031,5.0,5.0,40.95,3,4,1.467,2026-06-18,-2.636751677270366,-5.863088356595847,
POONAWALLA.NS,2026-06-20 23:01:14,Caution,5.3,0.185,5.5,3.5,64.1,7,4,-0.159,2026-06-20,,,
NITCO.NS,2026-06-18 21:20:12,Caution,5.3,0.738,2.0,3.73,65.54,10,2,0.076,2026-06-18,,,
PARADEEP.NS,2026-06-16 21:05:23,Caution,5.29,0.185,5.0,3.92,63.26,7,4,0.55,2026-06-16,,,
NELCO.NS,2026-06-18 21:20:12,Caution,5.29,0.492,2.0,4.94,83.08,9,4,-0.032,2026-06-18,,,
MPHASIS.NS,2026-06-16 14:34:44,Hold,5.29,0.015,4.0,5.6,56.31,7,2,-0.203,2026-06-16,-2.565312496754424,,
M&M.NS,2026-06-15 18:30:16,Hold,5.29,-0.323,6.5,5.16,55.51,5,3,-0.096,2026-06-15,0.07018955229565194,-2.2620727237292915,
UNIONBANK.NS,2026-06-16 14:34:44,Hold,5.29,0.215,4.5,4.18,55.1,5,2,0.139,2026-06-16,3.048778742187652,2.6735445730920793,
PFIZER.NS,2026-06-16 14:34:44,Hold,5.29,-0.631,7.0,6.26,41.92,2,6,-0.276,2026-06-16,,,
TMCV.NS,2026-06-22 21:16:02,Caution,5.29,-0.062,4.0,5.45,61.47,5,4,0.941,2026-06-22,5.767108470912796,,
ASHOKLEY.NS,2026-06-18 16:36:14,Caution,5.29,-0.015,6.0,4.06,56.32,6,2,0.357,2026-06-18,-4.411480195015893,1.407381363514637,
ETERNAL.NS,2026-06-16 17:36:25,Hold,5.29,0.185,4.0,5.78,54.83,6,2,0.25,2026-06-16,4.219235580414593,2.109623807079819,
NIFTYBEES.NS,2026-06-25 12:39:49,Hold,5.29,0.169,5.0,5.0,61.83,6,3,-0.347,2026-06-25,,,
BHARTIARTL.NS,2026-06-26 00:05:40,Hold,5.29,0.123,4.48,6.5,55.08,5,3,0.465,2026-06-26,,,
FACT.NS,2026-06-16 21:05:23,Caution,5.29,0.738,2.0,3.7,75.04,10,2,0.02,2026-06-16,,,
ICICIAMC.NS,2026-06-15 12:17:13,Hold,5.29,0.0,5.0,5.84,51.43,5,3,1.68,2026-06-15,4.970635091981768,4.358864619122471,
HYUNDAI.NS,2026-06-12 19:07:14,Hold,5.28,-0.046,5.5,5.62,65.88,6,4,-0.006,2026-06-12,,,
AEQUS.NS,2026-06-15 18:30:16,Hold,5.28,0.292,3.0,5.05,59.39,6,3,1.196,2026-06-15,-0.176957855047577,16.433175607418793,
TBOTEK.NS,2026-06-15 21:40:49,Hold,5.28,0.492,2.5,4.48,78.02,9,3,-0.276,2026-06-15,,,
JYOTICNC.NS,2026-06-19 19:26:49,Caution,5.28,0.108,5.0,4.27,64.98,8,4,-0.696,2026-06-19,5.40686533218897,,
FACT.NS,2026-06-17 14:09:56,Caution,5.27,0.708,2.0,3.82,66.23,9,2,-0.012,2026-06-17,,,
SHRIRAMFIN.NS,2026-06-12 19:07:14,Hold,5.27,0.246,6.5,3.27,54.4,6,2,0.893,2026-06-12,5.502904562671085,4.916488989672119,
FORCEMOT.NS,2026-06-15 21:40:49,Hold,5.27,-0.123,5.0,5.39,47.48,4,4,0.72,2026-06-15,0.6580366774541435,-0.09169363538296116,
NIFTYBEES.NS,2026-06-26 00:05:40,Hold,5.27,0.154,5.0,5.0,57.57,6,3,-0.381,2026-06-26,,,
FIVESTAR.NS,2026-06-18 21:20:12,Caution,5.27,0.492,4.0,3.18,73.95,9,3,-0.637,2026-06-18,,,
PERSISTENT.NS,2026-06-16 14:34:44,Hold,5.27,-0.662,8.0,5.5,49.35,3,6,0.239,2026-06-16,-3.7376657031795046,-3.588159075052322,
DOMS.NS,2026-06-12 11:40:46,Hold,5.27,0.092,4.0,6.18,58.79,6,3,0.056,2026-06-12,1.4360498622326467,,
SHRIRAMFIN.NS,2026-06-25 18:09:10,Caution,5.27,0.754,5.4,5.18,66.22,10,1,0.752,2026-06-25,,,
NIFTYBEES.NS,2026-06-24 18:01:34,Caution,5.27,-0.046,5.0,5.0,57.57,6,3,-0.351,2026-06-24,,,
PIRAMALFIN.NS,2026-06-22 14:56:14,Caution,5.27,0.185,5.5,4.86,62.42,7,5,2.968,2026-06-22,,,
BEL.NS,2026-06-15 18:30:16,Hold,5.26,-0.369,5.5,6.15,43.42,3,6,0.276,2026-06-15,4.651451319338551,5.359544099932245,
MOTISONS.NS,2026-06-16 21:05:23,Caution,5.26,0.077,6.0,3.5,59.76,5,6,-0.364,2026-06-16,,,
LENSKART.NS,2026-06-20 17:20:26,Caution,5.26,0.215,3.0,6.37,54.69,7,2,1.075,2026-06-20,-1.5667323217631757,,
GLENMARK.NS,2026-06-11 03:00:31,Caution,5.26,-0.246,7.5,,43.23,3,6,0.983,2026-06-11,0.568894901929351,,
MOTILALOFS.NS,2026-06-15 12:17:13,Hold,5.26,0.492,4.5,3.72,64.21,9,3,0.283,2026-06-15,,,
LENSKART.NS,2026-06-19 16:45:37,Caution,5.26,0.215,3.0,6.37,54.69,7,2,1.075,2026-06-19,0.8594517577874328,,
MRPL.NS,2026-06-16 09:18:15,Hold,5.26,0.615,1.5,4.67,58.54,8,2,-0.374,2026-06-16,,,
CHOLAFIN.NS,2026-06-22 21:16:02,Caution,5.26,0.508,6.0,3.79,68.02,9,2,0.097,2026-06-22,4.677676289255772,,
ICICIGI.NS,2026-06-19 19:26:49,Caution,5.25,0.0,4.0,5.57,62.88,7,3,-0.115,2026-06-19,,,
INDUSINDBK.NS,2026-06-12 19:23:13,Hold,5.25,0.646,2.5,4.63,54.03,9,1,-0.759,2026-06-12,2.0548358993582205,3.2811944647263003,
NITCO.NS,2026-06-19 16:45:37,Caution,5.25,0.738,2.0,3.58,71.24,10,2,0.187,2026-06-19,,,
CIPLA.NS,2026-06-16 17:36:25,Hold,5.25,0.0,5.0,5.71,51.28,4,4,-0.533,2026-06-16,-1.5583966723482279,4.362075920767716,
BANKBARODA.NS,2026-06-23 18:49:41,Avoid,5.25,0.431,3.0,4.76,57.95,7,2,-0.078,2026-06-23,,,
WELSPUNLIV.NS,2026-06-19 14:13:36,Caution,5.24,0.723,1.0,5.49,69.88,10,4,-0.014,2026-06-19,4.690871485401726,,
RRKABEL.NS,2026-06-29 05:11:32,Hold,5.24,0.8,4.98,6.81,82.65,11,3,0.356,2026-06-29,,,
ATGL.NS,2026-06-18 21:20:12,Caution,5.24,0.338,4.5,4.42,54.56,6,2,-0.406,2026-06-18,,,
BHARTIARTL.NS,2026-06-21 08:59:27,Caution,5.24,-0.031,4.0,5.7,64.1,7,5,0.559,2026-06-21,-3.438381783027822,,
EMAMIREAL.NS,2026-06-16 14:34:44,Hold,5.23,0.938,2.5,2.79,60.13,10,2,-0.271,2026-06-16,,,
BANKBARODA.NS,2026-06-12 11:40:46,Hold,5.23,0.492,4.0,4.07,60.76,9,3,-0.13,2026-06-12,2.584169646411505,2.2929891876137365,
SHRIRAMFIN.NS,2026-06-11 03:02:57,Caution,5.23,-0.123,6.5,,42.31,3,5,0.849,2026-06-11,13.483779971791265,13.139634663698875,16.423136680183358
OLECTRA.NS,2026-06-16 17:36:25,Hold,5.22,0.108,7.5,2.93,52.27,3,4,-0.501,2026-06-16,19.67097131703237,,
NIFTYBEES.NS,2026-06-29 05:11:32,Hold,5.22,0.123,5.0,5.0,59.08,5,3,-0.393,2026-06-29,,,
CANBK.NS,2026-06-19 14:13:36,Caution,5.22,0.215,4.5,3.99,57.26,7,3,0.081,2026-06-19,-2.684321406628909,,
HONASA.NS,2026-06-26 18:03:02,Hold,5.22,0.815,5.76,7.09,62.53,11,2,-0.221,2026-06-26,,,
AXISBANK.NS,2026-06-12 09:44:58,Hold,5.22,0.723,1.5,5.0,63.36,9,1,-0.022,2026-06-12,-0.3981437896967033,0.11796619688393406,
YESBANK.NS,2026-06-24 18:01:34,Caution,5.22,0.862,2.0,4.82,64.59,10,1,-0.14,2026-06-24,,,
UPL.NS,2026-06-21 16:27:16,Caution,5.22,-0.846,5.5,6.37,39.68,1,8,-0.046,2026-06-21,,,
TECHM.NS,2026-06-25 12:39:49,Hold,5.22,-0.308,4.87,6.64,48.92,3,5,-0.114,2026-06-25,,,
SHRIRAMFIN.NS,2026-06-29 05:11:32,Hold,5.22,0.754,5.4,5.18,66.22,10,1,0.753,2026-06-29,,,
IEX.NS,2026-06-16 17:36:25,Hold,5.2,-0.523,7.0,5.48,50.17,1,6,-0.582,2026-06-16,,,
KANSAINER.NS,2026-06-16 14:34:44,Hold,5.2,0.185,3.5,5.92,57.67,6,3,-0.681,2026-06-16,,,
AXISBANK.NS,2026-06-26 05:25:13,Hold,5.2,0.831,1.69,4.84,70.11,11,0,-0.087,2026-06-26,,,
EASEMYTRIP.NS,2026-06-11 03:02:57,Caution,5.2,0.4,2.5,,57.18,8,2,-0.892,2026-06-11,,,
ZEEL.NS,2026-06-25 18:09:10,Caution,5.2,0.677,3.6,5.66,59.47,8,2,-0.432,2026-06-25,,,
REDINGTON.NS,2026-06-16 14:34:44,Hold,5.2,0.308,4.5,4.45,60.19,7,2,0.051,2026-06-16,15.075012165816837,,
HINDUNILVR.NS,2026-06-16 17:36:25,Hold,5.19,-0.4,6.5,6.25,53.8,2,5,-0.559,2026-06-16,-0.24090647830916634,-0.8104094378747928,
HONASA.NS,2026-06-25 18:09:10,Caution,5.19,0.815,5.75,7.08,62.53,11,2,-0.244,2026-06-25,,,
GRSE.NS,2026-06-12 19:23:13,Hold,5.19,0.0,7.0,3.82,48.91,4,4,0.585,2026-06-12,6.4069148752313065,5.648057553293717,
NLCINDIA.NS,2026-06-12 09:56:29,Hold,5.19,-0.015,5.5,5.2,41.5,5,6,0.287,2026-06-12,-1.675620612555262,1.707247746590812,
BANKBARODA.NS,2026-06-18 13:53:16,Caution,5.19,0.462,3.0,3.94,67.95,8,3,-0.087,2026-06-18,-1.8374601438272964,-1.3604261849878507,
OIL.NS,2026-06-25 18:09:10,Caution,5.19,-0.462,6.13,6.03,27.58,3,8,-0.276,2026-06-25,,,
JYOTICNC.NS,2026-06-20 17:20:26,Caution,5.19,0.108,5.0,4.01,64.98,8,4,-0.696,2026-06-20,4.236825764138441,,
MANAPPURAM.NS,2026-06-16 14:34:44,Hold,5.19,0.877,2.0,3.11,56.75,9,1,0.673,2026-06-16,0.37800650285391146,0.5985175061972381,
EIEL.NS,2026-06-23 12:44:14,Caution,5.18,0.431,5.5,3.66,66.8,8,4,-0.039,2026-06-23,,,
COFORGE.NS,2026-06-15 21:40:49,Hold,5.18,-0.231,6.5,5.39,53.41,4,3,0.273,2026-06-15,5.739750445632796,5.803923309380576,
TMCV.NS,2026-06-25 15:49:45,Hold,5.18,0.308,5.53,6.01,68.24,8,4,1.24,2026-06-25,,,
ITC.NS,2026-06-19 16:45:37,Caution,5.18,-0.4,7.0,5.8,55.15,4,5,-0.982,2026-06-19,-0.7350406483707217,,
BANKBARODA.NS,2026-06-15 21:40:49,Hold,5.18,0.462,3.0,3.92,63.12,8,3,-0.133,2026-06-15,2.51766437759946,3.6225323101625184,
BANKBARODA.NS,2026-06-17 19:49:59,Caution,5.18,0.462,3.0,3.93,67.06,8,3,-0.095,2026-06-17,1.4901478085867392,-0.6918616869978189,
TECHM.NS,2026-06-16 17:36:25,Hold,5.18,-0.477,7.0,6.19,47.82,3,6,-0.03,2026-06-16,-2.5711965708266837,-2.1564882630090376,
OIL.NS,2026-06-29 05:11:32,Hold,5.18,-0.462,6.13,6.04,27.58,3,8,-0.279,2026-06-29,,,
BAJFINANCE.NS,2026-06-24 18:01:34,Caution,5.17,0.477,5.0,3.96,68.3,8,2,0.451,2026-06-24,,,
AXISBANK.NS,2026-06-15 21:40:49,Hold,5.17,0.8,1.5,3.49,69.87,11,2,0.037,2026-06-15,-0.5992891141976098,-0.7089141925044173,
TMCV.NS,2026-06-21 08:59:27,Caution,5.17,0.246,4.0,5.1,58.66,6,3,0.858,2026-06-21,5.767108470912796,,
BAJFINANCE.NS,2026-06-19 16:45:37,Caution,5.17,0.2,5.0,3.48,63.14,7,3,0.353,2026-06-19,3.0307782058671906,,
CANBK.NS,2026-06-16 14:34:44,Hold,5.17,0.185,4.5,3.98,56.76,6,2,0.059,2026-06-16,0.6850889479522948,-1.8519962959844372,
MUTHOOTFIN.NS,2026-06-21 08:59:27,Caution,5.17,-0.385,7.5,4.28,44.9,3,5,0.883,2026-06-21,-5.920394973375309,,
PERSISTENT.NS,2026-06-22 09:19:59,Caution,5.17,-0.815,8.0,5.8,45.7,1,7,0.154,2026-06-22,-0.3909062853615919,,
ICICIBANK.NS,2026-06-16 21:05:23,Caution,5.16,0.154,3.0,5.39,64.03,6,4,0.191,2026-06-16,0.9143334126825442,0.29978264660284193,
ICICIBANK.NS,2026-06-25 15:49:45,Hold,5.16,0.631,3.84,6.08,71.21,10,2,0.113,2026-06-25,,,
PFC.NS,2026-06-23 12:44:14,Caution,5.16,0.2,4.5,4.4,52.86,5,3,-0.246,2026-06-23,,,
ICICIBANK.NS,2026-06-15 18:30:16,Caution,5.16,0.154,3.0,5.4,62.79,6,4,0.177,2026-06-15,1.1072667605089181,1.8680362521986016,
INDUSTOWER.NS,2026-06-12 19:23:13,Hold,5.16,0.4,2.5,5.6,47.35,6,2,0.154,2026-06-12,-1.7450156435187658,-2.3741689720286008,
POONAWALLA.NS,2026-06-19 19:26:49,Caution,5.16,0.185,5.5,3.1,64.1,7,4,-0.159,2026-06-19,,,
INDUSTOWER.NS,2026-06-17 14:09:56,Caution,5.16,0.046,4.5,5.64,41.96,8,4,0.105,2026-06-17,-0.10873799695406694,-3.684909937197278,
MOTILALOFS.NS,2026-06-12 19:07:14,Hold,5.15,0.4,4.5,3.85,58.28,8,2,0.21,2026-06-12,,,
M&M.NS,2026-06-22 14:56:14,Caution,5.15,-0.631,7.0,5.46,49.62,2,6,-0.1,2026-06-22,3.8780457209401042,,
ZEEL.NS,2026-06-29 05:11:32,Hold,5.15,0.677,3.61,5.66,59.47,8,2,-0.479,2026-06-29,,,
BANKBARODA.NS,2026-06-16 09:18:15,Hold,5.15,0.446,3.0,3.92,63.59,8,4,-0.13,2026-06-16,2.070085913602737,0.8897699782625335,
ICICIBANK.NS,2026-06-29 05:11:32,Hold,5.15,0.631,3.6,6.08,71.21,10,2,0.065,2026-06-29,,,
HINDUNILVR.NS,2026-06-17 17:01:00,Caution,5.15,-0.6,6.0,6.57,53.42,2,5,-0.562,2026-06-17,-0.5779097434622127,-0.812334876116827,
RECLTD.NS,2026-06-16 14:34:44,Hold,5.15,0.462,4.0,2.97,58.65,8,3,-0.615,2026-06-16,-0.3365535634655248,1.50049257795013,
BLUESTARCO.NS,2026-06-18 13:53:16,Caution,5.15,-0.138,6.0,5.27,60.17,5,4,-0.178,2026-06-18,,,
UCOBANK.NS,2026-06-16 17:36:25,Hold,5.15,0.154,4.0,4.52,58.65,6,4,-1.077,2026-06-16,,,
HAL.NS,2026-06-16 17:36:25,Hold,5.15,-0.523,6.0,6.19,46.38,1,6,-0.562,2026-06-16,3.578652661269466,5.742760511333445,
JYOTICNC.NS,2026-06-21 08:59:27,Caution,5.15,0.108,5.0,3.89,64.98,8,4,-0.696,2026-06-21,4.236825764138441,,
NTPC.NS,2026-06-19 09:44:02,Caution,5.14,-0.031,4.0,5.41,46.12,4,4,-0.158,2026-06-19,-2.3920175757228934,,
AXISBANK.NS,2026-06-16 14:34:44,Hold,5.14,0.754,1.5,3.64,69.17,10,3,0.033,2026-06-16,-0.5711303387775257,-0.16108598158675047,
NATIONALUM.NS,2026-06-11 03:00:31,Caution,5.14,-0.154,6.5,,38.7,4,6,1.14,2026-06-11,-1.065842456011168,-0.7690248398753541,-10.375070581162227
NLCINDIA.NS,2026-06-15 21:40:49,Caution,5.14,-0.246,5.5,5.21,43.34,3,6,0.301,2026-06-15,1.8402032764494258,3.0512778840095844,
VMM.NS,2026-06-12 09:56:29,Hold,5.14,-0.185,5.0,6.31,49.28,3,5,-0.055,2026-06-12,,,
NLCINDIA.NS,2026-06-16 09:18:15,Caution,5.14,-0.246,5.5,5.21,42.62,3,6,0.294,2026-06-16,2.631998621378573,4.370707020551778,
TVSMOTOR.NS,2026-06-16 17:36:25,Hold,5.13,-0.277,5.5,5.32,52.23,3,4,0.449,2026-06-16,0.2153952072114773,0.602530961195602,
SILVERBEES.NS,2026-06-16 09:18:15,Caution,5.13,-0.123,5.0,5.0,47.07,3,5,1.338,2026-06-16,-6.229621991990186,-8.92305377907202,
GOLDBEES.NS,2026-06-22 14:56:14,Caution,5.13,-0.123,5.0,5.0,40.09,3,5,1.431,2026-06-22,-5.085868165804019,,
VEDL.NS,2026-06-26 05:25:13,Hold,5.13,-0.6,6.8,6.24,29.27,3,8,-0.386,2026-06-26,,,
AXISBANK.NS,2026-06-25 15:49:45,Hold,5.13,0.692,1.92,4.85,66.97,9,3,-0.099,2026-06-25,,,
POWERGRID.NS,2026-06-26 05:25:13,Hold,5.13,0.0,4.08,5.93,48.47,4,4,-0.402,2026-06-26,,,
UNIONBANK.NS,2026-06-15 12:17:13,Hold,5.13,0.323,4.5,4.19,57.19,6,2,0.154,2026-06-15,2.8137723173147444,3.1056578929670398,
BEL.NS,2026-06-12 19:07:14,Hold,5.13,-0.492,7.0,6.13,40.02,2,7,0.442,2026-06-12,3.284134342808276,5.018448683021992,
WAAREEENER.NS,2026-06-12 09:56:29,Hold,5.12,-0.369,7.0,5.47,44.9,2,6,0.226,2026-06-12,1.5570428459803942,3.1008775822458423,
AXISBANK.NS,2026-06-18 16:36:14,Caution,5.12,0.738,1.5,3.66,65.4,9,1,0.021,2026-06-18,0.2499834185055283,1.257258723100163,
CLEAN.NS,2026-06-23 12:44:14,Caution,5.12,-0.077,5.0,4.57,58.73,5,4,-0.948,2026-06-23,,,
BAJAJHLDNG.NS,2026-06-16 17:36:25,Hold,5.12,-0.062,6.5,3.37,55.27,5,3,0.209,2026-06-16,,,
TATAINVEST.NS,2026-06-16 17:36:25,Hold,5.11,-0.185,6.0,5.39,51.72,4,4,-0.18,2026-06-16,,,
BAJFINANCE.NS,2026-06-16 14:34:44,Hold,5.11,0.154,5.5,3.11,62.99,6,4,0.322,2026-06-16,0.22403619280049192,0.28656280206724727,
HONASA.NS,2026-06-29 05:11:32,Hold,5.11,0.815,5.76,7.09,62.53,11,2,-0.221,2026-06-29,,,
HINDALCO.NS,2026-06-20 17:20:26,Caution,5.11,-0.246,4.5,5.98,39.6,3,6,0.629,2026-06-20,-6.014592710096311,,
BAJFINANCE.NS,2026-06-17 19:49:59,Caution,5.1,0.169,5.0,3.45,62.41,6,3,0.316,2026-06-17,1.032967771986315,3.396284115588255,
ITC.NS,2026-06-20 17:20:26,Caution,5.1,-0.4,7.0,5.57,55.15,4,5,-0.982,2026-06-20,-0.42918454935622075,,
BAJFINANCE.NS,2026-06-18 13:53:16,Caution,5.1,0.169,5.0,3.44,61.36,6,3,0.308,2026-06-18,0.3702402793466897,2.247489114755008,
PERSISTENT.NS,2026-06-18 21:20:12,Caution,5.1,-0.723,9.0,5.49,46.55,2,7,0.216,2026-06-18,-2.105050096144112,-2.0038457645987218,
TECHM.NS,2026-06-29 05:11:32,Hold,5.09,-0.431,4.94,6.62,47.82,2,6,-0.103,2026-06-29,,,
DIXON.NS,2026-06-20 17:20:26,Caution,5.09,0.108,4.5,5.15,64.36,5,4,-0.032,2026-06-20,-2.6183527885862534,,
VEDL.NS,2026-06-25 18:09:10,Caution,5.08,-0.615,6.8,6.22,27.16,4,9,-0.41,2026-06-25,,,
BANKBARODA.NS,2026-06-19 14:13:36,Caution,5.08,0.4,3.0,3.94,64.38,7,4,-0.082,2026-06-19,-0.4091777073235492,,
DIXON.NS,2026-06-12 11:50:01,Hold,5.08,0.062,4.5,5.35,53.22,5,3,-0.02,2026-06-12,11.146717477914425,8.409838905248579,
ICICIAMC.NS,2026-06-12 19:23:13,Hold,5.08,-0.108,5.0,5.77,48.59,5,4,1.591,2026-06-12,0.36124339247518567,5.872543791046736,
ICICIBANK.NS,2026-06-18 13:53:16,Caution,5.08,0.108,3.0,5.39,66.09,5,4,0.213,2026-06-18,-0.2979959662142706,3.3673507805751957,
ICICIBANK.NS,2026-06-17 17:01:00,Caution,5.07,0.108,3.0,5.39,64.5,5,4,0.196,2026-06-17,1.166964019758443,2.752837029746691,
AXISBANK.NS,2026-06-23 12:44:14,Caution,5.07,0.738,1.0,4.33,65.28,9,1,-0.046,2026-06-23,,,
IIFL.NS,2026-06-24 18:01:34,Caution,5.07,0.523,4.5,4.09,58.94,8,3,-0.01,2026-06-24,,,
FORCEMOT.NS,2026-06-16 09:18:15,Caution,5.07,-0.031,5.0,5.36,49.12,4,3,0.735,2026-06-16,1.1396320616486655,-2.208715471861944,
ALKEM.NS,2026-06-16 17:36:25,Hold,5.07,-0.369,6.5,5.76,48.02,3,5,-0.184,2026-06-16,,,
VEDL.NS,2026-06-29 05:11:32,Hold,5.07,-0.615,6.8,6.22,27.16,4,9,-0.39,2026-06-29,,,
JBMA.NS,2026-06-22 09:19:59,Caution,5.06,0.708,3.5,3.95,67.79,9,2,-0.474,2026-06-22,,,
TATACAP.NS,2026-06-19 19:26:49,Caution,5.06,0.292,4.5,3.14,77.92,9,6,0.364,2026-06-19,-3.4760088397812083,,
TEJASNET.NS,2026-06-11 03:00:31,Caution,5.06,0.554,1.0,,59.37,8,2,-0.776,2026-06-11,1.3775107958260646,4.646909226514828,8.587619877942455
VINCOFE.NS,2026-06-15 12:17:13,Hold,5.06,0.431,3.5,4.31,64.42,7,2,0.016,2026-06-15,,,
BANKBARODA.NS,2026-06-22 21:16:02,Caution,5.06,0.462,3.0,4.7,68.64,8,3,-0.022,2026-06-22,-2.4121636745107367,,
CENTRALBK.NS,2026-06-18 16:36:14,Caution,5.05,-0.138,5.0,4.82,56.6,5,5,-0.963,2026-06-18,,,
AMBER.NS,2026-06-18 21:20:12,Caution,5.05,0.415,2.0,4.65,57.27,8,4,0.716,2026-06-18,-2.228359801644597,,
GOLDBEES.NS,2026-06-23 10:41:23,Caution,5.05,-0.169,5.0,5.0,36.51,3,6,1.38,2026-06-23,-3.313711009960496,,
LTF.NS,2026-06-12 19:07:14,Hold,5.05,0.215,6.0,3.21,52.47,6,3,0.71,2026-06-12,6.595390789763256,3.823151776146183,
NTPC.NS,2026-06-12 09:56:29,Hold,5.05,-0.169,5.5,5.56,25.78,5,6,-0.297,2026-06-12,0.46623168266202164,3.362530121988394,
HDFCSILVER.NS,2026-06-24 13:07:02,Caution,5.05,-0.169,5.0,5.0,34.66,3,6,1.525,2026-06-24,,,
BAJFINANCE.NS,2026-06-15 18:30:16,Caution,5.04,0.2,5.0,3.12,59.44,7,3,0.282,2026-06-15,1.7563395953906102,2.7592062333457568,
ULTRACEMCO.NS,2026-06-26 13:29:24,Hold,5.04,-0.415,4.82,7.3,54.99,2,6,-0.187,2026-06-26,,,
UNITDSPR.NS,2026-06-25 18:09:10,Caution,5.04,0.492,5.01,7.05,68.22,9,3,-0.067,2026-06-25,,,
LTM.NS,2026-06-19 19:26:49,Caution,5.04,-0.892,8.5,5.57,39.95,1,9,-0.596,2026-06-19,-0.7514689844259625,,
TVSMOTOR.NS,2026-06-15 21:40:49,Caution,5.04,-0.246,5.0,5.33,54.18,4,4,0.465,2026-06-15,-0.054918408548920716,0.8440511973370368,
TRIDENT.NS,2026-06-16 17:36:25,Hold,5.04,-0.092,3.5,5.87,56.61,5,5,-0.763,2026-06-16,,,
LGEINDIA.NS,2026-06-19 19:26:49,Caution,5.04,0.185,3.0,5.9,69.09,7,4,-0.363,2026-06-19,,,
UNITDSPR.NS,2026-06-29 05:11:32,Hold,5.04,0.492,5.01,7.05,68.22,9,3,-0.057,2026-06-29,,,
LGEINDIA.NS,2026-06-20 17:20:26,Caution,5.04,0.185,3.0,5.9,69.09,7,4,-0.363,2026-06-20,,,
TITAGARH.NS,2026-06-19 14:13:36,Caution,5.03,0.523,1.0,4.89,68.84,9,3,-0.642,2026-06-19,,,
TATASTEEL.NS,2026-06-11 03:02:57,Caution,5.03,-0.123,6.0,,39.21,5,6,0.075,2026-06-11,1.0517597522783362,3.382139271768092,-2.706743564793168
INDOCO.NS,2026-06-12 09:56:29,Hold,5.02,0.615,2.0,4.55,68.37,10,3,-0.436,2026-06-12,,,
MUTHOOTFIN.NS,2026-06-20 23:01:14,Caution,5.02,-0.385,7.0,4.28,44.9,3,5,0.883,2026-06-20,-5.920394973375309,,
LENSKART.NS,2026-06-21 08:59:27,Caution,5.02,0.215,3.0,5.7,54.69,7,2,1.075,2026-06-21,-1.5667323217631757,,
YESBANK.NS,2026-06-15 21:40:49,Caution,5.02,0.431,2.5,4.03,63.78,9,4,-0.207,2026-06-15,7.148859573185429,4.962146189044558,
HINDALCO.NS,2026-06-17 14:09:56,Caution,5.01,-0.185,4.5,5.39,38.7,6,6,0.569,2026-06-17,0.6250607838442335,-3.105471581501462,
ONGC.NS,2026-06-15 12:17:13,Hold,5.01,-0.677,7.0,6.69,21.76,3,8,-0.274,2026-06-15,0.6772046774499163,0.7387658924065343,
INDHOTEL.NS,2026-06-12 11:50:01,Hold,5.01,0.062,3.5,6.01,55.04,5,3,0.02,2026-06-12,2.892043681212364,6.66716233180733,
AXISBANK.NS,2026-06-21 08:59:27,Caution,5.01,0.738,1.5,4.34,64.58,9,1,-0.049,2026-06-21,1.3690546091696953,,
BASF.NS,2026-06-16 17:36:25,Hold,5.01,-0.569,7.0,5.16,49.44,3,5,-0.588,2026-06-16,,,
M&M.NS,2026-06-19 14:13:36,Caution,5.01,-0.538,8.0,5.14,50.09,2,5,-0.108,2026-06-19,-0.3349827196747479,,
GOLDBEES.NS,2026-06-21 14:25:52,Caution,5.0,-0.2,5.0,5.0,36.24,3,7,1.391,2026-06-21,-5.085868165804019,,
HDFCSILVER.NS,2026-06-23 18:49:41,Avoid,5.0,-0.2,5.0,5.0,35.38,3,7,1.547,2026-06-23,-3.896464416142653,,
HINDUNILVR.NS,2026-06-26 00:05:40,Hold,5.0,-0.554,5.36,7.55,49.79,1,7,-0.529,2026-06-26,,,
GOLDBEES.NS,2026-06-20 23:01:14,Caution,5.0,-0.2,5.0,5.0,36.24,3,7,1.391,2026-06-20,-5.085868165804019,,
UNIONBANK.NS,2026-06-12 19:23:13,Hold,5.0,0.246,4.5,4.19,54.37,6,2,0.128,2026-06-12,2.1758288043758567,3.3578308454015104,
GOLDBEES.NS,2026-06-24 18:01:34,Caution,5.0,-0.2,5.0,5.0,33.83,3,7,1.339,2026-06-24,,,
GOLDBEES.NS,2026-06-19 19:26:49,Caution,5.0,-0.2,5.0,5.0,36.24,3,7,1.391,2026-06-19,-1.861593905910508,-4.032057595909588,
HINDUNILVR.NS,2026-06-25 18:09:10,Caution,5.0,-0.554,5.36,7.55,52.82,1,7,-0.51,2026-06-25,,,
MOTISONS.NS,2026-06-12 19:07:14,Hold,5.0,0.246,5.5,3.35,74.77,8,5,-0.282,2026-06-12,-3.6511153701542787,,
NTPC.NS,2026-06-17 19:49:59,Caution,4.99,-0.231,4.5,5.56,34.2,4,6,-0.269,2026-06-17,3.23442564894596,0.42188160638425565,
360ONE.NS,2026-06-15 18:30:16,Caution,4.99,0.523,2.5,3.51,60.93,9,1,0.35,2026-06-15,,,
DENTA.NS,2026-06-23 10:41:23,Caution,4.99,0.492,4.5,3.86,82.16,9,4,-0.108,2026-06-23,,,
ONGC.NS,2026-06-16 17:36:25,Caution,4.99,-0.385,5.5,6.47,28.56,5,7,-0.243,2026-06-16,-0.7856555085489436,-1.551164742975164,
HINDALCO.NS,2026-06-16 14:34:44,Caution,4.99,-0.292,5.0,5.42,32.69,5,8,0.526,2026-06-16,2.809443699108116,0.44787899730871494,
ULTRACEMCO.NS,2026-06-29 05:11:32,Hold,4.99,-0.415,4.82,7.3,54.99,2,6,-0.187,2026-06-29,,,
TTKPRESTIG.NS,2026-06-16 17:36:25,Caution,4.99,0.092,3.5,5.79,54.72,5,3,-0.689,2026-06-16,,,
AXISBANK.NS,2026-06-20 23:01:14,Caution,4.99,0.738,1.5,4.29,64.58,9,1,-0.049,2026-06-20,1.3690546091696953,,
LICHSGFIN.NS,2026-06-16 14:34:44,Caution,4.99,0.431,4.0,2.66,53.42,7,1,-0.682,2026-06-16,,,
HINDUNILVR.NS,2026-06-12 11:40:46,Hold,4.99,-0.492,6.0,6.58,47.08,2,6,-0.628,2026-06-12,1.327923254571295,1.1896009953198616,
DIXON.NS,2026-06-11 03:02:16,Caution,4.98,-0.138,6.0,,55.89,5,3,0.023,2026-06-11,7.598276316946628,11.388620174127162,5.645941429953383
HINDALCO.NS,2026-06-11 03:02:16,Caution,4.98,0.062,4.5,,47.91,5,4,0.73,2026-06-11,-4.090600645972753,-1.542521534212693,-6.941329027801713
CIPLA.NS,2026-06-18 13:53:16,Caution,4.98,-0.262,5.5,5.82,44.37,5,4,-0.569,2026-06-18,5.724822986789935,6.24123759394597,
TVSMOTOR.NS,2026-06-21 16:27:16,Caution,4.98,-0.554,6.0,5.34,52.53,2,6,0.482,2026-06-21,2.321781785011101,,
TATACAP.NS,2026-06-24 18:01:34,Caution,4.98,0.277,5.0,4.24,65.97,7,3,0.144,2026-06-24,,,
HINDUNILVR.NS,2026-06-29 05:11:32,Hold,4.98,-0.554,5.36,7.55,52.82,1,7,-0.524,2026-06-29,,,
TEJASNET.NS,2026-06-20 23:01:14,Caution,4.97,1.0,1.0,3.34,71.29,11,1,-0.743,2026-06-20,-0.7411578312266132,,
TEJASNET.NS,2026-06-21 08:59:27,Caution,4.97,1.0,1.0,3.34,71.29,11,1,-0.743,2026-06-21,-0.7411578312266132,,
HINDALCO.NS,2026-06-26 05:25:13,Hold,4.97,-0.154,3.26,6.27,34.1,3,5,0.483,2026-06-26,,,
PERSISTENT.NS,2026-06-19 09:44:02,Caution,4.96,-0.846,9.0,5.7,38.49,2,8,0.14,2026-06-19,2.0604680057983105,,
PNB.NS,2026-06-17 19:49:59,Caution,4.96,0.185,3.0,4.68,61.85,7,4,-0.389,2026-06-17,,,
BHARTIARTL.NS,2026-06-16 17:36:25,Caution,4.96,-0.185,5.0,5.8,54.58,4,4,0.402,2026-06-16,3.119268690130861,2.622772562651776,
TCS.NS,2026-06-26 05:25:13,Hold,4.96,-0.6,6.66,6.05,39.01,2,7,-1.277,2026-06-26,,,
TATAELXSI.NS,2026-06-16 14:34:44,Caution,4.96,-0.692,7.5,6.22,45.61,2,6,-0.916,2026-06-16,,,
EIEL.NS,2026-06-24 15:45:41,Caution,4.96,0.415,5.5,3.63,65.37,7,3,-0.042,2026-06-24,,,
AMBER.NS,2026-06-16 21:05:23,Caution,4.96,0.338,2.0,4.76,53.95,7,2,0.69,2026-06-16,1.005057294667444,-0.28807374687920273,
TATACAP.NS,2026-06-22 09:19:59,Caution,4.96,0.277,5.0,4.23,73.12,8,5,0.278,2026-06-22,2.191931336007835,,
BHARTIARTL.NS,2026-06-29 05:11:32,Hold,4.95,0.0,4.43,6.48,49.45,4,4,0.341,2026-06-29,,,
KOTAKBANK.NS,2026-06-16 17:36:25,Caution,4.95,0.462,1.5,4.54,70.18,8,3,0.122,2026-06-16,-2.108619829549019,-1.5201696982340196,
STUDDS.NS,2026-06-11 03:00:31,Caution,4.95,0.185,3.5,,68.6,7,4,-0.502,2026-06-11,,,
IFCI.NS,2026-06-19 09:44:02,Caution,4.95,1.0,1.5,2.87,63.22,9,1,0.207,2026-06-19,-6.9870585076556075,,
NIFTYBEES.NS,2026-06-15 21:40:49,Caution,4.95,-0.231,5.0,5.0,57.32,6,3,-0.38,2026-06-15,1.2341559611384945,1.1233080183545185,
TITAGARH.NS,2026-06-18 21:20:12,Caution,4.95,0.554,1.0,4.52,70.99,10,3,-0.641,2026-06-18,,,
TCIEXP.NS,2026-06-24 18:01:34,Caution,4.95,0.492,6.0,4.47,72.64,9,3,-0.928,2026-06-24,,,
BANKBARODA.NS,2026-06-24 13:07:02,Caution,4.95,0.431,3.0,4.69,59.23,7,2,-0.068,2026-06-24,,,
LTM.NS,2026-06-20 17:20:26,Caution,4.95,-0.892,8.5,5.31,39.95,1,9,-0.596,2026-06-20,,,
KOTAKBANK.NS,2026-06-15 18:30:16,Caution,4.95,0.462,1.5,4.56,68.99,8,3,0.11,2026-06-15,-0.690077090072394,-0.887247345290354,
POLICYBZR.NS,2026-06-22 21:16:02,Caution,4.95,-0.231,5.0,5.22,57.38,6,3,0.191,2026-06-22,,,
NAUKRI.NS,2026-06-24 15:45:41,Caution,4.94,-0.046,6.0,4.48,55.96,6,3,-0.607,2026-06-24,,,
HINDALCO.NS,2026-06-18 13:53:16,Caution,4.94,-0.231,4.5,5.41,38.85,4,6,0.568,2026-06-18,-2.1517116714954154,-5.483389964597796,
EIEL.NS,2026-06-22 21:16:02,Caution,4.94,0.492,5.5,3.58,70.62,9,3,-0.017,2026-06-22,,,
PGEL.NS,2026-06-18 13:53:16,Caution,4.93,0.462,2.5,3.63,69.32,8,3,0.546,2026-06-18,,,
NAUKRI.NS,2026-06-23 18:49:41,Avoid,4.93,0.015,6.0,4.37,56.52,7,2,-0.605,2026-06-23,,,
DIXON.NS,2026-06-21 08:59:27,Caution,4.93,0.108,4.5,4.68,64.36,5,4,-0.032,2026-06-21,-2.6183527885862534,,
BDL.NS,2026-06-19 19:26:49,Caution,4.93,0.185,2.5,5.03,65.91,7,4,-0.288,2026-06-19,0.7353994034073663,,
CANBK.NS,2026-06-22 21:16:02,Caution,4.92,0.123,4.5,4.83,58.17,6,3,0.135,2026-06-22,-4.353960879011232,,
CANBK.NS,2026-06-23 12:44:14,Caution,4.92,-0.169,4.5,4.81,51.24,4,3,0.087,2026-06-23,,,
HINDALCO.NS,2026-06-19 19:26:49,Caution,4.92,-0.246,4.5,5.43,39.6,3,6,0.629,2026-06-19,-3.306933110303223,,
NTPC.NS,2026-06-18 16:36:14,Caution,4.91,-0.246,4.5,5.4,41.82,3,6,-0.229,2026-06-18,0.7321436129607228,-2.7351910706387317,
PNB.NS,2026-06-18 16:36:14,Caution,4.91,0.154,3.0,4.68,63.27,6,4,-0.378,2026-06-18,,,
JSL.NS,2026-06-16 17:36:25,Caution,4.91,-0.723,7.5,6.22,50.39,2,6,-0.363,2026-06-16,,,
IFCI.NS,2026-06-18 21:20:12,Caution,4.91,0.969,1.5,2.74,59.09,9,2,0.114,2026-06-18,-0.8868858573582217,-6.451218219042875,
POWERGRID.NS,2026-06-16 14:34:44,Caution,4.91,-0.123,4.5,4.79,38.47,4,5,-0.473,2026-06-16,2.4899197809883367,2.384716274276144,
IFCI.NS,2026-06-17 14:09:56,Caution,4.91,1.0,1.5,2.74,71.69,12,3,0.229,2026-06-17,-7.44976030554848,-11.468859627017725,
RBA.NS,2026-06-19 19:26:49,Caution,4.91,0.369,2.0,5.47,80.02,8,4,-0.759,2026-06-19,,,
BDL.NS,2026-06-23 12:44:14,Caution,4.91,0.446,3.5,4.01,69.08,8,4,-0.254,2026-06-23,,,
POWERGRID.NS,2026-06-21 14:25:52,Caution,4.9,-0.031,2.5,5.49,50.23,4,4,-0.39,2026-06-21,-2.0189839874083293,,
RBA.NS,2026-06-20 17:20:26,Caution,4.9,0.369,2.0,5.43,80.02,8,4,-0.759,2026-06-20,,,
M&M.NS,2026-06-21 16:27:16,Caution,4.9,-0.569,7.0,5.41,49.18,2,6,-0.114,2026-06-21,3.8780457209401042,,
TCS.NS,2026-06-29 05:11:32,Hold,4.9,-0.615,6.66,6.06,37.84,1,7,-1.295,2026-06-29,,,
MEESHO.NS,2026-06-23 10:41:23,Caution,4.9,-0.569,7.0,4.82,51.6,3,5,0.007,2026-06-23,,,
MEESHO.NS,2026-06-22 21:16:02,Caution,4.9,-0.569,7.0,4.74,46.79,3,5,-0.065,2026-06-22,8.268967934038374,,
PIRAMALFIN.NS,2026-06-19 19:26:49,Caution,4.9,0.185,5.5,3.35,71.47,8,5,3.309,2026-06-19,,,
ITC.NS,2026-06-29 05:11:32,Hold,4.9,-0.554,6.88,5.9,50.76,1,7,-1.005,2026-06-29,,,
IFCI.NS,2026-06-15 12:17:13,Hold,4.89,1.0,1.5,2.68,70.81,12,2,0.202,2026-06-15,-8.136161874637637,-6.964283448700959,
IFCI.NS,2026-06-16 21:05:23,Caution,4.89,1.0,1.5,2.68,69.63,11,3,0.194,2026-06-16,-3.457206744728203,-8.130631725873805,
ITC.NS,2026-06-26 15:57:27,Hold,4.89,-0.554,6.88,5.9,50.76,1,7,-1.005,2026-06-26,,,
CANBK.NS,2026-06-26 00:05:40,Hold,4.89,-0.092,4.86,5.58,49.12,3,4,0.073,2026-06-26,,,
CIPLA.NS,2026-06-17 17:01:00,Caution,4.89,-0.292,5.5,5.71,44.51,5,5,-0.568,2026-06-17,4.804552857401312,6.448028756106461,
RATNAMANI.NS,2026-06-16 14:34:44,Caution,4.89,0.123,3.5,5.34,52.29,5,3,-0.55,2026-06-16,,,
AMBER.NS,2026-06-20 17:20:26,Caution,4.89,0.262,2.0,4.94,55.11,6,4,0.706,2026-06-20,,,
NIFTYBEES.NS,2026-06-16 09:18:15,Caution,4.89,-0.262,5.0,5.0,58.57,5,3,-0.369,2026-06-16,0.4711593904482836,-0.31656635868256844,
TECHM.NS,2026-06-18 21:20:12,Caution,4.89,-0.723,7.5,6.16,48.0,2,7,-0.029,2026-06-18,-2.2173086045871204,-0.7321942352320421,
PERSISTENT.NS,2026-06-24 18:01:34,Caution,4.88,-0.815,8.0,5.25,47.6,1,7,0.162,2026-06-24,,,
BAYERCROP.NS,2026-06-16 14:34:44,Caution,4.88,-0.738,6.0,6.5,37.7,1,8,-0.773,2026-06-16,,,
JSWENERGY.NS,2026-06-23 12:44:14,Caution,4.88,0.554,2.5,4.12,52.54,7,2,-0.539,2026-06-23,,,
TARSONS.NS,2026-06-17 19:49:59,Caution,4.88,0.815,1.0,4.02,77.78,10,3,-0.755,2026-06-17,,,
IFCI.NS,2026-06-12 19:07:14,Hold,4.88,1.0,1.5,2.65,67.46,12,2,0.142,2026-06-12,6.50348825806677,1.3716491265168607,
TMCV.NS,2026-06-26 18:03:02,Hold,4.88,0.308,4.85,6.01,68.24,8,4,1.24,2026-06-26,,,
TCS.NS,2026-06-25 18:09:10,Caution,4.88,-0.615,6.66,6.06,37.84,1,7,-1.287,2026-06-25,,,
ATGL.NS,2026-06-22 14:56:14,Caution,4.88,0.431,5.0,4.06,56.42,7,2,-0.364,2026-06-22,,,
TMCV.NS,2026-06-29 05:11:32,Hold,4.87,0.308,4.85,6.01,68.24,8,4,1.24,2026-06-29,,,
AXISBANK.NS,2026-06-24 15:45:41,Caution,4.87,0.831,1.0,4.27,70.11,11,0,-0.007,2026-06-24,,,
GOLDBEES.NS,2026-06-12 19:07:14,Hold,4.87,-0.077,5.0,5.0,39.44,5,5,1.455,2026-06-12,1.5009857763603751,-1.7470450175584906,-5.708660752133654
AUROPHARMA.NS,2026-06-15 18:30:16,Caution,4.87,-0.123,2.5,6.38,40.42,2,6,0.011,2026-06-15,2.513661941090395,5.936233237760846,
VBL.NS,2026-06-25 15:49:45,Hold,4.87,0.031,3.98,7.1,42.68,5,5,-0.513,2026-06-25,,,
AMBER.NS,2026-06-17 14:09:56,Caution,4.86,0.292,2.0,4.72,54.06,6,3,0.69,2026-06-17,0.5404374364191167,-0.2606815869786394,
SIEMENS.NS,2026-06-11 03:41:41,Avoid,4.86,0.154,3.5,,45.63,4,3,-0.349,2026-06-11,,,
GOLDBEES.NS,2026-06-11 03:02:57,Caution,4.86,-0.046,5.0,,43.53,5,5,1.571,2026-06-11,4.074447233474565,2.380955731346046,-3.6217301635100507
PFC.NS,2026-06-17 19:49:59,Caution,4.86,0.246,4.0,3.22,50.69,6,2,-0.319,2026-06-17,2.1308655951433053,1.239144436251438,
ITC.NS,2026-06-25 18:09:10,Caution,4.86,-0.554,6.88,5.9,50.76,1,7,-1.001,2026-06-25,,,
JSWENERGY.NS,2026-06-22 21:16:02,Caution,4.86,0.646,2.5,4.07,58.01,9,1,-0.516,2026-06-22,,,
TMCV.NS,2026-06-12 19:23:13,Hold,4.86,-0.246,5.5,5.4,55.99,4,4,0.721,2026-06-12,3.202664717127912,3.023320184372147,
UNICHEMLAB.NS,2026-06-11 03:00:31,Avoid,4.85,0.015,4.5,,57.98,7,2,-0.599,2026-06-11,,,
NTPC.NS,2026-06-20 23:01:14,Caution,4.85,-0.092,4.0,5.9,45.87,5,5,-0.16,2026-06-20,-4.0866368339073755,,
ADANIENT.NS,2026-06-23 16:00:59,Caution,4.85,0.938,3.0,3.49,58.49,9,2,-0.271,2026-06-23,,,
GODREJPROP.NS,2026-06-16 17:36:25,Caution,4.85,0.185,5.5,3.22,58.07,6,2,-0.828,2026-06-16,,,
MUTHOOTFIN.NS,2026-06-23 16:00:59,Caution,4.85,-0.508,8.0,4.21,45.23,2,6,0.888,2026-06-23,,,
AMBER.NS,2026-06-21 08:59:27,Caution,4.85,0.262,2.0,4.84,55.11,6,4,0.706,2026-06-21,,,
TATAPOWER.NS,2026-06-23 16:00:59,Caution,4.84,0.062,2.5,4.9,43.02,4,4,-0.395,2026-06-23,,,
SILVERBEES.NS,2026-06-12 19:07:14,Hold,4.84,-0.092,5.0,5.0,41.42,4,5,1.271,2026-06-12,2.137014179795904,-3.6298731447099164,-10.093135331236802
BHARTIARTL.NS,2026-06-20 17:20:26,Caution,4.84,-0.031,4.0,5.54,64.1,7,5,0.559,2026-06-20,-3.438381783027822,,
360ONE.NS,2026-06-16 09:18:15,Caution,4.83,0.462,2.5,3.34,65.97,8,3,0.393,2026-06-16,,,
GSFC.NS,2026-06-16 14:34:44,Caution,4.83,-0.154,6.0,4.43,53.89,5,4,-0.613,2026-06-16,,,
ITC.NS,2026-06-16 14:34:44,Caution,4.83,-0.6,7.0,5.8,53.77,2,5,-1.019,2026-06-16,0.29144732429424725,-0.5657445331783584,
ITC.NS,2026-06-17 17:01:00,Caution,4.83,-0.6,7.0,5.8,52.67,2,5,-1.024,2026-06-17,0.17196904557179593,-0.13757313722592146,
MPHASIS.NS,2026-06-22 09:19:59,Caution,4.83,-0.323,4.5,5.76,50.86,3,5,-0.211,2026-06-22,,,
INDIGO.NS,2026-06-21 08:59:27,Caution,4.83,0.462,1.0,4.65,70.96,8,3,0.088,2026-06-21,8.54195084746372,,
AMBER.NS,2026-06-19 14:13:36,Caution,4.83,0.262,2.0,4.77,55.48,6,4,0.708,2026-06-19,-0.5767524401064761,,
NHPC.NS,2026-06-18 21:20:12,Caution,4.82,-0.323,6.5,3.81,49.06,4,4,-0.642,2026-06-18,2.580983699579087,4.55622724945568,
CANBK.NS,2026-06-25 12:39:49,Hold,4.82,-0.215,5.09,5.59,47.67,2,5,0.062,2026-06-25,,,
BHARTIARTL.NS,2026-06-19 16:45:37,Caution,4.82,-0.031,4.0,5.51,64.1,7,5,0.559,2026-06-19,-1.7531923353542478,,
E2E.NS,2026-06-15 12:17:13,Caution,4.82,0.662,2.0,3.74,55.63,8,2,0.719,2026-06-15,,,
PERSISTENT.NS,2026-06-20 17:20:26,Caution,4.82,-0.892,8.0,5.36,42.29,1,9,0.181,2026-06-20,-0.3909062853615919,,
ICICIBANK.NS,2026-06-12 09:56:29,Hold,4.81,0.154,3.0,5.39,64.33,6,4,0.178,2026-06-12,-0.29832934474428585,0.42511567454497357,
HDBFS.NS,2026-06-15 18:30:16,Caution,4.81,-0.015,5.5,3.11,64.47,7,4,-0.954,2026-06-15,0.3360752399946154,4.700395065624718,
CAPILLARY.NS,2026-06-12 19:23:13,Hold,4.81,-0.538,7.0,5.42,44.5,4,5,-0.714,2026-06-12,,,
EMAMILTD.NS,2026-06-16 17:36:25,Caution,4.81,-0.815,7.0,5.83,45.74,2,7,-1.024,2026-06-16,,,
RBA.NS,2026-06-21 08:59:27,Caution,4.81,0.369,2.0,5.17,80.02,8,4,-0.759,2026-06-21,,,
ITC.NS,2026-06-18 13:53:16,Caution,4.8,-0.615,7.0,5.8,51.82,2,6,-1.028,2026-06-18,-0.3949833146461468,-0.3949833146461468,
MUTHOOTFIN.NS,2026-06-19 19:26:49,Caution,4.8,-0.385,7.5,3.21,44.9,3,5,0.883,2026-06-19,0.12155096026351675,,
CANBK.NS,2026-06-15 12:17:13,Caution,4.79,0.169,4.5,3.98,56.59,6,3,0.059,2026-06-15,2.0953134163425258,1.9818535827972328,
RELIANCE.NS,2026-06-24 15:45:41,Caution,4.79,-0.754,5.5,5.63,48.26,1,7,-0.502,2026-06-24,,,
POWERGRID.NS,2026-06-25 12:39:49,Hold,4.79,-0.062,4.06,5.92,45.69,3,5,-0.416,2026-06-25,,,
TBOTEK.NS,2026-06-16 09:18:15,Caution,4.79,0.215,2.5,4.46,72.18,7,5,-0.3,2026-06-16,,,
TCS.NS,2026-06-18 21:20:12,Caution,4.79,-0.692,7.0,6.14,44.45,2,6,-1.208,2026-06-18,-6.522032768451358,-4.928974504131267,
MUTHOOTFIN.NS,2026-06-18 21:20:12,Caution,4.79,-0.385,7.5,3.19,48.49,3,5,0.911,2026-06-18,-1.9733473672258972,-4.927093058670007,
RELIANCE.NS,2026-06-23 10:41:23,Caution,4.79,-0.692,5.5,5.44,52.24,2,6,-0.476,2026-06-23,,,
HDBFS.NS,2026-06-16 09:18:15,Caution,4.79,-0.031,5.5,3.12,64.56,6,3,-0.952,2026-06-16,1.3950718256808603,,
AUROPHARMA.NS,2026-06-16 09:18:15,Caution,4.79,-0.169,2.5,6.39,39.76,3,6,0.005,2026-06-16,7.238497973127567,9.844634123788243,
ADANIENT.NS,2026-06-24 13:07:02,Caution,4.79,0.985,3.0,3.5,63.63,10,2,-0.238,2026-06-24,,,
SILVERBEES.NS,2026-06-18 16:36:14,Caution,4.78,-0.123,5.0,5.0,42.62,3,5,1.279,2026-06-18,-6.491589885637039,-10.183050397658011,
AXISBANK.NS,2026-06-19 09:44:02,Caution,4.78,0.738,1.5,3.69,63.75,9,1,-0.053,2026-06-19,1.9589053028712833,,
ADANIENT.NS,2026-06-22 21:16:02,Caution,4.78,0.969,3.0,3.47,70.57,10,3,-0.229,2026-06-22,-0.7059778064720357,,
TATSILV.NS,2026-06-22 14:56:14,Caution,4.78,-0.123,5.0,5.0,41.33,3,5,1.208,2026-06-22,-8.089201196250318,,
SILVERBEES.NS,2026-06-22 14:56:14,Caution,4.78,-0.123,5.0,5.0,40.62,3,5,1.226,2026-06-22,-8.248197617381493,,
TVSMOTOR.NS,2026-06-17 14:09:56,Caution,4.78,-0.477,5.5,5.32,52.22,3,4,0.448,2026-06-17,1.159857353969218,-0.23486686665428191,
SILVERBEES.NS,2026-06-17 19:49:59,Caution,4.78,-0.123,5.0,5.0,46.0,3,5,1.319,2026-06-17,-4.061021371993179,-9.085094912763768,
SILVERBEES.NS,2026-06-15 18:30:16,Caution,4.78,-0.123,5.0,5.0,48.91,3,5,1.356,2026-06-15,-3.616624675474156,-5.64914760010743,
HINDALCO.NS,2026-06-15 21:40:49,Caution,4.78,-0.323,4.5,5.41,36.97,3,8,0.59,2026-06-15,-0.5325992981589311,0.029587512155559992,
POWERGRID.NS,2026-06-29 05:11:32,Hold,4.78,-0.092,4.07,5.87,39.61,3,6,-0.449,2026-06-29,,,
INDUSTOWER.NS,2026-06-15 12:17:13,Caution,4.78,0.185,2.5,5.61,43.96,5,4,0.123,2026-06-15,0.254080530663936,0.03629616369857924,
NHPC.NS,2026-06-19 09:44:02,Caution,4.77,-0.354,6.5,3.82,47.57,3,4,-0.627,2026-06-19,4.603004323155879,,
IDBI.NS,2026-06-19 09:44:02,Caution,4.77,0.231,4.0,3.05,63.08,6,4,-0.132,2026-06-19,4.748125635840306,,
AXISBANK.NS,2026-06-29 05:11:32,Hold,4.77,0.692,1.68,4.74,66.97,9,3,-0.124,2026-06-29,,,
IOC.NS,2026-06-12 19:07:14,Hold,4.76,-0.354,5.5,5.66,51.97,5,4,-0.386,2026-06-12,3.178654498322109,1.7667022784465969,
NEWGEN.NS,2026-06-17 19:49:59,Caution,4.76,0.015,4.5,4.65,55.5,7,2,-0.61,2026-06-17,,,
ASHOKLEY.NS,2026-06-23 16:00:59,Caution,4.76,-0.385,6.5,4.22,47.37,3,5,0.268,2026-06-23,,,
IXIGO.NS,2026-06-12 19:23:13,Hold,4.76,-0.015,4.0,5.25,62.57,7,4,-0.052,2026-06-12,,,
LENSKART.NS,2026-06-16 09:18:15,Caution,4.76,-0.154,3.5,6.36,49.91,3,4,1.013,2026-06-16,1.7692127283631454,2.1170906813430923,
DIXON.NS,2026-06-24 13:07:02,Caution,4.76,0.123,4.0,4.53,53.97,5,3,-0.117,2026-06-24,,,
MUTHOOTFIN.NS,2026-06-22 09:19:59,Caution,4.76,-0.354,8.0,4.3,47.93,3,4,0.925,2026-06-22,-5.920394973375309,,
CANBK.NS,2026-06-11 03:02:57,Avoid,4.75,-0.015,4.5,,57.77,7,4,0.119,2026-06-11,4.327679979137211,6.0084837764808,1.2802366142985688
TECHM.NS,2026-06-19 09:44:02,Caution,4.75,-0.846,7.5,6.38,38.17,2,8,-0.146,2026-06-19,3.688989848228741,,
CAPILLARY.NS,2026-06-15 12:17:13,Caution,4.74,-0.569,7.0,5.4,43.51,3,5,-0.722,2026-06-15,,,
IGARASHI.NS,2026-06-17 19:49:59,Caution,4.74,0.185,2.0,4.91,65.75,7,4,-0.406,2026-06-17,15.409915487612814,,
LTM.NS,2026-06-18 13:53:16,Caution,4.74,-0.692,6.5,5.42,47.15,2,6,-0.545,2026-06-18,-5.7428738783454225,,
LTM.NS,2026-06-24 15:45:41,Caution,4.74,-0.846,8.0,5.13,39.68,2,8,-0.634,2026-06-24,,,
LTM.NS,2026-06-23 18:49:41,Avoid,4.74,-0.892,8.0,5.2,37.28,1,9,-0.648,2026-06-23,,,
INDUSTOWER.NS,2026-06-24 15:45:41,Caution,4.74,-0.6,3.5,6.04,33.02,3,7,0.064,2026-06-24,,,
CDSL.NS,2026-06-15 21:40:49,Caution,4.74,-0.354,4.5,5.46,58.6,5,5,0.127,2026-06-15,6.691955163920649,8.382721162153395,
JSWINFRA.NS,2026-06-24 15:45:41,Caution,4.73,0.923,4.0,4.11,80.0,12,2,-0.112,2026-06-24,,,
PPLPHARMA.NS,2026-06-25 12:39:49,Hold,4.73,-0.154,3.98,6.24,52.59,4,3,-0.088,2026-06-25,,,
TATSILV.NS,2026-06-29 05:11:32,Hold,4.73,-0.185,5.0,5.0,31.77,4,7,1.09,2026-06-29,,,
HUDCO.NS,2026-06-16 14:34:44,Caution,4.73,0.185,5.5,2.87,59.13,7,4,-0.435,2026-06-16,,,
YESBANK.NS,2026-06-12 19:23:13,Caution,4.73,0.369,2.5,4.51,57.8,7,2,-0.281,2026-06-12,9.079062167798613,10.38227342364102,
CANBK.NS,2026-06-24 18:01:34,Caution,4.73,-0.292,4.5,4.96,49.12,3,4,0.07,2026-06-24,,,
SILVERBEES.NS,2026-06-19 09:44:02,Caution,4.73,-0.154,5.0,5.0,35.62,4,6,1.158,2026-06-19,-3.6446536591840384,-6.706707148193491,
BRIGADE.NS,2026-06-17 17:01:00,Caution,4.72,0.246,3.5,3.27,71.01,8,5,-0.935,2026-06-17,,,
NAVNETEDUL.NS,2026-06-16 17:36:25,Caution,4.72,-0.215,5.5,4.86,46.12,3,7,-0.259,2026-06-16,,,
HINDALCO.NS,2026-06-12 11:50:01,Hold,4.72,-0.154,4.5,5.4,39.53,5,6,0.632,2026-06-12,-1.3410289251443497,-1.1354714039890523,
TITAN.NS,2026-06-11 03:41:41,Avoid,4.72,-0.092,5.0,,45.08,3,6,0.151,2026-06-11,7.771043740002481,9.010731282213214,6.610848075712461
TATSILV.NS,2026-06-26 18:03:02,Hold,4.72,-0.185,5.0,5.0,31.77,4,7,1.09,2026-06-26,,,
PAYTM.NS,2026-06-16 09:18:15,Caution,4.72,-0.262,4.5,4.95,54.47,5,3,1.314,2026-06-16,-1.6599029692433431,-1.8493459630130826,
INDUSTOWER.NS,2026-06-23 18:49:41,Avoid,4.72,-0.6,3.5,6.07,33.82,3,7,0.071,2026-06-23,,,
BDL.NS,2026-06-20 23:01:14,Caution,4.72,0.185,2.5,4.41,65.91,7,4,-0.288,2026-06-20,-2.7226791844206844,,
BDL.NS,2026-06-21 08:59:27,Caution,4.72,0.185,2.5,4.41,65.91,7,4,-0.288,2026-06-21,-2.7226791844206844,,
VEDL.NS,2026-06-21 16:27:16,Caution,4.72,-0.877,7.5,5.74,32.18,1,8,-0.33,2026-06-21,-10.593425944061785,,
IDFCFIRSTB.NS,2026-06-16 21:05:23,Caution,4.71,0.569,1.5,3.33,72.66,9,4,-0.292,2026-06-16,1.522581038936499,1.6129032258064502,
SCI.NS,2026-06-12 09:56:29,Hold,4.71,0.0,6.0,3.31,44.28,4,4,0.055,2026-06-12,4.578356055343202,5.083321570118926,
ONGC.NS,2026-06-17 14:09:56,Caution,4.71,-0.631,6.0,6.48,26.82,3,7,-0.266,2026-06-17,0.18367222377231318,-2.0408163265306145,
TATSILV.NS,2026-06-25 18:09:10,Caution,4.71,-0.185,5.0,5.0,31.77,4,7,1.056,2026-06-25,,,
AXISBANK.NS,2026-06-17 19:49:59,Caution,4.71,0.708,1.5,3.64,63.61,9,3,0.006,2026-06-17,0.5699867519963098,2.487228882870962,
TCS.NS,2026-06-19 16:45:37,Caution,4.71,-0.769,7.0,6.31,37.21,2,8,-1.256,2026-06-19,-0.7529411764705896,,
HDFCSILVER.NS,2026-06-26 00:05:40,Hold,4.71,-0.2,5.0,5.0,34.58,3,7,1.523,2026-06-26,,,
IXIGO.NS,2026-06-15 12:17:13,Caution,4.71,-0.015,4.0,5.09,64.97,7,4,-0.029,2026-06-15,,,
ONGC.NS,2026-06-18 16:36:14,Caution,4.71,-0.631,6.0,6.48,27.21,3,7,-0.265,2026-06-18,-0.38727963164425505,-4.973500528521402,
IDFCFIRSTB.NS,2026-06-18 21:20:12,Caution,4.71,0.569,1.5,3.31,73.6,9,3,-0.28,2026-06-18,0.8451833692673993,,
INDUSTOWER.NS,2026-06-26 05:25:13,Hold,4.71,-0.4,4.1,6.52,33.02,3,7,0.041,2026-06-26,,,
ULTRACEMCO.NS,2026-06-20 17:20:26,Caution,4.71,-0.631,6.5,6.04,51.24,2,6,-0.18,2026-06-20,0.7630240308717839,,
KPITTECH.NS,2026-06-16 17:36:25,Caution,4.7,-0.138,4.0,5.69,50.95,5,3,-0.959,2026-06-16,,,
DLF.NS,2026-06-18 13:53:16,Caution,4.7,0.185,3.5,3.51,66.84,7,4,-0.667,2026-06-18,-4.424853454183008,-3.0201398864405093,
HINDUNILVR.NS,2026-06-19 14:13:36,Caution,4.7,-0.662,6.0,6.59,51.17,1,6,-0.544,2026-06-19,-0.6767491855432906,,
SILVERBEES.NS,2026-06-23 10:41:23,Caution,4.7,-0.169,5.0,5.0,35.16,3,6,1.142,2026-06-23,-3.9477310196015747,,
MUTHOOTFIN.NS,2026-06-24 15:45:41,Caution,4.7,-0.508,8.0,4.21,45.94,2,6,0.893,2026-06-24,,,
NEWGEN.NS,2026-06-18 16:36:14,Caution,4.7,-0.015,4.5,4.64,55.47,6,2,-0.61,2026-06-18,,,
MUTHOOTFIN.NS,2026-06-16 09:18:15,Caution,4.7,-0.354,7.0,3.2,48.04,3,4,0.91,2026-06-16,-1.2883199957568925,-1.493568036441395,
DLF.NS,2026-06-16 21:05:23,Caution,4.7,0.185,3.5,3.51,65.57,7,4,-0.69,2026-06-16,-0.7627503394371349,-2.693470925762609,
LTM.NS,2026-06-17 17:01:00,Caution,4.69,-0.723,6.5,5.43,47.41,2,7,-0.544,2026-06-17,-4.144353962476588,-4.807550310546405,
LENSKART.NS,2026-06-15 21:40:49,Caution,4.69,-0.231,2.5,6.41,45.86,4,5,0.945,2026-06-15,1.141480248279314,3.534593707970335,
HYUNDAI.NS,2026-06-11 03:41:41,Avoid,4.69,-0.169,5.5,,54.24,4,3,-0.108,2026-06-11,,,
EMSLIMITED.NS,2026-06-22 21:16:02,Caution,4.69,0.492,4.0,3.33,74.84,9,3,-0.445,2026-06-22,,,
DENTA.NS,2026-06-22 21:16:02,Caution,4.69,0.492,4.5,3.99,79.22,9,3,-0.173,2026-06-22,,,
HCLTECH.NS,2026-06-18 21:20:12,Caution,4.69,-0.477,7.0,3.79,48.12,3,4,-0.506,2026-06-18,-4.501639406959789,-5.259088921357846,
E2E.NS,2026-06-12 19:23:13,Caution,4.69,0.508,2.5,3.71,53.4,6,3,0.611,2026-06-12,,,
DLF.NS,2026-06-17 19:49:59,Caution,4.68,0.108,3.5,3.83,62.95,6,6,-0.702,2026-06-17,0.6495049109540574,-0.8660032851606991,
INDUSTOWER.NS,2026-06-20 17:20:26,Caution,4.68,-0.046,3.0,6.04,40.61,5,5,0.154,2026-06-20,-4.8016464432958035,,
GOLDBEES.NS,2026-06-26 00:05:40,Hold,4.68,-0.2,5.0,5.0,33.83,3,7,1.336,2026-06-26,,,
INDUSTOWER.NS,2026-06-19 19:26:49,Caution,4.67,-0.046,3.0,5.99,40.61,5,5,0.154,2026-06-19,-3.0642037279832945,,
TATACONSUM.NS,2026-06-16 14:34:44,Caution,4.67,-0.338,3.5,6.02,46.34,4,6,-0.234,2026-06-16,-1.7154499951588575,-2.396319303289296,
IDFCFIRSTB.NS,2026-06-19 09:44:02,Caution,4.66,0.538,1.5,3.34,73.53,8,3,-0.295,2026-06-19,0.6609006622388058,,
ACC.NS,2026-06-16 14:34:44,Caution,4.66,-0.6,6.0,5.18,49.84,2,5,-1.53,2026-06-16,,,
GOKEX.NS,2026-06-18 21:20:12,Avoid,4.66,0.492,1.0,4.99,69.63,9,3,-0.185,2026-06-18,,,
CDSL.NS,2026-06-16 09:18:15,Caution,4.66,-0.292,4.0,5.35,59.92,5,5,0.135,2026-06-16,8.40981398956686,6.890820853317847,
EMSLIMITED.NS,2026-06-23 10:41:23,Avoid,4.66,0.477,4.0,3.4,78.3,9,4,-0.391,2026-06-23,,,
M&M.NS,2026-06-20 17:20:26,Caution,4.66,-0.569,7.0,5.17,49.18,2,6,-0.114,2026-06-20,3.8780457209401042,,
HINDUNILVR.NS,2026-06-20 17:20:26,Caution,4.66,-0.677,6.0,6.56,52.3,1,7,-0.536,2026-06-20,0.5224489961777712,,
SILVERBEES.NS,2026-06-20 17:20:26,Caution,4.65,-0.2,5.0,5.0,37.22,3,7,1.194,2026-06-20,-8.248197617381493,,
SILVERBEES.NS,2026-06-21 14:25:52,Caution,4.65,-0.2,5.0,5.0,37.22,3,7,1.194,2026-06-21,-8.248197617381493,,
TATSILV.NS,2026-06-21 14:25:52,Caution,4.65,-0.2,5.0,5.0,37.88,3,7,1.178,2026-06-21,-8.089201196250318,,
ONGC.NS,2026-06-11 03:00:31,Avoid,4.65,-0.185,5.5,,28.89,4,6,-0.04,2026-06-11,-1.7418879845435553,-2.889945714714781,-7.719714777840858
TATSILV.NS,2026-06-20 17:20:26,Caution,4.65,-0.2,5.0,5.0,37.88,3,7,1.178,2026-06-20,-8.089201196250318,,
TATSILV.NS,2026-06-19 19:26:49,Caution,4.65,-0.2,5.0,5.0,37.88,3,7,1.178,2026-06-19,-3.647685549475077,,
TATSILV.NS,2026-06-24 15:45:41,Caution,4.65,-0.2,5.0,5.0,34.81,3,7,1.105,2026-06-24,,,
TATSILV.NS,2026-06-23 18:49:41,Avoid,4.65,-0.2,5.0,5.0,35.6,3,7,1.12,2026-06-23,,,
POONAWALLA.NS,2026-06-22 09:19:59,Caution,4.64,-0.046,6.0,3.51,64.3,6,4,-0.136,2026-06-22,,,
AEQUS.NS,2026-06-23 10:41:23,Avoid,4.64,0.523,3.5,4.33,69.56,8,5,1.958,2026-06-23,,,
MAHLOG.NS,2026-06-16 17:36:25,Caution,4.64,-0.123,3.5,5.86,43.08,4,4,-0.56,2026-06-16,,,
PNB.NS,2026-06-12 19:23:13,Caution,4.63,0.2,3.0,4.66,57.91,7,3,-0.404,2026-06-12,1.8619063850138895,,
IDFCFIRSTB.NS,2026-06-17 14:09:56,Caution,4.63,0.523,1.5,3.32,72.18,8,4,-0.294,2026-06-17,4.277597965205504,2.352028637147341,
INDIANB.NS,2026-06-15 12:17:13,Caution,4.63,0.308,2.5,4.56,57.54,6,3,0.709,2026-06-15,,,
ASHOKA.NS,2026-06-15 21:40:49,Caution,4.63,0.108,4.5,3.84,60.22,8,4,-0.705,2026-06-15,,,
HCLTECH.NS,2026-06-16 17:36:25,Caution,4.63,-0.446,7.0,3.47,47.44,4,4,-0.511,2026-06-16,-2.355483074040121,-4.270923209663502,
AXISBANK.NS,2026-06-11 03:00:31,Avoid,4.62,0.338,1.5,,54.58,7,2,-0.111,2026-06-11,3.6741744894647654,3.2490643871065927,4.547172255632814
APARINDS.NS,2026-06-25 15:49:45,Hold,4.62,0.8,4.91,6.45,65.36,9,1,0.675,2026-06-25,,,
GOKEX.NS,2026-06-19 16:45:37,Caution,4.62,0.492,1.0,4.88,73.87,9,3,-0.14,2026-06-19,,,
TMPV.NS,2026-06-16 21:05:23,Caution,4.62,0.062,3.0,5.33,59.32,5,3,-1.036,2026-06-16,-7.9059588346117815,-9.174016214204306,
PNBHOUSING.NS,2026-06-12 19:07:14,Caution,4.61,0.0,5.5,3.46,45.72,5,4,0.105,2026-06-12,,,
CROMPTON.NS,2026-06-16 14:34:44,Caution,4.61,-0.246,4.5,5.55,44.37,3,5,-0.976,2026-06-16,,,
INDUSTOWER.NS,2026-06-29 05:11:32,Hold,4.6,-0.415,4.08,6.49,30.25,4,8,-0.044,2026-06-29,,,
INDUSTOWER.NS,2026-06-25 18:09:10,Caution,4.6,-0.415,4.09,6.49,30.25,4,8,0.017,2026-06-25,,,
DIXON.NS,2026-06-23 12:44:14,Caution,4.6,-0.077,4.0,4.5,53.99,5,3,-0.118,2026-06-23,,,
NESTLEIND.NS,2026-06-25 18:09:10,Caution,4.59,0.092,6.15,8.08,50.19,4,3,0.014,2026-06-25,,,
TCS.NS,2026-06-20 17:20:26,Caution,4.59,-0.769,7.0,5.97,37.21,2,8,-1.256,2026-06-20,-1.555601884419533,,
BDL.NS,2026-06-22 21:16:02,Avoid,4.59,0.492,3.5,3.99,69.05,9,3,-0.254,2026-06-22,-2.7226791844206844,,
PERSISTENT.NS,2026-06-15 18:30:16,Caution,4.59,-0.8,6.5,5.54,44.08,2,7,0.202,2026-06-15,1.022390348635116,-0.613434209181063,
JYOTICNC.NS,2026-06-22 09:19:59,Avoid,4.59,0.092,5.5,3.89,64.88,7,3,-0.625,2026-06-22,4.236825764138441,,
TCIEXP.NS,2026-06-25 15:49:45,Hold,4.59,-0.015,5.07,4.51,50.55,4,5,-1.06,2026-06-25,,,
PFC.NS,2026-06-18 16:36:14,Caution,4.59,0.092,4.0,3.21,49.12,4,3,-0.327,2026-06-18,0.372701176103285,0.7803415324416862,
SILVERBEES.NS,2026-06-26 05:25:13,Hold,4.58,-0.2,5.0,5.0,34.15,3,7,1.129,2026-06-26,,,
ASHOKLEY.NS,2026-06-24 18:01:34,Caution,4.58,-0.385,6.5,4.19,51.53,3,5,0.307,2026-06-24,,,
ONGC.NS,2026-06-19 16:45:37,Avoid,4.58,-0.615,5.5,6.46,28.76,4,7,-0.229,2026-06-19,-2.538071065989844,,
GENESYS.NS,2026-06-12 09:45:55,Caution,4.58,0.277,2.0,5.0,68.26,7,4,-0.406,2026-06-12,,,
M&MFIN.NS,2026-06-24 18:01:34,Avoid,4.58,-0.2,6.5,4.2,59.84,6,5,-0.098,2026-06-24,,,
AIIL.NS,2026-06-12 19:07:14,Caution,4.58,0.2,5.0,2.81,64.62,7,3,0.974,2026-06-12,,,
ASHOKA.NS,2026-06-16 09:18:15,Caution,4.58,0.077,4.5,3.85,59.36,7,4,-0.708,2026-06-16,,,
TEJASNET.NS,2026-06-19 19:26:49,Caution,4.57,1.0,1.0,2.2,71.29,11,1,-0.743,2026-06-19,-1.3204674481406276,,
PERSISTENT.NS,2026-06-12 09:56:29,Caution,4.57,-0.862,8.0,5.52,41.6,1,8,0.222,2026-06-12,4.863853668675944,0.374142589898141,
POWERGRID.NS,2026-06-20 23:01:14,Caution,4.57,-0.031,2.0,5.49,50.23,4,4,-0.39,2026-06-20,-2.0189839874083293,,
NESTLEIND.NS,2026-06-29 05:11:32,Hold,4.57,0.092,6.14,8.08,50.19,4,3,-0.007,2026-06-29,,,
NESTLEIND.NS,2026-06-26 18:03:02,Hold,4.57,0.092,6.14,8.08,50.19,4,3,-0.007,2026-06-26,,,
BLUESTARCO.NS,2026-06-17 17:01:00,Caution,4.56,-0.477,6.0,5.28,58.6,4,6,-0.189,2026-06-17,,,
BAJAJFINSV.NS,2026-06-16 14:34:44,Caution,4.56,0.138,3.0,3.76,56.84,8,2,-0.028,2026-06-16,-1.0015119971489406,-1.2476947473227251,
PFC.NS,2026-06-22 21:16:02,Avoid,4.55,0.215,4.5,4.4,56.46,6,4,-0.229,2026-06-22,-1.8823036808648275,,
SHAKTIPUMP.NS,2026-06-24 18:01:34,Avoid,4.55,-0.015,6.5,4.11,69.9,7,4,-0.106,2026-06-24,,,
PNB.NS,2026-06-15 12:17:13,Caution,4.55,0.154,3.0,4.67,60.7,6,4,-0.397,2026-06-15,1.5005583181919802,,
TEJASNET.NS,2026-06-17 19:49:59,Caution,4.54,1.0,1.0,2.1,67.14,10,0,-0.751,2026-06-17,4.21927315848214,3.6544850498338777,
HDFCSILVER.NS,2026-06-11 03:41:41,Avoid,4.54,-0.154,5.0,,39.1,4,6,1.833,2026-06-11,6.586310968081022,3.778437592883366,-6.807512432379193
SILVERBEES.NS,2026-06-11 03:02:16,Avoid,4.54,-0.154,5.0,,38.6,4,6,1.281,2026-06-11,6.66275168247823,3.8892404103565203,-6.689853298374182
M&M.NS,2026-06-12 11:40:46,Caution,4.54,-0.815,8.0,5.2,43.59,1,7,-0.066,2026-06-12,2.95770491598093,1.0483468897483084,
TEJASNET.NS,2026-06-18 13:53:16,Caution,4.54,1.0,1.0,2.1,67.57,9,1,-0.748,2026-06-18,3.349158505085703,3.7657210141751163,
IGARASHI.NS,2026-06-18 13:53:16,Caution,4.54,0.077,2.0,4.87,58.96,5,3,-0.431,2026-06-18,22.129274472235426,,
CMPDI.NS,2026-06-25 12:39:49,Hold,4.54,0.031,7.56,4.7,56.49,4,4,11.92,2026-06-25,,,
NHPC.NS,2026-06-11 03:02:57,Avoid,4.54,-0.354,6.5,,39.66,3,6,-0.689,2026-06-11,3.632334460483966,5.282136882110788,10.079030291542734
PGIL.NS,2026-06-25 12:39:49,Hold,4.53,0.862,5.28,6.83,79.37,11,3,1.09,2026-06-25,,,
IDBI.NS,2026-06-17 19:49:59,Avoid,4.53,0.123,4.0,2.9,78.1,7,5,-0.054,2026-06-17,-2.999113619043292,-3.8069969213924137,
TEJASNET.NS,2026-06-16 21:05:23,Caution,4.52,0.8,1.0,2.05,63.8,9,1,-0.774,2026-06-16,8.763321127002467,6.682142063046981,
MAXHEALTH.NS,2026-06-16 17:36:25,Caution,4.52,0.046,2.5,5.53,56.36,5,4,0.008,2026-06-16,6.898742905802746,5.268047507892981,
HAL.NS,2026-06-12 11:50:01,Caution,4.52,-0.508,5.0,6.18,40.5,2,6,-0.398,2026-06-12,6.397447887973562,5.147539608867158,
IDBI.NS,2026-06-18 16:36:14,Caution,4.51,0.123,4.0,2.85,64.28,6,5,-0.128,2026-06-18,1.5835456090726119,2.1035201152469485,
VEDL.NS,2026-06-15 21:40:49,Caution,4.51,-0.908,8.5,5.15,30.95,1,9,-0.332,2026-06-15,1.1570247933884392,1.1074400342200308,
HINDALCO.NS,2026-06-29 05:11:32,Hold,4.5,-0.323,3.25,6.24,30.56,3,8,0.465,2026-06-29,,,
IDFCFIRSTB.NS,2026-06-22 21:16:02,Avoid,4.5,0.615,1.0,4.46,78.82,10,3,-0.255,2026-06-22,,,
MPHASIS.NS,2026-06-21 08:59:27,Avoid,4.5,-0.554,4.5,5.76,47.59,2,7,-0.241,2026-06-21,,,
TVSMOTOR.NS,2026-06-20 23:01:14,Caution,4.5,-0.554,5.0,5.35,52.53,2,6,0.482,2026-06-20,2.321781785011101,,
HINDALCO.NS,2026-06-25 18:09:10,Caution,4.5,-0.323,3.24,6.24,30.56,3,8,0.43,2026-06-25,,,
LENSKART.NS,2026-06-12 09:56:29,Caution,4.5,-0.308,3.5,6.4,43.24,2,6,0.913,2026-06-12,1.9328046296295698,3.6126302131184396,
FIVESTAR.NS,2026-06-15 18:30:16,Caution,4.49,-0.062,4.5,3.27,60.35,6,5,-0.747,2026-06-15,11.15038328065543,,
BRITANNIA.NS,2026-06-16 17:36:25,Caution,4.49,-0.723,6.0,6.31,45.19,2,6,-0.339,2026-06-16,,,
OLAELEC.NS,2026-06-12 19:23:13,Caution,4.49,0.785,1.0,3.04,66.56,9,2,-0.577,2026-06-12,-6.711857011073885,-7.6300864678581775,
SAMMAANCAP.NS,2026-06-20 23:01:14,Avoid,4.49,0.4,2.0,3.1,55.63,7,3,-0.127,2026-06-20,-4.809687684517461,,
SAMMAANCAP.NS,2026-06-21 08:59:27,Avoid,4.49,0.4,2.0,3.1,55.63,7,3,-0.127,2026-06-21,-4.809687684517461,,
BHARTIARTL.NS,2026-06-17 19:49:59,Avoid,4.48,-0.262,4.0,5.68,58.56,5,3,0.435,2026-06-17,2.180520631165428,0.08530669605499863,
INDIGO.NS,2026-06-20 23:01:14,Avoid,4.48,0.462,1.0,4.65,70.96,8,3,0.088,2026-06-20,8.54195084746372,,
MPHASIS.NS,2026-06-19 19:26:49,Avoid,4.48,-0.554,4.5,5.71,47.59,2,7,-0.241,2026-06-19,,,
OLAELEC.NS,2026-06-15 18:30:16,Caution,4.47,0.754,1.0,3.14,60.12,8,2,-0.597,2026-06-15,-4.193106343853814,-3.6264698840797194,
POWERGRID.NS,2026-06-18 21:20:12,Avoid,4.47,-0.123,3.0,4.8,44.7,4,5,-0.446,2026-06-18,1.1257360105926706,-1.6626318349805658,
BHARTIARTL.NS,2026-06-18 21:20:12,Avoid,4.47,-0.262,4.0,5.66,58.34,5,3,0.432,2026-06-18,1.4294818679231547,-1.285475625590804,
TEJASNET.NS,2026-06-22 09:19:59,Avoid,4.47,1.0,1.5,3.35,72.11,10,1,-0.734,2026-06-22,-0.7411578312266132,,
TEJASNET.NS,2026-06-23 10:41:23,Avoid,4.47,0.985,1.5,3.45,67.65,9,2,-0.75,2026-06-23,,,
UNIECOM.NS,2026-06-12 11:40:46,Caution,4.47,-0.354,5.0,5.27,57.17,5,5,-0.871,2026-06-12,,,
INDIANB.NS,2026-06-12 19:07:14,Caution,4.47,0.215,2.5,4.54,54.85,5,2,0.688,2026-06-12,,,
POWERGRID.NS,2026-06-15 18:30:16,Caution,4.46,-0.123,3.0,4.78,39.12,4,5,-0.468,2026-06-15,1.050052457759798,1.4175665453013409,
SRF.NS,2026-06-24 13:07:02,Caution,4.46,-0.138,2.0,5.36,57.55,5,3,0.021,2026-06-24,,,
DELHIVERY.NS,2026-06-15 12:17:13,Caution,4.46,-0.031,2.0,6.17,51.54,3,4,-0.003,2026-06-15,1.245733561047202,6.669606617607982,
POWERGRID.NS,2026-06-17 14:09:56,Caution,4.46,-0.123,3.0,4.8,38.23,4,5,-0.474,2026-06-17,1.1873559713685866,1.5889602570233308,
OLAELEC.NS,2026-06-16 09:18:15,Caution,4.46,0.754,1.0,3.11,59.4,8,2,-0.599,2026-06-16,-1.9038767138016888,1.3002121598768346,
UPL.NS,2026-06-19 19:26:49,Avoid,4.45,-0.846,5.5,6.23,39.68,1,8,-0.046,2026-06-19,,,
TEJASNET.NS,2026-06-15 21:40:49,Caution,4.45,0.754,1.0,2.09,64.08,8,2,-0.773,2026-06-15,3.056589606656246,7.73590636503374,
HAL.NS,2026-06-15 18:30:16,Caution,4.45,-0.492,3.5,6.19,48.6,2,6,-0.553,2026-06-15,2.9593623569327043,5.379606261650904,
AMBER.NS,2026-06-11 03:02:57,Avoid,4.45,0.215,2.0,,51.18,5,2,0.747,2026-06-11,7.139917695473241,9.266117969821664,
TATSILV.NS,2026-06-11 03:02:57,Avoid,4.45,-0.185,5.0,,33.17,4,7,1.167,2026-06-11,6.583627990986596,3.825625568789537,-6.494657981329366
SRF.NS,2026-06-23 18:49:41,Avoid,4.45,-0.123,2.0,5.37,55.24,6,4,0.008,2026-06-23,,,
CREDITACC.NS,2026-06-25 12:39:49,Hold,4.45,0.723,6.17,4.35,66.36,9,1,-0.053,2026-06-25,,,
INFY.NS,2026-06-22 09:19:59,Avoid,4.45,-0.831,7.0,4.82,36.43,3,8,-0.772,2026-06-22,-2.2714541662880894,,
PIXTRANS.NS,2026-06-29 05:11:32,Hold,4.44,0.923,5.81,6.87,76.3,12,2,0.167,2026-06-29,,,
SAKSOFT.NS,2026-06-29 05:11:32,Hold,4.44,0.185,6.64,6.71,69.41,7,4,-0.463,2026-06-29,,,
NHPC.NS,2026-06-15 21:40:49,Caution,4.44,-0.538,6.5,3.81,44.51,3,6,-0.67,2026-06-15,1.673584093106184,4.72619984457241,
MPHASIS.NS,2026-06-20 17:20:26,Avoid,4.44,-0.554,4.5,5.59,47.59,2,7,-0.241,2026-06-20,,,
FIVESTAR.NS,2026-06-16 09:18:15,Avoid,4.44,-0.092,4.5,3.3,60.87,5,5,-0.744,2026-06-16,11.841963301635872,,
INDIGO.NS,2026-06-19 16:45:37,Avoid,4.44,0.462,1.0,4.52,70.96,8,3,0.088,2026-06-19,3.6981020673603426,,
RELIANCE.NS,2026-06-22 21:16:02,Avoid,4.44,-0.692,5.5,5.45,51.73,2,6,-0.479,2026-06-22,-0.6332472230729413,,
TARSONS.NS,2026-06-18 13:53:16,Caution,4.44,0.569,1.0,3.98,72.14,9,4,-0.779,2026-06-18,,,
SAKSOFT.NS,2026-06-25 18:09:10,Caution,4.44,0.185,6.65,6.72,69.41,7,4,-0.463,2026-06-25,,,
PFC.NS,2026-06-16 09:18:15,Avoid,4.43,0.0,4.0,3.22,48.08,4,4,-0.333,2026-06-16,0.8187134502924076,0.7953202097039425,
NTPC.NS,2026-06-15 21:40:49,Caution,4.43,-0.462,4.0,5.55,24.26,3,8,-0.317,2026-06-15,3.9787434244965336,5.443832622001699,
PAYTM.NS,2026-06-15 18:30:16,Caution,4.43,-0.231,4.5,4.96,54.29,6,3,1.314,2026-06-15,-2.4522917247454923,-2.8624910725064345,
UPL.NS,2026-06-20 17:20:26,Avoid,4.43,-0.846,5.5,6.18,39.68,1,8,-0.046,2026-06-20,,,
PIXTRANS.NS,2026-06-25 18:09:10,Caution,4.43,0.923,5.8,6.86,76.3,12,2,0.09,2026-06-25,,,
AMBUJACEM.NS,2026-06-16 14:34:44,Caution,4.43,-0.723,6.0,5.12,48.44,1,6,-0.989,2026-06-16,,,
LTM.NS,2026-06-16 21:05:23,Caution,4.43,-0.785,6.0,5.44,47.93,2,7,-0.539,2026-06-16,-4.347716407387214,-5.947539165203208,
BALKRISIND.NS,2026-06-16 14:34:44,Caution,4.43,0.185,2.5,4.6,56.14,6,2,-0.828,2026-06-16,,,
AMBER.NS,2026-06-22 09:19:59,Avoid,4.43,0.277,2.0,4.81,59.44,6,4,0.706,2026-06-22,,,
SRF.NS,2026-06-16 14:34:44,Caution,4.42,0.092,2.0,5.44,56.97,6,3,0.02,2026-06-16,-1.246353905680575,-0.26603676487335637,
CANBK.NS,2026-06-12 19:23:13,Caution,4.42,-0.062,4.5,4.08,54.53,5,3,0.072,2026-06-12,2.711329364217119,1.5721176828473293,
INDHOTEL.NS,2026-06-26 15:57:27,Hold,4.42,0.369,3.71,6.88,67.84,7,5,-0.024,2026-06-26,,,
INDHOTEL.NS,2026-06-29 05:11:32,Hold,4.42,0.369,3.71,6.88,67.84,7,5,-0.024,2026-06-29,,,
TRENT.NS,2026-06-11 03:00:31,Avoid,4.42,-0.262,5.5,,49.42,4,4,-0.73,2026-06-11,7.052353369959685,17.466476998974166,18.81488297321785
TECHM.NS,2026-06-20 17:20:26,Avoid,4.42,-0.892,7.0,6.09,42.3,1,9,-0.097,2026-06-20,0.1323874358071908,,
BRIGADE.NS,2026-06-18 13:53:16,Avoid,4.42,0.077,3.5,3.24,67.56,7,4,-0.947,2026-06-18,,,
KOTAKBANK.NS,2026-06-18 16:36:14,Avoid,4.41,0.123,1.5,4.7,63.86,5,3,0.09,2026-06-18,-0.32262520689015917,1.5014239011513775,
APARINDS.NS,2026-06-26 13:29:24,Hold,4.41,0.8,4.33,6.45,65.36,9,1,0.695,2026-06-26,,,
KALYANKJIL.NS,2026-06-12 19:07:14,Caution,4.41,-0.692,7.0,5.06,41.9,2,6,-0.313,2026-06-12,10.732414793328493,,
INDHOTEL.NS,2026-06-25 18:09:10,Caution,4.41,0.369,3.71,6.88,67.84,7,5,-0.052,2026-06-25,,,
ITC.NS,2026-06-15 21:40:49,Avoid,4.4,-0.6,5.5,5.86,48.97,2,5,-1.049,2026-06-15,1.12886421288656,1.1636006163724177,
OLAELEC.NS,2026-06-25 15:49:45,Hold,4.4,0.677,0.36,3.47,50.29,8,2,-0.624,2026-06-25,,,
TDPOWERSYS.NS,2026-06-25 15:49:45,Hold,4.4,0.246,7.02,6.52,51.39,5,3,1.71,2026-06-25,,,
NHPC.NS,2026-06-16 09:18:15,Avoid,4.39,-0.569,6.5,3.81,44.42,2,6,-0.67,2026-06-16,1.4314377188283878,4.214048864052056,
SUNTV.NS,2026-06-16 14:34:44,Caution,4.39,-0.369,5.0,5.1,48.28,4,5,-0.699,2026-06-16,,,
CANBK.NS,2026-06-29 05:11:32,Hold,4.39,-0.338,4.85,5.58,46.96,2,7,0.047,2026-06-29,,,
APARINDS.NS,2026-06-29 05:11:32,Hold,4.39,0.8,4.33,6.45,65.36,9,1,0.695,2026-06-29,,,
VEDL.NS,2026-06-12 09:56:29,Caution,4.38,-0.815,7.5,5.15,31.89,2,7,-0.303,2026-06-12,-1.0172756204017253,-2.858067585324797,
OLAELEC.NS,2026-06-26 13:29:24,Hold,4.38,0.677,0.14,3.47,50.29,8,2,-0.624,2026-06-26,,,
INFY.NS,2026-06-24 15:45:41,Avoid,4.38,-0.785,6.0,4.81,37.98,3,7,-0.781,2026-06-24,,,
HEG.NS,2026-06-16 14:34:44,Caution,4.38,-0.246,4.0,4.31,42.37,3,5,0.126,2026-06-16,,,
ASHOKLEY.NS,2026-06-22 21:16:02,Avoid,4.38,-0.4,6.5,4.21,54.59,3,6,0.337,2026-06-22,2.22023677089509,,
DELHIVERY.NS,2026-06-12 19:23:13,Caution,4.38,-0.092,2.0,6.25,44.47,4,5,0.002,2026-06-12,2.5085102821722494,4.676505358346339,
INFY.NS,2026-06-21 16:27:16,Avoid,4.37,-0.877,7.0,4.83,33.21,2,9,-0.777,2026-06-21,-2.2714541662880894,,
KWIL.NS,2026-06-12 11:50:01,Caution,4.37,0.492,2.5,2.88,73.74,8,4,1.555,2026-06-12,,,
IDFCFIRSTB.NS,2026-06-12 19:07:14,Caution,4.37,0.615,1.5,3.14,73.98,10,3,-0.238,2026-06-12,1.1503232070823044,2.8496736015369617,
AXISBANK.NS,2026-06-22 14:56:14,Avoid,4.37,0.738,1.0,4.32,65.2,9,1,-0.046,2026-06-22,1.3690546091696953,,
DIXON.NS,2026-06-22 14:56:14,Avoid,4.36,0.108,4.5,4.43,60.83,5,4,-0.08,2026-06-22,-2.6183527885862534,,
KOTAKBANK.NS,2026-06-17 14:09:56,Caution,4.36,0.092,1.5,4.7,64.64,5,5,0.094,2026-06-17,-0.580965662179389,0.3584702613179891,
TCS.NS,2026-06-12 19:07:14,Caution,4.35,-0.8,6.0,6.29,38.44,2,7,-1.25,2026-06-12,2.8500092735940674,-1.6840892009053587,
SILVERBEES.NS,2026-06-24 13:07:02,Avoid,4.35,-0.369,5.0,5.0,34.26,3,6,1.126,2026-06-24,,,
TTML.NS,2026-06-12 19:07:14,Caution,4.34,0.308,1.5,4.56,63.14,8,4,-0.631,2026-06-12,,,
TCS.NS,2026-06-17 14:09:56,Avoid,4.34,-0.692,5.5,6.15,45.95,2,6,-1.198,2026-06-17,-4.2824989281095345,-5.128205128205132,
IDFCFIRSTB.NS,2026-06-23 10:41:23,Avoid,4.34,0.523,1.0,4.48,74.19,8,4,-0.271,2026-06-23,,,
HCLTECH.NS,2026-06-23 16:00:59,Avoid,4.34,-0.738,7.5,4.53,37.43,2,7,-0.592,2026-06-23,,,
POWERGRID.NS,2026-06-19 14:13:36,Avoid,4.33,-0.031,2.0,4.8,49.45,4,4,-0.394,2026-06-19,-0.4619353647615454,,
DLF.NS,2026-06-23 18:49:41,Avoid,4.33,-0.077,3.5,4.58,54.94,5,3,-0.665,2026-06-23,,,
DLF.NS,2026-06-24 15:45:41,Avoid,4.33,-0.077,3.5,4.58,56.71,5,3,-0.651,2026-06-24,,,
BDL.NS,2026-06-24 13:07:02,Avoid,4.33,0.215,3.5,3.98,65.05,6,5,-0.27,2026-06-24,,,
TRENT.NS,2026-06-12 11:40:46,Caution,4.32,-0.477,4.5,5.87,48.1,2,5,-0.747,2026-06-12,12.612056539823957,16.35030639191566,
PGEL.NS,2026-06-19 09:44:02,Avoid,4.32,0.446,1.5,3.83,67.48,8,4,0.469,2026-06-19,,,
AMBER.NS,2026-06-15 18:30:16,Avoid,4.31,-0.031,2.0,4.76,49.72,3,4,0.656,2026-06-15,4.534120734908131,3.7598425196850416,
EMSLIMITED.NS,2026-06-24 15:45:41,Avoid,4.31,0.492,4.0,3.52,67.03,8,5,-0.433,2026-06-24,,,
ETERNAL.NS,2026-06-12 19:23:13,Caution,4.31,-0.569,5.0,5.88,47.2,2,6,0.264,2026-06-12,5.988511346173797,8.408525219279372,
JSWINFRA.NS,2026-06-23 18:49:41,Avoid,4.3,0.738,4.0,4.08,72.56,10,2,-0.22,2026-06-23,,,
PERSISTENT.NS,2026-06-25 12:39:49,Hold,4.3,-0.615,6.59,5.67,45.52,1,7,0.144,2026-06-25,,,
TVSMOTOR.NS,2026-06-19 19:26:49,Avoid,4.3,-0.554,5.5,5.33,52.53,2,6,0.482,2026-06-19,-0.06679847665436167,,
DLF.NS,2026-06-15 18:30:16,Avoid,4.3,0.185,2.0,3.66,61.76,7,4,-0.724,2026-06-15,4.272113187159543,2.140119312826294,
JINDALSTEL.NS,2026-06-15 21:40:49,Avoid,4.3,-0.215,3.0,5.79,37.46,4,6,-0.026,2026-06-15,-1.5310983545835155,-1.5224010439321423,
LENSKART.NS,2026-06-17 14:09:56,Avoid,4.3,-0.154,2.0,6.35,47.76,3,4,0.966,2026-06-17,2.6506514971306627,2.5215887706460327,
LENSKART.NS,2026-06-18 21:20:12,Avoid,4.3,-0.154,2.0,6.34,49.86,3,4,0.997,2026-06-18,1.712706588086954,0.7623019892228688,
JINDALSTEL.NS,2026-06-16 09:18:15,Avoid,4.29,-0.246,2.0,5.78,35.78,3,6,-0.038,2026-06-16,-0.18425140957040176,-5.01843049585734,
TTML.NS,2026-06-15 12:17:13,Caution,4.29,0.277,1.5,4.57,60.64,7,4,-0.616,2026-06-15,,,
HDFCBANK.NS,2026-06-21 08:59:27,Avoid,4.28,-0.108,2.5,4.62,61.21,5,5,-0.414,2026-06-21,1.2588966265969503,,
HCLTECH.NS,2026-06-17 19:49:59,Avoid,4.28,-0.477,6.0,3.46,49.29,3,4,-0.498,2026-06-17,-3.1110770748238203,-4.533769472086724,
BDL.NS,2026-06-17 17:01:00,Avoid,4.28,-0.2,2.5,5.07,58.44,5,3,-0.382,2026-06-17,7.398068310536865,5.62680931626276,
HCLTECH.NS,2026-06-24 13:07:02,Avoid,4.28,-0.862,7.5,4.52,38.98,1,8,-0.584,2026-06-24,,,
TEJASNET.NS,2026-06-12 19:07:14,Caution,4.27,0.846,1.0,2.1,68.93,10,1,-0.751,2026-06-12,0.5260122806184375,5.594055500665651,
HDFCBANK.NS,2026-06-25 15:49:45,Hold,4.27,0.2,2.48,5.29,64.37,7,3,-0.441,2026-06-25,,,
SYNGENE.NS,2026-06-16 14:34:44,Avoid,4.27,-0.108,2.5,5.58,50.65,5,2,-0.866,2026-06-16,,,
DIXON.NS,2026-06-26 00:05:40,Hold,4.27,0.123,4.42,5.04,55.26,5,3,-0.116,2026-06-26,,,
LTTS.NS,2026-06-16 17:36:25,Caution,4.27,-0.477,3.5,5.57,52.67,3,4,-0.644,2026-06-16,,,
GOLDBEES.NS,2026-06-25 18:09:10,Caution,4.27,-0.369,5.0,5.0,29.81,4,8,1.267,2026-06-25,,,
HDFCBANK.NS,2026-06-29 05:11:32,Hold,4.27,0.2,2.23,5.29,64.37,7,3,-0.426,2026-06-29,,,
IDFCFIRSTB.NS,2026-06-15 12:17:13,Caution,4.27,0.585,1.5,3.0,77.49,9,3,-0.276,2026-06-15,-0.30640302253753804,3.0128948744846396,
RAMCOCEM.NS,2026-06-16 14:34:44,Caution,4.27,-0.446,4.5,5.58,48.84,4,5,-0.215,2026-06-16,,,
VEDL.NS,2026-06-16 09:18:15,Avoid,4.27,-0.877,7.5,5.17,30.11,1,8,-0.342,2026-06-16,0.2833724125174575,-6.084347143617885,
ITC.NS,2026-06-12 09:56:29,Caution,4.26,-0.938,7.0,5.85,42.5,1,8,-1.103,2026-06-12,1.9817586024298173,2.595578301670587,
TATACONSUM.NS,2026-06-17 14:09:56,Avoid,4.26,-0.569,3.5,6.02,42.75,3,6,-0.26,2026-06-17,-1.0315674153790533,-2.347712264478652,
GOLDIETF.NS,2026-06-26 18:03:02,Hold,4.25,-0.431,5.0,5.0,30.09,3,8,1.285,2026-06-26,,,
HDFCBANK.NS,2026-06-26 15:57:27,Hold,4.25,0.2,2.23,5.29,64.37,7,3,-0.426,2026-06-26,,,
MRPL.NS,2026-06-11 03:41:41,Avoid,4.25,0.215,1.5,,54.9,6,4,-0.372,2026-06-11,7.353883861698729,,
INFY.NS,2026-06-18 21:20:12,Avoid,4.25,-0.785,7.0,4.06,44.22,1,8,-0.656,2026-06-18,-8.709530037416846,-7.654106326219512,
DABUR.NS,2026-06-16 17:36:25,Avoid,4.25,-0.569,4.5,6.13,48.89,3,5,-0.923,2026-06-16,,,
GOLDIETF.NS,2026-06-29 05:11:32,Hold,4.25,-0.431,5.0,5.0,30.09,3,8,1.285,2026-06-29,,,
HINDUNILVR.NS,2026-06-15 12:17:13,Caution,4.24,-0.6,4.5,6.24,49.1,2,5,-0.596,2026-06-15,2.894104658390284,1.3357335725336927,
GOLDIETF.NS,2026-06-25 18:09:10,Caution,4.24,-0.431,5.0,5.0,30.09,3,8,1.268,2026-06-25,,,
TMPV.NS,2026-06-15 21:40:49,Avoid,4.24,0.185,1.0,5.33,61.35,6,3,-1.031,2026-06-15,-8.009588606818685,-8.047741518409811,
QUADFUTURE.NS,2026-06-16 21:05:23,Avoid,4.24,0.692,1.0,2.78,81.85,9,4,-0.176,2026-06-16,,,
QUADFUTURE.NS,2026-06-17 14:09:56,Avoid,4.23,0.677,1.0,2.83,83.9,9,5,-0.135,2026-06-17,,,
BDL.NS,2026-06-18 13:53:16,Avoid,4.23,-0.031,2.5,5.08,59.2,4,3,-0.378,2026-06-18,6.0070074572879495,4.314680094462586,
TATAPOWER.NS,2026-06-12 19:23:13,Caution,4.23,-0.062,3.0,4.82,33.72,6,5,-0.489,2026-06-12,2.020079229563798,2.2360598444433943,
CHOLAFIN.NS,2026-06-12 19:23:13,Caution,4.22,-0.231,6.0,3.07,55.15,6,3,0.035,2026-06-12,7.085005887103835,7.990565064660826,
ITCHOTELS.NS,2026-06-21 08:59:27,Avoid,4.22,-0.092,2.5,4.39,71.54,7,6,-0.189,2026-06-21,,,
KOTAKBANK.NS,2026-06-12 09:45:55,Caution,4.22,0.154,1.5,5.0,64.1,6,4,0.063,2026-06-12,0.2975482874666646,-1.0042122280072507,
ITCHOTELS.NS,2026-06-20 23:01:14,Avoid,4.22,-0.092,2.5,4.39,71.54,7,6,-0.189,2026-06-20,,,
TITAN.NS,2026-06-26 00:05:40,Hold,4.22,0.677,5.35,6.34,55.6,8,1,0.292,2026-06-26,,,
VIKRAMSOLR.NS,2026-06-22 09:19:59,Avoid,4.22,-0.877,4.5,6.25,40.36,0,8,-1.289,2026-06-22,,,
PFC.NS,2026-06-15 21:40:49,Avoid,4.21,-0.123,4.0,3.22,46.11,3,5,-0.343,2026-06-15,1.1307391738442307,3.8751501076634165,
ASHOKLEY.NS,2026-06-12 19:23:13,Caution,4.21,-0.446,6.0,4.12,51.14,4,4,0.298,2026-06-12,4.670390632014154,2.7615656268569877,
HDFCSILVER.NS,2026-06-29 05:11:32,Hold,4.21,-0.4,5.0,5.0,31.36,3,7,1.428,2026-06-29,,,
PGEL.NS,2026-06-17 14:09:56,Avoid,4.2,0.185,1.5,3.79,65.94,7,4,0.507,2026-06-17,,,
CARTRADE.NS,2026-06-26 00:05:40,Hold,4.2,0.538,5.41,6.19,73.48,8,3,1.341,2026-06-26,,,
KOTAKBANK.NS,2026-06-24 18:01:34,Avoid,4.2,0.123,1.0,4.87,64.41,5,3,0.033,2026-06-24,,,
IDBI.NS,2026-06-22 21:16:02,Avoid,4.2,0.215,4.0,3.5,66.29,7,4,-0.073,2026-06-22,-1.426126615218526,,
IDFCFIRSTB.NS,2026-06-24 13:07:02,Avoid,4.2,0.554,1.0,4.46,68.32,8,2,-0.291,2026-06-24,,,
PGEL.NS,2026-06-16 21:05:23,Avoid,4.2,0.185,1.5,3.79,62.11,7,4,0.468,2026-06-16,6.265994317580215,,
SHAKTIPUMP.NS,2026-06-25 12:39:49,Hold,4.19,0.262,4.71,4.28,65.83,7,5,-0.091,2026-06-25,,,
INFY.NS,2026-06-23 18:49:41,Avoid,4.19,-0.877,6.0,4.81,32.15,2,9,-0.825,2026-06-23,,,
ADANIENT.NS,2026-06-26 00:05:40,Hold,4.19,0.8,1.76,4.28,65.51,11,3,-0.214,2026-06-26,,,
BHARATCOAL.NS,2026-06-18 21:20:12,Avoid,4.19,0.308,0.5,4.01,63.94,8,4,0.12,2026-06-18,,,
ROTO.NS,2026-06-23 18:49:41,Avoid,4.18,0.615,2.5,4.7,74.28,10,3,-0.347,2026-06-23,,,
HDFCSILVER.NS,2026-06-25 18:09:10,Caution,4.18,-0.415,5.0,5.0,31.36,4,8,1.432,2026-06-25,,,
BATAINDIA.NS,2026-06-19 09:44:02,Avoid,4.18,-0.077,2.0,5.6,64.93,6,5,-1.18,2026-06-19,,,
JUBLFOOD.NS,2026-06-16 17:36:25,Avoid,4.18,-0.692,4.5,5.54,42.43,2,6,-0.607,2026-06-16,-1.0275200285344899,,
JYOTICNC.NS,2026-06-12 19:07:14,Caution,4.18,-0.077,3.5,4.32,54.65,6,3,-0.645,2026-06-12,3.6966424755436433,8.251430100153346,
TATAPOWER.NS,2026-06-22 21:16:02,Avoid,4.17,0.154,2.5,4.86,47.69,6,3,-0.37,2026-06-22,-3.5940016262929975,,
NIFTYBEES.NS,2026-06-12 19:23:13,Caution,4.17,-0.477,5.0,5.0,51.44,4,5,-0.39,2026-06-12,1.9599792007415573,1.9002565272256522,2.079447333989881
VEDL.NS,2026-06-20 23:01:14,Avoid,4.17,-0.877,6.5,5.73,32.18,1,8,-0.33,2026-06-20,-10.593425944061785,,
DLF.NS,2026-06-19 09:44:02,Avoid,4.17,0.154,1.5,3.86,65.55,6,4,-0.641,2026-06-19,-1.0168095413831013,,
LTM.NS,2026-06-12 11:50:01,Caution,4.16,-0.846,6.5,5.56,39.0,2,8,-0.56,2026-06-12,3.930088162281531,-0.3173186809586115,
VIKRAMSOLR.NS,2026-06-21 16:27:16,Avoid,4.16,-0.908,4.5,6.27,43.1,0,9,-1.267,2026-06-21,,,
DIXON.NS,2026-06-25 12:39:49,Hold,4.16,0.123,4.38,5.0,57.31,5,3,-0.102,2026-06-25,,,
UPL.NS,2026-06-16 14:34:44,Avoid,4.16,-0.815,5.5,6.23,43.38,1,7,-0.016,2026-06-16,-1.0888033538142716,,
HEROMOTOCO.NS,2026-06-11 03:02:57,Avoid,4.15,-0.815,9.0,,42.26,1,7,-0.438,2026-06-11,4.027951631868132,3.8335861803952875,1.2385736719875196
PNB.NS,2026-06-11 03:41:41,Avoid,4.15,-0.015,3.0,,58.96,7,4,-0.383,2026-06-11,4.652518306627873,6.213050088081529,
TMPV.NS,2026-06-11 03:02:57,Avoid,4.14,0.246,1.0,,58.81,6,3,-1.036,2026-06-11,4.7087078306314645,-2.9928159058898562,-5.2593966971929085
KOTAKBANK.NS,2026-06-26 15:57:27,Hold,4.14,0.508,1.64,5.72,66.66,9,2,0.016,2026-06-26,,,
ADANIENT.NS,2026-06-25 15:49:45,Hold,4.14,0.785,1.46,4.28,62.15,10,2,-0.228,2026-06-25,,,
KOTAKBANK.NS,2026-06-25 18:09:10,Caution,4.14,0.508,1.64,5.72,66.66,9,2,0.038,2026-06-25,,,
MUTHOOTFIN.NS,2026-06-15 12:17:13,Caution,4.14,-0.477,7.0,3.22,49.36,2,5,0.926,2026-06-15,0.7056676686931329,1.768928217976673,
CARTRADE.NS,2026-06-29 05:11:32,Hold,4.14,0.554,5.49,6.26,76.16,8,2,1.481,2026-06-29,,,
OLAELEC.NS,2026-06-21 08:59:27,Avoid,4.13,0.538,1.0,3.24,53.36,6,3,-0.619,2026-06-21,-1.693323642877953,,
OLAELEC.NS,2026-06-20 23:01:14,Avoid,4.13,0.538,1.0,3.24,53.36,6,3,-0.619,2026-06-20,-1.693323642877953,,
CONCOR.NS,2026-06-16 17:36:25,Avoid,4.13,-0.615,4.0,5.46,45.17,2,7,-1.36,2026-06-16,,,
TVSMOTOR.NS,2026-06-12 19:23:13,Caution,4.13,-0.662,5.5,5.39,41.79,3,6,0.415,2026-06-12,4.1022669747853735,3.9271870199847125,
PWL.NS,2026-06-22 21:16:02,Avoid,4.13,0.231,2.5,4.16,71.22,8,6,-0.66,2026-06-22,,,
CARTRADE.NS,2026-06-25 18:09:10,Caution,4.12,0.554,5.44,6.26,76.16,8,2,1.395,2026-06-25,,,
VEDL.NS,2026-06-19 19:26:49,Avoid,4.12,-0.877,7.0,5.14,32.18,1,8,-0.33,2026-06-19,-6.067154501535721,,
SILVERBEES.NS,2026-06-29 05:11:32,Hold,4.12,-0.4,5.0,5.0,30.85,3,7,1.101,2026-06-29,,,
ITCHOTELS.NS,2026-06-22 14:56:14,Avoid,4.12,0.123,2.5,4.74,76.74,7,5,-0.095,2026-06-22,,,
ITCHOTELS.NS,2026-06-19 19:26:49,Avoid,4.12,-0.092,2.5,4.09,71.54,7,6,-0.189,2026-06-19,,,
GENESYS.NS,2026-06-11 03:41:41,Avoid,4.12,0.108,2.0,,59.86,7,2,-0.52,2026-06-11,,,
INDIGO.NS,2026-06-23 10:41:23,Avoid,4.12,0.4,1.0,4.48,70.91,7,4,0.052,2026-06-23,,,
ITCHOTELS.NS,2026-06-23 10:41:23,Avoid,4.12,0.123,2.5,4.77,79.05,7,5,-0.045,2026-06-23,,,
BATAINDIA.NS,2026-06-18 21:20:12,Avoid,4.12,-0.077,2.0,5.43,77.17,7,5,-1.133,2026-06-18,,,
TATAPOWER.NS,2026-06-15 12:17:13,Avoid,4.12,-0.123,3.0,4.83,39.25,3,5,-0.475,2026-06-15,-0.2969604411914184,0.4578114805757538,
POWERGRID.NS,2026-06-12 09:56:29,Caution,4.11,-0.123,3.0,4.8,39.06,4,5,-0.415,2026-06-12,0.5442480256262039,2.6158751848145867,
POLICYBZR.NS,2026-06-17 14:09:56,Avoid,4.11,-0.846,5.0,5.7,50.31,1,7,0.063,2026-06-17,2.7206742525184513,,
GOLDBEES.NS,2026-06-29 05:11:32,Hold,4.11,-0.462,5.0,5.0,29.81,4,8,1.281,2026-06-29,,,
INDIGO.NS,2026-06-15 18:30:16,Avoid,4.11,0.185,1.5,4.52,67.98,7,4,0.008,2026-06-15,2.6924003149956466,2.8829644727459858,
OLAELEC.NS,2026-06-19 14:13:36,Avoid,4.1,0.538,1.0,3.15,52.54,6,3,-0.622,2026-06-19,2.1775104590421535,,
ADANIENT.NS,2026-06-29 05:11:32,Hold,4.1,0.785,1.75,4.28,62.15,10,2,-0.228,2026-06-29,,,
OIL.NS,2026-06-15 12:17:13,Avoid,4.1,-0.523,5.0,5.04,27.07,5,7,-0.222,2026-06-15,0.8149553684090316,1.2823526916108108,
BAJFINANCE.NS,2026-06-12 19:07:14,Caution,4.1,-0.154,5.0,3.21,54.09,5,4,0.26,2026-06-12,4.36676871982431,4.7370141106663155,
KESORAMIND.NS,2026-06-16 17:36:25,Avoid,4.1,0.385,1.0,2.92,54.85,5,3,-0.963,2026-06-16,,,
TATAPOWER.NS,2026-06-18 16:36:14,Avoid,4.1,0.031,2.0,4.83,44.22,5,4,-0.453,2026-06-18,-0.5291396443024343,-2.8641889647693985,
ROTO.NS,2026-06-24 15:45:41,Avoid,4.09,0.492,2.5,4.8,80.21,9,4,-0.273,2026-06-24,,,
TECHM.NS,2026-06-15 18:30:16,Avoid,4.09,-0.754,5.0,6.18,44.11,1,7,-0.059,2026-06-15,1.5502227808929403,0.6733989723864742,
KOTAKBANK.NS,2026-06-20 23:01:14,Avoid,4.09,-0.108,1.5,4.93,59.3,5,4,0.028,2026-06-20,1.7033460667610578,,
KOTAKBANK.NS,2026-06-21 08:59:27,Avoid,4.09,-0.108,1.5,4.93,59.3,5,4,0.028,2026-06-21,1.7033460667610578,,
KOTAKBANK.NS,2026-06-29 05:11:32,Hold,4.09,0.508,1.64,5.72,66.66,9,2,0.016,2026-06-29,,,
INDIGO.NS,2026-06-16 09:18:15,Avoid,4.09,0.138,1.5,4.69,67.85,6,5,0.007,2026-06-16,3.750000000000009,2.508262445118792,
GODREJCP.NS,2026-06-16 17:36:25,Avoid,4.08,-0.4,2.0,5.95,52.55,2,5,-0.759,2026-06-16,,,
MFSL.NS,2026-06-16 17:36:25,Avoid,4.08,-0.4,2.5,5.53,49.09,2,5,0.817,2026-06-16,,,
LODHA.NS,2026-06-26 18:03:02,Caution,4.08,0.2,3.63,4.25,59.43,7,3,-0.636,2026-06-26,,,
JYOTICNC.NS,2026-06-15 12:17:13,Avoid,4.08,-0.123,3.5,4.27,58.86,5,4,-0.654,2026-06-15,1.6982381885081388,6.030914733547155,
OLAELEC.NS,2026-06-17 14:09:56,Avoid,4.08,0.538,1.0,3.1,55.6,6,3,-0.612,2026-06-17,-0.3515296874111562,1.171783504701196,
OIL.NS,2026-06-12 09:56:29,Caution,4.08,-0.538,5.0,5.06,26.8,4,7,-0.161,2026-06-12,-0.1795117333444396,0.0837736030976366,
SILVERBEES.NS,2026-06-25 18:09:10,Avoid,4.08,-0.415,5.0,5.0,30.85,4,8,1.069,2026-06-25,,,
TITAN.NS,2026-06-29 05:11:32,Caution,4.08,0.585,5.36,6.31,53.14,7,1,0.295,2026-06-29,,,
PWL.NS,2026-06-23 10:41:23,Avoid,4.07,0.2,2.5,4.2,72.56,7,6,-0.626,2026-06-23,,,
OLAELEC.NS,2026-06-18 13:53:16,Avoid,4.07,0.538,1.0,3.08,54.08,6,3,-0.617,2026-06-18,3.217413285127546,-1.1119025682830297,
IDBI.NS,2026-06-23 10:41:23,Avoid,4.07,0.138,4.0,3.53,64.37,5,4,-0.086,2026-06-23,,,
TITAN.NS,2026-06-25 18:09:10,Avoid,4.07,0.585,5.35,6.31,53.14,7,1,0.272,2026-06-25,,,
VOLTAS.NS,2026-06-17 17:01:00,Avoid,4.07,-0.123,2.5,5.1,60.04,6,5,-0.365,2026-06-17,0.08130501634175946,,
HCLTECH.NS,2026-06-22 09:19:59,Avoid,4.06,-0.754,7.5,4.44,44.55,1,7,-0.54,2026-06-22,-2.6360060882905767,,
HDFCBANK.NS,2026-06-24 18:01:34,Avoid,4.06,-0.123,2.0,4.82,63.41,5,3,-0.391,2026-06-24,,,
JUBLFOOD.NS,2026-06-19 19:26:49,Avoid,4.06,-0.754,4.5,5.52,39.88,1,7,-0.605,2026-06-19,,,
KOTAKBANK.NS,2026-06-19 14:13:36,Avoid,4.06,-0.077,1.5,4.71,61.19,5,3,0.038,2026-06-19,1.6781495822244752,,
MAXHEALTH.NS,2026-06-17 14:09:56,Avoid,4.06,-0.215,2.5,5.53,54.29,4,5,-0.002,2026-06-17,6.714420189523929,5.413431314737016,
INDIGO.NS,2026-06-12 11:50:01,Caution,4.05,0.185,1.0,4.8,60.23,7,4,-0.076,2026-06-12,3.5819627584608105,6.620374795784878,
HDFCBANK.NS,2026-06-23 16:00:59,Avoid,4.05,-0.169,1.5,4.82,56.95,4,3,-0.453,2026-06-23,,,
INDIGO.NS,2026-06-11 03:02:16,Avoid,4.05,0.215,1.0,,55.22,7,2,-0.221,2026-06-11,7.498225501482225,11.313963961277151,21.046555575016136
RAMCOIND.NS,2026-06-29 05:11:32,Caution,4.05,0.492,5.25,6.46,69.61,9,3,0.249,2026-06-29,,,
RAMCOIND.NS,2026-06-25 18:09:10,Avoid,4.05,0.492,5.26,6.45,69.61,9,3,0.264,2026-06-25,,,
HDFCBANK.NS,2026-06-18 21:20:12,Avoid,4.04,-0.015,2.0,3.9,64.84,7,4,-0.313,2026-06-18,-1.4440172501192783,1.3104310169171463,
COLPAL.NS,2026-06-11 03:00:31,Avoid,4.03,-0.523,6.5,,43.94,1,6,-0.927,2026-06-11,3.3668504180123016,,
INFY.NS,2026-06-19 16:45:37,Avoid,4.03,-0.877,7.0,3.89,33.21,2,9,-0.777,2026-06-19,0.49457400143897434,,
TEJASNET.NS,2026-06-26 15:57:27,Caution,4.03,0.8,0.41,3.7,67.42,9,1,-0.738,2026-06-26,,,
TEJASNET.NS,2026-06-25 18:09:10,Avoid,4.03,0.8,0.41,3.7,67.42,9,1,-0.745,2026-06-25,,,
HCLTECH.NS,2026-06-21 08:59:27,Avoid,4.03,-0.785,7.0,4.44,41.69,1,8,-0.563,2026-06-21,-2.6360060882905767,,
TEJASNET.NS,2026-06-29 05:11:32,Caution,4.03,0.8,0.41,3.7,67.42,9,1,-0.738,2026-06-29,,,
TMPV.NS,2026-06-12 19:07:14,Avoid,4.02,0.062,1.0,5.31,58.33,5,3,-1.046,2026-06-12,-7.448710319761542,-7.055854873239575,
PAYTM.NS,2026-06-19 14:13:36,Avoid,4.02,-0.662,4.5,4.93,48.77,1,6,1.281,2026-06-19,-0.2568504559691931,,
CLEAN.NS,2026-06-22 21:16:02,Avoid,4.02,-0.262,5.0,4.56,61.48,6,5,-0.937,2026-06-22,,,
NTPCGREEN.NS,2026-06-16 17:36:25,Avoid,4.02,0.0,2.0,3.77,37.83,4,4,-0.563,2026-06-16,,,
COHANCE.NS,2026-06-24 15:45:41,Avoid,4.02,0.308,3.0,4.01,64.19,8,4,-0.558,2026-06-24,,,
PNCINFRA.NS,2026-06-16 17:36:25,Avoid,4.02,-0.6,4.5,4.64,48.9,2,5,-1.101,2026-06-16,,,
VOLTAS.NS,2026-06-18 13:53:16,Avoid,4.01,-0.154,2.5,5.09,59.82,5,5,-0.366,2026-06-18,-2.2245102913205916,,
HDFCAMC.NS,2026-06-12 19:23:13,Avoid,4.01,-0.585,4.5,5.53,41.37,2,7,0.259,2026-06-12,10.391310943453092,10.712981315124637,
OLAELEC.NS,2026-06-23 12:44:14,Avoid,4.0,0.631,1.0,3.19,52.27,7,3,-0.622,2026-06-23,,,
MEESHO.NS,2026-06-24 15:45:41,Avoid,4.0,-0.154,7.0,4.9,62.15,5,5,0.233,2026-06-24,,,
IDEA.NS,2026-06-24 15:45:41,Avoid,4.0,0.677,4.5,5.85,54.57,8,2,-0.292,2026-06-24,,,
OLAELEC.NS,2026-06-24 15:45:41,Avoid,4.0,0.692,1.0,3.22,56.01,8,2,-0.607,2026-06-24,,,
TEJASNET.NS,2026-06-24 15:45:41,Avoid,4.0,1.0,1.5,3.42,67.88,9,1,-0.747,2026-06-24,,,
PPLPHARMA.NS,2026-06-23 18:49:41,Avoid,4.0,-0.246,4.5,5.4,53.8,4,4,-0.064,2026-06-23,,,
SWSOLAR.NS,2026-06-24 15:45:41,Avoid,4.0,0.677,6.0,4.47,77.62,9,4,-1.026,2026-06-24,,,
SWSOLAR.NS,2026-06-23 18:49:41,Avoid,4.0,0.477,6.0,4.43,77.43,9,4,-1.028,2026-06-23,,,
PPLPHARMA.NS,2026-06-24 18:01:34,Avoid,4.0,-0.138,4.5,5.29,57.72,5,4,-0.038,2026-06-24,,,
ATHERENERG.NS,2026-06-24 15:45:41,Avoid,4.0,0.938,4.5,5.27,52.85,9,1,3.867,2026-06-24,,,
KOTAKBANK.NS,2026-06-23 16:00:59,Avoid,4.0,-0.077,1.0,4.88,60.97,5,3,0.007,2026-06-23,,,
ULTRACEMCO.NS,2026-06-15 12:17:13,Avoid,4.0,-0.062,1.0,5.87,55.21,4,4,-0.177,2026-06-15,-0.31397174254317317,-0.5581719867434165,
ULTRACEMCO.NS,2026-06-18 16:36:14,Avoid,3.99,-0.4,3.0,5.83,53.3,2,5,-0.193,2026-06-18,-1.0761154855642996,0.5161854768154006,
HDFCBANK.NS,2026-06-20 17:20:26,Avoid,3.99,-0.108,2.5,3.79,61.21,5,5,-0.414,2026-06-20,1.2588966265969503,,
INFY.NS,2026-06-16 09:18:15,Avoid,3.99,-0.677,5.5,4.07,45.01,3,6,-0.649,2026-06-16,-8.062255433735487,-9.994747219126998,
ULTRACEMCO.NS,2026-06-17 19:49:59,Avoid,3.99,-0.4,3.0,5.82,51.67,2,5,-0.203,2026-06-17,0.2549898883320134,0.5011870218939674,
LODHA.NS,2026-06-25 18:09:10,Avoid,3.98,0.2,3.63,4.25,59.43,7,3,-0.667,2026-06-25,,,
HCLTECH.NS,2026-06-19 09:44:02,Avoid,3.98,-0.615,7.0,3.46,37.14,3,6,-0.603,2026-06-19,-1.5728485928960811,,
IRCON.NS,2026-06-16 17:36:25,Avoid,3.97,-0.277,3.5,3.73,50.09,3,4,-0.745,2026-06-16,,,
PAYTM.NS,2026-06-18 21:20:12,Avoid,3.97,-0.692,4.5,4.93,49.57,1,7,1.259,2026-06-18,-0.5393568225965484,2.8247576309008426,
AMBER.NS,2026-06-23 16:00:59,Avoid,3.97,0.031,2.0,4.23,52.03,3,4,0.65,2026-06-23,,,
ICIL.NS,2026-06-25 15:49:45,Caution,3.97,0.877,4.66,7.49,73.79,11,3,0.04,2026-06-25,,,
OLAELEC.NS,2026-06-29 05:11:32,Caution,3.96,0.677,0.14,3.47,50.29,8,2,-0.624,2026-06-29,,,
LODHA.NS,2026-06-18 16:36:14,Avoid,3.96,-0.262,3.0,4.06,55.82,5,3,-0.761,2026-06-18,-1.433982683982682,2.537880108986057,
TATAPOWER.NS,2026-06-19 16:45:37,Avoid,3.96,0.123,1.0,4.84,43.75,5,3,-0.417,2026-06-19,-1.693580200764544,,
INDIGO.NS,2026-06-17 19:49:59,Avoid,3.96,0.154,1.0,4.69,66.74,6,4,0.006,2026-06-17,2.9251434521377018,6.739920866487048,
POLICYBZR.NS,2026-06-16 21:05:23,Avoid,3.95,-0.938,5.0,5.69,46.85,1,8,0.045,2026-06-16,2.4987413028345173,1.6032048348648908,
MAXHEALTH.NS,2026-06-12 11:40:46,Caution,3.95,-0.185,2.0,5.5,53.69,4,4,0.051,2026-06-12,1.353154431512782,8.128795180076477,
INFY.NS,2026-06-25 15:49:45,Caution,3.95,-0.585,6.25,4.54,36.1,3,7,-0.82,2026-06-25,,,
POLICYBZR.NS,2026-06-15 21:40:49,Avoid,3.95,-0.938,5.0,5.68,44.34,1,8,0.032,2026-06-15,2.314842587507715,5.546775953221239,
VEDL.NS,2026-06-18 13:53:16,Avoid,3.95,-0.8,6.0,5.14,33.37,3,7,-0.325,2026-06-18,-7.941172481362335,-10.637250912734885,
VEDL.NS,2026-06-17 14:09:56,Avoid,3.95,-0.8,6.0,5.15,33.45,3,7,-0.323,2026-06-17,-0.21206978678119937,-7.814033346502858,
DLF.NS,2026-06-26 15:57:27,Caution,3.95,0.123,3.74,4.1,57.7,5,3,-0.62,2026-06-26,,,
AEQUS.NS,2026-06-26 18:03:02,Caution,3.95,0.2,2.25,4.96,66.14,6,5,1.786,2026-06-26,,,
AEQUS.NS,2026-06-25 18:09:10,Avoid,3.95,0.2,2.25,4.96,66.14,6,5,1.786,2026-06-25,,,
SWANCORP.NS,2026-06-23 12:44:14,Avoid,3.94,-0.446,5.0,3.94,59.52,5,6,-0.73,2026-06-23,,,
WIPRO.NS,2026-06-26 15:57:27,Caution,3.94,-0.723,5.06,5.67,31.2,2,8,-0.72,2026-06-26,,,
DLF.NS,2026-06-25 18:09:10,Avoid,3.94,0.123,3.74,4.1,57.7,5,3,-0.618,2026-06-25,,,
BHEL.NS,2026-06-25 12:39:49,Caution,3.94,0.492,4.26,7.53,55.89,8,1,0.301,2026-06-25,,,
AEQUS.NS,2026-06-29 05:11:32,Caution,3.94,0.2,2.25,4.96,66.14,6,5,1.786,2026-06-29,,,
SAMMAANCAP.NS,2026-06-19 19:26:49,Avoid,3.94,0.4,1.0,2.4,55.63,7,3,-0.127,2026-06-19,-1.6724016756352156,,
WIPRO.NS,2026-06-29 05:11:32,Caution,3.94,-0.723,5.06,5.67,31.2,2,8,-0.72,2026-06-29,,,
ESCORTS.NS,2026-06-16 14:34:44,Avoid,3.93,-0.692,4.5,5.84,45.36,2,6,-0.785,2026-06-16,,,
JINDALSTEL.NS,2026-06-18 13:53:16,Avoid,3.93,-0.246,2.0,5.75,32.73,3,6,-0.062,2026-06-18,-4.355512657016291,-6.396326782618544,
BHARTIARTL.NS,2026-06-15 18:30:16,Avoid,3.93,-0.6,4.0,5.81,52.38,2,5,0.386,2026-06-15,1.8249021587722902,4.095156768067065,
JUBLFOOD.NS,2026-06-21 08:59:27,Avoid,3.92,-0.785,4.5,5.27,39.88,1,8,-0.605,2026-06-21,,,
INFY.NS,2026-06-26 13:29:24,Caution,3.92,-0.585,6.27,4.53,36.1,3,7,-0.819,2026-06-26,,,
WIPRO.NS,2026-06-21 16:27:16,Avoid,3.92,-0.846,4.5,5.78,35.92,1,8,-0.671,2026-06-21,-2.8748989268204794,,
SAMMAANCAP.NS,2026-06-15 12:17:13,Avoid,3.92,0.631,1.0,2.2,62.13,7,2,-0.098,2026-06-15,-3.513143072484437,-1.3056711537214771,
DLF.NS,2026-06-29 05:11:32,Caution,3.92,0.123,3.74,4.1,57.7,5,3,-0.62,2026-06-29,,,
WIPRO.NS,2026-06-16 21:05:23,Avoid,3.92,-0.8,4.0,5.76,36.78,2,7,-0.642,2026-06-16,-1.0237012842459259,-4.478016509430216,
FORCEMOT.NS,2026-06-12 09:56:29,Caution,3.92,-0.554,4.0,5.55,36.17,3,6,0.624,2026-06-12,4.465682986809738,4.163872121618595,
SBILIFE.NS,2026-06-24 18:01:34,Avoid,3.92,-0.785,2.5,5.94,43.29,1,8,0.186,2026-06-24,,,
INFY.NS,2026-06-20 17:20:26,Avoid,3.92,-0.877,7.0,3.58,33.21,2,9,-0.777,2026-06-20,-2.2714541662880894,,
BHARATCOAL.NS,2026-06-19 09:44:02,Avoid,3.92,0.338,0.5,4.08,64.7,8,4,0.162,2026-06-19,,,
LODHA.NS,2026-06-17 19:49:59,Avoid,3.91,-0.292,3.0,4.05,54.11,5,4,-0.771,2026-06-17,1.2953691275928936,2.519675131235921,
INFY.NS,2026-06-29 05:11:32,Caution,3.91,-0.585,6.27,4.53,36.1,3,7,-0.819,2026-06-29,,,
HINDWAREAP.NS,2026-06-15 12:17:13,Avoid,3.91,0.185,1.0,4.38,65.94,7,4,-0.514,2026-06-15,,,
DATAPATTNS.NS,2026-06-26 18:03:02,Caution,3.9,0.677,4.64,7.18,53.86,8,1,0.331,2026-06-26,,,
WIPRO.NS,2026-06-19 14:13:36,Avoid,3.9,-0.815,4.0,5.8,34.12,1,7,-0.688,2026-06-19,-3.495579213242328,,
TCS.NS,2026-06-15 18:30:16,Avoid,3.9,-0.8,4.5,6.3,38.52,2,7,-1.245,2026-06-15,1.9102705285904298,-1.5818663816778433,
HINDWAREAP.NS,2026-06-12 19:07:14,Avoid,3.9,0.185,1.0,4.36,63.44,7,4,-0.526,2026-06-12,,,
INDIGO.NS,2026-06-18 13:53:16,Avoid,3.9,0.154,1.0,4.52,69.77,6,4,0.041,2026-06-18,-1.0056248116018351,8.743369894836084,
WIPRO.NS,2026-06-18 13:53:16,Avoid,3.9,-0.815,4.0,5.78,37.23,1,7,-0.647,2026-06-18,-4.566829474933742,-4.287900073790318,
WIPRO.NS,2026-06-23 18:49:41,Avoid,3.9,-0.877,4.5,5.37,30.14,0,8,-0.709,2026-06-23,,,
TATAPOWER.NS,2026-06-16 09:18:15,Avoid,3.9,0.0,1.5,4.85,43.36,4,4,-0.455,2026-06-16,0.0248630623139956,-0.36840386468326436,
DIXON.NS,2026-06-29 05:11:32,Caution,3.9,0.0,4.42,4.95,53.91,4,4,-0.093,2026-06-29,,,
WIPRO.NS,2026-06-25 18:09:10,Avoid,3.89,-0.723,5.06,5.67,31.2,2,8,-0.725,2026-06-25,,,
RELIANCE.NS,2026-06-12 09:49:24,Caution,3.89,-0.923,5.5,6.0,33.65,2,8,-0.617,2026-06-12,3.070375187306662,1.2761020881670637,
MEESHO.NS,2026-06-15 21:40:49,Avoid,3.89,-0.462,3.5,4.43,39.82,3,6,-0.13,2026-06-15,1.2994733621722876,2.1835922157630527,
DEVYANI.NS,2026-06-16 21:05:23,Avoid,3.89,-0.354,2.0,5.16,52.09,5,4,-0.696,2026-06-16,,,
JUBLFOOD.NS,2026-06-20 17:20:26,Avoid,3.89,-0.785,4.5,5.18,39.88,1,8,-0.605,2026-06-20,,,
GVT&D.NS,2026-06-26 00:05:40,Caution,3.88,0.769,8.19,6.93,52.41,9,2,1.686,2026-06-26,,,
BHEL.NS,2026-06-26 00:05:40,Caution,3.88,0.431,4.16,7.51,55.25,7,1,0.297,2026-06-26,,,
DATAPATTNS.NS,2026-06-29 05:11:32,Caution,3.88,0.677,4.64,7.18,53.86,8,1,0.331,2026-06-29,,,
TMPV.NS,2026-06-23 12:44:14,Avoid,3.88,-0.462,3.0,5.02,40.23,3,7,-1.079,2026-06-23,,,
JINDALSTEL.NS,2026-06-17 19:49:59,Avoid,3.88,-0.277,2.0,5.77,34.44,3,7,-0.049,2026-06-17,-0.3345702293326869,-4.058821594858564,
BAJAJFINSV.NS,2026-06-17 14:09:56,Avoid,3.88,-0.015,1.5,3.88,52.08,6,3,-0.064,2026-06-17,0.9973918071767729,,
POLICYBZR.NS,2026-06-18 13:53:16,Avoid,3.87,-0.723,3.5,5.68,49.22,2,6,0.057,2026-06-18,0.29054048241656805,,
SAMMAANCAP.NS,2026-06-12 19:23:13,Avoid,3.87,0.569,1.0,2.35,58.0,6,3,-0.107,2026-06-12,0.9631968536905067,0.10320372460728144,
URBANCO.NS,2026-06-23 12:44:14,Avoid,3.87,0.015,3.5,4.14,60.76,4,4,-0.705,2026-06-23,,,
DATAPATTNS.NS,2026-06-25 18:09:10,Avoid,3.87,0.677,4.64,7.18,53.86,8,1,0.336,2026-06-25,,,
TATAPOWER.NS,2026-06-26 00:05:40,Caution,3.86,-0.092,3.34,5.06,38.87,3,6,-0.398,2026-06-26,,,
NTPC.NS,2026-06-11 03:02:57,Avoid,3.86,-0.246,4.0,,25.71,5,8,-0.24,2026-06-11,1.0515792597043605,2.8705431087996613,0.0568371993701966
RECLTD.NS,2026-06-12 11:40:46,Avoid,3.86,-0.092,4.0,3.07,50.53,3,4,-0.635,2026-06-12,3.0742745531701976,2.0974051333365162,
MEESHO.NS,2026-06-18 16:36:14,Avoid,3.86,-0.462,3.5,4.33,44.82,3,6,-0.091,2026-06-18,9.407214997516157,9.213914957277725,
POWERGRID.NS,2026-06-11 03:00:31,Avoid,3.86,-0.246,4.0,,37.87,3,6,-0.358,2026-06-11,-0.523286248714061,0.7151642610141451,-0.9593581226424508
MEESHO.NS,2026-06-16 09:18:15,Avoid,3.86,-0.492,3.5,4.5,44.41,2,6,-0.067,2026-06-16,3.8659432789465376,11.77737400176384,
INFY.NS,2026-06-11 03:00:31,Avoid,3.85,-0.385,5.0,,47.53,3,5,-0.619,2026-06-11,2.601830309995745,1.15736808690321,-6.58532442327362
ULTRACEMCO.NS,2026-06-16 14:34:44,Avoid,3.85,-0.308,2.0,5.82,53.08,3,5,-0.193,2026-06-16,-0.21069265209375798,-0.7374242823281585,
BHEL.NS,2026-06-29 05:11:32,Caution,3.84,0.369,4.16,7.53,55.13,6,2,0.286,2026-06-29,,,
WIPRO.NS,2026-06-17 19:49:59,Avoid,3.84,-0.815,4.0,5.61,39.63,1,7,-0.626,2026-06-17,-2.325586012106773,-5.415517659812796,
ITBEES.NS,2026-06-22 14:56:14,Avoid,3.84,-0.862,5.0,5.0,40.93,1,8,-0.724,2026-06-22,,,
DLF.NS,2026-06-20 23:01:14,Avoid,3.84,-0.092,1.5,4.14,60.2,5,4,-0.668,2026-06-20,-0.995857272646461,,
LAURUSLABS.NS,2026-06-25 12:39:49,Caution,3.84,0.785,5.04,7.69,66.11,10,2,2.411,2026-06-25,,,
TATACHEM.NS,2026-06-16 14:34:44,Avoid,3.84,-0.154,1.5,4.46,49.8,4,3,-0.854,2026-06-16,-0.04112520226864369,0.16450917635884021,
SAMMAANCAP.NS,2026-06-22 14:56:14,Avoid,3.83,0.431,2.0,3.48,59.13,7,2,-0.107,2026-06-22,-4.809687684517461,,
OLAELEC.NS,2026-06-22 14:56:14,Avoid,3.83,0.631,1.0,3.22,55.45,7,3,-0.611,2026-06-22,-1.693323642877953,,
LODHA.NS,2026-06-29 05:11:32,Caution,3.82,0.2,3.63,4.25,59.43,7,3,-0.636,2026-06-29,,,
KOTAKBANK.NS,2026-06-22 14:56:14,Avoid,3.82,-0.077,1.0,4.87,62.13,5,3,0.015,2026-06-22,1.7033460667610578,,
HDFCBANK.NS,2026-06-17 14:09:56,Avoid,3.81,-0.031,2.5,3.89,61.47,6,3,-0.345,2026-06-17,1.5635471659919409,2.4417654512137954,
MUTHOOTFIN.NS,2026-06-12 19:07:14,Avoid,3.81,-0.785,7.5,3.39,39.1,2,7,0.787,2026-06-12,4.878053673862248,2.757877451548052,
HDFCBANK.NS,2026-06-16 17:36:25,Avoid,3.81,-0.031,2.5,3.89,59.96,6,3,-0.359,2026-06-16,0.9934256712089473,0.3264438145035298,
MEESHO.NS,2026-06-17 19:49:59,Avoid,3.81,-0.492,3.5,4.36,36.18,2,6,-0.201,2026-06-17,4.648765963033963,14.468885459308467,
TCS.NS,2026-06-16 17:36:25,Avoid,3.8,-0.815,5.5,6.14,43.52,1,7,-1.213,2026-06-16,-3.365165984538432,-6.339240670475221,
PFC.NS,2026-06-12 11:50:01,Avoid,3.8,-0.169,4.0,3.27,41.76,3,6,-0.321,2026-06-12,2.541268855775969,2.3631427373235425,
LXCHEM.NS,2026-06-16 14:34:44,Avoid,3.8,-0.031,1.5,4.71,51.32,4,3,-0.675,2026-06-16,,,
ITBEES.NS,2026-06-20 17:20:26,Avoid,3.79,-0.892,5.0,5.0,37.5,1,9,-0.737,2026-06-20,,,
RELAXO.NS,2026-06-26 00:05:40,Caution,3.79,0.292,3.37,6.65,66.91,7,3,-1.194,2026-06-26,,,
ITBEES.NS,2026-06-21 14:25:52,Avoid,3.79,-0.892,5.0,5.0,37.5,1,9,-0.737,2026-06-21,,,
ITBEES.NS,2026-06-19 19:26:49,Avoid,3.79,-0.892,5.0,5.0,37.5,1,9,-0.737,2026-06-19,,,
PATELENG.NS,2026-06-25 12:39:49,Caution,3.78,0.569,3.34,6.01,72.33,9,4,-0.909,2026-06-25,,,
AMBER.NS,2026-06-24 13:07:02,Avoid,3.77,0.031,2.0,4.22,52.69,3,4,0.653,2026-06-24,,,
GVT&D.NS,2026-06-25 18:09:10,Avoid,3.77,0.646,8.19,6.93,52.16,8,3,1.679,2026-06-25,,,
INDIGO.NS,2026-06-22 14:56:14,Avoid,3.77,0.4,1.0,4.49,71.36,7,4,0.057,2026-06-22,8.54195084746372,,
AMBER.NS,2026-06-12 19:23:13,Avoid,3.76,-0.154,2.0,4.8,44.77,3,6,0.592,2026-06-12,5.983827493261451,6.320754716981125,
WIPRO.NS,2026-06-24 13:07:02,Avoid,3.76,-0.954,4.5,5.35,29.67,2,10,-0.715,2026-06-24,,,
INFY.NS,2026-06-17 17:01:00,Avoid,3.76,-0.6,5.5,4.02,50.37,2,5,-0.612,2026-06-17,-7.972698510039877,-8.732830599465746,
COHANCE.NS,2026-06-23 18:49:41,Avoid,3.76,0.185,3.0,3.99,62.88,7,5,-0.568,2026-06-23,,,
WIPRO.NS,2026-06-20 17:20:26,Avoid,3.75,-0.846,4.0,5.53,35.92,1,8,-0.671,2026-06-20,-2.8748989268204794,,
RAJESHEXPO.NS,2026-06-16 17:36:25,Avoid,3.74,-0.785,5.5,3.89,33.14,3,7,-1.15,2026-06-16,,,
TATAPOWER.NS,2026-06-24 18:01:34,Avoid,3.74,-0.092,1.0,4.89,38.87,3,6,-0.42,2026-06-24,,,
TATAPOWER.NS,2026-06-17 14:09:56,Avoid,3.74,0.0,1.0,4.83,42.46,4,4,-0.461,2026-06-17,1.108346787423331,-1.4854615524044101,
GVT&D.NS,2026-06-29 05:11:32,Caution,3.73,0.646,8.2,6.93,52.16,8,3,1.756,2026-06-29,,,
INDIGO.NS,2026-06-24 15:45:41,Avoid,3.73,0.492,1.0,4.56,73.74,9,3,0.116,2026-06-24,,,
HDFCBANK.NS,2026-06-22 14:56:14,Avoid,3.73,-0.123,2.0,4.82,63.7,5,3,-0.413,2026-06-22,1.2588966265969503,,
PATANJALI.NS,2026-06-12 11:40:46,Avoid,3.72,-0.938,5.5,5.6,36.37,1,8,-0.503,2026-06-12,,,
HCLTECH.NS,2026-06-20 17:20:26,Avoid,3.71,-0.785,7.0,3.52,41.69,1,8,-0.563,2026-06-20,-2.6360060882905767,,
MANAPPURAM.NS,2026-06-29 05:11:32,Caution,3.71,0.769,5.03,4.53,54.3,10,1,0.628,2026-06-29,,,
HEMIPROP.NS,2026-06-16 17:36:25,Avoid,3.71,-0.031,2.5,2.62,52.01,4,3,-0.505,2026-06-16,,,
BEL.NS,2026-06-11 03:00:31,Avoid,3.69,-0.369,4.5,,42.44,3,6,0.521,2026-06-11,1.3049963110368656,6.537414642945838,1.2180026255889764
HDFCBANK.NS,2026-06-19 19:26:49,Avoid,3.69,-0.108,2.5,3.92,61.21,5,5,-0.414,2026-06-19,1.7183924883081847,,
INFY.NS,2026-06-12 09:41:38,Caution,3.68,-0.754,5.0,5.0,40.6,1,7,-0.662,2026-06-12,3.6993842578504577,-5.822285791700422,
INFY.NS,2026-06-15 18:30:16,Avoid,3.68,-0.677,4.5,4.05,45.17,3,6,-0.647,2026-06-15,-0.6520419644790332,-6.12388743544896,
JYOTICNC.NS,2026-06-24 18:01:34,Avoid,3.68,0.046,4.5,3.25,70.26,8,5,-0.578,2026-06-24,,,
COCHINSHIP.NS,2026-06-17 19:49:59,Avoid,3.68,-0.123,2.5,3.97,51.88,5,4,-0.564,2026-06-17,-1.5864503087885895,-0.8732153054467506,
RELIANCE.NS,2026-06-16 09:18:15,Avoid,3.67,-0.6,3.5,5.5,47.12,2,5,-0.573,2026-06-16,-1.4524419114181897,-1.4524419114181897,
KIRLOSENG.NS,2026-06-29 05:11:32,Caution,3.66,0.769,3.45,7.4,77.6,9,3,0.628,2026-06-29,,,
MARUTI.NS,2026-06-11 03:41:41,Avoid,3.66,-0.446,5.0,,49.0,3,5,-0.171,2026-06-11,4.527408764696905,2.947014811421589,4.939685448160014
GICRE.NS,2026-06-21 08:59:27,Avoid,3.66,-0.538,2.5,5.01,44.54,3,6,-0.155,2026-06-21,,,
PINELABS.NS,2026-06-23 16:00:59,Avoid,3.65,-0.631,4.0,4.52,45.95,2,6,-1.387,2026-06-23,,,
ULTRACEMCO.NS,2026-06-19 09:44:02,Avoid,3.65,-0.6,3.0,5.85,53.33,2,5,-0.168,2026-06-19,0.5542359461599311,,
PWL.NS,2026-06-24 15:45:41,Avoid,3.65,0.231,2.5,4.2,65.68,6,4,-0.672,2026-06-24,,,
MANAPPURAM.NS,2026-06-26 23:43:38,Caution,3.65,0.769,5.03,4.53,54.3,10,1,0.628,2026-06-26,,,
KIRLOSENG.NS,2026-06-26 23:43:38,Caution,3.65,0.769,3.45,7.4,77.6,9,3,0.628,2026-06-26,,,
SWIGGY.NS,2026-06-15 18:30:16,Avoid,3.65,-0.446,3.5,4.66,50.65,4,4,-0.82,2026-06-15,-0.486009020008471,-0.9914534173871892,
KIRLOSENG.NS,2026-06-25 15:49:45,Caution,3.65,0.769,3.46,7.4,77.6,9,3,0.652,2026-06-25,,,
BHARATCOAL.NS,2026-06-17 19:49:59,Avoid,3.65,0.215,0.5,3.92,58.76,7,3,-0.154,2026-06-17,3.563471002589491,,
SWIGGY.NS,2026-06-16 21:05:23,Avoid,3.65,-0.446,3.5,4.66,52.2,4,4,-0.81,2026-06-16,-2.1567459951334023,-3.774306960652485,
HCLTECH.NS,2026-06-26 05:25:13,Caution,3.64,-0.662,7.19,3.93,38.77,1,8,-0.594,2026-06-26,,,
LODHA.NS,2026-06-24 15:45:41,Avoid,3.64,-0.031,3.5,4.17,57.66,6,3,-0.721,2026-06-24,,,
ULTRACEMCO.NS,2026-06-12 19:07:14,Avoid,3.64,-0.615,3.0,5.89,44.37,1,7,-0.24,2026-06-12,2.3027795268507623,2.2488081316901942,
SWIGGY.NS,2026-06-17 14:09:56,Avoid,3.63,-0.446,3.5,4.59,52.79,4,4,-0.807,2026-06-17,-1.850074420777692,-5.877824066787918,
DEEPAKNTR.NS,2026-06-16 14:34:44,Avoid,3.63,-0.154,1.5,4.87,42.84,3,4,-0.768,2026-06-16,,,
HCLTECH.NS,2026-06-25 12:39:49,Caution,3.63,-0.677,7.13,3.93,38.97,0,8,-0.593,2026-06-25,,,
MANAPPURAM.NS,2026-06-12 11:50:01,Avoid,3.62,0.092,2.0,3.18,45.36,4,3,0.629,2026-06-12,4.537999682825178,4.4069400889569454,
TMPV.NS,2026-06-18 13:53:16,Avoid,3.62,-0.523,3.0,5.38,42.49,3,7,-1.088,2026-06-18,-1.9632258325290808,-2.3365081797489973,
VOLTAS.NS,2026-06-16 09:18:15,Avoid,3.62,-0.385,2.5,5.11,57.14,4,5,-0.386,2026-06-16,1.1901212050829946,-0.015061100900271018,
WIPRO.NS,2026-06-22 09:19:59,Avoid,3.62,-0.815,4.5,5.78,37.58,1,7,-0.646,2026-06-22,-2.8748989268204794,,
BHARATCOAL.NS,2026-06-20 17:20:26,Avoid,3.62,0.262,0.0,4.05,63.22,7,4,0.094,2026-06-20,,,
NAUKRI.NS,2026-06-26 05:25:13,Caution,3.61,0.154,4.14,4.46,55.96,6,3,-0.619,2026-06-26,,,
HCLTECH.NS,2026-06-12 11:50:01,Avoid,3.6,-0.831,7.0,3.43,33.34,3,8,-0.594,2026-06-12,5.155017528905614,1.9917065674291523,
GICRE.NS,2026-06-22 14:56:14,Avoid,3.6,-0.569,2.5,5.25,45.13,2,6,-0.21,2026-06-22,,,
VOLTAS.NS,2026-06-23 16:00:59,Avoid,3.6,-0.323,2.5,4.4,53.33,3,5,-0.371,2026-06-23,,,
RAMCOSYS.NS,2026-06-26 00:05:40,Caution,3.59,0.492,6.44,7.07,80.94,9,4,0.627,2026-06-26,,,
DLF.NS,2026-06-22 14:56:14,Avoid,3.59,0.092,2.0,4.51,61.14,5,5,-0.631,2026-06-22,-0.995857272646461,,
JIOFIN.NS,2026-06-20 23:01:14,Avoid,3.58,-0.246,3.5,3.46,57.68,6,4,-0.8,2026-06-20,-1.6229813985471742,,
TATAPOWER.NS,2026-06-25 12:39:49,Caution,3.58,-0.185,3.2,5.03,39.42,2,6,-0.396,2026-06-25,,,
RELIANCE.NS,2026-06-17 19:49:59,Avoid,3.58,-0.477,2.5,5.46,53.65,3,4,-0.531,2026-06-17,-0.46521733316063907,-1.4331789814460816,
WIPRO.NS,2026-06-12 11:50:01,Avoid,3.58,-0.785,4.0,5.73,30.97,3,7,-0.623,2026-06-12,2.403687046589109,0.3663837372852141,
PINELABS.NS,2026-06-20 23:01:14,Avoid,3.58,-0.508,2.5,4.62,48.42,3,5,-1.367,2026-06-20,4.67565344028722,,
JIOFIN.NS,2026-06-21 08:59:27,Avoid,3.58,-0.246,3.5,3.46,57.68,6,4,-0.8,2026-06-21,-1.6229813985471742,,
PINELABS.NS,2026-06-21 08:59:27,Avoid,3.58,-0.508,2.5,4.62,48.42,3,5,-1.367,2026-06-21,4.67565344028722,,
HCLTECH.NS,2026-06-29 05:11:32,Caution,3.58,-0.708,7.19,3.92,36.26,0,9,-0.609,2026-06-29,,,
BHARTIARTL.NS,2026-06-12 09:49:24,Avoid,3.57,-0.815,4.0,5.85,44.59,1,7,0.307,2026-06-12,2.919064536179694,4.844995820473241,
MANAPPURAM.NS,2026-06-25 18:09:10,Avoid,3.57,0.769,5.04,4.53,54.3,10,1,0.656,2026-06-25,,,
SWIGGY.NS,2026-06-24 18:01:34,Avoid,3.57,-0.769,7.0,3.83,40.99,2,8,-0.866,2026-06-24,,,
PIIND.NS,2026-06-16 17:36:25,Avoid,3.56,-0.477,3.5,4.56,51.87,3,4,-0.661,2026-06-16,,,
WIPRO.NS,2026-06-15 12:17:13,Avoid,3.56,-0.8,4.0,5.75,35.01,2,7,-0.652,2026-06-15,0.8049351724416454,-0.6616011548828515,
URBANCO.NS,2026-06-22 21:16:02,Avoid,3.54,0.092,3.5,4.12,66.29,6,4,-0.662,2026-06-22,,,
BHARATCOAL.NS,2026-06-21 08:59:27,Avoid,3.53,0.262,0.0,3.77,63.22,7,4,0.094,2026-06-21,,,
RAMCOSYS.NS,2026-06-25 18:09:10,Avoid,3.52,0.554,6.48,7.09,83.39,10,4,0.69,2026-06-25,,,
MEESHO.NS,2026-06-12 19:23:13,Avoid,3.52,-0.477,3.5,4.43,37.57,3,6,-0.159,2026-06-12,-1.4138513277258236,3.9779531886454222,
TMPV.NS,2026-06-22 14:56:14,Avoid,3.52,-0.415,3.0,5.23,44.83,3,6,-1.06,2026-06-22,-2.2959855582209587,,
MEESHO.NS,2026-06-21 08:59:27,Avoid,3.5,-0.662,3.5,4.29,48.3,3,6,-0.04,2026-06-21,8.268967934038374,,
MEESHO.NS,2026-06-20 23:01:14,Avoid,3.5,-0.662,3.5,4.29,48.3,3,6,-0.04,2026-06-20,8.268967934038374,,
MUTHOOTFIN.NS,2026-06-11 03:00:31,Avoid,3.49,-0.769,7.0,,29.44,4,8,0.781,2026-06-11,9.581311499783741,10.117643679714527,4.692044901600356
DLF.NS,2026-06-21 08:59:27,Avoid,3.49,-0.092,1.5,4.14,60.2,5,4,-0.668,2026-06-21,-0.995857272646461,,
SJVN.NS,2026-06-16 14:34:44,Avoid,3.49,-0.369,2.5,3.68,49.65,3,5,-0.873,2026-06-16,,,
SWIGGY.NS,2026-06-19 16:45:37,Avoid,3.49,-0.538,3.5,4.65,48.09,2,5,-0.83,2026-06-19,-3.877191885531639,,
RAMCOSYS.NS,2026-06-29 05:11:32,Caution,3.49,0.554,6.49,7.09,83.39,10,4,0.717,2026-06-29,,,
TATACHEM.NS,2026-06-12 11:50:01,Avoid,3.49,-0.185,2.0,4.17,55.61,4,4,-0.827,2026-06-12,-2.2722718586573265,-2.252159999738168,
TMPV.NS,2026-06-17 14:09:56,Avoid,3.49,-0.6,3.0,5.39,42.18,1,8,-1.089,2026-06-17,0.9831629257008201,-2.3131028829261324,
MEESHO.NS,2026-06-19 19:26:49,Avoid,3.47,-0.662,3.5,4.23,48.3,3,6,-0.04,2026-06-19,8.533070849804481,,
ICICIBANK.NS,2026-06-11 03:00:31,Avoid,3.46,-0.246,3.0,,53.45,4,4,0.053,2026-06-11,1.313595203350415,1.9210363574886147,5.353075170842825
IDBI.NS,2026-06-24 18:01:34,Avoid,3.46,0.169,4.5,3.52,64.05,6,4,-0.083,2026-06-24,,,
VOLTAS.NS,2026-06-15 21:40:49,Avoid,3.45,-0.477,2.5,5.1,56.0,4,6,-0.394,2026-06-15,2.352227879794988,2.080818386453953,
PAYTM.NS,2026-06-12 11:40:46,Avoid,3.45,-0.8,4.5,5.0,41.09,2,7,1.237,2026-06-12,4.302071898832716,1.5085157653026426,
DEVYANI.NS,2026-06-17 14:09:56,Avoid,3.45,-0.6,2.0,5.15,48.25,2,5,-0.714,2026-06-17,,,
JIOFIN.NS,2026-06-16 09:18:15,Avoid,3.44,-0.262,3.5,3.12,54.44,5,3,-0.838,2026-06-16,1.0332713500859514,-1.7110971034788092,
TVSMOTOR.NS,2026-06-25 15:49:45,Caution,3.43,0.492,4.73,6.35,61.49,9,3,0.582,2026-06-25,,,
JIOFIN.NS,2026-06-19 19:26:49,Avoid,3.43,-0.246,3.5,3.03,57.68,6,4,-0.8,2026-06-19,-2.2826761712891996,,
SWIGGY.NS,2026-06-18 16:36:14,Avoid,3.43,-0.569,3.5,4.64,49.48,2,6,-0.823,2026-06-18,-2.383274435420324,-5.938658772993033,
TMPV.NS,2026-06-25 15:49:45,Caution,3.43,-0.369,2.77,5.29,41.23,5,6,-1.076,2026-06-25,,,
IDBI.NS,2026-06-25 15:49:45,Caution,3.43,0.138,4.98,3.96,62.95,5,4,-0.08,2026-06-25,,,
JIOFIN.NS,2026-06-22 09:19:59,Avoid,3.42,-0.031,3.5,3.47,58.17,6,3,-0.788,2026-06-22,-1.6229813985471742,,
TMPV.NS,2026-06-26 15:57:27,Caution,3.42,-0.369,2.44,5.29,41.23,5,6,-1.074,2026-06-26,,,
GICRE.NS,2026-06-20 17:20:26,Avoid,3.41,-0.538,2.5,4.28,44.54,3,6,-0.155,2026-06-20,,,
TMPV.NS,2026-06-19 16:45:37,Avoid,3.41,-0.646,3.0,5.41,43.0,2,8,-1.08,2026-06-19,-2.726004949365435,,
TVSMOTOR.NS,2026-06-26 23:43:38,Caution,3.4,0.492,4.71,6.35,61.49,9,3,0.62,2026-06-26,,,
TMPV.NS,2026-06-29 05:11:32,Caution,3.4,-0.369,2.44,5.29,41.23,5,6,-1.074,2026-06-29,,,
VIKRAMSOLR.NS,2026-06-20 17:20:26,Avoid,3.4,-0.908,4.0,5.83,43.1,0,9,-1.267,2026-06-20,,,
VIKRAMSOLR.NS,2026-06-19 19:26:49,Avoid,3.4,-0.908,4.0,5.83,43.1,0,9,-1.267,2026-06-19,,,
TVSMOTOR.NS,2026-06-29 05:11:32,Caution,3.4,0.492,4.71,6.35,61.49,9,3,0.62,2026-06-29,,,
GICRE.NS,2026-06-18 16:36:14,Avoid,3.4,-0.569,2.5,4.42,37.33,4,7,-0.225,2026-06-18,,,
GICRE.NS,2026-06-17 14:09:56,Avoid,3.37,-0.631,2.5,4.64,35.16,3,8,-0.236,2026-06-17,4.612342555761728,,
JIOFIN.NS,2026-06-15 12:17:13,Avoid,3.37,-0.231,3.5,2.79,54.35,6,3,-0.837,2026-06-15,1.9121583789906804,1.6115566723022834,
RELIANCE.NS,2026-06-18 16:36:14,Avoid,3.36,-0.6,2.5,5.46,52.22,2,5,-0.539,2026-06-18,-1.4004951380058195,-0.752955363589114,
RELIANCE.NS,2026-06-15 18:30:16,Avoid,3.36,-0.785,3.5,5.51,46.53,2,7,-0.577,2026-06-15,1.6143822177457912,1.4919663351185886,
UBL.NS,2026-06-16 17:36:25,Avoid,3.36,-0.631,1.0,5.9,44.62,2,6,-1.141,2026-06-16,,,
NETWORK18.NS,2026-06-16 17:36:25,Avoid,3.36,-0.015,1.5,2.4,58.44,7,4,-0.983,2026-06-16,,,
RELIANCE.NS,2026-06-19 14:13:36,Avoid,3.36,-0.6,2.5,5.47,52.61,2,5,-0.502,2026-06-19,0.31309473737590743,,
RELIANCE.NS,2026-06-26 05:25:13,Caution,3.35,-0.554,2.46,5.92,48.26,1,7,-0.522,2026-06-26,,,
BAJAJFINSV.NS,2026-06-23 12:44:14,Avoid,3.35,-0.108,1.5,3.89,56.16,5,2,-0.017,2026-06-23,,,
HDFCLIFE.NS,2026-06-12 11:40:46,Avoid,3.34,-0.723,2.5,6.0,27.13,4,7,-0.368,2026-06-12,,,
BATAINDIA.NS,2026-06-16 14:34:44,Avoid,3.34,-0.631,2.0,5.98,48.92,2,6,-1.455,2026-06-16,10.142157928438756,,
TMPV.NS,2026-06-24 13:07:02,Avoid,3.34,-0.662,3.0,5.0,38.94,3,7,-1.085,2026-06-24,,,
TMPV.NS,2026-06-21 08:59:27,Avoid,3.33,-0.646,3.0,5.18,43.0,2,8,-1.08,2026-06-21,-2.2959855582209587,,
RELIANCE.NS,2026-06-25 18:09:10,Avoid,3.32,-0.554,2.46,5.94,49.63,1,7,-0.515,2026-06-25,,,
RELIANCE.NS,2026-06-29 05:11:32,Caution,3.32,-0.554,2.46,5.94,49.63,1,7,-0.613,2026-06-29,,,
HDFCBANK.NS,2026-06-15 21:40:49,Avoid,3.32,-0.246,2.0,4.01,57.18,6,4,-0.384,2026-06-15,2.785109061216251,2.8374201973823565,
TATACONSUM.NS,2026-06-26 18:03:02,Caution,3.31,-0.092,2.23,7.4,50.03,5,4,-0.155,2026-06-26,,,
TATACONSUM.NS,2026-06-25 18:09:10,Avoid,3.31,-0.092,2.23,7.4,50.03,5,4,-0.171,2026-06-25,,,
TATACONSUM.NS,2026-06-29 05:11:32,Caution,3.31,-0.092,2.23,7.4,50.03,5,4,-0.155,2026-06-29,,,
GICRE.NS,2026-06-16 21:05:23,Avoid,3.3,-0.631,2.5,4.43,36.67,3,8,-0.22,2026-06-16,2.873889086483028,,
BAJFINANCE.NS,2026-06-25 15:49:45,Caution,3.3,0.369,4.99,4.23,64.18,7,5,0.43,2026-06-25,,,
ETERNAL.NS,2026-06-11 03:02:16,Avoid,3.29,-0.569,5.0,,46.88,1,7,0.254,2026-06-11,7.82313324575532,9.927717324700879,8.48214166968393
VOLTAS.NS,2026-06-22 21:16:02,Avoid,3.29,-0.246,2.5,4.39,59.24,5,5,-0.343,2026-06-22,,,
LENSKART.NS,2026-06-11 03:02:16,Avoid,3.28,-0.308,3.0,,47.19,2,6,1.013,2026-06-11,0.1592807950161701,0.5574888587294602,1.3240405966121305
ASHOKLEY.NS,2026-06-26 13:29:24,Caution,3.27,0.123,5.03,5.24,57.56,6,2,0.374,2026-06-26,,,
ASHOKLEY.NS,2026-06-25 18:09:10,Avoid,3.27,0.123,5.04,5.24,57.56,6,2,0.36,2026-06-25,,,
TMPV.NS,2026-06-20 17:20:26,Avoid,3.27,-0.646,3.0,5.01,43.0,2,8,-1.08,2026-06-20,-2.2959855582209587,,
HCLTECH.NS,2026-06-15 21:40:49,Avoid,3.26,-0.8,4.5,3.45,36.45,2,7,-0.577,2026-06-15,3.797015826497674,1.0006209848378855,
TATACONSUM.NS,2026-06-11 03:41:41,Avoid,3.25,-0.385,3.5,,35.18,5,7,-0.296,2026-06-11,2.011550542957452,0.25257522007837707,2.0476342902848943
SYRMA.NS,2026-06-26 13:29:24,Caution,3.25,0.738,4.57,6.71,83.15,10,3,1.318,2026-06-26,,,
SYRMA.NS,2026-06-29 05:11:32,Caution,3.25,0.738,4.57,6.71,83.15,10,3,1.318,2026-06-29,,,
ASHOKLEY.NS,2026-06-29 05:11:32,Caution,3.25,0.123,5.03,5.24,57.56,6,2,0.374,2026-06-29,,,
BHARATCOAL.NS,2026-06-22 09:19:59,Avoid,3.24,0.292,0.5,3.77,62.67,7,3,0.075,2026-06-22,,,
JYOTICNC.NS,2026-06-25 12:39:49,Caution,3.24,0.215,4.23,3.54,65.73,6,5,-0.675,2026-06-25,,,
JSWINFRA.NS,2026-06-25 12:39:49,Caution,3.24,0.754,3.57,4.5,71.98,9,4,-0.125,2026-06-25,,,
SYRMA.NS,2026-06-25 18:09:10,Avoid,3.24,0.738,4.59,6.71,83.15,10,3,1.353,2026-06-25,,,
COCHINSHIP.NS,2026-06-18 13:53:16,Avoid,3.22,-0.385,2.5,3.97,49.87,4,5,-0.573,2026-06-18,0.952640190023013,,
TATAPOWER.NS,2026-06-29 05:11:32,Caution,3.22,-0.446,3.34,5.0,35.9,2,8,-0.425,2026-06-29,,,
PINELABS.NS,2026-06-24 15:45:41,Avoid,3.21,-0.569,4.0,4.54,57.53,4,7,-1.24,2026-06-24,,,
PINELABS.NS,2026-06-19 19:26:49,Avoid,3.21,-0.508,2.5,4.56,48.42,3,5,-1.367,2026-06-19,5.882743652740374,,
ASHOKLEY.NS,2026-06-11 03:41:41,Avoid,3.2,-0.8,6.5,,37.39,2,7,0.25,2026-06-11,14.374367084530814,14.33828464038509,15.947460349776188
HDFCBANK.NS,2026-06-12 09:41:38,Avoid,3.2,-0.6,2.5,5.0,49.54,2,5,-0.395,2026-06-12,1.8965605041515898,2.6212005134817806,
JSWINFRA.NS,2026-06-26 23:43:38,Caution,3.2,0.785,3.53,4.49,72.35,10,4,-0.16,2026-06-26,,,
FIRSTCRY.NS,2026-06-24 18:01:34,Avoid,3.2,-0.538,3.5,4.67,54.39,4,5,-1.02,2026-06-24,,,
PAYTM.NS,2026-06-24 15:45:41,Avoid,3.2,-0.662,4.5,4.12,48.45,1,6,1.276,2026-06-24,,,
SWANCORP.NS,2026-06-22 21:16:02,Avoid,3.16,-0.554,5.0,3.92,56.21,4,6,-0.741,2026-06-22,,,
M&M.NS,2026-06-11 03:41:41,Avoid,3.15,-0.815,6.5,,41.28,1,7,-0.084,2026-06-11,4.5652972261087665,4.518647807957343,6.041522700791413
BAJFINANCE.NS,2026-06-29 05:11:32,Caution,3.15,0.369,4.79,4.23,64.18,7,5,0.406,2026-06-29,,,
JSWINFRA.NS,2026-06-29 05:11:32,Caution,3.14,0.785,3.53,4.49,72.35,10,4,-0.16,2026-06-29,,,
BAJFINANCE.NS,2026-06-26 05:25:13,Caution,3.14,0.477,4.81,4.26,68.3,8,2,0.455,2026-06-26,,,
KALYANKJIL.NS,2026-06-11 03:41:41,Avoid,3.14,-0.754,6.0,,43.08,1,7,-0.297,2026-06-11,14.434704281151411,,
PAYTM.NS,2026-06-23 18:49:41,Avoid,3.13,-0.692,4.5,4.13,48.58,1,7,1.28,2026-06-23,,,
RELAXO.NS,2026-06-29 05:11:32,Caution,3.13,0.615,3.36,6.99,77.61,10,3,-1.036,2026-06-29,,,
HDFCLIFE.NS,2026-06-16 17:36:25,Avoid,3.12,-0.815,2.5,5.85,45.03,1,7,-0.37,2026-06-16,,,
RELAXO.NS,2026-06-25 18:09:10,Avoid,3.12,0.615,3.38,6.99,77.61,10,3,-1.04,2026-06-25,,,
RELIANCE.NS,2026-06-21 08:59:27,Avoid,3.11,-0.692,2.0,5.62,46.8,1,7,-0.537,2026-06-21,-0.6332472230729413,,
RELIANCE.NS,2026-06-20 23:01:14,Avoid,3.11,-0.692,2.0,5.62,46.8,1,7,-0.537,2026-06-20,-0.6332472230729413,,
LTF.NS,2026-06-26 00:05:40,Caution,3.1,0.769,4.82,4.74,62.02,10,0,0.659,2026-06-26,,,
PINELABS.NS,2026-06-12 19:23:13,Avoid,3.07,-0.569,2.5,4.48,45.78,3,5,-1.397,2026-06-12,1.029413374226107,1.155602145006429,
PINELABS.NS,2026-06-17 14:09:56,Avoid,3.07,-0.585,2.5,4.56,49.03,3,6,-1.359,2026-06-17,0.5259026278179313,6.01499437876305,
KAYNES.NS,2026-06-18 13:53:16,Avoid,3.06,-0.6,3.5,3.75,53.74,3,7,-0.26,2026-06-18,-4.980064913786741,-3.5681597645288776,
GICRE.NS,2026-06-19 19:26:49,Avoid,3.06,-0.538,2.5,4.28,44.54,3,6,-0.155,2026-06-19,,,
CHOLAFIN.NS,2026-06-11 03:02:57,Avoid,3.05,-0.785,6.0,,44.71,2,7,-0.043,2026-06-11,15.499346774072432,16.083579357574052,23.664851259898345
MAXHEALTH.NS,2026-06-26 00:05:40,Caution,3.05,0.4,2.95,6.01,65.3,7,4,0.121,2026-06-26,,,
DLF.NS,2026-06-12 19:23:13,Avoid,3.04,-0.354,2.0,3.74,52.79,5,4,-0.76,2026-06-12,6.217528448850285,6.379356611150899,
LTF.NS,2026-06-25 18:09:10,Avoid,3.04,0.738,4.82,4.74,63.38,10,2,0.674,2026-06-25,,,
PINELABS.NS,2026-06-22 21:16:02,Avoid,3.04,-0.646,4.0,4.53,49.13,2,7,-1.36,2026-06-22,4.67565344028722,,
TATACOMM.NS,2026-06-25 15:49:45,Caution,3.02,0.662,3.7,6.5,59.74,8,3,-0.019,2026-06-25,,,
SWIGGY.NS,2026-06-25 12:39:49,Caution,3.02,-0.538,4.93,4.21,41.13,2,7,-0.865,2026-06-25,,,
SAMMAANCAP.NS,2026-06-26 00:05:40,Caution,3.01,0.385,1.6,3.93,51.38,7,3,-0.145,2026-06-26,,,
LTF.NS,2026-06-29 05:11:32,Caution,3.01,0.738,4.85,4.74,63.38,10,2,0.717,2026-06-29,,,
SBILIFE.NS,2026-06-17 14:09:56,Avoid,2.99,-0.723,1.5,5.86,47.23,1,6,0.179,2026-06-17,0.6634714861754487,-1.4440245744094304,
JIOFIN.NS,2026-06-17 14:09:56,Avoid,2.99,-0.262,2.0,3.12,54.96,5,3,-0.834,2026-06-17,0.16462637349041742,-1.6914975235081675,
SWIGGY.NS,2026-06-12 19:07:14,Avoid,2.98,-0.662,2.5,4.67,45.76,3,6,-0.85,2026-06-12,3.821536031930739,1.6606679698409677,
BPCL.NS,2026-06-11 03:02:57,Avoid,2.97,-0.877,6.5,,43.23,0,8,-0.095,2026-06-11,8.992491514280388,10.459221599815915,8.171815399935856
MEESHO.NS,2026-06-11 03:41:41,Avoid,2.97,-0.477,3.5,,36.22,3,6,-0.161,2026-06-11,-0.7365987058037593,1.4138083251679312,10.757990379185545
NAUKRI.NS,2026-06-29 05:11:32,Caution,2.97,-0.246,4.14,4.41,47.32,2,6,-0.684,2026-06-29,,,
RECLTD.NS,2026-06-25 18:09:10,Avoid,2.96,0.708,4.89,4.3,60.25,9,1,-0.566,2026-06-25,,,
INOXWIND.NS,2026-06-16 21:05:23,Avoid,2.96,-0.446,3.0,3.12,50.87,4,4,-0.577,2026-06-16,,,
NAUKRI.NS,2026-06-25 18:09:10,Avoid,2.95,-0.246,4.14,4.36,47.32,2,6,-0.662,2026-06-25,,,
BAJAJFINSV.NS,2026-06-15 12:17:13,Avoid,2.94,-0.354,1.5,3.88,53.17,5,5,-0.06,2026-06-15,1.2284310707244783,1.8283625238689982,
JIOFIN.NS,2026-06-18 13:53:16,Avoid,2.94,-0.262,2.0,3.0,56.68,5,3,-0.824,2026-06-18,-2.576816217798239,-1.91315580129644,
SAMMAANCAP.NS,2026-06-29 05:11:32,Caution,2.93,0.354,1.6,3.88,49.33,7,4,-0.135,2026-06-29,,,
SAMMAANCAP.NS,2026-06-25 18:09:10,Avoid,2.93,0.354,1.6,3.89,49.33,7,4,-0.158,2026-06-25,,,
TVSMOTOR.NS,2026-06-11 03:41:41,Avoid,2.92,-0.692,5.0,,44.21,2,6,0.43,2026-06-11,4.505083106885244,5.177349892574856,8.5873351954187
PINELABS.NS,2026-06-16 21:05:23,Avoid,2.92,-0.662,2.5,4.5,45.62,2,7,-1.396,2026-06-16,1.4791133818841118,-0.026646203683544645,
DMART.NS,2026-06-11 03:00:31,Avoid,2.92,-0.492,3.5,,40.7,2,7,-0.503,2026-06-11,5.374963749372963,8.018565219776775,
COCHINSHIP.NS,2026-06-19 09:44:02,Avoid,2.9,-0.569,2.5,4.0,47.93,3,5,-0.558,2026-06-19,1.9958830991726684,,
INOXWIND.NS,2026-06-17 14:09:56,Avoid,2.9,-0.477,3.0,3.11,50.29,3,4,-0.58,2026-06-17,,,
EPACK.NS,2026-06-22 21:16:02,Avoid,2.89,-0.108,1.0,2.68,63.85,6,4,-0.028,2026-06-22,,,
SBILIFE.NS,2026-06-12 19:07:14,Avoid,2.88,-0.815,1.5,6.02,27.63,3,9,0.098,2026-06-12,5.134816857323421,5.521685297296308,
SBILIFE.NS,2026-06-16 21:05:23,Avoid,2.88,-0.785,1.5,5.87,43.09,2,7,0.152,2026-06-16,1.844307311394422,1.0522729035324696,
KAYNES.NS,2026-06-19 09:44:02,Avoid,2.87,-0.631,3.0,3.79,51.06,2,7,-0.267,2026-06-19,-1.5369954350935355,,
LODHA.NS,2026-06-23 18:49:41,Avoid,2.86,-0.477,3.5,4.16,52.19,3,6,-0.751,2026-06-23,,,
PVRINOX.NS,2026-06-16 17:36:25,Avoid,2.83,-0.785,2.0,5.28,36.19,2,7,-0.79,2026-06-16,,,
HAL.NS,2026-06-11 03:00:31,Avoid,2.83,-0.523,3.5,,44.26,1,6,-0.351,2026-06-11,2.0012943438577846,5.733053867408167,4.707245399871507
DALBHARAT.NS,2026-06-16 14:34:44,Avoid,2.83,-0.6,1.0,5.24,45.04,3,5,-0.421,2026-06-16,,,
KOTAKBANK.NS,2026-06-11 03:02:57,Avoid,2.82,-0.262,1.5,,50.21,4,4,-0.08,2026-06-11,3.686284422272035,2.440576065731448,3.978643359259504
BAJAJFINSV.NS,2026-06-22 21:16:02,Avoid,2.78,-0.169,1.5,3.89,56.01,6,3,-0.018,2026-06-22,,,
KOLTEPATIL.NS,2026-06-16 17:36:25,Avoid,2.77,-0.308,1.0,3.58,53.56,4,5,-0.409,2026-06-16,,,
PFC.NS,2026-06-25 12:39:49,Caution,2.76,0.138,5.26,4.86,51.9,4,4,-0.237,2026-06-25,,,
PINELABS.NS,2026-06-11 03:41:41,Avoid,2.75,-0.415,2.5,,45.94,5,5,-1.39,2026-06-11,3.3820112342025643,3.2029269802058336,10.256244248262348
CGPOWER.NS,2026-06-25 15:49:45,Caution,2.74,0.615,5.94,6.52,57.52,8,2,0.293,2026-06-25,,,
CGPOWER.NS,2026-06-29 05:11:32,Avoid,2.74,0.615,5.86,6.52,57.52,8,2,0.31,2026-06-29,,,
PINELABS.NS,2026-06-15 21:40:49,Avoid,2.74,-0.6,1.5,4.53,48.96,3,7,-1.363,2026-06-15,-2.448072528476486,-0.436225135048085,
CGPOWER.NS,2026-06-26 23:43:38,Avoid,2.74,0.615,5.86,6.52,57.52,8,2,0.31,2026-06-26,,,
KAYNES.NS,2026-06-17 19:49:59,Avoid,2.73,-0.785,3.5,3.71,47.4,3,7,-0.298,2026-06-17,1.0836422326371498,-1.3914955666789908,
M&MFIN.NS,2026-06-25 15:49:45,Caution,2.73,0.492,5.88,4.51,68.4,9,3,-0.014,2026-06-25,,,
FIRSTCRY.NS,2026-06-25 15:49:45,Caution,2.73,-0.369,2.05,4.89,50.11,3,5,-1.029,2026-06-25,,,
PAYTM.NS,2026-06-11 03:02:16,Avoid,2.72,-0.692,4.5,,44.48,2,6,1.35,2026-06-11,8.347182724264378,6.920149596091751,9.940384680777958
BHARTIARTL.NS,2026-06-11 03:00:31,Avoid,2.71,-0.631,4.0,,41.53,1,7,0.325,2026-06-11,3.9492889811648446,5.172224531860081,3.8202612206113873
VEDL.NS,2026-06-11 03:00:31,Avoid,2.69,-0.769,5.0,,29.02,5,8,-0.308,2026-06-11,-1.6234771362880651,0.36077603330129104,-10.314851531328861
PINELABS.NS,2026-06-18 13:53:16,Avoid,2.68,-0.538,1.0,4.51,46.54,2,5,-1.385,2026-06-18,0.14683389041882933,6.834415916720404,
SBILIFE.NS,2026-06-15 12:17:13,Avoid,2.67,-0.938,1.5,6.04,38.55,1,8,0.123,2026-06-15,2.7337297860720478,2.614379084967311,
EPACK.NS,2026-06-23 10:41:23,Avoid,2.67,-0.231,1.0,2.66,58.76,5,5,-0.052,2026-06-23,,,
TCS.NS,2026-06-11 03:02:57,Avoid,2.66,-0.846,5.5,,35.95,2,8,-1.27,2026-06-11,2.9687160256889555,3.1700668700181067,-1.9151594219002699
WIPRO.NS,2026-06-11 03:02:57,Avoid,2.66,-0.846,5.5,,31.16,2,8,-0.593,2026-06-11,2.9881057662859645,3.083949580699441,-1.3361871694373417
SWIGGY.NS,2026-06-26 00:05:40,Avoid,2.66,-0.569,4.61,4.2,40.99,2,8,-0.866,2026-06-26,,,
KAYNES.NS,2026-06-20 17:20:26,Avoid,2.63,-0.692,3.0,3.41,47.76,1,7,-0.288,2026-06-20,-0.5725612556152004,,
PGEL.NS,2026-06-15 12:17:13,Avoid,2.63,-0.508,1.0,4.21,52.48,3,6,0.39,2026-06-15,14.49878530375457,,
SBICARD.NS,2026-06-25 18:09:10,Avoid,2.63,-0.092,4.05,4.29,54.27,5,4,-0.541,2026-06-25,,,
WELSPUNLIV.NS,2026-06-25 12:39:49,Caution,2.62,0.831,1.73,6.5,74.19,10,3,0.038,2026-06-25,,,
ABFRL.NS,2026-06-16 17:36:25,Avoid,2.62,-0.815,2.0,4.85,46.61,1,7,-1.084,2026-06-16,,,
SUNDARMFIN.NS,2026-06-16 17:36:25,Avoid,2.62,-0.354,1.5,2.97,55.74,4,4,-0.188,2026-06-16,,,
IIFL.NS,2026-06-25 12:39:49,Caution,2.6,0.308,5.5,4.14,52.64,6,3,-0.015,2026-06-25,,,
KAYNES.NS,2026-06-15 18:30:16,Avoid,2.59,-0.815,2.0,3.75,38.28,2,7,-0.345,2026-06-15,9.843934094628114,6.534502318626911,
KAYNES.NS,2026-06-21 08:59:27,Avoid,2.59,-0.692,3.0,3.29,47.76,1,7,-0.288,2026-06-21,-0.5725612556152004,,
SBICARD.NS,2026-06-26 13:29:24,Avoid,2.57,-0.092,4.05,4.29,54.27,5,4,-0.541,2026-06-26,,,
BAJFINANCE.NS,2026-06-11 03:02:16,Avoid,2.55,-0.815,5.0,,43.74,1,7,0.227,2026-06-11,10.234913315774264,10.143011777741595,12.618463978109663
COCHINSHIP.NS,2026-06-23 18:49:41,Avoid,2.54,-0.338,2.0,3.92,50.22,4,5,-0.503,2026-06-23,,,
MUTHOOTFIN.NS,2026-06-26 00:05:40,Avoid,2.53,-0.308,7.93,4.4,45.94,2,6,0.839,2026-06-26,,,
SWIGGY.NS,2026-06-29 05:11:32,Avoid,2.53,-0.692,4.61,4.2,38.76,1,9,-0.879,2026-06-29,,,
SBICARD.NS,2026-06-29 05:11:32,Avoid,2.53,-0.092,4.05,4.29,54.27,5,4,-0.541,2026-06-29,,,
PGEL.NS,2026-06-12 19:07:14,Avoid,2.49,-0.538,1.0,3.94,49.39,4,5,0.4,2026-06-12,12.900897619679363,15.973518344076897,
PARAS.NS,2026-06-25 15:49:45,Avoid,2.49,0.8,4.94,6.39,63.43,9,1,-0.21,2026-06-25,,,
ROTO.NS,2026-06-25 15:49:45,Avoid,2.49,0.554,3.46,5.37,74.14,9,4,-0.291,2026-06-25,,,
MAXHEALTH.NS,2026-06-29 05:11:32,Avoid,2.48,0.492,2.97,6.11,72.33,9,3,0.216,2026-06-29,,,
MAXHEALTH.NS,2026-06-25 18:09:10,Avoid,2.46,0.492,2.97,6.11,72.33,9,3,0.187,2026-06-25,,,
PARAS.NS,2026-06-26 23:43:38,Avoid,2.45,0.8,4.64,6.46,63.43,9,1,-0.205,2026-06-26,,,
PARAS.NS,2026-06-29 05:11:32,Avoid,2.45,0.8,4.64,6.46,63.43,9,1,-0.205,2026-06-29,,,
BHARATFORG.NS,2026-06-25 15:49:45,Avoid,2.45,0.8,2.13,6.39,71.49,11,2,0.198,2026-06-25,,,
ROTO.NS,2026-06-26 23:43:38,Avoid,2.44,0.554,2.64,5.31,74.14,9,4,-0.309,2026-06-26,,,
MUTHOOTFIN.NS,2026-06-25 18:09:10,Avoid,2.44,-0.338,7.88,4.28,40.2,2,7,0.767,2026-06-25,,,
MUTHOOTFIN.NS,2026-06-29 05:11:32,Avoid,2.43,-0.338,7.89,4.28,40.2,2,7,0.774,2026-06-29,,,
KAYNES.NS,2026-06-16 21:05:23,Avoid,2.43,-0.785,2.5,3.72,43.71,3,7,-0.318,2026-06-16,2.3760069763242964,1.2367762927904868,
TATACHEM.NS,2026-06-29 05:11:32,Avoid,2.43,-0.138,1.28,5.47,56.54,5,4,-0.793,2026-06-29,,,
HFCL.NS,2026-06-26 05:25:13,Avoid,2.43,0.8,3.09,5.53,68.04,9,1,0.578,2026-06-26,,,
ITC.NS,2026-06-11 03:02:16,Avoid,2.43,-0.923,5.5,,35.64,2,8,-1.158,2026-06-11,3.2754958215015506,3.098441993312284,2.691220349778578
TATACHEM.NS,2026-06-26 13:29:24,Avoid,2.43,-0.138,1.28,5.47,56.54,5,4,-0.793,2026-06-26,,,
ROTO.NS,2026-06-29 05:11:32,Avoid,2.43,0.554,2.64,5.31,74.14,9,4,-0.309,2026-06-29,,,
IRFC.NS,2026-06-24 18:01:34,Avoid,2.42,-0.754,3.0,3.65,36.88,3,8,-0.951,2026-06-24,,,
KAYNES.NS,2026-06-22 09:19:59,Avoid,2.42,-0.6,3.5,3.35,50.74,2,5,-0.276,2026-06-22,-0.5725612556152004,,
TATACHEM.NS,2026-06-25 18:09:10,Avoid,2.41,-0.138,1.29,5.47,56.54,5,4,-0.799,2026-06-25,,,
JIOFIN.NS,2026-06-12 19:07:14,Avoid,2.4,-0.785,3.5,2.78,49.08,2,7,-0.859,2026-06-12,3.005636676516832,3.628809012990053,
HFCL.NS,2026-06-29 05:11:32,Avoid,2.38,0.908,3.12,5.53,71.94,11,1,0.645,2026-06-29,,,
HFCL.NS,2026-06-25 18:09:10,Avoid,2.38,0.908,3.12,5.53,71.94,11,1,0.646,2026-06-25,,,
BHARATFORG.NS,2026-06-26 23:43:38,Avoid,2.37,0.8,1.63,6.39,71.49,11,2,0.243,2026-06-26,,,
ABCAPITAL.NS,2026-06-25 15:49:45,Avoid,2.36,0.677,4.82,4.23,63.64,9,4,0.673,2026-06-25,,,
HINDUNILVR.NS,2026-06-11 03:41:41,Avoid,2.35,-0.815,4.5,,42.54,1,7,-0.688,2026-06-11,2.808663393638522,3.6779095033878884,2.641127872731097
BHARATFORG.NS,2026-06-29 05:11:32,Avoid,2.34,0.8,1.63,6.39,71.49,11,2,0.243,2026-06-29,,,
JIOFIN.NS,2026-06-23 18:49:41,Avoid,2.31,-0.631,3.5,3.38,48.65,2,6,-0.827,2026-06-23,,,
JIOFIN.NS,2026-06-24 15:45:41,Avoid,2.31,-0.631,3.5,3.36,50.01,2,6,-0.821,2026-06-24,,,
SBILIFE.NS,2026-06-25 15:49:45,Avoid,2.31,-0.554,2.6,6.27,39.4,1,7,0.137,2026-06-25,,,
M&MFIN.NS,2026-06-26 15:57:27,Avoid,2.3,0.492,5.64,4.51,68.4,9,3,-0.024,2026-06-26,,,
M&MFIN.NS,2026-06-29 05:11:32,Avoid,2.28,0.492,5.64,4.51,68.4,9,3,-0.024,2026-06-29,,,
AETHER.NS,2026-06-25 15:49:45,Avoid,2.28,0.877,3.43,5.36,73.01,11,3,0.454,2026-06-25,,,
KAYNES.NS,2026-06-12 19:23:13,Avoid,2.27,-0.8,2.0,3.77,37.98,3,7,-0.285,2026-06-12,5.570546716642144,5.726549478528176,
IFCI.NS,2026-06-26 00:05:40,Avoid,2.24,0.677,4.9,5.33,54.18,8,2,0.125,2026-06-26,,,
RVNL.NS,2026-06-18 21:20:12,Avoid,2.23,-0.692,1.5,3.55,46.97,3,6,-0.571,2026-06-18,-3.009127107659515,,
JAINREC.NS,2026-06-12 11:40:46,Avoid,2.21,-0.908,2.5,3.72,31.62,3,8,-0.096,2026-06-12,,,
TATACAP.NS,2026-06-25 12:39:49,Avoid,2.21,0.323,5.51,4.84,69.36,8,4,0.273,2026-06-25,,,
MAXHEALTH.NS,2026-06-11 03:02:16,Avoid,2.2,-0.6,2.5,,51.09,2,5,0.154,2026-06-11,1.436212396061598,8.008119803986213,11.266838624276243
BAJAJFINSV.NS,2026-06-12 19:07:14,Avoid,2.19,-0.785,1.5,3.91,41.33,3,7,-0.124,2026-06-12,4.469836071947708,4.754013971273041,
POLICYBZR.NS,2026-06-11 03:02:57,Avoid,2.14,-0.954,5.0,,27.87,2,10,0.03,2026-06-11,6.156102955867548,7.545539401964185,
COCHINSHIP.NS,2026-06-24 15:45:41,Avoid,2.14,-0.569,2.0,3.87,50.72,3,5,-0.501,2026-06-24,,,
AFCONS.NS,2026-06-11 03:41:41,Avoid,2.14,-0.754,3.5,,46.66,1,7,-0.817,2026-06-11,,,
SWIGGY.NS,2026-06-11 03:02:16,Avoid,2.05,-0.785,3.5,,43.54,2,7,-0.853,2026-06-11,8.097417650023209,6.557035886804696,0.2289771268716212
RVNL.NS,2026-06-19 09:44:02,Avoid,2.02,-0.815,1.5,3.57,44.39,2,7,-0.571,2026-06-19,,,
RVNL.NS,2026-06-16 17:36:25,Avoid,2.02,-0.815,1.5,3.55,41.29,2,7,-0.593,2026-06-16,1.1818885754040442,-0.4188415482260677,
IFCI.NS,2026-06-29 05:11:32,Avoid,2.01,0.369,4.89,5.27,50.77,6,3,0.076,2026-06-29,,,
IFCI.NS,2026-06-25 15:49:45,Avoid,2.0,0.369,4.97,5.27,50.77,6,3,0.09,2026-06-25,,,
CHOLAFIN.NS,2026-06-25 15:49:45,Avoid,2.0,0.677,4.91,4.12,74.02,11,3,0.177,2026-06-25,,,
TRENT.NS,2026-06-25 15:49:45,Avoid,1.98,0.215,5.69,5.36,69.92,6,5,-0.656,2026-06-25,,,
NETWEB.NS,2026-06-25 18:09:10,Avoid,1.97,0.8,5.72,6.2,59.4,9,1,0.59,2026-06-25,,,
NETWEB.NS,2026-06-26 05:25:13,Avoid,1.94,0.862,5.74,6.2,63.59,10,1,0.625,2026-06-26,,,
NETWEB.NS,2026-06-29 05:11:32,Avoid,1.93,0.8,5.71,6.2,59.4,9,1,0.569,2026-06-29,,,
APOLLO.NS,2026-06-25 15:49:45,Avoid,1.92,0.446,4.81,4.76,46.82,8,3,1.426,2026-06-25,,,
APOLLO.NS,2026-06-29 05:11:32,Avoid,1.91,0.446,4.8,4.79,46.82,8,3,1.459,2026-06-29,,,
APOLLO.NS,2026-06-26 18:03:02,Avoid,1.9,0.446,4.8,4.79,46.82,8,3,1.459,2026-06-26,,,
RVNL.NS,2026-06-23 16:00:59,Avoid,1.89,-0.877,2.0,3.32,41.79,1,8,-0.64,2026-06-23,,,
KAYNES.NS,2026-06-24 18:01:34,Avoid,1.86,-0.785,3.0,2.83,45.63,1,8,-0.308,2026-06-24,,,
TRENT.NS,2026-06-26 15:57:27,Avoid,1.81,0.215,4.79,5.36,69.92,6,5,-0.66,2026-06-26,,,
TRENT.NS,2026-06-29 05:11:32,Avoid,1.8,0.215,4.79,5.36,69.92,6,5,-0.66,2026-06-29,,,
COCHINSHIP.NS,2026-06-22 21:16:02,Avoid,1.78,-0.538,2.0,3.9,49.25,4,5,-0.508,2026-06-22,,,
RVNL.NS,2026-06-22 21:16:02,Avoid,1.7,-0.785,2.0,3.33,46.31,3,7,-0.62,2026-06-22,,,
CUPID.NS,2026-06-25 18:09:10,Avoid,1.68,0.723,7.37,6.44,86.95,9,3,4.342,2026-06-25,,,
POWERINDIA.NS,2026-06-25 12:39:49,Avoid,1.66,0.123,7.02,6.76,48.33,4,4,1.378,2026-06-25,,,
POWERINDIA.NS,2026-06-26 23:43:38,Avoid,1.65,0.0,6.82,6.76,45.14,3,5,1.187,2026-06-26,,,
POWERINDIA.NS,2026-06-29 05:11:32,Avoid,1.65,0.0,6.82,6.76,45.14,3,5,1.187,2026-06-29,,,
RELIANCE.NS,2026-06-11 03:41:41,Avoid,1.63,-0.923,3.5,,30.61,4,9,-0.63,2026-06-11,5.2098217599465535,5.154392366265825,4.362626728894492
INDIGO.NS,2026-06-25 18:09:10,Avoid,1.49,0.615,0.93,5.41,78.63,10,3,0.235,2026-06-25,,,
TATACAP.NS,2026-06-26 00:05:40,Avoid,1.48,0.277,5.24,4.76,65.97,7,3,0.144,2026-06-26,,,
NYKAA.NS,2026-06-25 15:49:45,Avoid,1.47,0.831,4.75,7.25,68.56,10,3,0.82,2026-06-25,,,
DELHIVERY.NS,2026-06-25 12:39:49,Avoid,1.37,0.723,1.93,6.76,57.29,9,2,0.079,2026-06-25,,,
KAYNES.NS,2026-06-26 23:43:38,Avoid,1.36,-0.538,1.77,2.66,48.85,2,8,-0.32,2026-06-26,,,
KAYNES.NS,2026-06-25 12:39:49,Avoid,1.36,-0.477,1.73,2.67,50.89,3,7,-0.312,2026-06-25,,,
MTARTECH.NS,2026-06-25 15:49:45,Avoid,1.35,0.554,4.65,6.34,56.22,7,2,2.039,2026-06-25,,,
JIOFIN.NS,2026-06-11 03:02:16,Avoid,1.35,-0.815,2.0,,45.42,1,7,-0.828,2026-06-11,6.10910990911846,7.052013652206024,5.00394184261419
KAYNES.NS,2026-06-29 05:11:32,Avoid,1.33,-0.538,1.77,2.66,48.85,2,8,-0.32,2026-06-29,,,
HDFCBANK.NS,2026-06-11 03:41:41,Avoid,1.32,-0.892,2.5,,37.88,1,9,-0.444,2026-06-11,5.412307737431998,7.305935920865503,8.712106188165759
SBILIFE.NS,2026-06-11 03:02:16,Avoid,1.29,-0.769,1.5,,35.91,3,7,0.226,2026-06-11,2.821243714081789,5.1480426535307044,1.500788156275279
BDL.NS,2026-06-25 12:39:49,Avoid,1.28,0.231,3.02,3.91,63.97,6,4,-0.269,2026-06-25,,,
TATACAP.NS,2026-06-29 05:11:32,Avoid,1.27,0.323,5.29,4.85,69.9,8,4,0.296,2026-06-29,,,
GMRAIRPORT.NS,2026-06-25 18:09:10,Avoid,1.26,0.862,3.58,5.99,63.73,10,1,0.013,2026-06-25,,,
ULTRACEMCO.NS,2026-06-11 03:41:41,Avoid,1.25,-0.785,1.5,,34.95,3,7,-0.237,2026-06-11,5.180055401662043,5.540166204986141,6.084949215143132
BIOCON.NS,2026-06-25 12:39:49,Avoid,1.24,0.615,1.21,6.01,54.39,8,2,0.156,2026-06-25,,,
IRFC.NS,2026-06-25 15:49:45,Avoid,1.17,-0.677,4.19,3.1,35.64,2,9,-0.952,2026-06-25,,,
ADANIGREEN.NS,2026-06-25 18:09:10,Avoid,1.16,0.785,4.17,4.75,60.55,10,2,-0.298,2026-06-25,,,
JIOFIN.NS,2026-06-25 12:39:49,Avoid,1.12,-0.215,2.51,3.03,52.06,3,4,-0.826,2026-06-25,,,
LENSKART.NS,2026-06-25 15:49:45,Avoid,1.03,0.123,2.97,6.2,50.86,5,3,1.012,2026-06-25,,,
PAYTM.NS,2026-06-29 05:11:32,Avoid,1.0,-0.123,2.68,4.87,55.68,5,3,1.347,2026-06-29,,,
ETERNAL.NS,2026-06-25 15:49:45,Avoid,1.0,0.123,3.35,6.13,52.74,5,3,0.154,2026-06-25,,,
PAYTM.NS,2026-06-25 18:09:10,Avoid,1.0,-0.123,2.67,4.87,55.68,5,3,1.328,2026-06-25,,,
PAYTM.NS,2026-06-26 13:29:24,Avoid,0.99,-0.123,2.68,4.87,55.68,5,3,1.347,2026-06-26,,,
TMCV.NS,2026-06-11 03:02:16,Avoid,0.89,-0.969,2.0,,32.07,2,9,0.305,2026-06-11,14.773530464741324,14.87229597339359,21.885137987076607
PFC.NS,2026-06-26 05:25:13,Avoid,0.73,0.215,5.12,4.87,53.42,5,2,-0.229,2026-06-26,,,
PFC.NS,2026-06-29 05:11:32,Avoid,0.69,0.123,5.12,4.84,50.55,4,4,-0.233,2026-06-29,,,
ADANIGREEN.NS,2026-06-29 05:11:32,Avoid,0.66,0.785,4.17,4.76,60.55,10,2,-0.286,2026-06-29,,,
ADANIGREEN.NS,2026-06-26 00:05:40,Avoid,0.65,0.8,4.17,4.75,60.47,10,1,-0.299,2026-06-26,,,
CUPID.NS,2026-06-26 23:43:38,Avoid,0.56,0.723,7.37,6.44,86.95,9,3,4.37,2026-06-26,,,
CUPID.NS,2026-06-29 05:11:32,Avoid,0.56,0.723,7.37,6.44,86.95,9,3,4.37,2026-06-29,,,
PINELABS.NS,2026-06-26 05:25:13,Avoid,0.54,-0.369,2.11,4.62,57.53,4,7,-1.24,2026-06-26,,,
PINELABS.NS,2026-06-25 15:49:45,Avoid,0.53,-0.431,2.11,4.61,56.14,3,8,-1.252,2026-06-25,,,
PINELABS.NS,2026-06-29 05:11:32,Avoid,0.51,-0.431,2.11,4.61,56.14,3,8,-1.252,2026-06-29,,,
RECLTD.NS,2026-06-26 18:03:02,Avoid,0.5,0.708,4.89,4.29,60.25,9,1,-0.551,2026-06-26,,,
RECLTD.NS,2026-06-29 05:11:32,Avoid,0.5,0.708,4.89,4.29,60.25,9,1,-0.551,2026-06-29,,,
GMRAIRPORT.NS,2026-06-26 00:05:40,Avoid,0.0,0.769,3.58,5.95,63.02,10,1,0.007,2026-06-26,,,
IRFC.NS,2026-06-26 18:03:02,Avoid,0.0,-0.677,3.94,3.1,35.64,2,9,-0.949,2026-06-26,,,
INDIGO.NS,2026-06-26 18:03:02,Avoid,0.0,0.615,0.93,5.41,78.63,10,3,0.239,2026-06-26,,,
CHOLAFIN.NS,2026-06-26 18:03:02,Avoid,0.0,0.677,4.75,4.12,74.02,11,3,0.179,2026-06-26,,,
ETERNAL.NS,2026-06-26 23:43:38,Avoid,0.0,0.123,2.97,6.13,52.74,5,3,0.192,2026-06-26,,,
CHOLAFIN.NS,2026-06-29 05:11:32,Avoid,0.0,0.677,4.75,4.12,74.02,11,3,0.179,2026-06-29,,,
ETERNAL.NS,2026-06-29 05:11:32,Avoid,0.0,0.123,2.97,6.13,52.74,5,3,0.192,2026-06-29,,,
GMRAIRPORT.NS,2026-06-29 05:11:32,Avoid,0.0,0.862,3.57,5.99,63.73,10,1,-0.046,2026-06-29,,,
IRFC.NS,2026-06-29 05:11:32,Avoid,0.0,-0.677,3.94,3.1,35.64,2,9,-0.949,2026-06-29,,,
INDIGO.NS,2026-06-29 05:11:32,Avoid,0.0,0.615,0.93,5.41,78.63,10,3,0.239,2026-06-29,,,
ABB.NS,2026-06-09 21:14:21,Buy,,0.333,5.0,,62.13,5,1,0.429,2026-06-09,-2.3156831626027996,1.298513922954836,
ADANIENSOL.NS,2026-06-09 21:14:21,Hold,,0.25,4.0,,77.73,6,3,2.016,2026-06-09,-5.673757494701547,-5.578772689333055,-5.414133906004315
ADANIENT.NS,2026-06-09 21:14:21,Hold,,0.167,3.0,,70.89,5,3,0.455,2026-06-09,-1.9125974419303304,-1.1739875075972073,-0.526031713375541
ADANIGREEN.NS,2026-06-09 21:14:21,Hold,,0.167,3.0,,71.97,6,4,1.159,2026-06-09,-3.1801921686624324,-3.3887259693711314,-1.518413087528514
ADANIPORTS.NS,2026-06-09 21:14:21,Buy,,0.333,6.0,,61.49,5,1,0.934,2026-06-09,-0.3208319333585563,0.17951446391515358,-1.9098497235869205
ADANIPOWER.NS,2026-06-09 21:14:21,Hold,,0.167,6.0,,54.45,4,2,2.36,2026-06-09,-1.3575626044554645,-1.5653989987119754,2.321570714676646
AMBER.NS,2026-06-09 21:14:21,Caution,,0.333,2.0,,69.28,5,1,0.395,2026-06-09,-3.960652342738802,1.0937095521615259,0.8024851151954504
APOLLO.NS,2026-06-09 21:14:21,Buy,,0.25,5.0,,65.79,5,2,1.829,2026-06-09,-0.8836688062835218,5.423078338230081,-1.4768129200369295
APOLLOHOSP.NS,2026-06-09 21:14:21,Buy,,0.417,6.0,,68.79,7,2,1.169,2026-06-09,-0.30502111684654887,-1.5661661191928689,-0.4282027217268891
ASHOKLEY.NS,2026-06-09 21:14:21,Caution,,-0.25,6.0,,41.21,2,5,0.621,2026-06-09,6.0152946543200025,10.222528954294408,5.326845270894953
ASIANPAINT.NS,2026-06-09 21:14:21,Hold,,0.083,5.0,,70.53,6,5,0.926,2026-06-09,1.4512000034918815,1.4770525839485904,-0.8792696314111281
ASTERDM.NS,2026-06-09 21:14:21,Buy,,0.417,5.0,,59.47,7,2,1.336,2026-06-09,,,
ATGL.NS,2026-06-09 21:14:21,Hold,,0.417,3.0,,68.23,6,1,0.186,2026-06-09,-3.1104989364330815,-5.078877018804562,
ATHERENERG.NS,2026-06-09 21:14:21,Caution,,0.5,2.0,,67.28,7,1,4.809,2026-06-09,-0.396988522696351,-3.364645564703994,-2.5222741669777116
AUROPHARMA.NS,2026-06-09 21:14:21,Hold,,0.167,5.0,,34.68,4,2,0.995,2026-06-09,1.6425154470755654,-3.6093891530797118,5.879913814484117
AXISBANK.NS,2026-06-09 21:14:21,Strong Buy,,0.417,7.0,,61.54,6,1,0.261,2026-06-09,4.944291489241737,5.671612919617863,5.501390764687764
BAJAJ-AUTO.NS,2026-06-09 21:14:21,Hold,,0.167,7.0,,45.13,4,2,1.039,2026-06-09,-1.1881382560879783,-2.4057344854674034,-1.5612725844461939
BAJFINANCE.NS,2026-06-09 21:14:21,Caution,,-0.333,6.0,,39.24,1,5,-0.271,2026-06-09,3.540417466968826,8.20272837945437,8.512797149811746
BALAMINES.NS,2026-06-09 21:14:21,Hold,,0.417,4.0,,71.89,8,3,0.971,2026-06-09,,,
BANDHANBNK.NS,2026-06-09 21:14:21,Buy,,0.417,5.0,,73.74,7,2,0.341,2026-06-09,-1.1307607568784017,4.735673594346568,0.08697819351395353
BANKBARODA.NS,2026-06-09 21:14:21,Hold,,0.167,7.0,,70.83,6,4,0.532,2026-06-09,0.36529680365295913,0.5844771154394968,1.4794475956050324
BANKINDIA.NS,2026-06-09 21:14:21,Buy,,0.333,7.0,,72.05,7,3,0.712,2026-06-09,,,
BEL.NS,2026-06-09 21:14:21,Hold,,-0.083,7.0,,48.56,3,4,0.225,2026-06-09,-1.3469209943909322,-1.0921005055971489,1.9293805224005256
BELRISE.NS,2026-06-09 21:14:21,Buy,,0.333,5.0,,74.73,7,3,3.229,2026-06-09,,,
BHARATFORG.NS,2026-06-09 21:14:21,Buy,,0.417,5.0,,57.85,6,1,1.538,2026-06-09,1.0231614688937185,4.5133490865363335,11.78456536496164
BHARTIARTL.NS,2026-06-09 21:14:21,Caution,,-0.25,5.0,,20.66,2,5,-0.142,2026-06-09,1.306281267370757,3.001667593107271,5.7031670698130865
BHEL.NS,2026-06-09 21:14:21,Hold,,0.083,4.0,,42.2,4,3,1.572,2026-06-09,-4.488712228194991,-3.1143553060415607,0.8321821742861113
BLUESTONE.NS,2026-06-09 21:14:21,Caution,,-0.083,2.0,,71.24,4,5,-0.083,2026-06-09,,,
BSE.NS,2026-06-09 21:14:21,Buy,,0.25,7.0,,39.81,5,2,0.838,2026-06-09,1.1210381673233405,4.156340902488842,-1.3637614627055261
CANBK.NS,2026-06-09 21:14:21,Hold,,0.083,8.0,,65.81,5,4,0.735,2026-06-09,-1.0882881701518188,-0.21688276615908775,-2.0648624013476335
CARTRADE.NS,2026-06-09 21:14:21,Hold,,0.083,3.0,,73.69,6,5,0.668,2026-06-09,7.208810757543471,8.968730225514232,20.53391530075075
CEMPRO.NS,2026-06-09 21:14:21,Strong Buy,,0.417,7.0,,82.21,8,3,1.122,2026-06-09,,,
CGPOWER.NS,2026-06-09 21:14:21,Buy,,0.25,6.0,,63.8,5,2,1.005,2026-06-09,0.3566725149759531,3.2374889820894204,4.312992456813047
CHOLAFIN.NS,2026-06-09 21:14:21,Caution,,-0.25,6.0,,46.78,2,5,-0.289,2026-06-09,4.861572153602234,12.371271698520125,15.413935818966973
CIPLA.NS,2026-06-09 21:14:21,Hold,,-0.167,5.0,,46.16,2,4,-0.325,2026-06-09,0.9371612360379533,-0.23974201439338483,4.111876177692508
COALINDIA.NS,2026-06-09 21:14:21,Buy,,0.333,8.0,,56.81,5,1,1.135,2026-06-09,-5.011778582647041,-3.4161451912525287,-4.829725441797339
COFORGE.NS,2026-06-09 21:14:21,Hold,,-0.167,6.0,,51.29,2,4,-0.565,2026-06-09,-3.172807990660409,3.739380228620748,4.900846400274439
CUMMINSIND.NS,2026-06-09 21:14:21,Hold,,0.167,8.0,,58.08,4,2,2.49,2026-06-09,-0.07110479068527242,1.7420673717891688,1.9553817438449972
CUPID.NS,2026-06-09 21:14:21,Hold,,0.333,4.0,,97.35,7,3,11.02,2026-06-09,9.673660051630485,13.046756272909498,24.770330955454824
DATAPATTNS.NS,2026-06-09 21:14:21,Buy,,0.333,8.0,,73.59,7,3,1.174,2026-06-09,-0.2807898362948369,-1.781291988866951,5.977843588899856
DIVISLAB.NS,2026-06-09 21:14:21,Strong Buy,,0.417,7.0,,42.48,6,1,0.104,2026-06-09,-1.7029468384421764,-0.5997334517992003,
DIXON.NS,2026-06-09 21:14:21,Hold,,0.0,4.0,,62.54,3,3,-0.595,2026-06-09,-0.5598139695116688,5.374214107312025,2.7646197571268516
EICHERMOT.NS,2026-06-09 21:14:21,Buy,,0.417,6.0,,64.15,6,1,1.385,2026-06-09,1.5132583645703246,4.96320977370539,5.206164098292376
ETERNAL.NS,2026-06-09 21:14:21,Avoid,,-0.417,2.0,,52.26,1,6,-0.131,2026-06-09,-0.7531003015233684,3.2363168754570903,5.414214793814098
EXICOM.NS,2026-06-09 21:14:21,Avoid,,0.167,1.0,,64.31,5,3,-0.38,2026-06-09,-3.7999531996140035,13.93092180193911,
FEDERALBNK.NS,2026-06-09 21:14:21,Buy,,0.25,8.0,,78.97,6,3,2.013,2026-06-09,0.1904176743552588,1.745477592340361,1.523322024751672
FORCEMOT.NS,2026-06-09 21:14:21,Hold,,-0.083,7.0,,39.19,3,4,0.862,2026-06-09,1.41132460465907,4.443688715071126,2.136824803038029
GMRAIRPORT.NS,2026-06-09 21:14:21,Hold,,0.333,4.0,,68.83,6,2,0.636,2026-06-09,1.013547324180042,4.775364483707634,4.638926135773036
GOLDBEES.NS,2026-06-09 21:14:21,Caution,,0.083,2.0,,30.68,5,4,1.805,2026-06-09,-2.767366805641436,-0.9968897089756235,-5.175849665332488
GRASIM.NS,2026-06-09 21:14:21,Hold,,0.333,3.0,,65.98,5,1,0.882,2026-06-09,0.323049588111779,1.4472637321313098,1.5764835673760302
GRMOVER.NS,2026-06-09 21:14:21,Hold,,-0.167,4.0,,11.52,4,6,-0.102,2026-06-09,,,
GROWW.NS,2026-06-09 21:14:21,Hold,,-0.167,5.0,,60.04,3,5,1.779,2026-06-09,1.9052503050976277,2.2688822923335517,-0.3790040938100203
GRSE.NS,2026-06-09 21:14:21,Hold,,0.0,5.0,,53.49,3,3,-0.368,2026-06-09,-0.8942657191898795,-0.35172289683812474,4.849204848464916
GVT&D.NS,2026-06-09 21:14:21,Hold,,0.083,7.0,,56.72,4,3,2.786,2026-06-09,0.2332184141147886,-1.18637193267086,9.592374771851553
HAL.NS,2026-06-09 21:14:21,Caution,,-0.333,8.0,,43.24,1,5,-0.522,2026-06-09,-1.676907999324806,-0.18762606985451846,5.544359525630349
HCLTECH.NS,2026-06-09 21:14:21,Hold,,-0.083,7.0,,43.82,3,4,-1.085,2026-06-09,-3.2016114175085653,1.1079081070316965,-3.2103330071167724
HDFCAMC.NS,2026-06-09 21:14:21,Caution,,-0.25,5.0,,36.07,2,5,-0.067,2026-06-09,-1.8935063939524377,6.203812799062014,7.05868045081508
HDFCBANK.NS,2026-06-09 21:14:21,Avoid,,-0.5,7.0,,39.38,1,7,-1.278,2026-06-09,4.618403801853099,6.304604706670469,6.651629513267809
HDFCLIFE.NS,2026-06-09 21:14:21,Caution,,-0.333,4.0,,21.25,3,7,-1.252,2026-06-09,-0.9364966515584827,2.4616570512157487,
HEROMOTOCO.NS,2026-06-09 21:14:21,Caution,,-0.333,7.0,,41.8,1,5,0.585,2026-06-09,2.207855119425961,3.616593919925859,2.4550026302665895
HFCL.NS,2026-06-09 21:14:21,Hold,,0.25,4.0,,73.06,6,3,2.121,2026-06-09,-3.454858764263491,6.1625760121473805,13.639682899020865
HINDALCO.NS,2026-06-09 21:14:21,Hold,,0.0,7.0,,48.04,4,4,2.492,2026-06-09,-5.117486587230447,-8.758236373576212,-8.349583677519401
HINDPETRO.NS,2026-06-09 21:14:21,Hold,,0.0,6.0,,49.51,3,3,-0.089,2026-06-09,1.8062811247341326,5.1832428777405015,3.8612565445026226
HINDUNILVR.NS,2026-06-09 21:14:21,Caution,,-0.333,5.0,,37.25,1,5,-0.455,2026-06-09,1.687919013744943,3.146085111608654,2.310179503065801
HSCL.NS,2026-06-09 21:14:21,Buy,,0.333,6.0,,81.4,8,4,1.091,2026-06-09,0.14716703458426128,1.427522031939854,-5.923473142016189
ICICIBANK.NS,2026-06-09 21:14:21,Hold,,-0.083,8.0,,59.82,3,4,-0.58,2026-06-09,5.160788143382344,4.6509842218137365,4.964709712009796
ICICIGI.NS,2026-06-09 21:14:21,Hold,,-0.083,8.0,,49.94,3,4,-0.546,2026-06-09,-4.612701932401187,0.33189090263365806,
IDEA.NS,2026-06-09 21:14:21,Hold,,0.167,5.0,,60.61,5,3,2.042,2026-06-09,5.374817940272614,3.3946218570142683,2.192358263193195
IDFCFIRSTB.NS,2026-06-09 21:14:21,Hold,,0.0,4.0,,85.22,5,5,0.074,2026-06-09,3.813268374944201,5.170304562851968,6.866599797736672
IFCI.NS,2026-06-09 21:14:21,Hold,,0.333,3.0,,71.76,6,2,0.326,2026-06-09,9.731413039701465,15.21993434978739,5.851825813012623
INDIANB.NS,2026-06-09 21:14:21,Hold,,0.083,9.0,,72.05,5,4,1.23,2026-06-09,-1.3073435330271277,,
INDIGO.NS,2026-06-09 21:14:21,Caution,,0.25,2.0,,64.37,5,2,-0.631,2026-06-09,3.7927559492327845,6.664313642357889,9.339734563792867
INDUSTOWER.NS,2026-06-09 21:14:21,Hold,,0.0,6.0,,41.66,4,4,0.223,2026-06-09,0.42918892149319543,-1.8240329060120408,-4.625654310637084
INFY.NS,2026-06-09 21:14:21,Hold,,-0.167,7.0,,47.15,2,4,-0.899,2026-06-09,-3.3670927698410957,-1.0127302646663505,-10.906257653828344
ITC.NS,2026-06-09 21:14:21,Caution,,-0.25,7.0,,26.03,3,6,-1.611,2026-06-09,1.8214307512555816,4.160712105887288,3.571428571428581
JAINREC.NS,2026-06-09 21:14:21,Caution,,-0.333,4.0,,40.19,2,6,0.527,2026-06-09,-15.283429410865912,,
JIOFIN.NS,2026-06-09 21:14:21,Caution,,-0.333,3.0,,49.41,1,5,-0.862,2026-06-09,0.7173018349440952,3.3047222631400697,1.5370781527386468
JNKINDIA.NS,2026-06-09 21:14:21,Hold,,0.417,4.0,,73.85,8,3,0.67,2026-06-09,,,
KOTAKBANK.NS,2026-06-09 21:14:21,Hold,,0.0,7.0,,48.26,3,3,-0.51,2026-06-09,5.65888784258719,6.850928231645126,5.226612798385877
LAURUSLABS.NS,2026-06-09 21:14:21,Buy,,0.25,6.0,,63.54,5,2,3.963,2026-06-09,-2.1131687075278793,-3.3698398748445046,3.973601138431615
LENSKART.NS,2026-06-09 21:14:21,Caution,,-0.333,3.0,,59.37,1,5,1.175,2026-06-09,-1.847435022989119,-0.06952842823982897,2.046090273228107
LIQUIDBEES.NS,2026-06-09 21:14:21,Caution,,0.417,2.0,,55.56,6,1,2.026,2026-06-09,-0.0010009765625040856,0.0,0.0
LT.NS,2026-06-09 21:14:21,Hold,,0.0,6.0,,53.07,3,3,0.291,2026-06-09,3.812232668025217,7.327072694768888,7.147613128939367
M&M.NS,2026-06-09 21:14:21,Caution,,-0.333,7.0,,35.79,1,5,-0.088,2026-06-09,1.7658206402149101,4.942971802293528,1.5785408391134403
MAHABANK.NS,2026-06-09 21:14:21,Buy,,0.333,8.0,,73.97,7,3,1.592,2026-06-09,3.965704159396477,5.025605763195662,
MARUTI.NS,2026-06-09 21:14:21,Hold,,-0.083,7.0,,54.49,3,4,0.217,2026-06-09,1.8750000000000044,4.352134146341458,2.522865853658529
MASTERTR.NS,2026-06-09 21:14:21,Caution,,-0.333,4.0,,29.81,3,7,-0.862,2026-06-09,,,
MAXHEALTH.NS,2026-06-09 21:14:21,Hold,,-0.167,4.0,,34.96,2,4,-0.617,2026-06-09,0.9321141310597802,2.0935101695853664,7.471844787794679
MCX.NS,2026-06-09 21:14:21,Hold,,0.083,8.0,,15.12,5,4,2.102,2026-06-09,0.9982990188482033,2.145279399183142,0.21948283293351523
MEESHO.NS,2026-06-09 21:14:21,Avoid,,-0.167,1.0,,20.09,3,5,-0.061,2026-06-09,0.11395816366284173,0.2219219009524931,12.025432474983333
MHRIL.NS,2026-06-09 21:14:21,Hold,,0.0,3.0,,60.69,4,4,-1.318,2026-06-09,,,
MOREPENLAB.NS,2026-06-09 21:14:21,Hold,,0.25,3.0,,68.08,6,3,-0.585,2026-06-09,,,
MOTHERSON.NS,2026-06-09 21:14:21,Buy,,0.25,5.0,,66.8,5,2,1.023,2026-06-09,-0.45814499048629775,2.4573154275405518,-0.3123677327976915
MSTCLTD.NS,2026-06-09 21:14:21,Buy,,0.25,6.0,,78.74,7,4,-0.036,2026-06-09,4.33066796170134,30.066973468327852,
MTARTECH.NS,2026-06-09 21:14:21,Buy,,0.417,5.0,,50.01,6,1,5.983,2026-06-09,-4.002413515687852,3.2247251273799904,8.903191204076165
MUTHOOTFIN.NS,2026-06-09 21:14:21,Hold,,-0.167,7.0,,25.05,4,6,0.542,2026-06-09,1.7083966382691607,5.877429672957191,4.296078225556177
NATIONALUM.NS,2026-06-09 21:14:21,Hold,,0.0,10.0,,42.81,4,4,3.03,2026-06-09,-1.8364125827180167,-4.493357716658708,-7.423808401436127
NESTLEIND.NS,2026-06-09 21:14:21,Hold,,0.167,5.0,,46.58,4,2,0.894,2026-06-09,-2.460300102207058,-1.3258701728934175,-1.2904192376023693
NETWEB.NS,2026-06-09 21:14:21,Buy,,0.5,6.0,,63.0,7,1,2.263,2026-06-09,3.595133463021205,10.30214730386767,11.221261018635676
NLCINDIA.NS,2026-06-09 21:14:21,Buy,,0.333,8.0,,30.36,7,3,1.069,2026-06-09,-3.493520124189553,-4.363077892591538,-0.18306822380339538
NMDC.NS,2026-06-09 21:14:21,Buy,,0.25,7.0,,53.21,5,2,0.978,2026-06-09,0.9884488900476551,-2.1657091934796258,-5.308750256212591
NTPC.NS,2026-06-09 21:14:21,Hold,,-0.083,5.0,,18.28,5,6,0.454,2026-06-09,-0.49205680585765466,-0.028119247921243318,2.516522525130771
OFSS.NS,2026-06-09 21:14:21,Hold,,0.083,8.0,,48.78,4,3,0.321,2026-06-09,-3.236682400539448,-1.4419835053685381,2.3133979978214647
OLAELEC.NS,2026-06-09 21:14:21,Avoid,,0.167,1.0,,76.53,7,5,-0.059,2026-06-09,-3.379802427046741,-9.019857296156442,-7.836922417647784
ONGC.NS,2026-06-09 21:14:21,Hold,,0.0,6.0,,11.7,4,4,0.552,2026-06-09,-4.942086120369815,-4.1698853481690445,-5.656368299800918
PANACEABIO.NS,2026-06-09 21:14:21,Avoid,,0.417,1.0,,87.45,8,3,0.631,2026-06-09,,,
PARAS.NS,2026-06-09 21:14:21,Hold,,0.417,4.0,,85.25,8,3,0.652,2026-06-09,5.581484736306863,4.830866572916737,28.27791643960442
PERSISTENT.NS,2026-06-09 21:14:21,Avoid,,-0.5,5.0,,47.2,0,6,-0.399,2026-06-09,-4.125149461937028,-0.02989238740533917,-3.6169788760462285
PFC.NS,2026-06-09 21:14:21,Hold,,0.167,6.0,,54.77,4,2,0.201,2026-06-09,-3.34022454239572,-1.8595055073508782,-1.07897432074745
PIIND.NS,2026-06-09 21:14:21,Caution,,-0.333,5.0,,47.64,2,6,-1.018,2026-06-09,-0.8617063917591761,0.40469222897911994,
PINELABS.NS,2026-06-09 21:14:21,Caution,,0.0,2.0,,53.55,4,4,-1.252,2026-06-09,-1.1748446304555848,-1.4898951584190967,-1.5161443616040549
PNB.NS,2026-06-09 21:14:21,Hold,,0.0,7.0,,71.79,5,5,0.021,2026-06-09,0.3081425238831148,1.3311241491800851,
POLICYBZR.NS,2026-06-09 21:14:21,Avoid,,-0.5,3.0,,0.0,2,8,-0.671,2026-06-09,3.3727374843488533,6.64529464738044,8.355037167323154
POLYCAB.NS,2026-06-09 21:14:21,Buy,,0.25,6.0,,66.72,5,2,2.015,2026-06-09,-0.6395963825288176,-0.2495975927608085,3.661492601768157
POWERGRID.NS,2026-06-09 21:14:21,Hold,,-0.083,6.0,,35.42,3,4,-0.092,2026-06-09,-0.31502428267672355,-0.19251602626755293,2.1876092869995922
POWERINDIA.NS,2026-06-09 21:14:21,Hold,,0.0,6.0,,46.21,4,4,2.113,2026-06-09,-0.8234614273331387,0.37561398439758253,4.276220745449288
RECLTD.NS,2026-06-09 21:14:21,Buy,,0.25,7.0,,66.3,6,3,-0.498,2026-06-09,-1.1502465891341629,1.2638402761472323,2.7832966836381257
REDINGTON.NS,2026-06-09 21:14:21,Hold,,0.083,6.0,,62.73,4,3,-0.287,2026-06-09,-1.7353300524291515,1.531415992112417,
RELIANCE.NS,2026-06-09 21:14:21,Hold,,-0.167,5.0,,17.77,5,7,-0.585,2026-06-09,1.8752008937717113,4.695879290037808,3.1752324597015047
RVNL.NS,2026-06-09 21:14:21,Caution,,-0.25,4.0,,16.14,3,6,-1.346,2026-06-09,-0.2693594785824649,3.0997477527552997,2.6679231730504904
SAIL.NS,2026-06-09 21:14:21,Hold,,0.167,5.0,,36.01,6,4,1.17,2026-06-09,-1.0215651912238166,-2.6883164967613116,-9.038126953547865
SAMMAANCAP.NS,2026-06-09 21:14:21,Avoid,,0.333,1.0,,83.71,6,2,0.961,2026-06-09,-3.4486553767109185,-0.3598084242708799,-4.406305964028623
SBIN.NS,2026-06-09 21:14:21,Hold,,0.0,9.0,,79.0,5,5,1.106,2026-06-09,1.4411102055564395,1.2566047105358802,2.1442045181111036
SHRIRAMFIN.NS,2026-06-09 21:14:21,Hold,,0.0,7.0,,46.76,3,3,0.937,2026-06-09,4.743884986389424,10.315891908928876,8.955792726299205
SILVERBEES.NS,2026-06-09 21:14:21,Caution,,0.083,2.0,,24.81,5,4,2.15,2026-06-09,-0.9228113177974895,1.8240668812679273,-7.2617493665858674
STUDDS.NS,2026-06-09 21:14:21,Hold,,0.0,5.0,,73.12,5,5,-0.324,2026-06-09,,,
SUNPHARMA.NS,2026-06-09 21:14:21,Hold,,0.333,4.0,,15.8,6,2,0.309,2026-06-09,1.6132631350126436,1.2197836521571137,5.0028105677346835
SUZLON.NS,2026-06-09 21:14:21,Buy,,0.333,5.0,,60.66,5,1,-0.556,2026-06-09,-0.271587384437566,4.870538926316392,5.540469669841164
SWIGGY.NS,2026-06-09 21:14:21,Avoid,,-0.25,1.0,,45.88,2,5,-0.891,2026-06-09,-0.02000522199172572,3.8807749816659465,-0.040004339246813014
TATAPOWER.NS,2026-06-09 21:14:21,Hold,,-0.083,5.0,,34.74,4,5,-0.062,2026-06-09,-1.2793205877812852,0.9030452956884538,0.5313145772360306
TATASTEEL.NS,2026-06-09 21:14:21,Hold,,0.083,6.0,,43.13,5,4,1.092,2026-06-09,-0.610084751920581,-1.544408528600827,-2.770081403908531
TCS.NS,2026-06-09 21:14:21,Caution,,-0.333,7.0,,37.5,2,6,-1.424,2026-06-09,0.48349150831008547,2.231520223152028,-4.249181884879127
TECHM.NS,2026-06-09 21:14:21,Hold,,0.0,6.0,,56.71,3,3,-0.127,2026-06-09,-3.6797476654197525,-2.4935974378233694,-4.5963115647590485
TEJASNET.NS,2026-06-09 21:14:21,Caution,,0.25,2.0,,67.43,5,2,-0.447,2026-06-09,10.785309242352191,7.5571246958827665,14.74424456699024
THOMASCOOK.NS,2026-06-09 21:14:21,Hold,,0.0,5.0,,80.35,5,5,-0.784,2026-06-09,,,
TIINDIA.NS,2026-06-09 21:14:21,Buy,,0.25,5.0,,59.81,5,2,0.069,2026-06-09,,,
TITAN.NS,2026-06-09 21:14:21,Hold,,-0.083,5.0,,49.89,3,4,0.713,2026-06-09,1.92696775897232,5.678581773045388,4.881968065270703
TMCV.NS,2026-06-09 21:14:21,Avoid,,-0.417,5.0,,35.28,2,7,0.466,2026-06-09,8.644599507073348,13.209739502202344,11.358626866346167
TMPV.NS,2026-06-09 21:14:21,Hold,,0.083,4.0,,66.1,4,3,-0.926,2026-06-09,0.5673066127319215,1.4956258031395109,-7.815599364748627
TRENT.NS,2026-06-09 21:14:21,Hold,,-0.083,5.0,,54.06,3,4,-1.152,2026-06-09,-0.4304293724220254,4.719159987351884,13.576448392588425
TVSMOTOR.NS,2026-06-09 21:14:21,Hold,,-0.167,5.0,,49.59,2,4,0.887,2026-06-09,-1.3460378550290364,2.307921381774869,2.9243582838557103
ULTRACEMCO.NS,2026-06-09 21:14:21,Hold,,-0.167,4.0,,33.36,3,5,-0.112,2026-06-09,1.8880029328200987,4.399230134726428,3.629364861149309
UNIONBANK.NS,2026-06-09 21:14:21,Buy,,0.25,8.0,,68.83,5,2,0.42,2026-06-09,-0.22881916455176343,0.07040314214308285,2.7458299746212056
VBL.NS,2026-06-09 21:14:21,Buy,,0.333,5.0,,59.73,5,1,0.402,2026-06-09,-1.425198262004479,2.133079337983723,-4.804155206612792
VEDL.NS,2026-06-09 21:14:21,Hold,,-0.167,7.0,,33.11,4,6,-0.388,2026-06-09,1.1102020886479602,-2.0571388711734695,-8.016322544642861
WAAREEENER.NS,2026-06-09 21:14:21,Caution,,-0.333,6.0,,53.85,1,5,0.199,2026-06-09,-0.309133988865784,0.7826903593117551,-0.23020257457235793
WIPRO.NS,2026-06-09 21:14:21,Caution,,-0.333,7.0,,35.1,2,6,-0.986,2026-06-09,-0.8421857184553017,0.5504486211697079,-3.9522170683924163
WOCKPHARMA.NS,2026-06-09 21:14:21,Avoid,,0.25,1.0,,62.59,5,2,0.46,2026-06-09,2.6700585434378254,1.6740822205260075,6.5056182674513074
YESBANK.NS,2026-06-09 21:14:21,Hold,,0.25,4.0,,67.43,5,2,0.431,2026-06-09,-1.4976481339365133,2.2250685996641817,5.049201349818411
ZEEL.NS,2026-06-09 21:14:21,Hold,,0.083,3.0,,81.24,5,4,-0.327,2026-06-09,4.62738858989411,3.3172269129472687,6.727371937369209
ABB.NS,2026-06-10 05:00:04,Hold,,0.333,3.0,,69.74,5,1,0.445,2026-06-10,1.786501985002209,5.337450374944863,
ADANIENSOL.NS,2026-06-10 05:00:04,Hold,,0.167,4.0,,78.14,6,4,1.996,2026-06-10,-2.845790040808016,-2.904400644374816,-2.5853055354944754
ADANIENT.NS,2026-06-10 05:00:04,Hold,,0.25,3.0,,68.32,5,2,0.444,2026-06-10,0.4338181496980953,0.7546569203411124,4.775424526808236
ADANIGREEN.NS,2026-06-10 05:00:04,Hold,,0.417,3.0,,65.63,6,1,1.062,2026-06-10,-0.026973999599633203,-1.1598079010030293,2.859071100071642
ADANIPORTS.NS,2026-06-10 05:00:04,Hold,,0.083,6.0,,59.48,4,3,0.883,2026-06-10,-0.48284752081171334,0.8294867411962281,-0.014155270596882819
ADANIPOWER.NS,2026-06-10 05:00:04,Buy,,0.25,6.0,,55.04,5,2,2.362,2026-06-10,-0.027199908466635225,-0.08160664297581777,4.161752017217024
AMBER.NS,2026-06-10 05:00:04,Caution,,0.333,2.0,,67.17,5,1,0.404,2026-06-10,-0.06557377049180024,3.1344262295081915,2.865573770491814
APOLLO.NS,2026-06-10 05:00:04,Buy,,0.25,5.0,,67.6,5,2,1.784,2026-06-10,5.928905119271177,10.224849505132983,-0.7662323543532135
APOLLOHOSP.NS,2026-06-10 05:00:04,Buy,,0.417,6.0,,65.5,6,1,1.056,2026-06-10,-0.23561288802497193,-0.718619308476176,1.0013547741061446
ASHOKLEY.NS,2026-06-10 05:00:04,Avoid,,-0.417,6.0,,40.36,1,6,0.554,2026-06-10,11.417270332520669,12.738459017471504,9.446100756093845
ASIANPAINT.NS,2026-06-10 05:00:04,Hold,,0.083,5.0,,63.3,4,3,0.836,2026-06-10,0.8913060159119857,0.8434256408433205,-0.9007750652720414
ASTERDM.NS,2026-06-10 05:00:04,Buy,,0.333,5.0,,56.82,6,2,1.201,2026-06-10,,,
ATGL.NS,2026-06-10 05:00:04,Hold,,0.417,3.0,,64.48,6,1,0.132,2026-06-10,-1.1118329178520625,-3.501459353525671,
ATHERENERG.NS,2026-06-10 05:00:04,Caution,,0.25,2.0,,63.98,6,3,4.632,2026-06-10,-1.4011492884776877,-4.9712080415517,-4.980808485034793
AUROPHARMA.NS,2026-06-10 05:00:04,Hold,,0.167,6.0,,36.47,4,2,1.007,2026-06-10,-3.11639567409544,-2.146391833784844,5.297193264533573
AXISBANK.NS,2026-06-10 05:00:04,Hold,,0.0,7.0,,58.67,3,3,0.176,2026-06-10,4.092814669313438,2.7691155887457297,5.325218714340063
BAJAJ-AUTO.NS,2026-06-10 05:00:04,Hold,,0.167,7.0,,55.32,4,2,1.068,2026-06-10,-1.9814668769716048,-1.0055205047318605,-3.8840694006309184
BAJFINANCE.NS,2026-06-10 05:00:04,Avoid,,-0.417,6.0,,32.84,1,6,-0.331,2026-06-10,6.5829672903745085,8.404032448805655,12.085741383521565
BALAMINES.NS,2026-06-10 05:00:04,Hold,,0.333,4.0,,71.07,6,2,0.784,2026-06-10,,,
BANDHANBNK.NS,2026-06-10 05:00:04,Hold,,0.167,5.0,,70.85,5,3,0.28,2026-06-10,5.566685363317836,7.008410284833544,6.007208815571596
BANKBARODA.NS,2026-06-10 05:00:04,Hold,,-0.167,7.0,,60.43,2,4,0.309,2026-06-10,2.506498442617544,4.660237237067766,3.9361331541034605
BANKINDIA.NS,2026-06-10 05:00:04,Hold,,0.167,7.0,,63.1,4,2,0.518,2026-06-10,,,
BEL.NS,2026-06-10 05:00:04,Caution,,-0.25,7.0,,40.42,2,5,0.235,2026-06-10,0.29386106808309,2.816211541107405,1.2734129084682744
BELRISE.NS,2026-06-10 05:00:04,Hold,,0.167,5.0,,60.16,4,2,2.837,2026-06-10,,,
BHARATFORG.NS,2026-06-10 05:00:04,Hold,,0.167,5.0,,57.6,4,2,1.46,2026-06-10,3.6579135344867453,4.3761569343792495,8.906223168735462
BHARTIARTL.NS,2026-06-10 05:00:04,Hold,,-0.083,5.0,,21.34,3,4,-0.102,2026-06-10,3.717891044128918,5.661334089923575,5.751470283043325
BHEL.NS,2026-06-10 05:00:04,Hold,,0.083,4.0,,39.86,5,4,1.463,2026-06-10,1.4709829022290455,3.9623675300076044,6.785053520214479
BLUESTONE.NS,2026-06-10 05:00:04,Caution,,-0.167,2.0,,82.56,4,6,0.016,2026-06-10,,,
BSE.NS,2026-06-10 05:00:04,Hold,,0.0,7.0,,36.81,4,4,0.774,2026-06-10,5.00063621325868,1.7737613226078475,-1.0917394666942304
CANBK.NS,2026-06-10 05:00:04,Avoid,,-0.417,8.0,,60.64,1,6,0.57,2026-06-10,2.3235162258164577,4.676499363892628,0.7368027207349304
CARTRADE.NS,2026-06-10 05:00:04,Hold,,0.083,3.0,,69.38,5,4,0.536,2026-06-10,-5.156233473897942,6.669658420222668,6.2127786120295125
CEMPRO.NS,2026-06-10 05:00:04,Hold,,0.167,6.0,,74.9,6,4,0.864,2026-06-10,,,
CGPOWER.NS,2026-06-10 05:00:04,Hold,,0.167,5.0,,67.8,5,3,0.972,2026-06-10,3.0172916144374007,6.128182569122442,1.249866416279799
CHOLAFIN.NS,2026-06-10 05:00:04,Caution,,-0.333,6.0,,41.69,2,6,-0.368,2026-06-10,12.291185861793963,14.029606071651113,21.750648793857263
CIPLA.NS,2026-06-10 05:00:04,Hold,,0.083,5.0,,46.59,4,3,-0.289,2026-06-10,0.31227660334967045,-1.9026834547476446,4.422659725058997
COALINDIA.NS,2026-06-10 05:00:04,Buy,,0.333,8.0,,56.63,5,1,1.113,2026-06-10,-1.5410226623129186,1.0532150776053184,-2.0509977827050996
COFORGE.NS,2026-06-10 05:00:04,Hold,,-0.167,6.0,,51.21,2,4,-0.552,2026-06-10,-0.014254735783514327,4.491338289943414,6.7869164152072115
CUMMINSIND.NS,2026-06-10 05:00:04,Hold,,0.167,8.0,,61.66,4,2,2.481,2026-06-10,2.5759871646314325,3.9843123273018977,-0.9626526428380466
CUPID.NS,2026-06-10 05:00:04,Hold,,0.333,4.0,,97.31,7,3,10.625,2026-06-10,9.456143063588796,10.35261087523378,19.184540867393117
DATAPATTNS.NS,2026-06-10 05:00:04,Buy,,0.333,7.0,,69.23,5,1,0.893,2026-06-10,1.6468418055259226,9.550285075604092,6.116502938009205
DIVISLAB.NS,2026-06-10 05:00:04,Hold,,0.167,7.0,,22.77,5,3,-0.058,2026-06-10,-0.45190931686375224,0.37659109738645835,
DIXON.NS,2026-06-10 05:00:04,Hold,,-0.167,4.0,,57.54,2,4,-0.636,2026-06-10,4.091581788108289,11.717593801688864,5.2145904065465265
EICHERMOT.NS,2026-06-10 05:00:04,Hold,,-0.167,6.0,,57.41,2,4,1.279,2026-06-10,5.609806773322257,4.009972989819244,4.882609599002707
ETERNAL.NS,2026-06-10 05:00:04,Caution,,0.0,2.0,,51.04,3,3,-0.1,2026-06-10,5.087571640109179,7.756459803176896,6.901585838673108
EXICOM.NS,2026-06-10 05:00:04,Avoid,,0.333,1.0,,65.75,6,2,-0.351,2026-06-10,8.051901720866518,10.693510080719637,
FEDERALBNK.NS,2026-06-10 05:00:04,Buy,,0.25,8.0,,74.79,6,3,1.831,2026-06-10,1.9286402707441752,3.728706485353084,4.532306598163149
FORCEMOT.NS,2026-06-10 05:00:04,Caution,,-0.25,7.0,,35.06,3,6,0.809,2026-06-10,6.778782468467437,7.64844784887404,3.36347405402293
GMRAIRPORT.NS,2026-06-10 05:00:04,Hold,,0.25,3.0,,65.64,5,2,0.549,2026-06-10,5.68767895095974,8.32342615763515,7.084821299649091
GOLDBEES.NS,2026-06-10 05:00:04,Hold,,0.0,5.0,,22.21,5,5,1.761,2026-06-10,2.4432513802654654,2.1460985896609497,-2.963271912562293
GRASIM.NS,2026-06-10 05:00:04,Hold,,0.167,3.0,,65.13,4,2,0.805,2026-06-10,3.0379021330904976,2.578795012732882,1.846182341538527
GRMOVER.NS,2026-06-10 05:00:04,Hold,,-0.167,4.0,,15.0,4,6,0.523,2026-06-10,,,
GROWW.NS,2026-06-10 05:00:04,Caution,,-0.333,5.0,,55.62,1,5,1.622,2026-06-10,8.215025956664723,3.846552652616153,4.222336158757667
GRSE.NS,2026-06-10 05:00:04,Hold,,0.0,5.0,,42.35,3,3,-0.408,2026-06-10,2.503838370655731,8.23348319292434,6.8625173261088745
GVT&D.NS,2026-06-10 05:00:04,Hold,,0.0,7.0,,59.06,4,4,2.607,2026-06-10,-1.243321002877107,5.8877928483353825,3.8327168105219966
HAL.NS,2026-06-10 05:00:04,Caution,,-0.333,8.0,,39.29,1,5,-0.542,2026-06-10,1.5524269285152714,5.719088773165648,3.5480588761245713
HCLTECH.NS,2026-06-10 05:00:04,Hold,,-0.167,7.0,,42.78,2,4,-1.074,2026-06-10,-1.130635724215756,3.065106791847416,-1.6076275562549425
HDFCAMC.NS,2026-06-10 05:00:04,Avoid,,-0.5,5.0,,33.18,1,7,-0.135,2026-06-10,7.153356075773165,10.756599541460865,7.243240676991025
HDFCBANK.NS,2026-06-10 05:00:04,Avoid,,-0.417,7.0,,38.36,1,6,-1.278,2026-06-10,4.083814476668346,5.389298264560982,7.9626577388617115
HDFCLIFE.NS,2026-06-10 05:00:04,Caution,,-0.25,4.0,,20.89,3,6,-1.229,2026-06-10,5.759262144863508,,
HEROMOTOCO.NS,2026-06-10 05:00:04,Caution,,-0.333,7.0,,32.04,2,6,0.515,2026-06-10,3.4447216826142935,3.2882348221820568,0.8338995278952765
HFCL.NS,2026-06-10 05:00:04,Hold,,0.333,4.0,,73.39,6,2,2.125,2026-06-10,6.705692328639534,12.429781915082238,21.086868625986256
HINDALCO.NS,2026-06-10 05:00:04,Hold,,-0.083,7.0,,52.85,3,4,2.419,2026-06-10,-2.4439548947103984,-3.0212665196608035,-6.032913527992778
HINDPETRO.NS,2026-06-10 05:00:04,Caution,,-0.333,6.0,,51.1,1,5,-0.158,2026-06-10,7.278312084463923,7.545406105912145,10.283119825756359
HINDUNILVR.NS,2026-06-10 05:00:04,Caution,,-0.25,5.0,,29.59,2,5,-0.504,2026-06-10,-0.6176454038089974,1.2952330934164147,0.4723765871547547
HSCL.NS,2026-06-10 05:00:04,Buy,,0.25,6.0,,82.0,7,4,1.022,2026-06-10,-3.4776299546807388,1.168827645878423,-4.329004329004327
ICICIBANK.NS,2026-06-10 05:00:04,Caution,,-0.333,8.0,,52.75,1,5,-0.682,2026-06-10,2.6521244462096805,3.3634886227226213,6.208917012766935
ICICIGI.NS,2026-06-10 05:00:04,Hold,,-0.167,8.0,,36.07,2,4,-0.644,2026-06-10,0.10968851562298543,3.365665077445801,
IDEA.NS,2026-06-10 05:00:04,Buy,,0.25,5.0,,68.03,5,2,2.126,2026-06-10,7.7089314553461685,7.492795052436629,3.0979848820635425
IDFCFIRSTB.NS,2026-06-10 05:00:04,Hold,,-0.167,4.0,,80.57,3,5,-0.03,2026-06-10,7.316076344120304,6.014521877150969,8.50801379123638
IFCI.NS,2026-06-10 05:00:04,Hold,,0.417,3.0,,68.27,6,1,0.22,2026-06-10,24.73896170135388,25.393286090497803,11.012106127073862
INDIANB.NS,2026-06-10 05:00:04,Hold,,0.167,9.0,,60.63,4,2,1.076,2026-06-10,2.723620118130432,,
INDIGO.NS,2026-06-10 05:00:04,Caution,,-0.167,2.0,,58.02,2,4,-0.737,2026-06-10,7.856527385630407,7.812327512856099,15.078793071540453
INDUSTOWER.NS,2026-06-10 05:00:04,Buy,,0.25,6.0,,45.13,5,2,0.288,2026-06-10,0.02420576182815548,0.1694329462356592,-3.5217204424343507
INFY.NS,2026-06-10 05:00:04,Hold,,-0.167,7.0,,47.99,2,4,-0.883,2026-06-10,-0.9080611167967545,1.082677186335368,-7.744701777752105
ITC.NS,2026-06-10 05:00:04,Caution,,-0.333,7.0,,23.43,2,6,-1.62,2026-06-10,1.4983254332630036,2.503086993228254,2.3620702806982363
JAINREC.NS,2026-06-10 05:00:04,Caution,,-0.25,4.0,,21.39,3,6,0.258,2026-06-10,,,
JIOFIN.NS,2026-06-10 05:00:04,Avoid,,-0.5,3.0,,43.66,1,7,-0.933,2026-06-10,4.0622175687087925,5.565450606291078,3.7798136236054436
JNKINDIA.NS,2026-06-10 05:00:04,Hold,,0.5,4.0,,67.32,7,1,0.329,2026-06-10,,,
KOTAKBANK.NS,2026-06-10 05:00:04,Caution,,-0.333,7.0,,43.88,1,5,-0.564,2026-06-10,4.547795315359182,4.225713382779506,4.599331569903309
LAURUSLABS.NS,2026-06-10 05:00:04,Hold,,0.167,6.0,,62.99,5,3,3.877,2026-06-10,0.24536512476507344,-1.147427502635301,4.943350105632183
LENSKART.NS,2026-06-10 05:00:04,Hold,,-0.167,3.0,,56.43,2,4,1.196,2026-06-10,-0.15994957567355694,0.6997900715209004,3.239024670028501
LIQUIDBEES.NS,2026-06-10 05:00:04,Caution,,-0.25,5.0,,50.0,3,6,2.028,2026-06-10,0.0,0.0,0.0
LT.NS,2026-06-10 05:00:04,Hold,,0.0,6.0,,49.13,3,3,0.263,2026-06-10,6.440326858647105,7.4077905631780405,6.744101986279505
M&M.NS,2026-06-10 05:00:04,Caution,,-0.333,7.0,,36.58,2,6,-0.118,2026-06-10,6.157495303238791,6.110072899026253,3.7933954276037296
MAHABANK.NS,2026-06-10 05:00:04,Strong Buy,,0.417,8.0,,63.01,6,1,1.373,2026-06-10,5.868380165713205,7.080065410864833,
MARUTI.NS,2026-06-10 05:00:04,Avoid,,-0.417,7.0,,48.07,1,6,0.145,2026-06-10,5.599326856880604,4.260689971697396,1.3386368851832087
MASTERTR.NS,2026-06-10 05:00:04,Hold,,0.083,4.0,,50.61,4,3,-0.715,2026-06-10,,,
MAXHEALTH.NS,2026-06-10 05:00:04,Hold,,-0.083,4.0,,37.44,3,4,-0.603,2026-06-10,1.8612067401763355,1.5889564613457807,7.088404842738849
MCX.NS,2026-06-10 05:00:04,Hold,,0.167,8.0,,17.54,6,4,2.108,2026-06-10,5.532474893458761,4.136598803855107,3.5279556492998854
MEESHO.NS,2026-06-10 05:00:04,Avoid,,0.0,1.0,,22.83,5,5,-0.039,2026-06-10,1.487414944608556,-0.9032879814843575,13.434901774415442
MHRIL.NS,2026-06-10 05:00:04,Caution,,-0.25,3.0,,28.54,3,6,-1.652,2026-06-10,,,
MOREPENLAB.NS,2026-06-10 05:00:04,Hold,,-0.167,3.0,,54.27,2,4,-0.837,2026-06-10,,,
MOTHERSON.NS,2026-06-10 05:00:04,Hold,,0.25,4.0,,62.12,5,2,0.891,2026-06-10,4.155817540471296,2.0322053675612572,1.666545956893195
MSTCLTD.NS,2026-06-10 05:00:04,Hold,,0.083,6.0,,70.06,5,4,-0.285,2026-06-10,13.315339631129097,23.760681564186914,
MTARTECH.NS,2026-06-10 05:00:04,Buy,,0.25,5.0,,53.28,5,2,5.61,2026-06-10,3.3420108351509104,17.061844789981006,9.435024273552383
MUTHOOTFIN.NS,2026-06-10 05:00:04,Caution,,-0.333,7.0,,22.54,3,7,0.513,2026-06-10,9.01407632215816,10.066235818717084,7.972259197699749
NATIONALUM.NS,2026-06-10 05:00:04,Hold,,0.0,10.0,,41.79,4,4,2.958,2026-06-10,1.648281884257452,-1.63498444670368,-7.337500080117265
NESTLEIND.NS,2026-06-10 05:00:04,Hold,,0.083,5.0,,38.52,4,3,0.848,2026-06-10,-4.421893589454373,-2.1553221822705027,-3.872632368160589
NETWEB.NS,2026-06-10 05:00:04,Buy,,0.333,6.0,,61.84,6,2,2.127,2026-06-10,7.37265340886939,14.337924581941298,18.120865179429945
NLCINDIA.NS,2026-06-10 05:00:04,Buy,,0.25,8.0,,32.4,5,2,1.169,2026-06-10,2.6808745572807435,0.452194402094519,
NMDC.NS,2026-06-10 05:00:04,Hold,,0.167,7.0,,51.17,4,2,0.958,2026-06-10,0.022616476146009035,-0.508758579726698,-3.1091012943835428
NTPC.NS,2026-06-10 05:00:04,Buy,,0.333,5.0,,25.14,7,3,0.57,2026-06-10,-1.0095230640082886,1.1090555848644268,1.5356160927658014
OFSS.NS,2026-06-10 05:00:04,Hold,,0.083,8.0,,52.14,4,3,0.365,2026-06-10,-1.0242872228088729,-0.26927138331573897,10.543822597676877
OLAELEC.NS,2026-06-10 05:00:04,Avoid,,-0.083,1.0,,73.05,5,6,-0.15,2026-06-10,-6.762469956840389,-9.826715037759215,-8.770079358924477
ONGC.NS,2026-06-10 05:00:04,Hold,,0.0,6.0,,16.44,4,4,0.665,2026-06-10,-3.275109249661301,-2.739179858543328,-4.724094555307756
PANACEABIO.NS,2026-06-10 05:00:04,Avoid,,0.083,1.0,,84.13,6,5,0.417,2026-06-10,,,
PARAS.NS,2026-06-10 05:00:04,Hold,,0.333,4.0,,81.49,7,3,0.454,2026-06-10,6.501684230087701,23.56079042903052,23.829884783457466
PERSISTENT.NS,2026-06-10 05:00:04,Hold,,-0.167,5.0,,49.94,2,4,-0.375,2026-06-10,-0.7609577922077948,2.374188311688319,0.0101461038961137
PFC.NS,2026-06-10 05:00:04,Hold,,-0.083,6.0,,47.36,3,4,0.136,2026-06-10,-1.576626010996518,0.10433856243168282,1.3447759041743668
PIIND.NS,2026-06-10 05:00:04,Caution,,-0.333,5.0,,21.36,2,6,-1.244,2026-06-10,0.9545196885065721,,
PINELABS.NS,2026-06-10 05:00:04,Caution,,-0.25,2.0,,40.25,2,5,-1.377,2026-06-10,2.1753518190156695,1.197437270666457,7.2844574339492985
PNB.NS,2026-06-10 05:00:04,Caution,,-0.333,7.0,,65.72,1,5,-0.113,2026-06-10,3.6664071807418264,4.54021980553061,
POLICYBZR.NS,2026-06-10 05:00:04,Avoid,,-0.417,3.0,,7.34,2,7,-0.648,2026-06-10,4.736354077658755,7.617912152877704,
POLYCAB.NS,2026-06-10 05:00:04,Buy,,0.25,6.0,,64.31,5,2,1.953,2026-06-10,0.3412627494446374,4.231635426747404,2.2574567451036254
POWERGRID.NS,2026-06-10 05:00:04,Hold,,-0.083,6.0,,40.86,3,4,-0.012,2026-06-10,-0.5222841003637235,-0.29596311538555575,1.2882944053588474
POWERINDIA.NS,2026-06-10 05:00:04,Hold,,0.167,6.0,,55.96,5,3,2.174,2026-06-10,4.298812565759813,8.07154667067489,2.0592214038779533
RECLTD.NS,2026-06-10 05:00:04,Caution,,-0.25,7.0,,58.94,2,5,-0.585,2026-06-10,0.8744318856906741,2.852641214235674,4.257456027300632
REDINGTON.NS,2026-06-10 05:00:04,Hold,,0.0,6.0,,57.48,3,3,-0.368,2026-06-10,5.6803288417075715,8.348564558710247,
RELIANCE.NS,2026-06-10 05:00:04,Caution,,-0.333,5.0,,33.51,2,6,-0.607,2026-06-10,3.8290395060555094,5.870662494217949,4.353346411833092
RVNL.NS,2026-06-10 05:00:04,Caution,,-0.25,4.0,,5.81,3,6,-1.391,2026-06-10,5.053249275463312,7.437437593411356,
SAIL.NS,2026-06-10 05:00:04,Hold,,0.083,5.0,,32.82,5,4,1.125,2026-06-10,0.43473105922631206,-1.1776355796131455,-5.668062394105
SAMMAANCAP.NS,2026-06-10 05:00:04,Avoid,,0.333,1.0,,83.6,6,2,0.894,2026-06-10,3.8673690163815833,1.1952659349427686,-1.344679657067449
SBIN.NS,2026-06-10 05:00:04,Hold,,0.0,8.0,,73.46,4,4,0.996,2026-06-10,1.7542960962808385,2.317468228258157,3.124841822670077
SHRIRAMFIN.NS,2026-06-10 05:00:04,Hold,,0.0,7.0,,40.99,4,4,0.876,2026-06-10,11.51167901472041,12.275035093430354,13.556586362486867
SILVERBEES.NS,2026-06-10 05:00:04,Hold,,0.0,5.0,,16.53,5,5,2.092,2026-06-10,8.17353419403446,6.38288320631164,-3.282102703916401
STUDDS.NS,2026-06-10 05:00:04,Caution,,-0.333,5.0,,47.94,1,5,-1.281,2026-06-10,,,
SUNPHARMA.NS,2026-06-10 05:00:04,Hold,,0.5,4.0,,16.68,7,1,0.34,2026-06-10,1.0971773017281583,1.9032691186371853,4.92610830706095
SUZLON.NS,2026-06-10 05:00:04,Hold,,0.0,5.0,,56.32,3,3,-0.595,2026-06-10,2.7551734713772147,9.596890626820764,7.082096683950367
SWIGGY.NS,2026-06-10 05:00:04,Avoid,,-0.333,1.0,,36.68,2,6,-0.966,2026-06-10,6.1494052693390255,7.078006165608675,0.784149348969887
TATAPOWER.NS,2026-06-10 05:00:04,Hold,,-0.167,5.0,,37.89,2,4,0.005,2026-06-10,2.368587845770076,1.7099440955581136,0.19908198104656716
TATASTEEL.NS,2026-06-10 05:00:04,Hold,,0.0,6.0,,38.94,4,4,1.084,2026-06-10,1.0227653467153708,1.9086582578843325,-2.6232281672955104
TCS.NS,2026-06-10 05:00:04,Avoid,,-0.417,7.0,,37.56,2,7,-1.426,2026-06-10,0.37606657799815757,3.2081387617437285,-2.084586302961089
TECHM.NS,2026-06-10 05:00:04,Hold,,0.167,6.0,,55.3,4,2,-0.078,2026-06-10,-3.604033264469142,-1.1156940785457925,-1.1697916385510432
TEJASNET.NS,2026-06-10 05:00:04,Caution,,0.25,2.0,,68.61,5,2,-0.442,2026-06-10,5.7280298642322425,9.295572502132288,13.289762859353083
THOMASCOOK.NS,2026-06-10 05:00:04,Hold,,0.0,5.0,,73.97,5,5,-0.912,2026-06-10,,,
TIINDIA.NS,2026-06-10 05:00:04,Hold,,0.083,3.0,,61.45,4,3,0.021,2026-06-10,,,
TITAN.NS,2026-06-10 05:00:04,Hold,,0.083,5.0,,57.38,4,3,0.826,2026-06-10,5.9721406326310955,8.37188328265215,6.9691422831064775
TMCV.NS,2026-06-10 05:00:04,Avoid,,-0.417,5.0,,36.14,2,7,0.463,2026-06-10,12.685621734543062,11.632480024019799,14.015896207365364
TMPV.NS,2026-06-10 05:00:04,Caution,,0.083,2.0,,67.1,4,3,-0.924,2026-06-10,4.041989688655945,-5.262465032619801,-7.4538416851634315
TRENT.NS,2026-06-10 05:00:04,Hold,,-0.167,5.0,,51.25,2,4,-1.171,2026-06-10,5.470185243075054,12.803035023337106,18.04545860411151
TVSMOTOR.NS,2026-06-10 05:00:04,Caution,,-0.333,5.0,,53.31,1,5,0.832,2026-06-10,3.7362470030564143,3.4123977378795356,3.1695162795805087
ULTRACEMCO.NS,2026-06-10 05:00:04,Caution,,-0.25,4.0,,29.84,3,6,-0.159,2026-06-10,5.52181115405852,4.665930425179465,5.190502484815029
UNIONBANK.NS,2026-06-10 05:00:04,Hold,,-0.083,8.0,,62.36,3,4,0.312,2026-06-10,2.913791644600483,4.3857033256827105,5.034547934187272
VBL.NS,2026-06-10 05:00:04,Hold,,0.167,3.0,,54.96,4,2,0.347,2026-06-10,2.8028503562945284,3.3824204832244575,-3.714962050920423
VEDL.NS,2026-06-10 05:00:04,Hold,,-0.167,7.0,,29.95,4,6,-0.395,2026-06-10,1.0691654986784593,2.4056172738675885,-5.596391808604507
WAAREEENER.NS,2026-06-10 05:00:04,Caution,,-0.333,6.0,,50.58,1,5,0.168,2026-06-10,1.116928003355766,2.035004225044057,0.38446565835799085
WIPRO.NS,2026-06-10 05:00:04,Avoid,,-0.417,7.0,,37.52,2,7,-0.986,2026-06-10,1.3692574231926713,3.0961877671119575,-2.4870044880097475
WOCKPHARMA.NS,2026-06-10 05:00:04,Avoid,,0.25,1.0,,62.42,5,2,0.468,2026-06-10,4.069829546423209,10.354612592914613,7.381344726029737
YESBANK.NS,2026-06-10 05:00:04,Hold,,0.0,4.0,,64.35,4,4,0.364,2026-06-10,5.221240200258093,11.106195515553363,10.353982801285767
ZEEL.NS,2026-06-10 05:00:04,Hold,,0.0,3.0,,78.72,6,6,-0.262,2026-06-10,5.401726942688212,6.839600597157824,12.19275528470658
AEGISLOG.NS,2026-06-10 19:09:53,Buy,,0.429,9.0,,70.27,7,3,0.029,2026-06-10,22.883893607112206,25.711612010865316,32.69663226143103
AFCONS.NS,2026-06-10 19:09:53,Avoid,,-0.179,1.0,,64.67,4,3,-0.826,2026-06-10,,,
APARINDS.NS,2026-06-10 19:09:53,Hold,,0.75,6.0,,63.87,8,2,1.663,2026-06-10,13.496627618033363,14.327298544550949,18.317358892438772
BPCL.NS,2026-06-10 19:09:53,Avoid,,-0.679,7.0,,42.05,0,7,-0.143,2026-06-10,7.847224341498471,10.399309794108081,9.618059794108081
CAPLIPOINT.NS,2026-06-10 19:09:53,Hold,,0.393,7.0,,78.77,7,4,0.444,2026-06-10,,,
CCL.NS,2026-06-10 19:09:53,Hold,,0.607,5.0,,64.99,7,2,1.228,2026-06-10,,,
CHAMBLFERT.NS,2026-06-10 19:09:53,Hold,,0.25,9.0,,64.27,5,2,-0.48,2026-06-10,-0.7432194783484336,1.5178478158990982,
CLEANMAX.NS,2026-06-10 19:09:53,Hold,,0.107,5.0,,72.14,6,5,7.538,2026-06-10,-4.597530843434106,1.3178566518859958,
COLPAL.NS,2026-06-10 19:09:53,Avoid,,-0.464,4.0,,34.8,2,5,-0.624,2026-06-10,0.06807870011713568,,
DMART.NS,2026-06-10 19:09:53,Avoid,,-0.536,5.0,,40.08,1,7,-0.037,2026-06-10,1.3750828263121129,6.037001126570685,7.2364867369820285
EASEMYTRIP.NS,2026-06-10 19:09:53,Hold,,0.321,3.0,,61.41,6,3,-0.359,2026-06-10,,,
FORTIS.NS,2026-06-10 19:09:53,Hold,,0.321,6.0,,58.98,6,3,1.05,2026-06-10,-0.8948408074759828,-3.9787639621777005,
GAIL.NS,2026-06-10 19:09:53,Hold,,0.214,5.0,,70.9,5,4,-0.441,2026-06-10,4.40450532540928,,
GENESYS.NS,2026-06-10 19:09:53,Hold,,0.107,3.0,,73.34,6,5,-0.815,2026-06-10,,,
GLENMARK.NS,2026-06-10 19:09:53,Hold,,-0.179,8.0,,29.29,3,6,1.083,2026-06-10,0.5689328421982109,,
HDFCSILVER.NS,2026-06-10 19:09:53,Avoid,,0.036,1.0,,20.45,5,5,1.78,2026-06-10,8.57622803085205,6.555889767334988,-3.2007572726739264
HINDZINC.NS,2026-06-10 19:09:53,Hold,,0.036,9.0,,20.71,5,5,0.175,2026-06-10,2.976894923999507,4.565793180047084,-1.0227332135481437
HYUNDAI.NS,2026-06-10 19:09:53,Hold,,0.036,5.0,,59.1,4,3,-0.067,2026-06-10,7.652033377677148,,
INOXINDIA.NS,2026-06-10 19:09:53,Hold,,0.643,6.0,,84.0,8,4,1.696,2026-06-10,,,
JSWSTEEL.NS,2026-06-10 19:09:53,Buy,,0.464,8.0,,46.3,5,2,1.173,2026-06-10,2.10268941133811,1.3702867912005479,-3.039856368872662
KALYANKJIL.NS,2026-06-10 19:09:53,Caution,,-0.357,7.0,,41.44,3,5,-0.967,2026-06-10,13.079417241322755,12.710359091057356,
MARICO.NS,2026-06-10 19:09:53,Hold,,0.536,6.0,,42.24,6,1,1.061,2026-06-10,-1.2501524203911485,-1.8172977156221903,
MRPL.NS,2026-06-10 19:09:53,Hold,,0.179,4.0,,66.91,5,4,0.342,2026-06-10,3.257549193322773,,
NAVINFLUOR.NS,2026-06-10 19:09:53,Buy,,0.679,9.0,,47.39,7,1,1.85,2026-06-10,,,
NHPC.NS,2026-06-10 19:09:53,Caution,,-0.357,6.0,,34.76,2,6,-0.701,2026-06-10,2.7796949543947624,2.394393198027678,9.13719493182259
NYKAA.NS,2026-06-10 19:09:53,Hold,,0.179,6.0,,36.73,3,4,1.133,2026-06-10,3.96341240030178,7.069366898638263,16.80640515598215
OIL.NS,2026-06-10 19:09:53,Caution,,-0.25,6.0,,19.5,4,6,0.012,2026-06-10,-2.3751009129565293,-2.410206660451508,-2.176206429793326
PANAMAPET.NS,2026-06-10 19:09:53,Buy,,0.75,9.0,,64.73,8,2,0.148,2026-06-10,-0.013101243498370163,-1.952557181968917,
PAYTM.NS,2026-06-10 19:09:53,Avoid,,-0.607,3.0,,32.26,1,6,0.305,2026-06-10,5.167398767963394,5.045477285398148,1.9694269003437848
PIDILITIND.NS,2026-06-10 19:09:53,Hold,,0.179,6.0,,63.36,5,4,-0.073,2026-06-10,4.281447062728172,4.759372796008954,4.812479256554925
RBLBANK.NS,2026-06-10 19:09:53,Buy,,0.643,7.0,,69.37,7,1,1.962,2026-06-10,4.398369842426875,3.431853083365355,5.63103372980962
SBILIFE.NS,2026-06-10 19:09:53,Avoid,,-0.536,2.0,,24.81,3,7,-0.157,2026-06-10,1.7816885346266131,3.7542677299242877,2.2560306069056235
SIEMENS.NS,2026-06-10 19:09:53,Hold,,-0.107,5.0,,41.46,2,5,0.21,2026-06-10,,,
TATACONSUM.NS,2026-06-10 19:09:53,Caution,,-0.321,5.0,,25.81,5,6,0.009,2026-06-10,-0.6859183741820818,1.4891696750902517,-0.8935040084893986
TATSILV.NS,2026-06-10 19:09:53,Avoid,,0.036,1.0,,20.51,5,5,1.876,2026-06-10,8.266311219139277,6.434318981486009,-3.2171552294635086
TDPOWERSYS.NS,2026-06-10 19:09:53,Hold,,0.393,7.0,,34.91,7,3,2.9,2026-06-10,3.7544372604345178,6.693830564762249,9.503162312123603
UNICHEMLAB.NS,2026-06-10 19:09:53,Hold,,0.25,5.0,,72.37,6,4,-0.716,2026-06-10,,,
